{"type":"FeatureCollection","features":[{"type":"Feature","id":1,"geometry":{"type":"Polygon","coordinates":[[[-121.84097018398214,47.300532996627943],[-121.84116590525863,47.300380779893196],[-121.84131292042089,47.300255517894506],[-121.84143643530265,47.30009710869755],[-121.84154332065374,47.299938719845017],[-121.84159380775786,47.299801720146171],[-121.84161199629088,47.29964247205784],[-121.84165409781481,47.299472494676564],[-121.84171255464823,47.299352026089437],[-121.84181948470798,47.299215572850549],[-121.84194991034828,47.299112095539023],[-121.84205605704466,47.299025007721802],[-121.84225181411082,47.298894724114476],[-121.84238192113067,47.298818842423586],[-121.84327667268865,47.298353480391036],[-121.84356093214463,47.298256787944894],[-121.8437799144147,47.298209180245401],[-121.84412854063252,47.29810762791459],[-121.84444486593394,47.298044151545668],[-121.84476888772805,47.297986241783192],[-121.84516511323397,47.297934519707411],[-121.84551300326493,47.29790426554684],[-121.84577211497682,47.297889948162101],[-121.84603158837425,47.297809647139935],[-121.84631552027392,47.297740373035559],[-121.84654282946491,47.297643306887778],[-121.84677050358306,47.297540750907586],[-121.84701484554166,47.297399784521197],[-121.84721828291059,47.297275058761009],[-121.84736532756718,47.297171895662629],[-121.84758556802895,47.297014241418715],[-121.84776444631945,47.296894770308832],[-121.8479113991457,47.296808060210964],[-121.84813910618558,47.29666694101482],[-121.84917413842544,47.296213783607222],[-121.84949632218067,47.295903100438572],[-121.84961774520296,47.295803146390881],[-121.84972327056612,47.29569206512182],[-121.84982911651322,47.295553732063958],[-121.84995202448354,47.295332595130049],[-121.85009915844728,47.295133285440137],[-121.85027000434135,47.294895310184749],[-121.85117597713641,47.294320587854621],[-121.85153221974132,47.294102901839707],[-121.85188803953768,47.29386859556908],[-121.85364362562414,47.292725257274441],[-121.85380523569626,47.292641282860636],[-121.85415285510551,47.292462076144233],[-121.85454925840035,47.292199868262649],[-121.85491442197444,47.29187769832059],[-121.85525503608025,47.291561126245668],[-121.85546645337554,47.291295248631521],[-121.85573557892724,47.290940778937959],[-121.85597193001638,47.290625251429041],[-121.85612840732639,47.290238850236797],[-121.85622047145206,47.289875138629903],[-121.85623975095,47.28956163471036],[-121.85618718808165,47.289215893608628],[-121.85608587270593,47.288914424651011],[-121.85592775554598,47.288657492084141],[-121.85572917464661,47.288433937088641],[-121.85551416528892,47.288237994048814],[-121.85509163927857,47.287923138687745],[-121.85458182430183,47.287482654025098],[-121.85433541420657,47.287259655416804],[-121.85407278265781,47.286992629644104],[-121.85388236196603,47.286752523414648],[-121.8537796367312,47.286594169016141],[-121.85366961842853,47.286386200486135],[-121.85365591373903,47.286122438074365],[-121.85361768685847,47.285924942401039],[-121.85352418760768,47.285672908033519],[-121.85337414813574,47.285415877703166],[-121.85327317342299,47.28508698104536],[-121.85323611941904,47.28479607067262],[-121.85321552685055,47.284438816139172],[-121.85334538486144,47.283536022980272],[-121.85373770181201,47.282894602891467],[-121.85390111339436,47.282623632019003],[-121.85407258411836,47.282352737474056],[-121.85438141696955,47.282036366459486],[-121.8545031102973,47.281908810244332],[-121.8546415433717,47.281726046513093],[-121.85464225773343,47.281654573238441],[-121.85455448536803,47.281589445474019],[-121.85436270696898,47.281514394316453],[-121.85401789317309,47.281462550818574],[-121.85372834837507,47.281465244863377],[-121.85341536535117,47.281457243065887],[-121.85314247637611,47.281421353885598],[-121.85278155099901,47.281369694210781],[-121.85238057155367,47.28130753279418],[-121.85195622808729,47.281157553703927],[-121.85050764203226,47.280615908289377],[-121.84929009851821,47.28024790486775],[-121.84844889531681,47.280003876382523],[-121.8482686865117,47.279967754272228],[-121.84813084450745,47.279994206371221],[-121.84799304803312,47.280042594170091],[-121.84772492093845,47.280155735377434],[-121.84751380826806,47.280252961447061],[-121.84736749590681,47.280323212707295],[-121.84671675917298,47.280664271815567],[-121.84651261201675,47.280838534791123],[-121.84631552085771,47.281073211622697],[-121.84608600673903,47.281340654277002],[-121.84585781178323,47.281520165045201],[-121.84553124173135,47.281753771658934],[-121.84532800296866,47.28188414906613],[-121.84499373468783,47.282112188474954],[-121.8446687161763,47.282247061402487],[-121.84440148401747,47.282316311345554],[-121.84396434310308,47.282378788505824],[-121.84360812121498,47.28241427818498],[-121.84318865352461,47.282378005835284],[-121.84288999831965,47.282359012367714],[-121.84084056970487,47.28213919536487],[-121.84050212520056,47.282059646351968],[-121.84031687350225,47.282003175458044],[-121.83995511993454,47.281857400275413],[-121.83961814171235,47.281695227675783],[-121.83924091708523,47.281494444617721],[-121.83889547304165,47.281315743039521],[-121.83858346875867,47.281104436521865],[-121.83832719508243,47.280926419311641],[-121.83791073777259,47.280626342367356],[-121.83756585912114,47.280409242714526],[-121.83728675125343,47.280143225899344],[-121.83716004718197,47.279949830018985],[-121.8370739247258,47.279707295416458],[-121.83705191441845,47.279531373046702],[-121.83707941050672,47.279300723393192],[-121.8371469767694,47.279081437681818],[-121.83721514967822,47.278785367470697],[-121.83722712544683,47.278477605161463],[-121.83721308232792,47.278318215173542],[-121.83715837039856,47.278163919429772],[-121.83699998650386,47.277931814730245],[-121.83684059185428,47.277760217713038],[-121.83620126609377,47.27720546487847],[-121.83602506601881,47.277066621970761],[-121.83589749748643,47.276939214780889],[-121.83573889273785,47.276718078940704],[-121.83557306192657,47.276408937322508],[-121.83548699896542,47.276188507398381],[-121.83542612868617,47.275907805906868],[-121.83538934019504,47.275643620865772],[-121.83540795655048,47.275440495220415],[-121.83556362787634,47.275260469324373],[-121.83576815517996,47.27508073777112],[-121.83592307977537,47.274972012736569],[-121.83606272332788,47.274775375874341],[-121.83614627185399,47.274550764339267],[-121.83623115580986,47.274238220595969],[-121.83628213864985,47.274040719244589],[-121.83634160115288,47.273799418618026],[-121.83640230570293,47.273486640386388],[-121.83652693355116,47.273213053973379],[-121.83665136783384,47.272972204812611],[-121.83677543297206,47.272736843066198],[-121.83691630920036,47.272468725809041],[-121.83706413708198,47.272277648607449],[-121.83718050741753,47.272036719313199],[-121.83733759104699,47.271752305199364],[-121.83738866156494,47.27153834970872],[-121.83743103042681,47.271379335870549],[-121.83760584063646,47.270957612842196],[-121.83769757101425,47.270738561036723],[-121.83770825583173,47.270540838620768],[-121.83769439578295,47.270348369683475],[-121.83767320996863,47.270144844350099],[-121.83762743971673,47.269924636611748],[-121.83755735835946,47.269698882581203],[-121.8375027925759,47.269550070161777],[-121.83740848080903,47.269362298770218],[-121.8373135825489,47.269191328067258],[-121.8372428520188,47.269020250630142],[-121.83718893478395,47.268816589528953],[-121.83719165542259,47.2686023348679],[-121.83725943849302,47.268372076865177],[-121.83729319137402,47.268251380246944],[-121.83729540020181,47.268097456304893],[-121.8372576008957,47.267893951656937],[-121.83722753305263,47.267717778154065],[-121.83722859376883,47.267618880809373],[-121.83720607785601,47.26750328753576],[-121.83726650891548,47.265926591576864],[-121.83750475099117,47.264999768016828],[-121.83765375495135,47.264715274075627],[-121.83781831867473,47.2644693320523],[-121.83798214398256,47.264294861964068],[-121.83814527817118,47.264153306141772],[-121.83825205296044,47.264033307603121],[-121.83835072041155,47.263891123702521],[-121.83846638096311,47.263683277714257],[-121.83853213158703,47.263573864731313],[-121.83861491566608,47.263420723742676],[-121.83876183711808,47.26329546268029],[-121.83891676976266,47.26320884122984],[-121.83912727592033,47.263150026219591],[-121.83935449432516,47.263074909681748],[-121.83958070597619,47.263060298718791],[-121.84036517909711,47.26300067667492],[-121.84070474337535,47.262948420373554],[-121.84094761632295,47.262895398655758],[-121.84121544207939,47.262793243364449],[-121.84141912758,47.26266303809976],[-121.84163961086847,47.262499905573378],[-121.8419324719158,47.262331820013564],[-121.84215954542812,47.262251213887616],[-121.8424112514179,47.262148900042796],[-121.8428166407778,47.262031267366616],[-121.84311691576589,47.261918277318919],[-121.84344951119532,47.261789146575985],[-121.84370908355791,47.261719642714787],[-121.84405005438821,47.261563163225873],[-121.844294103575,47.261416717309601],[-121.84464294233673,47.261293049745177],[-121.84475652313978,47.261244603516232],[-121.84523487250529,47.261105549541959],[-121.84561648614098,47.26094379462041],[-121.84595739878733,47.260825527096038],[-121.84625775157269,47.260696075944381],[-121.84653406684909,47.260571873076991],[-121.84671269545981,47.260507416164174],[-121.84693196539074,47.260377191500901],[-121.84709488672691,47.260268700108291],[-121.84731384281899,47.260226396069548],[-121.84758860751592,47.260201095231871],[-121.84769205714264,47.260190465777924],[-121.84809710157774,47.259939827834835],[-121.84814555408715,47.259884422260853],[-121.84821070612006,47.259812370698072],[-121.8482512449488,47.259762542902742],[-121.84834878913756,47.259657209243585],[-121.84848867690155,47.259353439376824],[-121.84849763352963,47.259248965915297],[-121.84854857385737,47.259012040977311],[-121.84852545322661,47.258913251748766],[-121.84851070077552,47.258786945244793],[-121.84847984328366,47.258660825658353],[-121.84841695010245,47.258502002602114],[-121.84803736152378,47.257961257729917],[-121.8477132584968,47.257645059183297],[-121.84771597229154,47.25733191701844],[-121.84778042628916,47.257171956108074],[-121.84792741696168,47.256950709502391],[-121.8482569207805,47.256559730727282],[-121.8486640661739,47.256313691546687],[-121.84881417840693,47.256217001704456],[-121.84894695526006,47.256131651878988],[-121.84922666308906,47.255883152236429],[-121.84940370110741,47.25573610363184],[-121.84960489438642,47.255588774588212],[-121.84977460401993,47.255430671593857],[-121.84995746956623,47.2551951231139],[-121.85014119586963,47.25495390779502],[-121.85025978468707,47.254724934048937],[-121.85035704544872,47.254468615529909],[-121.85039685890482,47.254230105985719],[-121.85065264542077,47.252670822004873],[-121.8506852728396,47.252426910760164],[-121.85068678427136,47.252166737703519],[-121.85067733831571,47.251951250869226],[-121.85065251364209,47.251724804372998],[-121.85056465441843,47.251493950085262],[-121.85045924415046,47.251285752124197],[-121.85026041247154,47.251045736389365],[-121.85012975693704,47.250854455623866],[-121.85004631290303,47.250678905116089],[-121.85001493934828,47.250552277969646],[-121.85004123664248,47.250396872257831],[-121.85010327731609,47.250301719446242],[-121.85018069005496,47.250217355478888],[-121.85072642279054,47.249919822280532],[-121.85249029137313,47.249141241498151],[-121.85362340884268,47.248622958467337],[-121.85393698955683,47.248462483192235],[-121.85408329225032,47.248415529910282],[-121.85444216284489,47.24825469539995],[-121.85466742863851,47.2481053621173],[-121.85467782357618,47.248098385154186],[-121.85469019994717,47.248090185844248],[-121.85470650848913,47.248078170371883],[-121.85472272108312,47.248062385036356],[-121.85473195373869,47.248049251561859],[-121.85473827124244,47.248040265969465],[-121.85492207446956,47.247783789887968],[-121.85496754051934,47.24763055824728],[-121.85500810871353,47.247422885109259],[-121.85517066606381,47.246823039880773],[-121.85517025830362,47.246647209098953],[-121.85519428574165,47.24648223118092],[-121.8551854520292,47.246371451485885],[-121.85518208316833,47.246357609772602],[-121.85517457234262,47.246339188349992],[-121.85516152072553,47.24632066051435],[-121.85514399727252,47.24630441288118],[-121.85513631118947,47.24629901878204],[-121.85514502364396,47.246245274598031],[-121.85522000966543,47.245965390893119],[-121.85529373886544,47.245795376923475],[-121.85536701578725,47.245647304137364],[-121.85542423666942,47.245521184139427],[-121.8554251766778,47.2454387404456],[-121.8553858373255,47.24529592644452],[-121.8553057015837,47.245251789255654],[-121.85512858857803,47.245174340529282],[-121.85502437860872,47.245113690922395],[-121.85491246399449,47.244986978330658],[-121.85487317753831,47.244866099934342],[-121.85486632817546,47.244734216093015],[-121.85486717067774,47.244607899919984],[-121.85490375739968,47.244461970721659],[-121.85517926081133,47.244249664704064],[-121.85518567707932,47.244244619824741],[-121.85519113772901,47.244241643454103],[-121.85520502385546,47.244233425931505],[-121.85560722270766,47.243995645044656],[-121.85586540456684,47.243815246561248],[-121.85605072782423,47.2436197610661],[-121.85606006006599,47.243610569109677],[-121.85606789290175,47.243601907938825],[-121.85608296470565,47.243580822941787],[-121.85609050079188,47.243560341354069],[-121.85609256234524,47.243542321789683],[-121.85609225160179,47.243529986983937],[-121.85609250398888,47.24352004336415],[-121.85609221389008,47.243468632950609],[-121.85608926941136,47.243451700323263],[-121.85608124155306,47.24343277092796],[-121.85606922459887,47.243415259277207],[-121.85605941760521,47.243405605493201],[-121.85605013575251,47.243396802385284],[-121.85602888172565,47.243292509081726],[-121.85610163153949,47.243044012578714],[-121.85622509047073,47.242770587758059],[-121.85632990142096,47.242576043753793],[-121.85647140490664,47.242040537275649],[-121.8565105254695,47.241755930316643],[-121.85658035794832,47.241551513196384],[-121.85670495064349,47.241403010782108],[-121.85691100267266,47.24129142814548],[-121.85691845466279,47.241287570124435],[-121.85692393692871,47.24128545070009],[-121.85694037694317,47.241278745277818],[-121.85754373139204,47.241035687950564],[-121.85783102576507,47.240892819069053],[-121.85804852467513,47.240676730312977],[-121.85814121400362,47.240540595951536],[-121.85822058441238,47.240455004108263],[-121.85828397154043,47.2404340382543],[-121.85829794301422,47.24042924758276],[-121.85832180765742,47.240417656854419],[-121.85834206502091,47.240402680722646],[-121.85835875519851,47.24038603148442],[-121.8583708619682,47.240367209240027],[-121.85837792963422,47.240348103488813],[-121.85838042859041,47.240327508224894],[-121.8583768969645,47.240307326571724],[-121.8583688620773,47.2402880555927],[-121.85836207388463,47.240278366531463],[-121.85839515201063,47.240153384176566],[-121.85842000665063,47.240021643772302],[-121.85835326128931,47.239252583711185],[-121.85836223245474,47.239109719310683],[-121.85837948762337,47.23895613051252],[-121.85845257238968,47.238840963104785],[-121.85857456298086,47.238709454037377],[-121.8587040739402,47.238616590408057],[-121.85886650085843,47.238452217614189],[-121.85895591843042,47.238326231690181],[-121.85897325438795,47.238156019197461],[-121.8589342213415,47.237985609573109],[-121.85883871425132,47.237771133033341],[-121.85881570237851,47.237617330357118],[-121.85883295106294,47.237463570646455],[-121.85890665920739,47.23729355352458],[-121.85904498062494,47.237151228452987],[-121.85916606293827,47.237063603943],[-121.85940901551086,47.236899655952925],[-121.85956276126223,47.236790224495387],[-121.85976508159315,47.236631552473654],[-121.85986273270959,47.236532889945501],[-121.86002487863543,47.236357720313329],[-121.86011437227162,47.236215109883865],[-121.86018041839901,47.23600113702517],[-121.86018129998865,47.235896755781233],[-121.86015000983477,47.235754019669741],[-121.86004594718707,47.235698685103102],[-121.85988506931963,47.235665268609196],[-121.85968347880856,47.235653752297218],[-121.85941774511504,47.235652928618826],[-121.85915210346805,47.23563582153254],[-121.85883836712699,47.235607451404903],[-121.85870970160106,47.235574169926778],[-121.85850081917751,47.235513037111069],[-121.8582602519428,47.235353045181824],[-121.85814035127616,47.235248365383072],[-121.85795607166477,47.235105193923111],[-121.85775505563421,47.235016716319926],[-121.85754640456662,47.234944610210633],[-121.85734526952345,47.234911147599497],[-121.85714418685515,47.234899621286807],[-121.85685433582385,47.234860342237518],[-121.85666107673262,47.234859690267932],[-121.85583145667964,47.234868372654418],[-121.8555732378217,47.234906012142474],[-121.85533140291848,47.234954770929953],[-121.85513014323911,47.234976147418877],[-121.85419400975158,47.235231480690992],[-121.85400052654667,47.235241967447244],[-121.85386340715526,47.235252480875083],[-121.85368634299107,47.235235526916512],[-121.85345304880298,47.23522385496819],[-121.85307516249723,47.235145834148554],[-121.8529064561973,47.235041034396893],[-121.85277060149025,47.234941847727512],[-121.85263428143571,47.234804106046667],[-121.85248213239122,47.234677346922808],[-121.85227420353188,47.234473601985407],[-121.85209826071187,47.234341121124238],[-121.85190571813681,47.234208832831371],[-121.8516571754387,47.234070857695542],[-121.85141631661476,47.23393827637333],[-121.85115986126198,47.23380570463199],[-121.85093515979629,47.233695212484939],[-121.85076709735459,47.233535559280206],[-121.85063947806387,47.233403370527881],[-121.85051935962824,47.233249156316873],[-121.850440461682,47.233073210379509],[-121.85040923593563,47.232891911352361],[-121.85041072424443,47.23271074418173],[-121.8504280860754,47.232540532188153],[-121.85047319748513,47.231892529208388],[-121.8503651902824,47.231238769911407],[-121.85031776981965,47.231073768179627],[-121.85027895685157,47.230930946269694],[-121.85021534559776,47.230782414439673],[-121.8501356847494,47.23065600640421],[-121.84996754823402,47.230573131756351],[-121.84975091136897,47.230462544171907],[-121.84950953408566,47.230368525399783],[-121.84936537380806,47.230318619587869],[-121.84887547739763,47.230086617025606],[-121.84857864884458,47.22994833997118],[-121.84828991566452,47.229771749740344],[-121.84813815820497,47.229639495462813],[-121.84745570477602,47.229092331399293],[-121.84722561420742,47.228986521987508],[-121.84687201575613,47.22895190145362],[-121.84660590219347,47.228753793070766],[-121.845926407123,47.228122779658996],[-121.84569478071421,47.227874910818386],[-121.84548744668795,47.227632586988911],[-121.84528041474722,47.227402254962357],[-121.8451758584546,47.227285729989639],[-121.84497653580841,47.227021547568079],[-121.84478530905645,47.226718879978471],[-121.84465854131508,47.226438429321291],[-121.84460373552714,47.226218668711923],[-121.84458135900806,47.225987906506134],[-121.84458195148662,47.225910949675615],[-121.844480524399,47.225476818717524],[-121.84438523399525,47.22526781147041],[-121.84423404437736,47.225036658550394],[-121.84417105572325,47.224871835255506],[-121.84403605958209,47.224624213021386],[-121.84388428288067,47.224409690428075],[-121.84370135019314,47.224156454712286],[-121.84354975998338,47.223969351354363],[-121.84334972188647,47.223776466355986],[-121.84314923200834,47.223666022612143],[-121.84298094550319,47.223555718844814],[-121.84290908287322,47.223478573128858],[-121.84282930885668,47.223346506127982],[-121.84274249106953,47.223154023115725],[-121.84275810559245,47.222772004579319],[-121.84282347581538,47.222508691196388],[-121.84289150956373,47.222352117636056],[-121.84291233248771,47.222138334931913],[-121.84292034166485,47.221935326752778],[-121.84297079830881,47.221699435670665],[-121.84298740174511,47.221578590316263],[-121.84299157350543,47.219953160707796],[-121.84301083104937,47.219535795230478],[-121.84305249991807,47.219310801902203],[-121.84310994670379,47.219173545206317],[-121.84315079216412,47.219096806953502],[-121.84313528513867,47.219019865507839],[-121.84297465143366,47.218953517795661],[-121.84276571665738,47.218947370720358],[-121.84249174437581,47.218935635591649],[-121.84220240016893,47.218912766353426],[-121.84193679598933,47.218873512249012],[-121.84158309772471,47.218811969943864],[-121.84122057469004,47.218799887005304],[-121.84081029759746,47.218809606421118],[-121.84042344305465,47.218830536466832],[-121.83999642202878,47.21889511616866],[-121.83962579637377,47.218921339911731],[-121.8393117130431,47.218915031218664],[-121.83907830738202,47.218875740884634],[-121.83886937666722,47.21886975837748],[-121.83857171106463,47.218835837008207],[-121.83827413842407,47.218785461262215],[-121.83804920248996,47.218702368724031],[-121.83708608580369,47.218309543352582],[-121.83672426162693,47.218204035681708],[-121.83639551889345,47.2180328483906],[-121.83609079249734,47.217856240635513],[-121.83593769304456,47.217788940929147],[-121.83594587737608,47.217753884010627],[-121.835792172962,47.217702700432156],[-121.83552002071502,47.217642426760847],[-121.83384893958169,47.217485671688472],[-121.83301838436694,47.217283575750429],[-121.83262682187963,47.21717514038211],[-121.83107457067524,47.216879531090541],[-121.83083336632185,47.216829345846676],[-121.83059934177038,47.216744115162783],[-121.83043240949304,47.21670695822197],[-121.8304177454697,47.216703870170889],[-121.83039851888103,47.216699464152512],[-121.83038331798572,47.216695010898967],[-121.83036252393342,47.216688223345116],[-121.83034983613238,47.216683740706159],[-121.83017381151443,47.216624750946181],[-121.82998683648776,47.216529724659551],[-121.82979579306351,47.216392241618671],[-121.82967462959571,47.216293546189092],[-121.82951414980241,47.216130690736591],[-121.82934055840379,47.21592582625108],[-121.82919407555751,47.215799999843206],[-121.82915512789216,47.215730351432846],[-121.82915091358377,47.215722687979209],[-121.82914728245461,47.215718273771245],[-121.82914001369039,47.215709102703272],[-121.82904090648444,47.215586844963184],[-121.82897552784604,47.215424783807521],[-121.82888309251149,47.215389168037873],[-121.8285307305574,47.21533939646018],[-121.82851609049936,47.215337336083152],[-121.82849741051088,47.215334636677753],[-121.82848529854029,47.215333062237526],[-121.82846964950153,47.215330842538727],[-121.82748420113866,47.215189610752645],[-121.82702600325435,47.21513179177856],[-121.82671510840098,47.215111016547873],[-121.82668481046716,47.215106394260104],[-121.82663066521694,47.215093474244426],[-121.82661599273756,47.215090043071562],[-121.82659878766471,47.215085955948176],[-121.82658308795405,47.215081680181001],[-121.82656840179347,47.215077735508586],[-121.82648889162665,47.215056194621368],[-121.82647420548027,47.215052249936726],[-121.82645293577913,47.215046494883488],[-121.82643518616698,47.215040699878344],[-121.82641229253883,47.215030336573506],[-121.82639594665908,47.215020241309169],[-121.82638470045562,47.215013000286312],[-121.82606897137768,47.214816613506301],[-121.82579254311064,47.214724661299009],[-121.82571509931648,47.214705325277109],[-121.82565673235827,47.214704792011069],[-121.82545462377681,47.214729899728731],[-121.82527017510152,47.214675625053765],[-121.8250136800356,47.214575902319737],[-121.82467743342062,47.214322333573811],[-121.8244772485954,47.214200885396735],[-121.82414024420478,47.214018446878121],[-121.82393967282211,47.213962984753046],[-121.82375463730681,47.213945904342154],[-121.82350460800136,47.213945162580821],[-121.82320668446873,47.213960562388039],[-121.82282813570087,47.213970371346562],[-121.8225710865855,47.213909209475744],[-121.82231433019767,47.213798514508007],[-121.82206599162593,47.21368241124906],[-121.82181767666732,47.213505809722655],[-121.82164137756271,47.213373457917065],[-121.82154564581805,47.213285261542779],[-121.82086643906251,47.212646044332203],[-121.82055370684263,47.212447381028433],[-121.82016095268763,47.212226491562284],[-121.81990447799836,47.212126757260769],[-121.81960739146962,47.212032455630251],[-121.81920586900381,47.211904893972054],[-121.81902938336501,47.211805446151082],[-121.8188609483333,47.211706078022061],[-121.81865303454705,47.211535179780675],[-121.81846979638894,47.211303843687865],[-121.81836677923265,47.211061827701599],[-121.8183040804465,47.210863910435094],[-121.81829010681751,47.210622251099842],[-121.81831544213723,47.210424702962484],[-121.81833323170727,47.210227069522567],[-121.818382983134,47.210040553918382],[-121.81844989064172,47.209733192328457],[-121.81850755024765,47.209541102762415],[-121.81856571491035,47.209349008760427],[-121.8185593735259,47.209336569173125],[-121.81863535062483,47.209193972862344],[-121.81864982597993,47.20914839228135],[-121.81858430741268,47.209020088503408],[-121.8185795541342,47.209010886743634],[-121.81857590884422,47.209005786917487],[-121.81857019140853,47.208998311608447],[-121.81850784932408,47.208917443832092],[-121.81844192587015,47.208854611595974],[-121.81837264541261,47.208798502661871],[-121.81826302444669,47.208738223769771],[-121.81791517290391,47.208562403017687],[-121.81763234992754,47.208433487162161],[-121.81717560208033,47.208267814257134],[-121.81715271323894,47.208257449082332],[-121.81713225113096,47.208243457578739],[-121.81712093719035,47.208233303682057],[-121.81702913486509,47.208140601639393],[-121.81693540668421,47.207989824110555],[-121.81690247853119,47.207836468804295],[-121.81678673812287,47.207649437987577],[-121.81673553396546,47.207591922155402],[-121.81583448666539,47.206864022335104],[-121.81570436803491,47.206726339615564],[-121.81562268589526,47.206656487400636],[-121.81553331980668,47.206601460899911],[-121.81540386985107,47.206491019574436],[-121.81496846769085,47.206271796923353],[-121.81496270200886,47.206262264712478],[-121.81495484577221,47.20624949989547],[-121.81495161988501,47.206240968332644],[-121.8131117507256,47.205128327408985],[-121.81269850358596,47.20468262234224],[-121.81236739306841,47.204387315376387],[-121.8122630093965,47.204314289036539],[-121.81196972954497,47.204146916539841],[-121.81154169223635,47.203939594870931],[-121.81138282202384,47.203818341970205],[-121.8112599788963,47.203689483730372],[-121.81102051882515,47.203398276020607],[-121.81090507251095,47.203325203032399],[-121.81077283267179,47.203264660453982],[-121.8101808085256,47.203117630538991],[-121.81016512274127,47.203113694225031],[-121.81015954995523,47.20311204328938],[-121.81014287860276,47.203108976315505],[-121.81012822595854,47.203106228286948],[-121.80924970250958,47.202945467211109],[-121.80923455172835,47.202942896975415],[-121.80921838321248,47.202939822821527],[-121.80920423794207,47.202937241192885],[-121.80919009265634,47.202934658663139],[-121.80859300799224,47.202827268095909],[-121.8082870832541,47.202780166163031],[-121.80792950838809,47.202739302876211],[-121.80766837804691,47.202672843185397],[-121.80713952744841,47.202599806934103],[-121.80665246056594,47.202611130543737],[-121.80640043358012,47.202650135261621],[-121.80595458870887,47.202743595943026],[-121.8059370577224,47.202746535384577],[-121.80590994429744,47.20274838442127],[-121.80589434096206,47.202747873881847],[-121.80546781953625,47.202725776340408],[-121.80530751797743,47.202731353396636],[-121.80517415281236,47.202769189024423],[-121.80497247437069,47.20281053661806],[-121.80480398006576,47.202872248040009],[-121.80458370537225,47.202914147107784],[-121.80452972660632,47.202948859651251],[-121.80445691830131,47.203036569511568],[-121.80435891451208,47.203184547139792],[-121.80424536029888,47.203272030678626],[-121.80408412762473,47.203342912777103],[-121.80382636416765,47.203353012599941],[-121.80368999666975,47.203308618009132],[-121.80340894887807,47.203208781110099],[-121.80318413108425,47.203125621109159],[-121.80287887026159,47.203064273348112],[-121.80257336893274,47.203013725258749],[-121.80242913228865,47.202997352085625],[-121.80241428061414,47.202986379794794],[-121.80215905644512,47.202935093249877],[-121.80199572973515,47.202940357840419],[-121.80177040385648,47.202981451006387],[-121.80158274598053,47.202999670406648],[-121.80128163997747,47.203005966935997],[-121.80081536487229,47.202982927011369],[-121.80026444102218,47.202995112861494],[-121.80023725639072,47.202994046783516],[-121.80020897115976,47.202989051240522],[-121.8001907378887,47.202983771729464],[-121.80018364056352,47.202981451542385],[-121.80017921851591,47.202985787187984],[-121.80015895715498,47.2030005810483],[-121.80013460027639,47.203012509104944],[-121.80011414425695,47.203019250557382],[-121.79993482337352,47.203070278619919],[-121.79942810204055,47.203100986631846],[-121.79927472723648,47.203143496510769],[-121.79924575602134,47.203151703964402],[-121.7992167261224,47.203157513862742],[-121.79918709847126,47.203159389984343],[-121.79915638551954,47.203158020114266],[-121.79912202194836,47.203151207143044],[-121.79870976559718,47.20303260831475],[-121.79830671199329,47.20302427380561],[-121.79793652167881,47.203064756862872],[-121.79777041742759,47.203121631302452],[-121.79757966630849,47.203220084570347],[-121.7975317484706,47.20323518788377],[-121.79742765658301,47.203298394493451],[-121.79721775756094,47.203374610547563],[-121.79705587990443,47.203440006521305],[-121.79678954134876,47.203532449993816],[-121.79600684710086,47.203798795859605],[-121.79580496446425,47.20385298338536],[-121.7956435612822,47.203896434628895],[-121.79549102406538,47.203890428822319],[-121.7952902527698,47.203823778848836],[-121.795049432323,47.203702220975309],[-121.79486592360388,47.203558771138589],[-121.79466626806003,47.203371285288732],[-121.79441785492041,47.203205765967688],[-121.79420147060951,47.203117181529798],[-121.79399252326148,47.203044966245223],[-121.79383188893077,47.20299500323565],[-121.79276406059246,47.202656283835765],[-121.79233074171997,47.202539439246308],[-121.79205731695359,47.20248370703785],[-121.7916638896034,47.202394350591533],[-121.79153739344174,47.202341604813441],[-121.79137979186352,47.202333936433462],[-121.79105786169757,47.202268801713444],[-121.79104371438203,47.202266046933069],[-121.79102905851801,47.202263124661265],[-121.79099918081843,47.202254545958297],[-121.79099308951346,47.202252214866533],[-121.79058038973557,47.202093146479108],[-121.79031017610411,47.201961452224495],[-121.79016400547772,47.201927090891914],[-121.7899100687508,47.20184491422377],[-121.78790864415856,47.201455019460738],[-121.7874811041123,47.201326611191597],[-121.78687723569648,47.201248317996985],[-121.78674149813722,47.201208352078496],[-121.78653377152214,47.201165416484571],[-121.78623396435209,47.201057520124962],[-121.78583995033794,47.200984774724468],[-121.78549435040689,47.200917658880186],[-121.78520553964776,47.20080672665258],[-121.7849565453638,47.200699291754113],[-121.78464426967803,47.200595472066688],[-121.78440476871759,47.200527519204826],[-121.78438247883706,47.200520740399483],[-121.78344491459505,47.20017791952889],[-121.78291517502288,47.199917636041469],[-121.78263411675289,47.199793927730589],[-121.78263056493371,47.199792595764386],[-121.78231753921135,47.199720141285745],[-121.78173880654938,47.199619264426836],[-121.78135298703556,47.199552068199523],[-121.78088623284576,47.199528440333928],[-121.7804112096828,47.199537634850692],[-121.78004095295096,47.199574804616617],[-121.77966238779591,47.199600925100249],[-121.77910618787082,47.199664825058612],[-121.77880835359572,47.19970221792051],[-121.77835678414374,47.19978843850609],[-121.77792142342251,47.19985836862773],[-121.77758250991806,47.199944883951808],[-121.77727603228067,47.200020758658624],[-121.77693682015281,47.200200677572361],[-121.77671817054353,47.200353732336858],[-121.77654696259476,47.200556305763328],[-121.77644089722335,47.200770156817235],[-121.77635029005252,47.200978525798526],[-121.77630004881631,47.201192447458382],[-121.77629077221913,47.201373697521824],[-121.77637754453291,47.201533324020602],[-121.77652034919227,47.201786421568173],[-121.77659128408341,47.20195684816801],[-121.77667820567207,47.202143893272954],[-121.77673340310649,47.20228690079184],[-121.77676434679064,47.202446287372901],[-121.77674639136134,47.202621977414609],[-121.77672182180405,47.202709822729283],[-121.77665615597238,47.202824857566092],[-121.77659121506568,47.202906978456753],[-121.7764614118943,47.203010895152559],[-121.77632344635181,47.203131182224269],[-121.77616962970416,47.203240503570967],[-121.77591109650517,47.203387824452292],[-121.77574934049626,47.203480609600298],[-121.77504581328297,47.203802154363288],[-121.77491672934674,47.203872983602281],[-121.77477874474445,47.20397150304624],[-121.77470552582862,47.204086448574088],[-121.77461573141841,47.204223512168731],[-121.77455849669656,47.204355075555867],[-121.77453330868597,47.204459380799278],[-121.77447652068417,47.204524958324178],[-121.77437072250031,47.204623466237614],[-121.77420907392576,47.20469979566785],[-121.77409617957628,47.204732399242033],[-121.77391877087479,47.204759201407278],[-121.77362940234943,47.204730677963262],[-121.7733321941835,47.20464722782544],[-121.77304340550975,47.204558200169267],[-121.77278679735333,47.204447568152048],[-121.77251337771702,47.204391617754844],[-121.77217548129559,47.204373906720015],[-121.77177344593638,47.204344903953398],[-121.77144286899818,47.204360187043484],[-121.77124167393626,47.204359481932045],[-121.77036572644279,47.204197028733489],[-121.77027772236053,47.204176227916378],[-121.77024774406107,47.204163361206369],[-121.77013313182664,47.20414456653949],[-121.77004584952944,47.204154263940161],[-121.76989714047905,47.204203710107592],[-121.76974746036984,47.204275958990472],[-121.76948268447073,47.204351525801322],[-121.76946869834454,47.204355621994239],[-121.76944821291345,47.204361329982262],[-121.76941816037736,47.204366629755199],[-121.76940209967745,47.204368005092398],[-121.76938754598048,47.204369364336678],[-121.76887869384014,47.204417442343107],[-121.7684131746316,47.204383638504503],[-121.76813965420389,47.204344474555086],[-121.76792194873165,47.204326120910828],[-121.76771554544877,47.204339177030427],[-121.76742522221004,47.204397881685416],[-121.76710417103938,47.204433271286348],[-121.76662798070707,47.204437451906848],[-121.76660531792004,47.204436156861412],[-121.76650849425906,47.204425219645451],[-121.76647665842985,47.204418883189476],[-121.76627505617624,47.204358191973171],[-121.76612161572807,47.204292346057471],[-121.76597762620125,47.204200689299434],[-121.76576879947763,47.204110769507125],[-121.76525607653041,47.204079868244413],[-121.76484850940331,47.204029307795416],[-121.76434523454301,47.203950997871864],[-121.76410735846331,47.203908865117249],[-121.76366464832975,47.203753970589815],[-121.76364995093125,47.203749161586643],[-121.76363727198313,47.203744672360443],[-121.76362510756032,47.203740691602185],[-121.76361143049751,47.203736556899479],[-121.76341585995934,47.20367545114263],[-121.76324953861879,47.203660470102918],[-121.76277425163778,47.203745687179975],[-121.76262067736414,47.203759529632293],[-121.76232801417832,47.203761520482288],[-121.76185018319012,47.203674182366186],[-121.76152927801907,47.203587190346155],[-121.76143143971099,47.203575745331392],[-121.76104497748604,47.203566928285056],[-121.760830466792,47.203534473971509],[-121.7607324197089,47.203514118839927],[-121.76003711104312,47.203417659085638],[-121.75960361184205,47.203311663789094],[-121.7592263307254,47.203222364502949],[-121.75904182127611,47.203139366841114],[-121.75882559788404,47.203012154556042],[-121.75856984579417,47.202786143134752],[-121.75833067738303,47.202538012725277],[-121.75808370262672,47.202257064100081],[-121.75791564101833,47.202124528285651],[-121.75758039276788,47.201832196998758],[-121.75730904632142,47.201584072460804],[-121.75707722233896,47.201412982574702],[-121.75602742135077,47.200887270014306],[-121.75564293389795,47.200660762425763],[-121.75542733114669,47.200473211050095],[-121.75523612728303,47.200296707248917],[-121.75497968120453,47.200147472964872],[-121.75480288115706,47.200113913374736],[-121.75461804118258,47.20010220648409],[-121.75423921143732,47.200139213896819],[-121.75386051038788,47.200181703156083],[-121.75343316624762,47.200273390099959],[-121.7529253543958,47.200364917682215],[-121.75263493188052,47.200440724857962],[-121.75230403194527,47.200549187384034],[-121.75202153602551,47.200641530276634],[-121.75175500469173,47.200728386155774],[-121.75156089029173,47.200793552343555],[-121.75140799995698,47.200814912622882],[-121.75112538116004,47.200923707657125],[-121.74924231388185,47.2011555498364],[-121.74849002831751,47.20131072157195],[-121.74807073324284,47.201360151335308],[-121.74765181089113,47.201382326587868],[-121.74742730634898,47.201352015593812],[-121.74718027329628,47.201261110025555],[-121.74686947250869,47.201152895661856],[-121.7465329079168,47.201104769402775],[-121.74616339998887,47.201089045311711],[-121.74580949143269,47.201095431935414],[-121.74543799319925,47.201145707828523],[-121.74522834498224,47.201170417237762],[-121.74488074278165,47.201231916366723],[-121.74461262670492,47.201316209028953],[-121.74437858121287,47.201351634138064],[-121.74283715659337,47.201831456015633],[-121.74243850382641,47.201991011400459],[-121.74203280186661,47.202128533430518],[-121.74176517939118,47.202212814393512],[-121.74144158467662,47.202269074382123],[-121.74112754144886,47.202281530871552],[-121.74079827424451,47.202266385807924],[-121.74049315624657,47.202251494612824],[-121.74029934929133,47.202265570555653],[-121.73999222836068,47.202316509418232],[-121.73974082614482,47.202406438095217],[-121.73949584548211,47.202535028506603],[-121.73918646939359,47.202662766893887],[-121.73896876672248,47.202687551716338],[-121.73867886696117,47.202700255667487],[-121.73843826384424,47.202669758141695],[-121.73822193515332,47.202644998575444],[-121.73794976571642,47.202597700547805],[-121.73692359292964,47.202458387271008],[-121.73660149352341,47.202470574508673],[-121.73633411544975,47.202544043150588],[-121.73612220138928,47.202645537297016],[-121.73593556484704,47.202709058726491],[-121.73569396032849,47.202722438425766],[-121.73538934141376,47.20268559191426],[-121.73513888530054,47.202598295286293],[-121.73499033372813,47.202458839142487],[-121.73481901554931,47.20233539190653],[-121.73381680407981,47.201946612130627],[-121.73351557958541,47.201772621579238],[-121.73330365392493,47.201588767164338],[-121.733101409797,47.20132271772205],[-121.73290772290551,47.201056920880319],[-121.73274459928706,47.200851806817973],[-121.73248501174942,47.200628869330828],[-121.73220128503812,47.200427783913703],[-121.73196610174433,47.20019430243206],[-121.731762613379,47.199983105749133],[-121.73161521636081,47.199783650477855],[-121.73147071320109,47.199490934231797],[-121.73130445700545,47.199104705118785],[-121.73124459507508,47.198928308550897],[-121.73115354576646,47.198729622503571],[-121.73098339398445,47.198480537625535],[-121.73086693906498,47.198336277815351],[-121.73071627935485,47.198257505908785],[-121.73050814656757,47.198216363470145],[-121.73030102342906,47.198153444232773],[-121.73014935863242,47.198096618864916],[-121.72944775342113,47.197873581492736],[-121.72918290252291,47.197859089634001],[-121.72882071973825,47.197854543906637],[-121.72857775083929,47.19791728119106],[-121.72830245672898,47.197995956676607],[-121.72795309136332,47.198112264536995],[-121.72774155523686,47.198208255780365],[-121.72748624862825,47.198413536853927],[-121.72729684170406,47.198575786909522],[-121.72703638011933,47.19868754983996],[-121.72672787923698,47.198787824517701],[-121.72636994934076,47.198947919950783],[-121.72599668045319,47.19929549419215],[-121.72569723427594,47.199440228722615],[-121.72568479815469,47.199446187141888],[-121.72567782957023,47.199449345433123],[-121.72565942610483,47.199458281526574],[-121.72531972854034,47.199624350465264],[-121.72520132965138,47.199703068548118],[-121.7249829704518,47.199919433156062],[-121.72482810291643,47.200053036537334],[-121.72481873694309,47.200061362343263],[-121.72480590709796,47.200072123413015],[-121.72479651703198,47.200079420399014],[-121.72478663693822,47.200087237556247],[-121.72475157577067,47.200115543154418],[-121.72409630471074,47.200800970946965],[-121.72408794529201,47.200809286051665],[-121.72407566887956,47.200822268890363],[-121.72406582687316,47.200831799197317],[-121.72404603787311,47.200846232798142],[-121.72402116882286,47.20085832104111],[-121.72399321405543,47.20086752918958],[-121.72395864271228,47.200873207781996],[-121.72394509008981,47.200874380570127],[-121.72393003475572,47.200875738809721],[-121.7237789542045,47.200888820642803],[-121.72376992042184,47.2008896015776],[-121.72376188660023,47.200890201925141],[-121.7237568705265,47.200890768579498],[-121.72374435163694,47.200893128603859],[-121.72363919744751,47.20091326609792],[-121.72349236580374,47.200958350018375],[-121.72309696344264,47.201130314770616],[-121.72274986235688,47.201192768826694],[-121.72263986667259,47.201221181881131],[-121.72256813031387,47.201251247197277],[-121.72237288029889,47.201356652477379],[-121.72199625739066,47.201624900784907],[-121.72186325812308,47.201703426193404],[-121.72145984588143,47.201811030832509],[-121.72110112646324,47.201893655702392],[-121.72073352418865,47.201917419647181],[-121.72056503301093,47.201939078324173],[-121.72049555227244,47.20195780639807],[-121.72046951952285,47.201963050736104],[-121.72044002839753,47.201971074655262],[-121.72043104104596,47.201973912072575],[-121.7198512595137,47.202266061613344],[-121.71960712005567,47.202367181169585],[-121.71935442166338,47.202490154612434],[-121.71912650682975,47.202574990201697],[-121.7188608722883,47.202593387664109],[-121.7184987832479,47.202594291982621],[-121.71804009877003,47.202593814859853],[-121.7177412585186,47.202633810066175],[-121.71742568014641,47.202712025900624],[-121.71710909015889,47.202812188928966],[-121.71679440319804,47.202841037834908],[-121.71642374894026,47.202863618850408],[-121.71606178197321,47.202869999425161],[-121.7157741614747,47.202805845135579],[-121.71550264693491,47.20271992725479],[-121.71523163894153,47.202634175674056],[-121.71490390756108,47.202553131672794],[-121.71465577337607,47.202522492172385],[-121.71442171124356,47.202535920361953],[-121.71408197790659,47.202613695557048],[-121.71363888485128,47.202635487721146],[-121.71322044452089,47.202635424726715],[-121.71292401812154,47.20260426005175],[-121.71255578635251,47.202533574658133],[-121.7123404929626,47.202464883547684],[-121.71221424985937,47.202375377532505],[-121.71210525555344,47.202247816807585],[-121.71209323714632,47.202094045977319],[-121.71209544174548,47.201946467121523],[-121.71203802831691,47.201809109814832],[-121.71193361535919,47.201661621264172],[-121.71189152646203,47.201534727942303],[-121.71191982928532,47.201407098905946],[-121.71193999140424,47.201252989520427],[-121.71175534282433,47.200937192695299],[-121.71172646235574,47.200816160128454],[-121.71173130131879,47.200651587604078],[-121.7117346158622,47.200530902728445],[-121.71177305903051,47.200295370458981],[-121.71177112713627,47.200075856347304],[-121.71164781876112,47.199893089437843],[-121.711538071145,47.199776503278628],[-121.71138154815966,47.199637272062859],[-121.71125697195221,47.19948742302131],[-121.71112575420781,47.199288287159746],[-121.71105905507416,47.199073392619233],[-121.71096692951623,47.198912920895211],[-121.71081936285276,47.198724580532044],[-121.71072685014036,47.198591532308015],[-121.71069874118518,47.198437587836032],[-121.71071188677732,47.198262131014786],[-121.7107815065993,47.198071000807928],[-121.71088472069246,47.197830847700743],[-121.71105881543697,47.197053882993579],[-121.71110415621055,47.196878944897378],[-121.71113340526981,47.19668172583421],[-121.71111346698436,47.196533350514827],[-121.71104790925034,47.196301992083377],[-121.71102260054705,47.19604913256908],[-121.71101275707569,47.195813077457814],[-121.71098961295793,47.195500041169296],[-121.71107583560999,47.195287143826114],[-121.71116231205373,47.195063274378825],[-121.71121058271235,47.194772968599224],[-121.71124110318489,47.194543003060772],[-121.71120787074402,47.194295539168479],[-121.71120505186654,47.194103454557592],[-121.71121052687428,47.193922421236174],[-121.71122253320692,47.193763428367241],[-121.71123350728023,47.193670254906898],[-121.71180747385425,47.191828437782924],[-121.71188818578136,47.191527680100918],[-121.71189073240508,47.191439907887698],[-121.71184423405955,47.191362417933519],[-121.7118048874664,47.191334554200537],[-121.71171009825011,47.191278478809842],[-121.71161467147692,47.1912386915916],[-121.7110400905412,47.191066653587377],[-121.7108102752549,47.190953895863053],[-121.70911834504655,47.190487300450421],[-121.70880589988703,47.190433842887252],[-121.70847007230712,47.190369146838975],[-121.7080855804163,47.190309244247238],[-121.70783674767492,47.190289566646022],[-121.70747690040669,47.190229918116458],[-121.70724493237482,47.190177501590568],[-121.70701449279859,47.190081194354569],[-121.70678329342921,47.189995865284182],[-121.70651300055633,47.189893632000583],[-121.70621154378958,47.189746996094662],[-121.70517102997856,47.189267028087066],[-121.70478195487998,47.189091824825923],[-121.7043213511066,47.188888231428486],[-121.70402513552222,47.188840420078961],[-121.7037515297361,47.188836757244616],[-121.70356669142642,47.188845367362084],[-121.70343908770697,47.188805223221216],[-121.70336169161051,47.188694462475318],[-121.70330013078141,47.188594847414599],[-121.70317356059796,47.188510991138592],[-121.70293508834889,47.18841458918898],[-121.70267974779898,47.188350752754808],[-121.70236221701896,47.188203931007529],[-121.70221981206818,47.188108927817943],[-121.70197329313602,47.188012264691309],[-121.70170148616511,47.187953910074562],[-121.7015101459306,47.187896431802486],[-121.70125532820346,47.187810821681275],[-121.70104687842446,47.187775114734585],[-121.70081517234479,47.187733651369868],[-121.70060646798461,47.187709084711898],[-121.7003916274405,47.187634882114416],[-121.70018548556052,47.187522372791506],[-121.70003528203559,47.187438072110581],[-121.6999234002211,47.187403758780981],[-121.69979554331132,47.187374581657295],[-121.69849594905894,47.186973508880172],[-121.6982075370117,47.186936740137405],[-121.69796721513863,47.186982249049649],[-121.69781917887792,47.18701754504179],[-121.69749847659034,47.187088564257678],[-121.6971718515744,47.187164612787534],[-121.69691994885525,47.187254625196985],[-121.69656445413159,47.187321203641901],[-121.69616692859123,47.18744219863359],[-121.69583403521757,47.187553099167623],[-121.69545234056814,47.187685239316068],[-121.69527285631638,47.187776212325979],[-121.69513424448328,47.187851168133271],[-121.6950101891954,47.187970357803145],[-121.69491052939071,47.188078671745608],[-121.69468790271281,47.188558774118164],[-121.69456358400028,47.188688764424896],[-121.69435931041936,47.1887957594817],[-121.69413307792361,47.188842313008628],[-121.69387363040843,47.188910117593494],[-121.69347022158553,47.188970667844906],[-121.69323431882127,47.189012007912616],[-121.69302584899673,47.18902067282643],[-121.6930142415717,47.189018736499911],[-121.69298505043457,47.189017495352452],[-121.69296445919477,47.189018565128357],[-121.69294938996981,47.189019234858634],[-121.6922301732269,47.189055106318492],[-121.69192281273551,47.189093753683792],[-121.69161567242217,47.189142336860286],[-121.6912547484017,47.189237060087777],[-121.69092213184925,47.189338688266908],[-121.69090516501269,47.189344518049097],[-121.69088128669966,47.189356075134818],[-121.69086100263883,47.189371022925755],[-121.69084427558788,47.189387648202498],[-121.69062164763265,47.189597136361847],[-121.6903513069154,47.189763759232591],[-121.69018764057894,47.189865872618618],[-121.69001476229809,47.190006126045823],[-121.6898169658356,47.190179196798042],[-121.68904497439027,47.190739664409364],[-121.68886989073458,47.190962370750469],[-121.68872777470897,47.191152519593345],[-121.68858760390418,47.191271525559898],[-121.68830307741958,47.191388418077722],[-121.68793717112648,47.191531682488289],[-121.68766771370542,47.191670867082841],[-121.68731647882794,47.191863848556444],[-121.68702183175905,47.19204647888666],[-121.68675989548252,47.19220769286548],[-121.6863411573959,47.192509332857298],[-121.68536892957275,47.193045266734828],[-121.6849609588277,47.193242934276384],[-121.68462722349197,47.193386715083719],[-121.68427050784864,47.193491655099606],[-121.68397922044184,47.19355376443297],[-121.68362380766447,47.193603849676052],[-121.68333420383428,47.193605444052899],[-121.68308379724614,47.193651538396935],[-121.68285650619202,47.19371984531751],[-121.68266152823183,47.193794161846782],[-121.68244954708673,47.19389555783961],[-121.68225211303321,47.194041191838075],[-121.68205505873775,47.194181166721506],[-121.68178505082052,47.1943422803649],[-121.68153982813641,47.194487201855637],[-121.68134355380722,47.194594262267522],[-121.68123800436949,47.194642298242925],[-121.68026582829322,47.195161734890455],[-121.67968566562156,47.195488646850173],[-121.67935813627129,47.195687359361713],[-121.67904772811185,47.195864303055508],[-121.67884106078479,47.196048241393342],[-121.67869240050562,47.196194399666254],[-121.67850920865975,47.196417000994437],[-121.67796451817068,47.197468806134744],[-121.67787868711993,47.19765973692823],[-121.67783271593659,47.197856773791017],[-121.67780216966027,47.198092213545038],[-121.67774671737536,47.198338532543922],[-121.67761985173891,47.198561757208978],[-121.67746093319268,47.198768170897132],[-121.67728747106979,47.198930517982049],[-121.6771608012901,47.199025037273636],[-121.67698405706938,47.199129491127188],[-121.67678800247937,47.199247680944254],[-121.67625673499674,47.199536887676501],[-121.67607808757313,47.199600401142433],[-121.67577053704589,47.199656656762727],[-121.67552009492252,47.199702734358986],[-121.67526979195904,47.199732186239274],[-121.67520540515173,47.199731470038529],[-121.67438491012162,47.199742381780894],[-121.67417511592809,47.199761479625813],[-121.67405347697495,47.199787393553926],[-121.67381783604283,47.199866564005156],[-121.67353244014923,47.200016330808893],[-121.67322227667844,47.200160351775033],[-121.67294454620915,47.200315867069364],[-121.67272303436835,47.200466525732011],[-121.6725341032689,47.200612227648811],[-121.67228647765404,47.200833928549656],[-121.67216974030381,47.200969471710444],[-121.67204416752168,47.20113800749435],[-121.67190975089609,47.20133919503219],[-121.67177401272713,47.201595235966913],[-121.67166415006346,47.201769439190393],[-121.67161204243725,47.201916836406831],[-121.6715676275458,47.202048046188317],[-121.6715883691006,47.202168998552203],[-121.67159354123034,47.202267829655945],[-121.67155080466732,47.20236063373973],[-121.67137252409945,47.202418652836478],[-121.67120269782644,47.202449164104657],[-121.67096187099138,47.202429498382251],[-121.67082700525782,47.202356486298847],[-121.67067733384691,47.202250207902551],[-121.67052531234459,47.202220728695053],[-121.67033938713341,47.202251060302331],[-121.67014488994113,47.202303414032819],[-121.66993573076692,47.20230604600124],[-121.66976787623852,47.202265414452611],[-121.66960146125379,47.202175413264172],[-121.66953007623478,47.202130549896296],[-121.66900046360928,47.201805153858835],[-121.6689010623405,47.201628270936808],[-121.66882410269913,47.20151199944516],[-121.66864106196495,47.201443587681368],[-121.66838349455598,47.20144019312778],[-121.66803618718166,47.20149597320497],[-121.6676233073207,47.201589260939784],[-121.66728286452761,47.201683356887784],[-121.66704852899848,47.201707659735469],[-121.66682445380317,47.201671706059834],[-121.6664727737956,47.201595737755639],[-121.66630545342787,47.201533161655107],[-121.66589872639716,47.201423300665702],[-121.66564207410714,47.201392470813914],[-121.66508707856164,47.201379559517207],[-121.66483767972522,47.201381731017939],[-121.66452362383058,47.201393978050049],[-121.66442715596347,47.201398205994778],[-121.66327925339826,47.201316880864994],[-121.66305467837699,47.201280924314631],[-121.66278216779143,47.201260874082479],[-121.66242931244491,47.201223122365853],[-121.66207699256735,47.201163599232267],[-121.66180633959324,47.201066580263465],[-121.66146207083267,47.201007146362791],[-121.66112439831713,47.20099700103728],[-121.66074648719318,47.200986573015825],[-121.66036750757738,47.201019855221979],[-121.66005872122351,47.201136406469857],[-121.65984628336082,47.201243247896038],[-121.65968924204479,47.201400261851447],[-121.65954832925124,47.201535690711523],[-121.6594581893429,47.201600175162248],[-121.65927199856534,47.201641631346313],[-121.65897377193329,47.201665015746563],[-121.65873943263736,47.201689301350228],[-121.65846508702052,47.201724098654196],[-121.65840874343988,47.201723292493931],[-121.65840306242053,47.201646402871035],[-121.658422209801,47.2015313892989],[-121.65836361893383,47.201333010232958],[-121.65827996701266,47.201161787678778],[-121.65814100555326,47.200967813052287],[-121.65801143199738,47.200719246275106],[-121.65788765368417,47.20055288225678],[-121.65765187655312,47.200346680506662],[-121.65754934421115,47.200279500737068],[-121.65741450000785,47.200206302670033],[-121.65728885754802,47.200116731631368],[-121.65712327096558,47.199993800778394],[-121.65700781487762,47.19981672624904],[-121.65687640806567,47.199622845253003],[-121.65680172962969,47.199424284188439],[-121.65605073029403,47.198130033816284],[-121.65590058224014,47.197765820098326],[-121.65578566604096,47.197566632330783],[-121.65562498280502,47.197273646090274],[-121.6549223333819,47.195980103547718],[-121.6545719149447,47.195585672316078],[-121.65436058234353,47.195368766001877],[-121.65406015552541,47.195194564588213],[-121.65384787809199,47.195027193704348],[-121.65360156771777,47.194914146927253],[-121.65334560243612,47.194866660379141],[-121.6531533741195,47.194836703497401],[-121.65287338312881,47.194794424697605],[-121.65269698271675,47.194775619842311],[-121.65195550214229,47.194551486567292],[-121.6517792512682,47.194516226945787],[-121.65162212774102,47.194387890392463],[-121.65144323969588,47.194182480820288],[-121.65123257824324,47.193949109900025],[-121.65098126188838,47.193742706917504],[-121.65071963711287,47.193618323579273],[-121.65034469422677,47.193509121652497],[-121.65006459688858,47.193461354445404],[-121.64967895878979,47.1934396564208],[-121.64912336057461,47.193465062945478],[-121.64882663319715,47.193439052351245],[-121.64857834444921,47.193397304828245],[-121.6484279368557,47.193323909161563],[-121.64831872541896,47.193201775732646],[-121.64818629265102,47.193051767867914],[-121.64784068501204,47.192761636605745],[-121.64765123453954,47.192649381981539],[-121.64734068386736,47.192540901092919],[-121.64698065537983,47.192470098661857],[-121.64666772198221,47.19243841563928],[-121.6462738933911,47.192433068886245],[-121.64589562063631,47.192449845539329],[-121.64561341848282,47.192468068667239],[-121.64530718728501,47.192491326462466],[-121.6449591410216,47.192558013726376],[-121.64482957016348,47.192589116160164],[-121.64451340687714,47.192689076379686],[-121.64444005268372,47.192715509116987],[-121.64429373293986,47.192762885777576],[-121.64417275024928,47.192772310554979],[-121.64398869402133,47.192747741965235],[-121.64377325681308,47.192689892140983],[-121.64352682552685,47.19259327764977],[-121.64335232190794,47.192497663071869],[-121.64315351990022,47.192418055930588],[-121.64297724594724,47.192404719146744],[-121.64272788756936,47.192406842720168],[-121.64245373252751,47.192425148661791],[-121.64218719706462,47.192470799042191],[-121.64192805633378,47.192533170967259],[-121.64177449517896,47.192547541541913],[-121.64157342020071,47.192550213559883],[-121.64136468901961,47.192547477529637],[-121.64122048837901,47.192529022505788],[-121.64044249611672,47.192452559125407],[-121.64020923341275,47.192454861582995],[-121.63999156137585,47.19245735258238],[-121.63978967836459,47.192493104349921],[-121.6395061198305,47.192565993536434],[-121.63926279929723,47.19263951311958],[-121.63908320337715,47.192730399492866],[-121.63887907454895,47.192826324971804],[-121.63879778645641,47.192858145395995],[-121.63867560541593,47.192905963146721],[-121.63845909198841,47.192891987990102],[-121.63819630104811,47.19280597632148],[-121.6378934274981,47.192703050029579],[-121.63766403361178,47.19257934785162],[-121.6374246129914,47.19250458668305],[-121.63714534800586,47.192424048081847],[-121.63690589405363,47.192371392354943],[-121.63527534265656,47.192019826526931],[-121.63495382893902,47.192009961729987],[-121.63468098611736,47.19199516144738],[-121.6345687104687,47.191988209425801],[-121.6344011843001,47.191936556206635],[-121.63430674344824,47.191869275816792],[-121.63422991201872,47.191731046125895],[-121.63420307112119,47.191555136435724],[-121.63412941584565,47.19132913092897],[-121.63399795693839,47.19115167681538],[-121.63387269072946,47.191029344954238],[-121.63370045207999,47.190873199406916],[-121.63354326707896,47.190739355401689],[-121.63150544517148,47.189476763204603],[-121.63121146640677,47.189340999469159],[-121.63087733083496,47.189232191572536],[-121.63064007493409,47.189091758525684],[-121.63049965433707,47.188941637517765],[-121.63040926747634,47.188731902411675],[-121.63041023240291,47.188419133822059],[-121.6304405474757,47.188210960593693],[-121.63046510870953,47.187920411393755],[-121.63053768042016,47.187641559845851],[-121.63064084437109,47.187406966450638],[-121.63071878201161,47.187215976648474],[-121.63075916551016,47.186936755085263],[-121.63078088733101,47.186750428537636],[-121.63076412688488,47.186503298971964],[-121.63070619996418,47.186282963981505],[-121.63058428649427,47.186056227858344],[-121.63045164849568,47.185917170270045],[-121.63030991756203,47.185799965478871],[-121.63018276634294,47.185754424451467],[-121.63004033577795,47.185675614519198],[-121.62996873295647,47.185641696286389],[-121.62859716614066,47.184969777034972],[-121.62826710901079,47.184718338342783],[-121.62806299516862,47.18455084186801],[-121.62787513586674,47.184367247957411],[-121.62767518870338,47.184062610939613],[-121.62757129691191,47.183759434881928],[-121.6274279492557,47.183444647156861],[-121.62721261781219,47.183101427876828],[-121.6270754538893,47.182841590674791],[-121.62702718894209,47.182577630204065],[-121.62688761365041,47.182394592897928],[-121.62673097267798,47.182260734204348],[-121.62661285221678,47.182165744951774],[-121.62655839605175,47.182110065591566],[-121.62646441529556,47.182015525374254],[-121.62640902575075,47.181987274600239],[-121.62631379514174,47.181953072194894],[-121.62625763487176,47.1819359675793],[-121.62548949992323,47.18126515254685],[-121.6249900406238,47.180892479413153],[-121.62474346194551,47.180736530067691],[-121.6245378814662,47.180569727653065],[-121.62437948466203,47.180447537016676],[-121.62417258728205,47.180313821126134],[-121.62401320788933,47.180240824285697],[-121.6237575267147,47.180178189851333],[-121.62358135736173,47.180143571560045],[-121.623404255624,47.180136555199631],[-121.62313939114925,47.180139644816769],[-121.62296224236142,47.180154391618316],[-121.62273710165582,47.180157950729111],[-121.6219249079105,47.180167043661832],[-121.62141103993768,47.180162435995285],[-121.62097738919724,47.180147451229253],[-121.62051894500804,47.180148815547362],[-121.62010943153859,47.180134107936453],[-121.61957924427993,47.180118340760444],[-121.61928333877916,47.180055058077926],[-121.61894753407311,47.179958742375845],[-121.6187078797505,47.179868692460353],[-121.61837152443073,47.179794146003125],[-121.61798669632056,47.179757598042052],[-121.61773812989674,47.179722473748058],[-121.61736884400791,47.179708051398606],[-121.61706336888911,47.179716319959716],[-121.61687762808091,47.179753076461772],[-121.61583275665284,47.17976557467226],[-121.61556821310673,47.179735569107009],[-121.61522239809526,47.179737879850457],[-121.61493372611397,47.179707934713299],[-121.61456563316564,47.179605577447546],[-121.61431023850449,47.179531779837014],[-121.61405367920391,47.179474616353886],[-121.61374114504439,47.179433244511003],[-121.61338061973868,47.179380510431123],[-121.61313293036461,47.179290354989661],[-121.6129336239743,47.179206074739987],[-121.61272753823543,47.179061363523324],[-121.61261847428071,47.178868075594856],[-121.61251718059067,47.178685852232611],[-121.61232801495338,47.17850841604335],[-121.61212915004306,47.178396709328453],[-121.61189827033961,47.178268173737216],[-121.61169251427593,47.178090553237546],[-121.61157469767915,47.177935565535314],[-121.61141787652166,47.177741879047581],[-121.61124490299332,47.1775205848353],[-121.61112621470758,47.177420614955587],[-121.61096813016036,47.177287263781373],[-121.61016272401724,47.176527250454491],[-121.6095031334541,47.176109265371913],[-121.6092085789258,47.175963683902026],[-121.6089290123258,47.17586217234247],[-121.60866631331584,47.175749874756413],[-121.60839562197251,47.175615544175677],[-121.60811693741925,47.175459183250837],[-121.60794167435097,47.175369693203479],[-121.60771076854408,47.17526325739523],[-121.60719181833403,47.175082634370945],[-121.60690389016696,47.175014102832542],[-121.6066399782422,47.174940198999018],[-121.60644152902969,47.174822994693095],[-121.60625838965413,47.174716954594793],[-121.60493089578478,47.173935513849976],[-121.60462843847658,47.17379548028962],[-121.60429297367301,47.173687981113488],[-121.60390924781321,47.173580085525515],[-121.60355686760927,47.173505477086124],[-121.60322096369197,47.173425398839186],[-121.60294918621155,47.173334937813983],[-121.60263802646983,47.173211263834283],[-121.60240758068004,47.173077222221117],[-121.60217641897486,47.172981744179737],[-121.60199296150084,47.172908604569166],[-121.6017606375125,47.172878945637954],[-121.60158406439048,47.17287189073393],[-121.60133470815589,47.172869642031017],[-121.60094982822125,47.172827554553535],[-121.60065231851802,47.172830219143997],[-121.60028280816844,47.172826886257738],[-121.5999136860641,47.17281789099362],[-121.59964030979258,47.17282083781204],[-121.59921382434625,47.172833467019842],[-121.599045243435,47.17284843935505],[-121.5986097125711,47.172910335546362],[-121.5983528100421,47.17290781031889],[-121.59805497058655,47.17294354629346],[-121.59780455562442,47.173012592098182],[-121.59766692417328,47.173066340885924],[-121.59748074585661,47.17313049043721],[-121.59708359734437,47.17332466135742],[-121.59679223722742,47.173431795468048],[-121.59651829952473,47.173456676430014],[-121.5962529077366,47.173481646464744],[-121.5957940728247,47.173510336248945],[-121.59551203701973,47.173557226291784],[-121.59452934174267,47.173679823158231],[-121.59408681653497,47.173719662658492],[-121.59394636357536,47.173733845886026],[-121.5936671178476,47.173843942106217],[-121.59347398535753,47.173887758098239],[-121.59320087675316,47.173953580683715],[-121.59291938419061,47.174002687632502],[-121.59269469386376,47.174051941469187],[-121.59223648643666,47.174210856668623],[-121.59203570296096,47.17424925829097],[-121.59188272448534,47.174265614397179],[-121.59167361521801,47.174265363814058],[-121.59139251821907,47.174259793977711],[-121.59111896011512,47.17425415303223],[-121.59046024815989,47.174242552925477],[-121.59024299069497,47.174237062813404],[-121.59000182203354,47.174242252730913],[-121.58970435912383,47.174247631452886],[-121.58943911735699,47.174280295512368],[-121.58913388869495,47.174324132743713],[-121.58883647588486,47.174356756282364],[-121.58850716763122,47.174427897014311],[-121.58817741634111,47.174477103632469],[-121.58790435211844,47.174520806934289],[-121.58759878558638,47.174548020175685],[-121.58740592703835,47.174580854950733],[-121.58559758949652,47.174766157227559],[-121.58497850906279,47.174875486031084],[-121.58484184427353,47.174853461659467],[-121.58464905170447,47.174815000734405],[-121.58444794196711,47.174737886451986],[-121.58424722763934,47.174655454258826],[-121.58405388063748,47.174589405891801],[-121.58383707986421,47.174506782263258],[-121.58369238188583,47.174435306199101],[-121.5834430314107,47.174308944192163],[-121.58313783675061,47.174155000983966],[-121.58294455422333,47.17406701331857],[-121.58275199609123,47.173989986765207],[-121.58252687593958,47.173918406434048],[-121.58234179870674,47.173863417628745],[-121.58216476311007,47.173808351777481],[-121.5812322440119,47.173478108752178],[-121.58107157867798,47.17341209239386],[-121.58092677904091,47.173335130388502],[-121.5807663472697,47.173230723002895],[-121.58069387997595,47.17312634811902],[-121.580621364151,47.172994555204255],[-121.58059755530043,47.172835229204736],[-121.58056526393283,47.172654046671092],[-121.5805167175393,47.17248929609849],[-121.58046041214773,47.172313651323222],[-121.58041230525106,47.172170832091048],[-121.58034812916202,47.171978638002159],[-121.58023508563539,47.171780901934682],[-121.58010685525437,47.171577652720458],[-121.5800180010886,47.171357924637583],[-121.57996181849234,47.171138235784213],[-121.57993785433268,47.170946006605142],[-121.57988140473424,47.170687931355715],[-121.57987400497777,47.17066983456332],[-121.57980103746156,47.170490232381958],[-121.57973652119595,47.170330943475697],[-121.57966427924221,47.170237535451264],[-121.57951956617805,47.170089278018906],[-121.57948983553619,47.170035402557666],[-121.57936612853565,47.169957041737],[-121.57879958103715,47.169450784707429],[-121.57858076562314,47.169191141477739],[-121.57848909759582,47.16905609722604],[-121.57828859689107,47.16853150944025],[-121.5782111066313,47.168201138760267],[-121.57802577519335,47.167555418927599],[-121.5779675522511,47.167433944120432],[-121.5777833976241,47.167172775526915],[-121.57760866677927,47.166880157791098],[-121.57750057665277,47.166727957770853],[-121.57737117304541,47.16646507826826],[-121.57733126426103,47.166329378850364],[-121.57718834768917,47.165968770954152],[-121.5768373187268,47.164074420631692],[-121.5768060678935,47.163743445030882],[-121.57681554646305,47.163589292325334],[-121.57686586546586,47.163316336844034],[-121.57695209616382,47.163080064843172],[-121.57698221811704,47.162952967679161],[-121.5770504506755,47.162746509927665],[-121.57713028042886,47.161763962274883],[-121.57715463449659,47.161549687786788],[-121.57715428894572,47.161406936650224],[-121.57709803434311,47.161308064599908],[-121.57700963580199,47.161159793745],[-121.57691313600537,47.161033533851914],[-121.57679273124654,47.160918123292326],[-121.57660778180093,47.160791659818209],[-121.57649553186897,47.160681827652148],[-121.5763347668092,47.160533373635779],[-121.57618996312681,47.160428985914855],[-121.57496848967425,47.159758126067999],[-121.57467134948257,47.159549245408101],[-121.57448619183602,47.15941181279053],[-121.57428510788598,47.159307260802777],[-121.57410880615726,47.159235725036382],[-121.57390759868159,47.15917521706308],[-121.57372290940494,47.159136661394292],[-121.57358619629971,47.159059614867815],[-121.57340330208473,47.159035439163361],[-121.57306234145709,47.158997306552443],[-121.57288590894464,47.158944278840934],[-121.57275095709468,47.15887989675926],[-121.57263960282793,47.158814437942908],[-121.57245844466965,47.158600018061364],[-121.57240227259614,47.158504571080051],[-121.57225930252777,47.158340351433573],[-121.57219807752335,47.158293963411033],[-121.57190379185525,47.158151714096938],[-121.57123782335907,47.157942135351853],[-121.57114338468682,47.15791850625827],[-121.57091031359211,47.157821956752194],[-121.57055648471511,47.157717444190581],[-121.57032362813347,47.157656881262803],[-121.5699940498762,47.157508269936038],[-121.5697774082746,47.157403853901933],[-121.56956829893002,47.157299197619317],[-121.56935952104106,47.157211160803655],[-121.56888542947435,47.1569967068369],[-121.56870842227272,47.156914200241317],[-121.56849968985546,47.15685358157814],[-121.56828267611716,47.156831426990095],[-121.56791297215476,47.156787205053966],[-121.56757542701175,47.156743028963795],[-121.56716569724205,47.156682210113125],[-121.56691659324895,47.156638070181309],[-121.5667158383401,47.15659948078563],[-121.56641845334644,47.156527853126548],[-121.56621759102117,47.156483779546249],[-121.56596833572233,47.156406564509972],[-121.5656713097145,47.156302198556659],[-121.56497284578336,47.156047813090382],[-121.56465855156814,47.156010097549959],[-121.56453024054534,47.15602653306032],[-121.56441772159896,47.15605379091361],[-121.56425704685003,47.156135989288423],[-121.56411249007449,47.156245630750306],[-121.5639274898391,47.156393689880801],[-121.5637590692568,47.156541767285255],[-121.56350989693304,47.156722806084531],[-121.5633571917058,47.156827037790038],[-121.56319633425422,47.15692568871647],[-121.56293129296179,47.15711749736235],[-121.56281881407121,47.157172344240522],[-121.56273030495944,47.157194238175833],[-121.56259373234515,47.157199608466378],[-121.56253733343227,47.157117183242349],[-121.56251351928073,47.156979961044065],[-121.56258588703733,47.156776901017111],[-121.56265806384035,47.156513349089778],[-121.56273060792017,47.156293836735294],[-121.56277855739216,47.156024852137072],[-121.56276261995285,47.155777705717647],[-121.56271410424645,47.155585528072251],[-121.56262595877729,47.155371264957637],[-121.5625374499005,47.155113133946003],[-121.5624252188567,47.154849566058516],[-121.56225660053404,47.154580346849315],[-121.56211196507998,47.154355120591561],[-121.56194299445964,47.154118808107988],[-121.56174230354897,47.153904551644793],[-121.56149309094565,47.153701194666539],[-121.56130848810281,47.153563736392073],[-121.56117176907702,47.153459256040271],[-121.5609790992447,47.153371226840214],[-121.55957293405156,47.152310313662085],[-121.55921143909789,47.152145171182561],[-121.55889815249274,47.152029627511858],[-121.55849631987309,47.151831606192523],[-121.5580704804815,47.151638943763125],[-121.55764468475324,47.151473873028692],[-121.55721910617258,47.151319764600089],[-121.55694595071647,47.151226126073716],[-121.55532290432284,47.150730284208635],[-121.55455158867863,47.150597836084366],[-121.55426229071051,47.150526103464372],[-121.55402162363539,47.15044895500435],[-121.55387713816455,47.150382925126031],[-121.55381239922315,47.150284118631021],[-121.55380475708925,47.150124810646275],[-121.55384474253341,47.149883322691991],[-121.55390130643625,47.149718628798929],[-121.55393332321641,47.149455106457197],[-121.55390925003132,47.149098182143717],[-121.5538771397344,47.148818279302013],[-121.55383695142098,47.148587632846066],[-121.55378886788625,47.148313017396227],[-121.55371666650852,47.148115224762215],[-121.55357219691425,47.147741749351717],[-121.55317861782393,47.147115540659584],[-121.55310623880003,47.147011149291565],[-121.55299370509375,47.146857254345463],[-121.55280096666699,47.146686781233328],[-121.55256825267242,47.146527298624662],[-121.55237551464819,47.146433771505237],[-121.55205395122665,47.146329252437702],[-121.55182109528594,47.146213641106364],[-121.5516362551717,47.14608713783538],[-121.55148357013731,47.145960684091754],[-121.55128280289101,47.145790282060581],[-121.55112229709285,47.14567486717943],[-121.55098587327339,47.145531984170574],[-121.5507848547304,47.145399970770448],[-121.55061616617232,47.145328502495389],[-121.55038356389387,47.145251272733063],[-121.5502065478652,47.145190675450181],[-121.55011841785495,47.145179652345227],[-121.54870445864691,47.145062953450392],[-121.54847949347401,47.145068082196602],[-121.54826246485661,47.145067997312189],[-121.5479573641307,47.145111555778733],[-121.5476839472951,47.145182588113236],[-121.54748322666043,47.145297687985661],[-121.54741880345431,47.145369051231512],[-121.54726636119354,47.145615842891495],[-121.54717769579814,47.145835491712752],[-121.54708938944886,47.146022062504336],[-121.54689664611155,47.146263392633792],[-121.54670391513245,47.146427945701546],[-121.54648648817877,47.146614317072711],[-121.54631012135329,47.146767924853741],[-121.54614093443256,47.146877424441506],[-121.54583587592128,47.147052934194036],[-121.54549826055562,47.147233709008567],[-121.54528927439218,47.147337740736319],[-121.54500811131251,47.147502235571743],[-121.544919701618,47.147606375563321],[-121.54483129519473,47.147710685461099],[-121.54436519082283,47.148286606631089],[-121.54412413549196,47.148473016190856],[-121.54393131152392,47.148659501870043],[-121.54364977017615,47.148856899546601],[-121.54335269769936,47.149004739818707],[-121.54308742920288,47.149108762785552],[-121.54276594791017,47.149267617803304],[-121.54244469665515,47.149516269406213],[-121.54160755557743,47.149795969840177],[-121.54139073531709,47.149885499255213],[-121.540328940465,47.150214174049303],[-121.54004802208117,47.150314902341094],[-121.53982871791331,47.150406164049606],[-121.53971531949871,47.150439918406114],[-121.53941548288577,47.150471752854592],[-121.5391153979906,47.150490735738828],[-121.53851167573946,47.150526845951667],[-121.53774585596631,47.150598856940306],[-121.53744449137882,47.150603622974998],[-121.53722356023094,47.150636799324026],[-121.53701367687576,47.150643654822588],[-121.53680542022448,47.150630616429282],[-121.53658421227468,47.150597301025599],[-121.53647870795986,47.150571514734409],[-121.53609698096226,47.150682050292083],[-121.53581561302224,47.15078602861032],[-121.53551832680411,47.150846107564803],[-121.53525343164972,47.1508402583069],[-121.53495596102965,47.150812422388434],[-121.53474750397127,47.150762879758759],[-121.53453827628016,47.150751559378328],[-121.53428129364217,47.150712904105177],[-121.53408047926756,47.150668775148986],[-121.53321306415995,47.150552471190721],[-121.53297987999828,47.150497148620772],[-121.5326185807903,47.150441943453849],[-121.53238552962902,47.150419693586834],[-121.53208811926963,47.150342493982201],[-121.53184751661429,47.150188353282601],[-121.53163042616822,47.150028860490806],[-121.53137330702829,47.149825511148592],[-121.53117264523918,47.149605547149207],[-121.53112487799753,47.149446254236821],[-121.53100434169228,47.149264988904335],[-121.53088377979624,47.14905613374593],[-121.53077945115167,47.148907800426024],[-121.53072352899969,47.148847290894246],[-121.53049855976241,47.148748190005072],[-121.53032980618433,47.148698627763679],[-121.53024950047279,47.14867655214011],[-121.52926951495,47.148477763540214],[-121.52910892708091,47.148461030451969],[-121.52893186774628,47.148449927655413],[-121.52887599180626,47.148444256659978],[-121.52870717202745,47.148312261945719],[-121.52861107884864,47.148147571506975],[-121.5284263705599,47.147999095583764],[-121.52822552368563,47.147899946806078],[-121.52804871264978,47.147822860761288],[-121.52800056322296,47.147800840946033],[-121.526546948374,47.147238995653282],[-121.52634611153063,47.147140014412344],[-121.52606469783248,47.147057173699864],[-121.52593658564844,47.147057113129577],[-121.52582385666346,47.147073366706415],[-121.52528557111788,47.147061698691608],[-121.52489197792296,47.147050286097873],[-121.52463512209725,47.147016921316236],[-121.52435377719854,47.14701667724723],[-121.52412880488916,47.147021931000673],[-121.52379147877596,47.14701035794905],[-121.52345394631449,47.146987989012878],[-121.5230522770683,47.146921630436445],[-121.52274715311614,47.146833336365063],[-121.52250604800794,47.146756298266013],[-121.52220917517798,47.146679068681401],[-121.52185570122053,47.146557782329701],[-121.52152653301378,47.146419999928156],[-121.52123720198985,47.146342872002876],[-121.52087569055658,47.146221484119934],[-121.52063467824044,47.146122504734997],[-121.52037002976901,47.14599580196063],[-121.52009712288114,47.145830783592352],[-121.51984009824321,47.145682075732843],[-121.519535056367,47.145544416886871],[-121.51773625539707,47.144493499803772],[-121.51742308246115,47.144350251407793],[-121.51709385455742,47.144234564264991],[-121.51677247304873,47.144135258924848],[-121.51633062417572,47.144041297314992],[-121.51611398049165,47.144008073608511],[-121.51429879624501,47.143654223187148],[-121.51412203759168,47.143604706837849],[-121.51391343252584,47.143571408818275],[-121.51366424013756,47.143543608938096],[-121.51348730332545,47.143537965245393],[-121.51329459660079,47.143548568705334],[-121.51305369206533,47.143614093220435],[-121.51281240553971,47.143712693266714],[-121.51261993466983,47.143789273445357],[-121.51237071009311,47.14389325589498],[-121.51125010388931,47.144356706926565],[-121.51113024210562,47.144420994235773],[-121.51095061024101,47.144459241600693],[-121.51067450337618,47.144496449061648],[-121.5102622920981,47.144615907333439],[-121.5096703617817,47.144849528151923],[-121.50867936640971,47.14526143630858],[-121.50769460593344,47.145846195500646],[-121.50684462872609,47.146332259362318],[-121.50652258340162,47.14657310498508],[-121.50620924652728,47.146715678513928],[-121.50586480888907,47.146807109398324],[-121.50572860044089,47.146830745918905],[-121.50539141394285,47.146826315352648],[-121.50513516647293,47.146797872994455],[-121.50430069575738,47.146663242348566],[-121.50364203584668,47.146500171718671],[-121.50295245088438,47.146321771625658],[-121.50258781951108,47.146300262140237],[-121.50196427215475,47.146187602641135],[-121.50153991560977,47.146088121402371],[-121.50125484579397,47.145968407314953],[-121.50104798905812,47.145893939641262],[-121.50048557248783,47.145636441222109],[-121.50014021476031,47.145380660318736],[-121.50000061286103,47.145221465128564],[-121.4997953135875,47.145068147327997],[-121.4996423715275,47.144974871227291],[-121.49945469027604,47.144904517515258],[-121.49907716070196,47.144836488574853],[-121.49849580473955,47.144721204470123],[-121.49820536848331,47.144690121999737],[-121.49754443699209,47.144699249933581],[-121.49695447404525,47.144607168548958],[-121.49666509410568,47.144497413573681],[-121.49644827008906,47.144453525311647],[-121.49638396630279,47.144453393353977],[-121.49623156759269,47.144524797045214],[-121.49607104732513,47.144673045118331],[-121.49593422596213,47.144771906138452],[-121.49569321260722,47.144859667149994],[-121.49554081616584,47.144958489628657],[-121.49519512560059,47.145117755154935],[-121.49489795215217,47.145238558788684],[-121.49464929942243,47.145320899097527],[-121.49451277106579,47.145408616066454],[-121.49435203549886,47.145518476187881],[-121.49428794532464,47.145584320050119],[-121.4938697443456,47.145979670414327],[-121.49367715383062,47.146078492763223],[-121.49348455449196,47.146149724195631],[-121.4933719275637,47.146171770432382],[-121.49320333292864,47.146182643618864],[-121.49303464598817,47.14624304351937],[-121.49283371718445,47.146352904465118],[-121.49253673077719,47.146457247986483],[-121.49207853822065,47.146673679154816],[-121.49189632297082,47.146708831427532],[-121.49150066950935,47.146720620061487],[-121.49106711653745,47.146693145151445],[-121.49090332558436,47.146692150114689],[-121.49083501365554,47.146692735417616],[-121.48990519788504,47.146587761178111],[-121.48962693421308,47.146508569493129],[-121.4893958144801,47.14642503112136],[-121.48927405819538,47.146360437376707],[-121.48919493862526,47.146319641487338],[-121.48887671360198,47.14611603097206],[-121.48873178403693,47.145993196139983],[-121.48855780190345,47.145820225473585],[-121.48832151906062,47.145646760065567],[-121.48821301633791,47.145592505662265],[-121.48810092021235,47.145561415754642],[-121.48801689816459,47.145554421847407],[-121.48795142089655,47.145517794018978],[-121.48767049246739,47.14537503993639],[-121.48741347770842,47.145248705360501],[-121.48704393341048,47.14506746255222],[-121.48677908558011,47.144979581140248],[-121.4866344043845,47.144952023613612],[-121.48653825562792,47.144968610457909],[-121.48635328872273,47.145045419621894],[-121.48618624658958,47.145168346537709],[-121.48577771794471,47.145189651884309],[-121.48542434283026,47.14528760278489],[-121.48522539791173,47.145369328134606],[-121.48516976626723,47.145403905172039],[-121.48506825475239,47.145402028170409],[-121.48481938628335,47.145418542453697],[-121.48465893112964,47.145434988210276],[-121.48444190837337,47.145489789906037],[-121.48433721636235,47.145533695483167],[-121.48385554827722,47.145676432352914],[-121.48374301577368,47.145703781458501],[-121.48362275100084,47.145692807224883],[-121.48348600978119,47.145632447336517],[-121.4833655420904,47.145582917311771],[-121.48319684999785,47.145506033937274],[-121.48298033461565,47.145396138953821],[-121.48282802318694,47.145308319628882],[-121.48277949357546,47.145291766774079],[-121.48193646276327,47.144737167582207],[-121.48178415220639,47.144676767470322],[-121.48160752459417,47.144660271405542],[-121.4813663919065,47.144687680813497],[-121.48132930452617,47.144692451395343],[-121.48127276653211,47.144622325961635],[-121.48086140354955,47.14429506639803],[-121.48074259130024,47.144225810889026],[-121.48055429464509,47.14414771935521],[-121.48035219654865,47.144139321315706],[-121.48015450460075,47.144152136329041],[-121.48008185970755,47.144162862381634],[-121.48006604025282,47.144149286866245],[-121.47991333672095,47.14403953196004],[-121.47979297903362,47.143968060885548],[-121.47966447921317,47.143946013374489],[-121.47949588433775,47.144011877273471],[-121.47928679569023,47.144143718929506],[-121.47898989184097,47.144253340141866],[-121.47874071564928,47.144363240634718],[-121.47856417828552,47.144434483207029],[-121.47838240664416,47.144521706256484],[-121.47820882652178,47.144562247567663],[-121.47802156096729,47.144623639597441],[-121.47756277240957,47.144809514608724],[-121.47732105368607,47.144887817591687],[-121.47682053179207,47.144961107309015],[-121.47674146599405,47.14497805603763],[-121.4764914889728,47.144961144655845],[-121.47635534892014,47.144961093366994],[-121.47629898488931,47.144955571861956],[-121.47595368450978,47.144834755088517],[-121.47588958367913,47.144818158478422],[-121.47576118226505,47.144829181369303],[-121.47562411880651,47.144944470720048],[-121.47555175458086,47.14508166367856],[-121.47547938863606,47.145246448977964],[-121.475431130787,47.145411030435667],[-121.47533484314746,47.145614231443091],[-121.47521403696297,47.145822781504179],[-121.47503726043091,47.146075331582452],[-121.47485224166239,47.146316811076439],[-121.47470762831706,47.146487002296645],[-121.47448283161954,47.146668151089528],[-121.47430585760998,47.146854723892552],[-121.47406486822135,47.147112782149215],[-121.47378348367442,47.147359698422918],[-121.473333707932,47.147573756571774],[-121.47310076989106,47.147721896741963],[-121.47275529850877,47.147870124834277],[-121.47235336421853,47.147979754410578],[-121.47204027324346,47.148001750863337],[-121.47190392866,47.147990729241457],[-121.47166290830572,47.147886331801658],[-121.47148630794321,47.147732552189424],[-121.47132588731499,47.147556700981553],[-121.4712133832077,47.147446938981957],[-121.47063566125459,47.14697417613764],[-121.47061437530098,47.146963900579948],[-121.47041102579455,47.146830736500668],[-121.47025987958307,47.146750946463307],[-121.46860675358059,47.146147004789682],[-121.46817461938168,47.145973938431048],[-121.46814826502435,47.14596113470995],[-121.46796798984823,47.145825545540156],[-121.4679204444458,47.145807607321174],[-121.46772116974772,47.145732841870554],[-121.46753681793857,47.145677832182699],[-121.46732786121952,47.14559543560204],[-121.46703099956585,47.145485497656828],[-121.46679010883699,47.145359154399905],[-121.46658940128223,47.145260407653822],[-121.46635662087147,47.145221908361677],[-121.46609970695646,47.145238278057569],[-121.46587453862247,47.145260037623288],[-121.46563383060291,47.145199668062666],[-121.4654331124393,47.145128168094395],[-121.4652725827368,47.14505667467597],[-121.46497563976402,47.144913828243432],[-121.46478266857275,47.144825982165131],[-121.46447765972665,47.144765461029557],[-121.46427716241483,47.144650085453051],[-121.46422874147991,47.144639178871614],[-121.46284011486846,47.144182900168261],[-121.46267132634239,47.144182934535415],[-121.46253499232493,47.144171901601602],[-121.46234200335141,47.144138889875435],[-121.4621975566798,47.144067429259195],[-121.46198895449488,47.14389162413984],[-121.46169208618379,47.143611500568568],[-121.46149153971511,47.143408378451404],[-121.46133940032703,47.143243583533625],[-121.46113876832341,47.143007386833936],[-121.46100252460162,47.142804244136975],[-121.4609140858847,47.142633949326488],[-121.46085808142851,47.142507599955216],[-121.46072971848606,47.142211164776569],[-121.46069759431795,47.142156249664012],[-121.46064968778062,47.142117746381494],[-121.4604089862149,47.142084785399881],[-121.46020795357047,47.142079085121921],[-121.46003113186882,47.142079010916085],[-121.45982266665722,47.142079026757877],[-121.45909993574644,47.142029324899212],[-121.45885924698385,47.141968770927903],[-121.4585461416917,47.141875396845968],[-121.45836142145292,47.141798439559985],[-121.45817689816354,47.141732447833114],[-121.4580481196476,47.141693927353288],[-121.45786359711927,47.141627935114705],[-121.45768721041857,47.141567529872184],[-121.45753451743543,47.141540003805225],[-121.45679583370844,47.141468313911027],[-121.45662726328563,47.141451885407157],[-121.45647437513249,47.141413391142692],[-121.45641823913421,47.141363814400641],[-121.45637822711349,47.141232189232753],[-121.45642682759355,47.141083893503215],[-121.45650735338451,47.140979548184823],[-121.45666818338346,47.140814900875895],[-121.4568932389159,47.140589913304282],[-121.45702149933896,47.14045826634009],[-121.45710194059021,47.140321018423698],[-121.45713438114191,47.140139780506701],[-121.45711868495874,47.139991503695022],[-121.45704648198041,47.139744468114671],[-121.45702253938266,47.139612710256571],[-121.45693435978056,47.139371120071957],[-121.45688622154042,47.139206315415315],[-121.45678258674346,47.138745154201459],[-121.45665446200809,47.138432088921547],[-121.4564701129359,47.138064136099416],[-121.45632573794902,47.137712646911645],[-121.45618199472413,47.137311796094821],[-121.45610177557478,47.137037236296713],[-121.45606194836878,47.136746232822894],[-121.45606230558126,47.136455240417895],[-121.45608668875755,47.136131317070053],[-121.45617523703329,47.135856904624958],[-121.45626383664258,47.135670233637967],[-121.45635225436492,47.135445176153119],[-121.45643273179371,47.135225497984038],[-121.45652142947428,47.135044481069592],[-121.4566179785345,47.134824839879123],[-121.45670655892803,47.134665587349808],[-121.45682702336767,47.134435124771102],[-121.45693962835685,47.134242940950564],[-121.45705242939931,47.134061895564365],[-121.45714891910929,47.13395210441616],[-121.45768744251674,47.133139627778441],[-121.45793661276382,47.132832350168847],[-121.45800095371256,47.132722481805814],[-121.45804171814623,47.132557797802512],[-121.45804163338873,47.132327302817686],[-121.45802582490997,47.132200961664317],[-121.45796983568724,47.131877017300305],[-121.45791392077062,47.131811159325117],[-121.45781751645579,47.131756089542307],[-121.45763269582939,47.131756077652831],[-121.45735163995194,47.131766974047366],[-121.45711879802336,47.131777812615347],[-121.45679807945805,47.131761272685473],[-121.45548893365968,47.131799171581086],[-121.45504743884274,47.131853886802872],[-121.45476625157362,47.131914131815471],[-121.45444520933751,47.131935975285899],[-121.45408400286613,47.13193021641537],[-121.45379492768407,47.131913749191504],[-121.45357023200521,47.13190257835474],[-121.45343372010831,47.13190798734594],[-121.45321664074477,47.13192982761953],[-121.45298386256907,47.132001152148206],[-121.45165879220922,47.132275118215205],[-121.45136946755706,47.132329938817662],[-121.45096825853702,47.13236271452412],[-121.45057467674917,47.132400908479802],[-121.45018945621995,47.132400647239216],[-121.4498040651941,47.132362169116021],[-121.44947482449871,47.132318087864391],[-121.44908927707472,47.132356212045174],[-121.44760430759851,47.132278760238243],[-121.44727507060095,47.132234673456864],[-121.44705823556068,47.132185036980076],[-121.44672121655077,47.132069720780272],[-121.44641614526054,47.131943173926501],[-121.44599088939239,47.131750775290726],[-121.44577429523432,47.131657435566183],[-121.44541348188541,47.131530998978434],[-121.44494749004744,47.131420844153581],[-121.44461889997679,47.13132738916827],[-121.44434582527397,47.131277865288091],[-121.44408099796679,47.131211820967472],[-121.4438240141878,47.131134744160427],[-121.44357526008412,47.131068740261291],[-121.44333433127856,47.131019292721113],[-121.44327035294944,47.131008161895132],[-121.44232332594727,47.130788127144648],[-121.44196991994485,47.130710975906197],[-121.44167298085414,47.130617596998782],[-121.44136829397884,47.130540560608715],[-121.44106293585402,47.1304251423675],[-121.43975508292642,47.129902808843511],[-121.43941797148311,47.129809236240412],[-121.4389847710634,47.129677199611947],[-121.43870400733773,47.129589165909408],[-121.43834267482464,47.129517550532896],[-121.43809372011006,47.129467986524226],[-121.43788504118086,47.129424094695437],[-121.43768460791853,47.129363512296138],[-121.43751588830676,47.129335917590332],[-121.43551755220479,47.129043800794697],[-121.43522820943275,47.129010666723339],[-121.43493929928653,47.128944625288113],[-121.4346746434519,47.128829202985351],[-121.43438578549122,47.128708149948061],[-121.43405665851716,47.128581764757776],[-121.43379998793141,47.128521116215204],[-121.43351906539236,47.128510016056019],[-121.43331039082281,47.128465944889896],[-121.43298938771599,47.128460308516807],[-121.43274053859409,47.128416216089036],[-121.43249950816069,47.128388684377427],[-121.43222681207214,47.12838848350561],[-121.4319936661449,47.128410241457054],[-121.43173701200438,47.128437500552245],[-121.43150377484901,47.128453945865964],[-121.4312870119882,47.1284647744625],[-121.42944864011206,47.128562336153621],[-121.42902283856729,47.128595062218764],[-121.42886251120801,47.128616913768901],[-121.42864581301183,47.128660640334139],[-121.42845300387597,47.128720969126533],[-121.42829208887117,47.12882525503926],[-121.42819538831903,47.128896464978112],[-121.4279789149921,47.129011650646397],[-121.42776171234476,47.129055379061981],[-121.42758528537055,47.129104779022441],[-121.42738440692077,47.129192417787785],[-121.42723137139065,47.129346165057456],[-121.42712722948622,47.12942291875013],[-121.4269501716161,47.129494085732048],[-121.42682166971989,47.129526990955199],[-121.42667741125439,47.129548882525938],[-121.42646038994374,47.129515832889183],[-121.42621181791,47.129400263022944],[-121.42605920607312,47.129345275642741],[-121.42585068927801,47.12925183297412],[-121.42565011440746,47.129152843622059],[-121.42431842814925,47.128547926338072],[-121.42406955449783,47.128443492978647],[-121.42385300837847,47.12834993942144],[-121.42370890634875,47.128234558987764],[-121.42362874504249,47.128157738213687],[-121.42357277905828,47.127998466638672],[-121.42353304145836,47.127877624188855],[-121.42353313387645,47.127795193477695],[-121.42351709611279,47.127679988795251],[-121.42341323445795,47.127509617784909],[-121.42329299043124,47.127350344265814],[-121.42315655124864,47.127212965001362],[-121.42306031905952,47.127048187878174],[-121.42300445175441,47.126982313545213],[-121.42267615019452,47.126520858112485],[-121.42256410333573,47.126400077579461],[-121.42240378081189,47.126246093541162],[-121.42208298507113,47.126075736511496],[-121.42187420650824,47.125965839016715],[-121.42164129099083,47.125883208621993],[-121.42137679982203,47.125833561244072],[-121.42115195169053,47.125811531695078],[-121.42099128691649,47.125784020595553],[-121.42021303910744,47.125673511369676],[-121.42002858731355,47.125635049694502],[-121.41985973441598,47.125569043043114],[-121.41971558102762,47.125508496817559],[-121.41953097393792,47.125431475206248],[-121.41941877445308,47.125360049231148],[-121.41932264528013,47.125288665549256],[-121.41919418947879,47.125206228337333],[-121.41913797772216,47.12517857027494],[-121.4188971960258,47.125046641694873],[-121.41876092997728,47.124947814473501],[-121.41845123198964,47.124808721639987],[-121.41759091578473,47.124448643229684],[-121.41721344825628,47.124339903532743],[-121.41697264266332,47.124323989874391],[-121.41665906431811,47.124280890667769],[-121.41637022023527,47.124215830569923],[-121.41619325848613,47.124144913495158],[-121.41587137869998,47.123997512725332],[-121.41562180965761,47.12385005332704],[-121.41538064933314,47.123724462145724],[-121.41509066806923,47.123533106146475],[-121.41468824648138,47.123314533839995],[-121.41433397748835,47.123063020037428],[-121.41409217149706,47.1228990431635],[-121.41386687975873,47.122702031557871],[-121.41368106940477,47.122493912382538],[-121.41355962852452,47.122291281941159],[-121.41346141008123,47.121918295764537],[-121.41339605673677,47.121677005546267],[-121.41327418678728,47.121419368189535],[-121.4129978343237,47.120668369198825],[-121.41278720963018,47.120328659569765],[-121.41260078138237,47.119994412574975],[-121.41226158691596,47.119534212519639],[-121.41198726012961,47.119227564598553],[-121.41171351420104,47.119014308167039],[-121.41150420160872,47.118899596952666],[-121.41114171970683,47.118664587943485],[-121.41079591713702,47.118495254874134],[-121.41050649793283,47.118364206367879],[-121.41028158909002,47.118277035348996],[-121.40999237124161,47.118217274971244],[-121.40973501434216,47.118141153856804],[-121.40833809367955,47.117957969687403],[-121.40820184613524,47.117947387361731],[-121.40807373754146,47.118002546560028],[-121.40800218830825,47.118076970224287],[-121.40804268092978,47.118126007202434],[-121.40735422807994,47.118926235220385],[-121.40619987437694,47.120745831419541],[-121.40548871377372,47.121244439253765],[-121.40540489370835,47.121306274715941],[-121.40424544658664,47.121573603615275],[-121.40266241172435,47.121794530207147],[-121.40196677840567,47.122743188541179],[-121.40109005369284,47.123374329766264],[-121.40052695125247,47.124113386372748],[-121.3996798251743,47.124564860263028],[-121.39965428894619,47.125981787030582],[-121.39911121293029,47.126599691226396],[-121.39811996791869,47.127175146291044],[-121.39696625367002,47.127856561864526],[-121.39564357588495,47.128314947727745],[-121.39483440230742,47.128699427558182],[-121.39444548388465,47.129683878608304],[-121.39415176445684,47.130867582648193],[-121.39413030323308,47.132266650544665],[-121.39392999330269,47.132785739897351],[-121.3926087617624,47.133037233897831],[-121.39121824114244,47.133017623248655],[-121.38993637947371,47.133251645227915],[-121.38854331263254,47.133564825528843],[-121.38587273561046,47.134868191184523],[-121.38295583662098,47.136595117250657],[-121.3819712284035,47.137076124905938],[-121.38127895503925,47.137282419286159],[-121.3803078382734,47.137300097035947],[-121.37930948665132,47.137218576839608],[-121.3782002888553,47.137238826936859],[-121.3764895994714,47.137520511848436],[-121.37502385314107,47.137823623477587],[-121.37348478839617,47.138035757974315],[-121.36994409282305,47.138993323499001],[-121.36786457737172,47.139926459288624],[-121.36503797284122,47.141573417611035],[-121.36416899774244,47.14170055755875],[-121.36178337064435,47.141567377208297],[-121.35940577918232,47.140395071455423],[-121.35824275095861,47.140004927618648],[-121.35731270703057,47.139924082820002],[-121.35630543365808,47.14000865952525],[-121.35508117036198,47.140315042177079],[-121.35420135555817,47.140392318526438],[-121.35275199492592,47.139934999399074],[-121.35094714817103,47.138595153833819],[-121.34983803512935,47.137859390829171],[-121.3479786485775,47.137958549818983],[-121.34607687042669,47.137598032291372],[-121.34519314794794,47.137360289915776],[-121.34445729183162,47.137070735865265],[-121.34386155415162,47.136459179785362],[-121.3424198487609,47.135772384103987],[-121.34145007780702,47.13568193287766],[-121.3405106998601,47.135704357919828],[-121.3390944810881,47.135359732369018],[-121.33799347932421,47.134839894580146],[-121.335762152463,47.133201117818828],[-121.33506353709821,47.133006518079874],[-121.33434071484734,47.133031954983238],[-121.33296660494305,47.133259497720665],[-121.33051639801033,47.133565703067752],[-121.32933528284241,47.133575548004472],[-121.32790999213924,47.133383712916022],[-121.32700957435998,47.133357079349764],[-121.32567504016629,47.13358048235137],[-121.32454293684252,47.133937465939766],[-121.32320109087375,47.134439711281743],[-121.32225430203665,47.134830827648301],[-121.32102306733331,47.135244690828443],[-121.32047626378555,47.135254568033069],[-121.31969076816047,47.134860673910751],[-121.31827765452637,47.134412436544217],[-121.31794767287971,47.134412028310038],[-121.31725033671003,47.134298368973802],[-121.3146543100173,47.134336730924822],[-121.31240690623095,47.135644319785953],[-121.30857686827584,47.136492185067276],[-121.30726470687912,47.137179285736657],[-121.30349657550553,47.138923152064962],[-121.30312404844905,47.139439674902427],[-121.30300147941541,47.140112635847956],[-121.30267610036093,47.140692749584737],[-121.30261333735422,47.140862839945832],[-121.30239127944544,47.141466914665266],[-121.30193425496834,47.142585008548792],[-121.30188211843655,47.144177043501209],[-121.30082897022081,47.146051228937139],[-121.30000664544066,47.146965856741566],[-121.29915690079278,47.147659602682722],[-121.29828788697249,47.148105675275836],[-121.29782142529977,47.148427124459758],[-121.29779745719627,47.148674231952754],[-121.29815066127115,47.148913595989356],[-121.29867950566702,47.149105821021102],[-121.29943708605278,47.14947708622261],[-121.29957479153381,47.149852630768912],[-121.29972163484577,47.151587062787826],[-121.29985790167497,47.152101939927903],[-121.30018774707328,47.152660375210893],[-121.30105479888557,47.153699036678567],[-121.30150745182745,47.154371607314545],[-121.30168267432632,47.154801727215016],[-121.30187817746994,47.156019484052564],[-121.30381704812433,47.158302363489376],[-121.30449186888782,47.159311144088171],[-121.30493474586872,47.1602312222835],[-121.30543438951935,47.161048426792448],[-121.30604579887574,47.161912318447925],[-121.30704401846813,47.162498636721587],[-121.30808129337318,47.162806371458863],[-121.30922173563798,47.162989648298996],[-121.3108392680813,47.163319520267876],[-121.31171655386258,47.163678897666117],[-121.31218407088001,47.164023321692824],[-121.31315753463984,47.165391883846596],[-121.31352014206155,47.166274619805435],[-121.31406717720958,47.167322113230739],[-121.31454407249279,47.168017422983063],[-121.31512962828955,47.168718992039686],[-121.31562059492921,47.169545122586442],[-121.31561344094366,47.169868886698417],[-121.31598507044822,47.170513350152461],[-121.31646031263917,47.17109624676543],[-121.31813218128798,47.172898020424007],[-121.31821297569806,47.173187231105999],[-121.31779797051263,47.174189063189971],[-121.31626760534964,47.176150710440218],[-121.31573821091845,47.176507458247904],[-121.31526363855653,47.176734436028163],[-121.31449837702357,47.176984022109231],[-121.31407551332138,47.177207374529459],[-121.31383050184922,47.177491681448743],[-121.31323196954779,47.17803175364088],[-121.312275439275,47.179165034857327],[-121.31153007845276,47.180337271155686],[-121.3100832813693,47.182300299578166],[-121.30985051398349,47.183133741192471],[-121.30993177443706,47.184223749214631],[-121.3102236938508,47.184714042198962],[-121.31026926338232,47.185002646712043],[-121.30956963350157,47.185046270497764],[-121.30890433936025,47.18516693687581],[-121.30835081349728,47.18559973328626],[-121.30775456492889,47.186301698822014],[-121.30739849439303,47.186962401140285],[-121.3065009880189,47.187758999060648],[-121.306154629631,47.188230782786476],[-121.30610685071071,47.188531520319195],[-121.30617145320534,47.190426721801764],[-121.30613502512968,47.190948099008544],[-121.30609880979598,47.19124909938833],[-121.30622774528908,47.192303814973087],[-121.30692012393898,47.193177926607987],[-121.30798989705308,47.195006993457994],[-121.30878279142844,47.196107623464009],[-121.30990933108723,47.19719049033106],[-121.31122341223656,47.198969147965627],[-121.31136533482626,47.199610259648352],[-121.31062845265168,47.200364288630951],[-121.31022440356038,47.201015220483775],[-121.30972150735771,47.201547742975968],[-121.30874919160142,47.202433129157505],[-121.30871342066287,47.202729670363567],[-121.30921866311203,47.203421026531124],[-121.30923761348721,47.204145596663771],[-121.30937887441613,47.204476202031188],[-121.3113715101446,47.205585382608028],[-121.31175860389743,47.205942021829983],[-121.31214151864712,47.206487706574094],[-121.31285376040303,47.207825524472931],[-121.31320404713625,47.208141119035659],[-121.31459388643331,47.209052436356032],[-121.31535529275865,47.210143471346875],[-121.31594124880547,47.210840397599974],[-121.3166305400794,47.211485010689344],[-121.31721153551294,47.211853459663153],[-121.31855274943345,47.21217009475199],[-121.31958144871948,47.212342751562637],[-121.32060770692624,47.212618750008069],[-121.32156197719942,47.213186227560669],[-121.32233935868314,47.21379590857093],[-121.32292823542882,47.214083560474791],[-121.3239096552023,47.214646882995623],[-121.3241710381788,47.215127586555241],[-121.32453873401684,47.215488434394651],[-121.32506543135644,47.215721165862945],[-121.32825480272048,47.216883557560784],[-121.32914218845387,47.217278885976206],[-121.33116769120653,47.217690894143878],[-121.33280485254555,47.218133248422447],[-121.3357748406585,47.218689352477732],[-121.33627396330664,47.218696544708202],[-121.33685771997257,47.218453102664832],[-121.33777176858236,47.218164941344277],[-121.33857072896802,47.218077589897867],[-121.34025798031591,47.218115398897297],[-121.34434422563199,47.218507579229872],[-121.34622469868521,47.21857970644195],[-121.347412100977,47.219105340257819],[-121.35046789778445,47.220175219909166],[-121.35215604952484,47.220550436875776],[-121.35248231707743,47.22056859966797],[-121.35296249788277,47.220458647230657],[-121.35335877003399,47.220545179620331],[-121.35394759701937,47.220877743396755],[-121.35463847386652,47.221553479658773],[-121.35501656129024,47.221792827668317],[-121.35602570984105,47.222234862954018],[-121.35674209188898,47.22248798391135],[-121.35726324855793,47.222612479608863],[-121.35766637489077,47.222654221416057],[-121.35927593465298,47.222636807088975],[-121.35993763532838,47.222772414263467],[-121.36029440215677,47.222903429512769],[-121.36078560214564,47.22319846941879],[-121.36101033175385,47.223628981065573],[-121.36173445001532,47.223859907194175],[-121.36271993165876,47.223824466438586],[-121.36291754980705,47.223881257587749],[-121.36325048844338,47.224281998580672],[-121.36362222697288,47.224404323695175],[-121.36427963478778,47.224458712091668],[-121.3646729181761,47.224387744991454],[-121.36505549966101,47.224402195113512],[-121.36540899358702,47.224609820066554],[-121.36562619630024,47.224851363028996],[-121.36573859171166,47.225113910564069],[-121.36579577483889,47.225884111143436],[-121.36562113811517,47.226286580057334],[-121.36558922020201,47.226835014893844],[-121.36534548319734,47.227164486077172],[-121.36453147578773,47.227854823425133],[-121.36425414598281,47.228129705383203],[-121.3635713514081,47.229222277421478],[-121.36317296197986,47.229698042309074],[-121.362575920236,47.230148550969702],[-121.3616715927144,47.230702449721754],[-121.36100931406703,47.231102369817002],[-121.36075509982548,47.231314693777108],[-121.36036436480349,47.231799645741056],[-121.3602564533754,47.232067946613434],[-121.36028673689457,47.232450891244127],[-121.36042320758042,47.232709323978582],[-121.36092371053543,47.233265280572198],[-121.36113511351066,47.233709255661033],[-121.36114807101427,47.233984027303897],[-121.36100544078326,47.234409385183824],[-121.36040991809968,47.235116231813358],[-121.35967970622997,47.235771637430169],[-121.35891927984605,47.236584232091971],[-121.35864540163897,47.237111149492755],[-121.35854186039005,47.237654112240342],[-121.35861930114646,47.238249027622558],[-121.3588808252029,47.238711827997854],[-121.35938633079934,47.239137517037314],[-121.36053419908436,47.239891735801528],[-121.36067356222169,47.240078172266948],[-121.36073102829344,47.240367007015273],[-121.3606346111649,47.240631110082816],[-121.3604759882824,47.240781888728812],[-121.3601118444323,47.240920484511264],[-121.35919105675984,47.240992949553878],[-121.35750413481981,47.241495034196298],[-121.35321371626685,47.242337947936271],[-121.35163574260599,47.242639163549562],[-121.35129248787732,47.242796085299737],[-121.35104270344618,47.243071587174242],[-121.35082656422611,47.243882866900208],[-121.35049773205021,47.244188422946635],[-121.34889593384578,47.24502477173035],[-121.34749922306914,47.246039527831492],[-121.34682104349248,47.246439137651826],[-121.34616121139449,47.24675806702183],[-121.34535950162737,47.246984978045376],[-121.34416147727946,47.247102528158429],[-121.34212809643604,47.247100189835038],[-121.34131379018032,47.247070462860002],[-121.34012856825851,47.246945229528848],[-121.3396939795491,47.24692987313481],[-121.33930861245022,47.247036854096919],[-121.33899373496189,47.247500272763091],[-121.33867152344762,47.248525813157848],[-121.33864660002645,47.249218470083179],[-121.33863049043113,47.24921824439334],[-121.33814428408213,47.250605871576518],[-121.33788292737908,47.251146538060041],[-121.33775666834671,47.251603628973342],[-121.33724603969281,47.252622150423043],[-121.33630716295514,47.253422871096234],[-121.33581886679572,47.253582338119173],[-121.33408929292857,47.254002652926246],[-121.33184396657269,47.2574613643432],[-121.33172613157691,47.257914101165746],[-121.33174677451113,47.258206988526126],[-121.33202376968221,47.258669916124852],[-121.33255765478047,47.259109575271957],[-121.3335471200315,47.259515453822488],[-121.33406492540963,47.259923348418795],[-121.33491583414461,47.260255325852967],[-121.33532668008642,47.260517638982698],[-121.33548570593484,47.260902408496563],[-121.33549029339096,47.261941878606294],[-121.33520956661731,47.26250478206174],[-121.33567959190222,47.263042565698221],[-121.33628337484132,47.263892639426771],[-121.33678613765504,47.264300459394534],[-121.33723972849313,47.264815392043879],[-121.33755078752314,47.265940215416883],[-121.33752704351862,47.266677772643455],[-121.33762766194614,47.267124822241001],[-121.3387196493449,47.268215891182145],[-121.33873815335015,47.26875607234647],[-121.33800268011937,47.269798322915562],[-121.33791782063258,47.270071578735767],[-121.33829918122159,47.270729432886995],[-121.33884197492327,47.271277301983794],[-121.33952607977234,47.271651751187186],[-121.33944486072224,47.273220844295039],[-121.33889549632323,47.274220622304824],[-121.33893269609112,47.276376465901464],[-121.34144860672038,47.278050629397612],[-121.34144625334584,47.28111464605194],[-121.34230154752663,47.281990962471419],[-121.34410561795292,47.282732530854439],[-121.34658033820985,47.282723227127626],[-121.34960518821345,47.28294683855723],[-121.35090105711559,47.283455885142899],[-121.35159659597947,47.284599777667594],[-121.35508719911134,47.283795064015095],[-121.35918078163225,47.28523956687615],[-121.35994407380608,47.285254986478691],[-121.35994551969145,47.285502597503061],[-121.36033703116314,47.285638670328538],[-121.36077155548163,47.287044063285968],[-121.36047320117504,47.290427813704277],[-121.36114354168744,47.29126989148012],[-121.36205162615143,47.291858808452709],[-121.36581089287776,47.2912330825244],[-121.36751352104625,47.290582367518823],[-121.37086189336644,47.288420865492292],[-121.37083256136941,47.287916588090916],[-121.36982281457124,47.286930421861655],[-121.36982250723635,47.286133919763579],[-121.37079918621264,47.285423477799917],[-121.37336298240349,47.285432813740044],[-121.37947970881331,47.286001094226378],[-121.38136740857338,47.286059247979679],[-121.38248751747069,47.286025538600207],[-121.38417155774626,47.285491415830975],[-121.38993770955443,47.286202509264697],[-121.39187304846462,47.28658058087683],[-121.39448424549572,47.288736467198497],[-121.39719910677458,47.288913934195229],[-121.4024681097677,47.288573669586306],[-121.40469103979734,47.288730627339092],[-121.40692135406501,47.289324123491674],[-121.40793241927275,47.289779071473866],[-121.40914937008296,47.289332552651935],[-121.4107700538937,47.289615954416369],[-121.41205635377372,47.290110688558592],[-121.41355399294218,47.291449777919468],[-121.41403779535734,47.292410411956766],[-121.41559770357362,47.293376776312428],[-121.41732534493626,47.293513240659358],[-121.41925422907791,47.291132601460589],[-121.4194017102176,47.290302362980377],[-121.41929216962122,47.288640636832099],[-121.41962673802034,47.286764435117888],[-121.4204269542748,47.286874443775687],[-121.42210919892484,47.287928005274843],[-121.4237240926058,47.288341682662896],[-121.42670059586975,47.288760572112508],[-121.42815261405237,47.289743398461738],[-121.43049386477479,47.291750700483576],[-121.43123101952446,47.292692095753146],[-121.43207563553273,47.293293146876415],[-121.43243556131432,47.294265327840414],[-121.43195283968464,47.295041726892826],[-121.43109199690903,47.295830756924666],[-121.43084092496763,47.296691315837087],[-121.43126138478284,47.297232370727144],[-121.43187447677688,47.298190179539283],[-121.43223421005052,47.29894644073444],[-121.43237366889079,47.300014813556032],[-121.43276752507968,47.302067351774063],[-121.43279237651849,47.303439962430723],[-121.43253902566971,47.304430949980151],[-121.43289810623907,47.305146769912348],[-121.43370007402433,47.305369090504257],[-121.43509014623167,47.305568158994362],[-121.43538624908092,47.30636861875967],[-121.43605950874009,47.306836671301021],[-121.43728028622843,47.307033309392601],[-121.44140873901155,47.30707613635321],[-121.44224937346721,47.3076319043086],[-121.44320955965067,47.307849961244017],[-121.44383400030355,47.307714302052013],[-121.44399522638965,47.307598859798894],[-121.44411619705738,47.307543895687033],[-121.44432655519702,47.307357107966361],[-121.44501376309847,47.306637087203526],[-121.44621110740553,47.305159064629549],[-121.44633224828421,47.304999733861841],[-121.44644550007578,47.304878853514914],[-121.446598978539,47.304724914858276],[-121.44669616490066,47.304664485834017],[-121.44688971679666,47.304554431788354],[-121.44717142126758,47.304471760796339],[-121.44759865993313,47.304356197320885],[-121.44791272491096,47.304251668203733],[-121.44811379284549,47.304196558749894],[-121.44826730803528,47.304130528038272],[-121.448380339522,47.304026098932084],[-121.4484694969737,47.303910725381527],[-121.44856655757285,47.303729312765626],[-121.44864018932726,47.303476630224495],[-121.44865717847681,47.303240519747185],[-121.44867436250611,47.303015376214795],[-121.44872390711738,47.302768203400269],[-121.44879722875521,47.302526662250195],[-121.44888705825491,47.302306922268627],[-121.44900066361097,47.302092641165736],[-121.44917836551245,47.301856245031644],[-121.44935603417346,47.301675027011733],[-121.44947787142429,47.301499065224114],[-121.44965549985874,47.301372684268053],[-121.44994505193705,47.30127914662198],[-121.45036377007617,47.301196373701075],[-121.45079901559551,47.301108151837596],[-121.45112109944158,47.301030966556688],[-121.45339257494628,47.300337133124977],[-121.4537227104757,47.300260045572173],[-121.45419818266291,47.300111331564565],[-121.45456058776001,47.299979138052478],[-121.45481840273229,47.299858258459864],[-121.45502804339188,47.299748229671714],[-121.45524606798246,47.299599744780522],[-121.45549602506199,47.29946213370598],[-121.45647924331783,47.299054917122483],[-121.45671286590631,47.298933890299452],[-121.45689056653994,47.29881298147032],[-121.45708389699898,47.298664524776058],[-121.45719751556864,47.298538146581933],[-121.45731851193082,47.298373321549263],[-121.45746431446864,47.298158937814662],[-121.45756151793552,47.298016071874869],[-121.45770697211663,47.297895256931838],[-121.45788437214156,47.297757727062972],[-121.4581103443426,47.297603858007143],[-121.45832824027597,47.297477302035077],[-121.45854584089037,47.297334297952261],[-121.45870732671931,47.297180446788978],[-121.45881259887018,47.29701009443184],[-121.45887777653729,47.296823279626366],[-121.45903163336129,47.296608998606217],[-121.45921749161985,47.296466083335801],[-121.45933835038113,47.296350610220003],[-121.45944382794585,47.296163805010565],[-121.4594686768597,47.296031989268315],[-121.4594449698005,47.295889265607698],[-121.45931860986731,47.295301836178162],[-121.45924770141148,47.29505479802296],[-121.45916008525755,47.294774823216365],[-121.45899312962212,47.294396111919724],[-121.45888949263477,47.294121582726099],[-121.45860298080932,47.29347926724467],[-121.45852294343791,47.293369569050633],[-121.45833933110718,47.293073250374974],[-121.45811512807423,47.292760472464124],[-121.45789936324481,47.292496979281829],[-121.45766698032212,47.29223362150767],[-121.45726646875076,47.291948518170273],[-121.45691317951919,47.291712548708695],[-121.45666506204269,47.291498673079268],[-121.45631228554163,47.291262868053025],[-121.45598383250825,47.290950089964284],[-121.45570338520734,47.290730652601631],[-121.45541426507644,47.290533219852705],[-121.45502188595216,47.290165785113153],[-121.45449248426543,47.289825695954917],[-121.45375459256694,47.289430939506097],[-121.45345779945156,47.289282919728045],[-121.45310471096762,47.289113084596217],[-121.45283975169708,47.288970457321412],[-121.45251872547725,47.28876214132098],[-121.45229452221055,47.288531608645755],[-121.45215133675968,47.288268193318657],[-121.45207996538987,47.288021154468694],[-121.4520810110817,47.287795969326446],[-121.45216235647511,47.287554357876161],[-121.45228366609977,47.28735097771208],[-121.45245364044575,47.287136742601326],[-121.45265582866251,47.28694983447204],[-121.45283375972966,47.286730049624417],[-121.45309190367468,47.286460766699108],[-121.45344707145446,47.286152811490602],[-121.45393935111606,47.285822993445478],[-121.454447411923,47.285531429579457],[-121.45497108597145,47.28524007620716],[-121.45589079108385,47.284646076854891],[-121.45625368354332,47.284349190199492],[-121.45668927938324,47.284090772651496],[-121.45718946347914,47.283782808434381],[-121.45773772498875,47.283403328619357],[-121.45895630110168,47.282457759549423],[-121.45918242851339,47.282259843489342],[-121.45948853421653,47.282056466983171],[-121.45973078566324,47.281830998257938],[-121.4599168296573,47.281616790463843],[-121.46012719130425,47.281298017716672],[-121.46028952580042,47.280940913277298],[-121.46034705458175,47.280693838602538],[-121.46036441570055,47.280397227675451],[-121.46030122430371,47.280045761072003],[-121.46017441270305,47.279628673635521],[-121.46011148037755,47.279376083908218],[-121.46005622582545,47.279074076722047],[-121.46002553726319,47.278793972809908],[-121.46001861815202,47.278519498201575],[-121.46005220759662,47.278200989167914],[-121.46019003976384,47.27788230255883],[-121.46122633778843,47.276299867798947],[-121.46137209249427,47.276030638333474],[-121.46159885829684,47.275673511432359],[-121.46173685873538,47.275393207267321],[-121.46225735409125,47.27397595449456],[-121.46239481919501,47.273750663375445],[-121.46240289098792,47.273723348686545],[-121.46244416684958,47.273525589868697],[-121.46242829487299,47.273426670292572],[-121.46236480842551,47.273283932262835],[-121.46226898562072,47.273163228216077],[-121.46221294327565,47.273042536699556],[-121.46226979076441,47.272927076336352],[-121.46247922725807,47.272784129526379],[-121.46268080120983,47.272652215670824],[-121.46286665466269,47.27254219455169],[-121.46301162061293,47.272426687478429],[-121.46317332598879,47.27226185871168],[-121.46320570722928,47.272129977826097],[-121.4632390212781,47.271937767758615],[-121.46320760724815,47.27167412083044],[-121.46320054182625,47.271476592362433],[-121.46325773891466,47.271240313402593],[-121.46346758148941,47.271064458480474],[-121.46371780144572,47.27089392320655],[-121.46460389091278,47.270409803635822],[-121.46490233549218,47.270261312905397],[-121.46512806303009,47.270129365834855],[-121.46530534202419,47.27001924105393],[-121.46547435772499,47.269925808471399],[-121.46567578411278,47.269870662406916],[-121.46586873860385,47.269848490755756],[-121.46602130631366,47.269848419617475],[-121.46663918976844,47.269823731226907],[-121.46686499667497,47.269836414953218],[-121.46708314029115,47.269870924274009],[-121.46731759479718,47.269916437435768],[-121.46753573905569,47.269950946782913],[-121.46785097579196,47.269980532287434],[-121.46808515429775,47.269954756114146],[-121.46822305283776,47.269895168025549],[-121.46848233670431,47.269781611282212],[-121.46867747321474,47.269629175546591],[-121.46885631150366,47.269410556265676],[-121.46907625882677,47.269126301401158],[-121.46937657197019,47.268859196416862],[-121.46992862535203,47.268395993669017],[-121.47020495409284,47.268139540670298],[-121.47046434086349,47.267976624540772],[-121.47064314352578,47.267840431693166],[-121.47086202599256,47.267721037510583],[-121.47136329578153,47.267653088889851],[-121.47205182464943,47.267443557789562],[-121.472554133456,47.267210737963445],[-121.47305759548706,47.266763693310097],[-121.47339080956495,47.266480192088515],[-121.473739212352,47.266284816474979],[-121.47406373719541,47.266105580081891],[-121.47437133547461,47.265964869913226],[-121.4747442987006,47.265791564044008],[-121.47521373357931,47.265663028476247],[-121.47568325832503,47.265567222654276],[-121.47610332377208,47.265548262554873],[-121.47645106985756,47.26556709744392],[-121.47679841118817,47.265619008483995],[-121.47727443609131,47.265825437625743],[-121.47760464338678,47.265987166145784],[-121.47787926703467,47.266082359207793],[-121.47804070032612,47.266127437965928],[-121.47829881398472,47.266200662228087],[-121.47855753100737,47.266279364667383],[-121.47873466930804,47.266384974579033],[-121.47885530943711,47.266512311268741],[-121.47898400021587,47.266666999394836],[-121.47922517871024,47.266915846919936],[-121.47940139960303,47.267164385185737],[-121.47954620669591,47.267346699246254],[-121.479674701495,47.267490419728972],[-121.47993190188035,47.267761579746484],[-121.48010913974194,47.267955099287846],[-121.4802940380322,47.268099200680467],[-121.48052788624059,47.26822163691827],[-121.4806813711709,47.268272091261103],[-121.48106105965954,47.268357133608696],[-121.48154518915901,47.268481389621215],[-121.48237546461698,47.268948706006306],[-121.48250437630763,47.269031927779032],[-121.48259300316022,47.269114975100862],[-121.48269774432327,47.26922564936357],[-121.48274547890125,47.269330294508102],[-121.48279361722679,47.269457042446916],[-121.48281718080852,47.269589139416766],[-121.48284043836739,47.269732035261363],[-121.48281555614319,47.269885793401819],[-121.4827903687824,47.270077941350792],[-121.48270847936935,47.27025326137737],[-121.4826186283349,47.270461379108994],[-121.48252041512571,47.270707955330657],[-121.48247095475315,47.270894481539102],[-121.48247024527643,47.271020958710125],[-121.48255000456717,47.271224725893504],[-121.48267066167847,47.271351887683601],[-121.48278336629187,47.271457181479512],[-121.48293655701268,47.271601032687435],[-121.48319429460231,47.271789580559862],[-121.48339542987136,47.271966782806707],[-121.48362869753564,47.272193753233118],[-121.48391806474902,47.272514328365205],[-121.48414317751957,47.272790721472838],[-121.4843276992102,47.273050150180502],[-121.48448039337427,47.27324901323253],[-121.48469010350689,47.273398893126576],[-121.48484300141004,47.273526292388766],[-121.48504444996874,47.273637513654499],[-121.48517327959416,47.273715418965644],[-121.48539940718196,47.27379935340764],[-121.48676354312617,47.274292087554969],[-121.48707791423334,47.274409713379889],[-121.48746511339324,47.274571614853002],[-121.48763484080473,47.274655168663344],[-121.48790087080882,47.27482735532093],[-121.48811805073686,47.275026691162445],[-121.488182120693,47.275169923576648],[-121.48820550367043,47.275373482804802],[-121.48820480582184,47.275499787372212],[-121.4881636169121,47.275669794697073],[-121.48806501633544,47.275894443016206],[-121.48798333599424,47.276080732911694],[-121.48781231233927,47.276310454094812],[-121.48764954321324,47.276523652720002],[-121.48742190540131,47.276796869626295],[-121.4871379544592,47.27699276390566],[-121.48681340457736,47.277199285368411],[-121.4866108386522,47.27738471673046],[-121.48645642136457,47.277532037400569],[-121.4863420978364,47.277751162363387],[-121.48634109473008,47.277943446847104],[-121.48641262162937,47.278163733634052],[-121.48659767178462,47.278340725653194],[-121.4873136232361,47.279153431189052],[-121.48745818412117,47.279291694041689],[-121.48756315613124,47.279385909781553],[-121.48778861114774,47.279541305739642],[-121.48798223327782,47.27966355510852],[-121.48820758512528,47.27978587765088],[-121.48848199962798,47.279892184833429],[-121.48867612315739,47.279959419967078],[-121.48900685183983,47.280115458147726],[-121.48945051228226,47.280277900963149],[-121.48975746590045,47.280373303697523],[-121.49013695801546,47.280496876401223],[-121.49043515693853,47.280663641078959],[-121.49069336780005,47.280846685637961],[-121.49121654981674,47.281251442035803],[-121.49145068221158,47.281384820882209],[-121.4918461105176,47.281579884251236],[-121.49226551109125,47.281736525478586],[-121.49256452115409,47.281837472575987],[-121.49303277734558,47.281939540043368],[-121.4934528729238,47.281997291392237],[-121.49394609918539,47.282006088024815],[-121.49430221793918,47.282008517942337],[-121.49477145792969,47.281973131968641],[-121.49512696777033,47.281942661420722],[-121.49570137529668,47.281875008500542],[-121.49598505074977,47.281827501907834],[-121.49625161003192,47.281834809231626],[-121.49640504138104,47.281852340585715],[-121.49665559647164,47.281919934617605],[-121.4972619571454,47.281945908355084],[-121.4976010783666,47.282063635325493],[-121.49800478270366,47.282214735848584],[-121.49942508505301,47.282812060152409],[-121.49954629129566,47.282856942644429],[-121.49976421673453,47.282929779744592],[-121.49992571948353,47.282974828217881],[-121.50008702355274,47.283036328808365],[-121.50032856043318,47.283241259248122],[-121.50105283113825,47.284026391659701],[-121.50175800600957,47.284703540397082],[-121.50190360616158,47.284813498094053],[-121.50205757411807,47.284940006620616],[-121.50219552679677,47.285071966865452],[-121.50240623564751,47.285269957871762],[-121.50273803675101,47.285478895155251],[-121.50299697911382,47.285616317556126],[-121.50319901019861,47.285753890288049],[-121.50334513901697,47.285918851520393],[-121.50356390432893,47.286089350971444],[-121.50369274685507,47.286083778813683],[-121.50398254274018,47.286012032086269],[-121.50422387771277,47.285934707596049],[-121.50444021541415,47.285813557056528],[-121.50472967594798,47.285670178920682],[-121.50496242662419,47.285537918700712],[-121.50538020819488,47.28536137807766],[-121.50587073700551,47.285223448123183],[-121.50635362625198,47.28513493754393],[-121.50677255961428,47.28507405590242],[-121.50711878321016,47.285057334242644],[-121.50753752109271,47.285012903013921],[-121.50772224017582,47.284952173510646],[-121.50788286373873,47.28484195501747],[-121.508145785981,47.284412441435862],[-121.50816940511037,47.284302216934115],[-121.50819229378686,47.284126192921619],[-121.50823933993827,47.283922367131581],[-121.50826253539778,47.283762792467485],[-121.50831806823072,47.283608590677595],[-121.50843000863139,47.283454240132855],[-121.50859859397902,47.2833660576025],[-121.50879136903617,47.283305425727342],[-121.50908147647976,47.283305124550168],[-121.50957305265598,47.283304779292529],[-121.50984715947958,47.283337518289024],[-121.51035538459483,47.283392205371726],[-121.51070976998534,47.283408475486397],[-121.51117730302282,47.283468655482395],[-121.51169360275564,47.283550856741478],[-121.51227447676474,47.283638488429006],[-121.51440960066363,47.283614653086907],[-121.51456292198077,47.283625475719333],[-121.51479664112991,47.28365290263006],[-121.51498198897231,47.283652649084416],[-121.51522333330779,47.283630481258875],[-121.51537609988553,47.283558709218255],[-121.51542369318669,47.283465236761813],[-121.51547918624208,47.283283441399711],[-121.51557466197684,47.283085186567696],[-121.5157259225613,47.282853880633262],[-121.51591764934801,47.282578520937669],[-121.51604483162437,47.282352567798654],[-121.51624515267109,47.282132313507553],[-121.5164925701781,47.281845837315771],[-121.51667676579321,47.281625381936806],[-121.51685273224689,47.281449208953241],[-121.51707713193893,47.281250848096803],[-121.51719703191918,47.281146116211296],[-121.51735739782353,47.280997328319927],[-121.51751736264272,47.280854027558092],[-121.51785457186199,47.280655530327884],[-121.51816793446299,47.2805011117402],[-121.51865011848946,47.28035206088488],[-121.51931815665313,47.28023033253951],[-121.51992174694674,47.280136246227279],[-121.52030789208935,47.280075434052307],[-121.52065459937567,47.280086086178812],[-121.52120277968686,47.28012409237202],[-121.52136417228212,47.280162597023747],[-121.52155800568225,47.280211954839849],[-121.5217760338406,47.280288860453673],[-121.52204253417739,47.280398582451696],[-121.52221244520706,47.280514128058492],[-121.52246379655571,47.280701099263098],[-121.52265015888598,47.280860540401008],[-121.52282073976784,47.28106399114359],[-121.52290201339771,47.281179632704038],[-121.52294240971139,47.281185103367079],[-121.52312745670123,47.281195977228165],[-121.5232805635078,47.281195823038118],[-121.52385998113475,47.281101586167132],[-121.52419843000543,47.281101333211424],[-121.52445619017502,47.281095625142719],[-121.52477067150848,47.281106378892879],[-121.5250851520354,47.281116960875885],[-121.52539965854832,47.281155302922542],[-121.52571431238451,47.281254137635024],[-121.52589216403585,47.281336531542649],[-121.52621576129458,47.281534337643393],[-121.52644297639617,47.281748762983618],[-121.52774713715063,47.282733018448376],[-121.52781196760468,47.282804588384707],[-121.52801457532385,47.28296953195585],[-121.5282337234223,47.283156434734479],[-121.52835522331183,47.283293993533555],[-121.52846112906931,47.283458938751949],[-121.52855827929186,47.283508457989583],[-121.52874344019988,47.28352480606334],[-121.52891243657723,47.283486116903944],[-121.52918630099862,47.283452834778274],[-121.52945220923787,47.283424935693844],[-121.53041108075064,47.283418630847891],[-121.53069283909741,47.283429317173258],[-121.53099959453664,47.283456575958731],[-121.53181330277427,47.283444697401826],[-121.53385070497043,47.283316154108206],[-121.53403613206396,47.283293932650608],[-121.53422094902898,47.283266233321498],[-121.53457547354995,47.283210797022619],[-121.53480058384541,47.283183078946408],[-121.53525954967535,47.283110940739427],[-121.53553290455602,47.28307764817027],[-121.53598402456092,47.283016716309255],[-121.53626583350774,47.282977863800113],[-121.53649128738641,47.28299418079385],[-121.53668525221627,47.283048996075451],[-121.53700796580287,47.283120136726659],[-121.53724980191825,47.283097918764263],[-121.53755504481877,47.283020637668741],[-121.53804578745132,47.282899020147966],[-121.53831950705552,47.282832643361075],[-121.538633363304,47.282810290946287],[-121.53888339168815,47.282821071991428],[-121.53900440402596,47.282853917419523],[-121.53924709747855,47.282980265560816],[-121.53944090822483,47.283079118592973],[-121.53994991478899,47.283276762374683],[-121.54091209356967,47.283727213225156],[-121.54100960172806,47.283820590213786],[-121.54117967153964,47.283941589838669],[-121.54133376116231,47.284095635841794],[-121.54144770855177,47.284205487625869],[-121.54168255335968,47.284419986186847],[-121.541837070818,47.284595962357429],[-121.54199967872351,47.28479945720111],[-121.54225107269669,47.285035911255669],[-121.54257521353529,47.285283364191798],[-121.5427533488475,47.285404288447936],[-121.5429152002978,47.285464694092703],[-121.54308446676103,47.28549195976678],[-121.54324532372884,47.285475258038659],[-121.54439598519828,47.28525375357134],[-121.5457231939114,47.284916509802535],[-121.54739684115667,47.284600964127094],[-121.54923256941464,47.284384178030635],[-121.54955499084248,47.284361718625455],[-121.55030405876184,47.284366405814318],[-121.55077927500982,47.28432730359323],[-121.55116552210782,47.284271871214578],[-121.55160022829429,47.284221824280515],[-121.55199485424117,47.284182764632192],[-121.55253450246359,47.28411616525571],[-121.55297715587979,47.28406055592648],[-121.55331533290608,47.28399407256736],[-121.553508381212,47.283949815498474],[-121.55380619248717,47.283905461886441],[-121.55401575405747,47.283932686544922],[-121.55436271359952,47.284031492482626],[-121.55462181691399,47.284196216732092],[-121.55489736631631,47.284377586274296],[-121.55528617552706,47.28465783126066],[-121.55563509476042,47.285009727754378],[-121.55609026568996,47.285488154310123],[-121.55609825519474,47.285510187909928],[-121.55626876104022,47.285702623334046],[-121.55647215791896,47.285928174431426],[-121.5566423040523,47.286076570916386],[-121.55687002343458,47.286334973579621],[-121.55708925641638,47.286571519046433],[-121.55738984507327,47.28692351003896],[-121.55762603309016,47.287253466464854],[-121.5577810139477,47.287501051141852],[-121.55803364987969,47.287847480422826],[-121.55832162050359,47.288632121797001],[-121.55847904295133,47.288900931807916],[-121.55867281576037,47.289250467942608],[-121.55874593800004,47.28938244044965],[-121.55894983196144,47.289657508014628],[-121.55920161646225,47.289959900494331],[-121.55950248526553,47.290273325017694],[-121.55974628910525,47.290553852898768],[-121.5599983031676,47.290867379441387],[-121.56026760509209,47.291290938905526],[-121.56086660757012,47.292721357835539],[-121.56100608409382,47.293024090177028],[-121.56116908711996,47.293293530907867],[-121.5613161897016,47.293574085068251],[-121.56144750098717,47.293871236085877],[-121.56153019562478,47.294129931005322],[-121.56157307317444,47.29451512015838],[-121.56150368285553,47.294878545338925],[-121.56137820713377,47.295335710869146],[-121.56124313207073,47.295638559278508],[-121.56108426862953,47.295935971265038],[-121.56101304071667,47.296079202391766],[-121.56098945428849,47.296211373848969],[-121.56108624894172,47.296189236720259],[-121.56127101845064,47.296106485669853],[-121.5614558953568,47.296029216793222],[-121.56160852804334,47.295951900664143],[-121.56189732051176,47.295830492374847],[-121.56215484568597,47.295758554186619],[-121.56243596901865,47.295631560539967],[-121.56278996080445,47.295521032421739],[-121.5635869462856,47.295393411826453],[-121.56400586845585,47.29538185125768],[-121.56451308781784,47.295326119280183],[-121.5647704332705,47.295270798477041],[-121.5654218033017,47.29506635977301],[-121.56582414784744,47.294955721417324],[-121.56642745224683,47.294817354719541],[-121.56696664256269,47.294723102319558],[-121.56758676224234,47.294645238374144],[-121.56824759615618,47.294638799719245],[-121.56888455720332,47.294698554297973],[-121.56956278694878,47.294857319406667],[-121.57070257475587,47.295323704061545],[-121.57185013365091,47.295724029735396],[-121.57211699228448,47.295817354056275],[-121.57239179640678,47.295904950177309],[-121.57282790970956,47.296047602021389],[-121.5732000387372,47.296190158925775],[-121.57341831718419,47.29627244931936],[-121.57368462868756,47.29633818497048],[-121.57408796933451,47.296403676651359],[-121.57444307426113,47.296425230731998],[-121.57503127475169,47.296413428644492],[-121.57560259672898,47.296313525756347],[-121.57609369262434,47.296257893500602],[-121.57668941136941,47.296168898298127],[-121.57722140771016,47.296168233410093],[-121.57755994729636,47.296167653493242],[-121.58068916252751,47.296449690973375],[-121.58089889699788,47.296482350105407],[-121.5810688350016,47.296515208060931],[-121.5812144688083,47.296591992983068],[-121.58127943616144,47.296690952433615],[-121.58136990614629,47.296905519701646],[-121.58148499519747,47.297191659709682],[-121.58163287064146,47.297554782660598],[-121.58179698135757,47.29792340803138],[-121.58205036870163,47.298346893913326],[-121.58232695401978,47.298671281879237],[-121.58267614176904,47.299023094432251],[-121.58305819398389,47.299380425879455],[-121.58335879979174,47.29972120972284],[-121.58356209031234,47.299908156454038],[-121.58374025576214,47.300023534735693],[-121.58428978296321,47.300215464144038],[-121.58453183078278,47.300275576240878],[-121.58489557603511,47.300374132380981],[-121.58517832815666,47.300428892449162],[-121.58555753007911,47.300494399645089],[-121.58579152731497,47.300505057392236],[-121.58689501566209,47.300459400849952],[-121.58709648905932,47.300431461169772],[-121.58740247865231,47.300414534738522],[-121.58777324067742,47.300386546447761],[-121.58809568734053,47.300386086578861],[-121.5885951966234,47.300396300659656],[-121.58920868096044,47.300461477026097],[-121.58957182420286,47.300505015811389],[-121.59005621807492,47.300614416813048],[-121.59057318970748,47.300789658642032],[-121.59093762163815,47.300970790441319],[-121.59121315759343,47.301141105044088],[-121.59146473454906,47.301371968434182],[-121.59168406705656,47.301553266053276],[-121.5919264666193,47.301679507390347],[-121.5921449059617,47.301767245043479],[-121.59227422248235,47.301783504458548],[-121.59245146440955,47.301777890747175],[-121.59266861402064,47.301727858213496],[-121.59424743802332,47.301369864807874],[-121.59450833318341,47.301315644246237],[-121.59472718339488,47.301250339411752],[-121.59502704443291,47.301179813258607],[-121.59522109359285,47.301158441067727],[-121.59549615252367,47.301131847321493],[-121.59582014702697,47.301083539879308],[-121.59638562127759,47.301140735756256],[-121.59670099485479,47.301114442805698],[-121.59691922917926,47.301093182431806],[-121.59715437004775,47.301060964319895],[-121.59737321590673,47.300995655267265],[-121.59752755750017,47.300880572877006],[-121.59761762496888,47.300776040020985],[-121.59779710089828,47.300633472200659],[-121.59807298408033,47.300524093341082],[-121.59831644956166,47.300381773891516],[-121.59854473399007,47.30021166659057],[-121.59877262642749,47.300047044670869],[-121.5990007387248,47.299844033915477],[-121.59939887501696,47.2996524316913],[-121.59977287994913,47.299438951718372],[-121.60009811457027,47.299230560196733],[-121.60030137330372,47.299093590065468],[-121.60052997536818,47.29889039925277],[-121.60074155966576,47.298692682488493],[-121.60097009750696,47.298461902512955],[-121.60110973978307,47.298269496203417],[-121.60124010604906,47.298165262542348],[-121.60140326431096,47.297989427354715],[-121.60162279983037,47.297835847018426],[-121.60189905424355,47.297721142077016],[-121.60248159770272,47.297629568350658],[-121.60317850072441,47.297488746068993],[-121.6036074273802,47.297424164424619],[-121.60399729472161,47.297199550904985],[-121.60417553252432,47.297145240431092],[-121.60451616943075,47.297074814890273],[-121.6048558596793,47.297031815275233],[-121.60506601483038,47.297010615744682],[-121.6053005309783,47.297022600317085],[-121.60562377092013,47.297012659331216],[-121.60586672420661,47.296969553430145],[-121.60611005121918,47.296871088941685],[-121.60639424198953,47.296750984821465],[-121.60708504702887,47.296339947012164],[-121.60836287469272,47.295446019793758],[-121.60873685852944,47.295210230830456],[-121.60894813888694,47.295073166566048],[-121.6093051861388,47.294920140138224],[-121.60962998444006,47.294766906649805],[-121.61002788398649,47.294591893190805],[-121.61036030515203,47.294466345965937],[-121.6106764398091,47.294357236065011],[-121.61097635567108,47.294292149182112],[-121.61140502011546,47.294216574034301],[-121.61257830844778,47.294094084708362],[-121.61308013459872,47.29402413986022],[-121.61337742066809,47.293978266721041],[-121.61421029645182,47.293668812730026],[-121.61463829432724,47.293561527831869],[-121.61538034794792,47.293439904030578],[-121.61559307706428,47.293228267699831],[-121.61599142748305,47.293003702986503],[-121.61622824636532,47.292933214559767],[-121.61627547163559,47.292902769612361],[-121.61640077696104,47.292847921907018],[-121.61698156105319,47.292675403363418],[-121.61699608111419,47.292671150780457],[-121.61701610624932,47.292665131259746],[-121.61702911671574,47.292660892729785],[-121.61704660555895,47.292654040771751],[-121.61705959791574,47.292648946062272],[-121.6172115039062,47.292589385166906],[-121.61772825633862,47.292293579923445],[-121.61846239534705,47.291914099933194],[-121.61882147047349,47.291691447383577],[-121.61920181914891,47.29147441421086],[-121.61930393885369,47.291443436343698],[-121.61931795607681,47.291439187853051],[-121.61933597377107,47.291433529964422],[-121.61935146945434,47.291427724995224],[-121.6193649674773,47.291422796504705],[-121.6193784629052,47.291417695331091],[-121.61945545054481,47.291389360145907],[-121.61967692905641,47.291236069888107],[-121.62001759713381,47.291121554200551],[-121.62034207040577,47.290979431894556],[-121.62064215907,47.290875761913398],[-121.620934386022,47.29073343509652],[-121.62112980961071,47.290563084912428],[-121.62126027775551,47.290442376591713],[-121.62169213331656,47.290063403995944],[-121.62190422517061,47.289871297551734],[-121.62225385539924,47.289607767302982],[-121.62258782433589,47.289366323059951],[-121.62287186425151,47.289218587565543],[-121.62335933238144,47.288922527093789],[-121.62377346374284,47.28870892029768],[-121.6246899840969,47.288359333686316],[-121.62601919418901,47.287896903868457],[-121.62648597008494,47.287768461006564],[-121.62667930571948,47.287740017226113],[-121.62680023302525,47.287717590435165],[-121.62689670891771,47.287706197169811],[-121.62692894366289,47.287706055536823],[-121.62714740928264,47.287770934371913],[-121.62741503965198,47.287874235074035],[-121.62769068586134,47.287999393716049],[-121.62807178809656,47.288156941159485],[-121.62842089140705,47.288325766871807],[-121.6288508905559,47.288532704576667],[-121.62921603385242,47.288745414794178],[-121.6295985261068,47.289040382169986],[-121.62988324102537,47.289236909125925],[-121.63033090871083,47.289564657049688],[-121.63074515326967,47.289788020637715],[-121.6312717680416,47.289989035832548],[-121.63191155846445,47.290205907003411],[-121.63235685800154,47.290324769024664],[-121.63283516753015,47.290503970424922],[-121.63313459375655,47.290585012906327],[-121.63340972795515,47.290660807086255],[-121.63370102271648,47.290714507495814],[-121.63408061803283,47.290751233132283],[-121.63462155629161,47.290770782274713],[-121.63521096292141,47.290795508013034],[-121.63605842728029,47.290802789036121],[-121.6385275786046,47.290791555899332],[-121.63862405629996,47.290780153536851],[-121.63918862730307,47.290750093417586],[-121.63939879005606,47.290754707791102],[-121.6396890393836,47.29075887766551],[-121.64001257376894,47.290812243870171],[-121.64030387484947,47.290865929083516],[-121.64087063501216,47.291033772625376],[-121.64152542170508,47.291124141888041],[-121.64334598996524,47.291549857406373],[-121.64358887093816,47.29164771080476],[-121.64381590200547,47.291734581286192],[-121.64400287054686,47.291832643756287],[-121.64419810195471,47.291963698962832],[-121.64436105464682,47.292116664555834],[-121.64455011338659,47.292407155721598],[-121.64485211910736,47.292702356393029],[-121.64628822022841,47.294064088739781],[-121.64753760602349,47.295360646403516],[-121.64869258070222,47.296833440989509],[-121.64882469714158,47.297074448849123],[-121.64891581519247,47.297282961612133],[-121.6489825475326,47.297458469210838],[-121.6490575100873,47.297688904470647],[-121.64910053139262,47.297886411588763],[-121.64908703411068,47.298150286999011],[-121.64902547650136,47.298381391001143],[-121.64897123807893,47.298601456839712],[-121.64890932399325,47.298815941846883],[-121.648879418126,47.299019485946779],[-121.64884931015575,47.299189955795718],[-121.64878668939896,47.29937154462845],[-121.64870692557773,47.299481842728007],[-121.64860435413267,47.299680108845259],[-121.64838015195153,47.299821657529947],[-121.64820761216454,47.299975889591124],[-121.64804137784782,47.300142396157732],[-121.64789281126566,47.300263314610795],[-121.64776686487204,47.300334654351509],[-121.64769156652213,47.300512598283774],[-121.64767171257439,47.300668058112194],[-121.64748078386646,47.300905071081019],[-121.6473218650803,47.301131142385131],[-121.64714670374293,47.301351718447776],[-121.64698857025863,47.301638275486724],[-121.64685397988494,47.301847652172654],[-121.64677610007914,47.302117305288036],[-121.6467384725422,47.30233720380523],[-121.64668437333667,47.302540814210992],[-121.64658961670753,47.302728033306899],[-121.64640653897079,47.302932235184173],[-121.64623034673879,47.303081357962277],[-121.64578460422136,47.303632785231969],[-121.64564910318161,47.303776364585751],[-121.64553019093195,47.303941713538798],[-121.64546743751629,47.304117819090109],[-121.64541431618449,47.304414814908036],[-121.64548226560956,47.304694677235808],[-121.64555600256416,47.304797113218783],[-121.64566589088375,47.304869886465781],[-121.64592621528547,47.304908439630573],[-121.64609662251823,47.304960049238119],[-121.64644806245204,47.305018092262493],[-121.64664258665452,47.30509002688536],[-121.6468764743979,47.305188305453825],[-121.64714396031695,47.305302530725662],[-121.64738685286476,47.305468410523446],[-121.64781861401103,47.305700622506272],[-121.64819780685228,47.305854353112153],[-121.64889243851532,47.306431837440698],[-121.64916084438492,47.30661202654143],[-121.64943663727264,47.306737131478371],[-121.64981034748766,47.306916616992517],[-121.64997336581079,47.307069746444441],[-121.65022454071119,47.307151051546029],[-121.65032961143092,47.307139553954677],[-121.65044203713883,47.307095080331685],[-121.6513833931855,47.306815985870514],[-121.65164866664664,47.306732289338825],[-121.65205928542281,47.306658971988504],[-121.65256738208032,47.306596162977954],[-121.65306670903452,47.306500536466729],[-121.65344483851726,47.306416226624236],[-121.65396075598052,47.306342366567939],[-121.65452480827109,47.306257398775827],[-121.65501653679303,47.306183604214255],[-121.65729185258864,47.306123527695902],[-121.6574699494157,47.306133742975454],[-121.65777652255623,47.306143188228774],[-121.6581641018356,47.30614702478978],[-121.65843040010702,47.306134764153832],[-121.65884918436102,47.306066823267891],[-121.65930068646117,47.30602066039679],[-121.65971212236964,47.305985865505093],[-121.66008321727527,47.305973065727237],[-121.66044684373988,47.305987758944084],[-121.66133587145447,47.306088009280892],[-121.66151382065677,47.306114671717005],[-121.66184538556669,47.306184520251669],[-121.66211213184124,47.306216289036648],[-121.66255614117691,47.30621971605833],[-121.66287934519387,47.306229151527845],[-121.66329098460011,47.306227073405665],[-121.66353339975737,47.306275364537193],[-121.66382570585269,47.306416892728521],[-121.66418402929483,47.306651496008712],[-121.66454068600186,47.306809170444438],[-121.66579919048606,47.307424067947274],[-121.66606687467385,47.307521795874955],[-121.66636725225017,47.30766306571644],[-121.6666432148884,47.307793783762328],[-121.66704114817666,47.3079950762923],[-121.66743078988777,47.308185654561875],[-121.66773995435442,47.308359906665977],[-121.6682994694926,47.3085989804066],[-121.66868098872797,47.30874011040224],[-121.6698044434297,47.308888484979285],[-121.66995030313558,47.308898836276718],[-121.67026519818877,47.308919303913932],[-121.67059621595628,47.308939607294093],[-121.67095286159126,47.309025799675538],[-121.67135770924159,47.309150233491266],[-121.67170648773859,47.309291514025524],[-121.67197500552362,47.309449542270883],[-121.67201979197537,47.309492788506418],[-121.67235695362687,47.309586543478808],[-121.67268846538158,47.309882914922376],[-121.67300083561875,47.31034091100728],[-121.67315801886626,47.310500235823042],[-121.6733065991402,47.310726996578104],[-121.67333068463131,47.310745260799159],[-121.67422907050826,47.311660016028398],[-121.67459767609712,47.311808112410048],[-121.67487065610332,47.311869779476993],[-121.67521396795165,47.312013331604255],[-121.67576944125243,47.312156614741887],[-121.67601249823609,47.312232463665765],[-121.67649066643753,47.312389381317622],[-121.67666970620616,47.312487471599923],[-121.67699476762363,47.312694612187592],[-121.67735236706272,47.312868687849779],[-121.6777497805632,47.313042701852673],[-121.67841412630652,47.313231820413527],[-121.67867379843877,47.313329430372953],[-121.67899000766019,47.313454226024298],[-121.67920130624165,47.31355215402894],[-121.67950173436323,47.313715495855014],[-121.67981961838986,47.313939153535749],[-121.68016167409502,47.314184842246732],[-121.68047194468106,47.314474552176193],[-121.68061064286422,47.3146167478031],[-121.68070064421332,47.314698773463974],[-121.68072672416078,47.314830463438632],[-121.68067468860116,47.31535161840538],[-121.68063270413019,47.315459153273622],[-121.6805844877134,47.315764514590306],[-121.68066747203747,47.316008556925638],[-121.68090164197039,47.316366562410018],[-121.68103294927536,47.316561957258315],[-121.68108049466636,47.316729929043078],[-121.68109113859137,47.316938722493461],[-121.68119164279996,47.317245821219998],[-121.68131660476656,47.317542047108866],[-121.68157091834952,47.317875853524114],[-121.68245661655241,47.319003516033412],[-121.68267893602327,47.319348614843314],[-121.68290194535111,47.319770651015091],[-121.68317489368692,47.320285745008327],[-121.68350322402223,47.320729153360332],[-121.68387153687544,47.321134107712076],[-121.68524216016665,47.322281126317932],[-121.68534571322763,47.322154280113153],[-121.68540133074224,47.322093559796279],[-121.68563367793413,47.321933006735584],[-121.68597853802801,47.321777470205546],[-121.68679665098581,47.321300906024952],[-121.68698069868486,47.321190199654758],[-121.68727671356483,47.320968838807147],[-121.6875019440976,47.320874333590467],[-121.68765409764606,47.320780232994842],[-121.68777666318812,47.320715740028284],[-121.68790080797834,47.3206087315478],[-121.68840642988511,47.320429945896457],[-121.68924197177313,47.320264051603793],[-121.68973565492998,47.320229162948635],[-121.69028468845586,47.320235517255675],[-121.69096156922048,47.320279284809665],[-121.69183989998909,47.320383697331216],[-121.69244468407551,47.320449105829773],[-121.69294125955106,47.320612278068545],[-121.69309933872037,47.32076248435196],[-121.69333737679237,47.320949738966071],[-121.69340000712276,47.320978227401071],[-121.69376189882436,47.321068408857101],[-121.69414234883693,47.321154457877661],[-121.69444132288848,47.321180507332791],[-121.69496575521815,47.321122829753349],[-121.69537654695777,47.321054841092405],[-121.69563412614345,47.320987575909733],[-121.6959636958445,47.320848619107174],[-121.69672232291833,47.320353575362525],[-121.69676196309463,47.320277762707114],[-121.69688549289278,47.320166636459447],[-121.69731858710192,47.319946576635864],[-121.69756341880637,47.319850476791046],[-121.69837401458008,47.319697626447116],[-121.69921304298944,47.319554243801882],[-121.69927880400367,47.319564873582017],[-121.69938845447652,47.319554656414248],[-121.69959376771675,47.319517398663606],[-121.70060262472508,47.319575665211289],[-121.70085858510012,47.319616882356435],[-121.70087478325394,47.319619970253918],[-121.70090015451301,47.31962759050792],[-121.70091848386922,47.319635798140148],[-121.70108726565452,47.31972281763111],[-121.70156477217095,47.319888894006162],[-121.70184258332588,47.31993793685362],[-121.702475082208,47.320182601765552],[-121.70296905867374,47.32045337941905],[-121.70341165972272,47.320725545700689],[-121.70368681773293,47.3208357913066],[-121.70399574858915,47.320923578836485],[-121.70480257014671,47.32107404977058],[-121.70531787898487,47.321149233644491],[-121.70576929939143,47.321162700849129],[-121.70610474781441,47.321263915392137],[-121.70653817595988,47.321284078272001],[-121.70716804459583,47.321253352572164],[-121.70870987534752,47.321229047237658],[-121.70901691532067,47.321254804264498],[-121.70949416712331,47.321318369703604],[-121.71003703352824,47.321452881224936],[-121.71045050520466,47.321593712691758],[-121.71083917263343,47.321685103840636],[-121.71128503231711,47.321809142231601],[-121.71181995641437,47.321993254407886],[-121.71183627135731,47.322001481326517],[-121.71213385297504,47.322210696818068],[-121.71250028965912,47.322433242313664],[-121.7128015400326,47.322581579775729],[-121.71322720128639,47.322859542650377],[-121.71429013357292,47.323477336939931],[-121.71524028271401,47.3239216763832],[-121.71575509810647,47.324106667236116],[-121.71604986562616,47.324235015100697],[-121.71625547028154,47.324365840626861],[-121.71681784554524,47.324647152747147],[-121.71703894568481,47.324705494568214],[-121.71724452123063,47.324746006068246],[-121.71752113537907,47.324851576505829],[-121.71788659849459,47.325073773420286],[-121.71810940409971,47.325295926865699],[-121.71821549690755,47.32552821855063],[-121.71823859580314,47.325701917690203],[-121.718280900094,47.325855535736274],[-121.71832407468067,47.32604753095346],[-121.71836686835321,47.326267121031236],[-121.71838622438695,47.326497925740981],[-121.71834068720712,47.326712447095176],[-121.71825493882204,47.326976574956049],[-121.71810443041046,47.327208137419326],[-121.71785999372347,47.327654558559807],[-121.71717715970023,47.328575656750559],[-121.71655596113951,47.329859237827172],[-121.71646127409642,47.330041028033698],[-121.71630366988865,47.330360575838711],[-121.71616927770377,47.330570030845841],[-121.71601130711987,47.330829088504892],[-121.71586945996758,47.331110082942502],[-121.7155465432165,47.331765708173293],[-121.71545954920518,47.331909029277],[-121.71531695413675,47.332135021341536],[-121.71517510416115,47.332393908103029],[-121.71498265311746,47.332555644399925],[-121.71479712922242,47.332756208721463],[-121.71470133280853,47.333045286545612],[-121.71471813957545,47.333275432606861],[-121.71465656810034,47.333517538719043],[-121.7146912956886,47.333715278713818],[-121.71473372014977,47.33387437959454],[-121.71486560563513,47.334087895634212],[-121.71506239393885,47.334317695903728],[-121.71524255413603,47.334525563574232],[-121.71539901910418,47.334755614472236],[-121.71546564297621,47.334914632682434],[-121.71555671192746,47.335084362180936],[-121.7158261062913,47.335291807826579],[-121.71646912981606,47.335700630177016],[-121.71665588474875,47.335776470848785],[-121.71681844627761,47.33585256570278],[-121.71700632346241,47.336000028059424],[-121.71709715343879,47.336158962550762],[-121.71710744581951,47.336323712237686],[-121.71710098267276,47.3364610485051],[-121.7170951455804,47.336625967293976],[-121.71707391072864,47.336867821978394],[-121.71709226703506,47.337054594839579],[-121.71713655715108,47.337339975293496],[-121.71721273753896,47.337630847305157],[-121.71727229991174,47.337855915393938],[-121.71742840497498,47.338069344782561],[-121.71765748722605,47.338276865434608],[-121.71809281688783,47.338840724899853],[-121.71814170918923,47.338884424174374],[-121.71827312920881,47.339054070133415],[-121.71833095682967,47.339158169626458],[-121.7183738948394,47.339339198513194],[-121.71836333958431,47.339762421842075],[-121.71826900972428,47.339982597506264],[-121.71819131797255,47.340202767174496],[-121.71799534301317,47.34067643849901],[-121.71798863883411,47.340780873333514],[-121.71799061437271,47.340956677996886],[-121.71805688989321,47.341055204050257],[-121.71817093833454,47.341148088370105],[-121.71834121113582,47.341185541725622],[-121.71846196497009,47.34117398908554],[-121.71860680373048,47.341112828989083],[-121.719688630653,47.34050284959941],[-121.71984098063243,47.340439552165414],[-121.72010150035153,47.340321477330498],[-121.72049183943942,47.340147195393961],[-121.7207928187275,47.339990305408527],[-121.72101224783512,47.339883627802031],[-121.72134574681927,47.339693490648493],[-121.7221509853526,47.339295132161801],[-121.72314459627113,47.338976865980662],[-121.72342929533204,47.338880463592325],[-121.72389370709283,47.338749257711491],[-121.72423574336001,47.338646764186038],[-121.72467569996218,47.338504674764351],[-121.72521282352933,47.338312202112093],[-121.72560400587638,47.338198215667127],[-121.72621458760284,47.338043348071565],[-121.726760644827,47.33788916181242],[-121.72720852735381,47.337785536878201],[-121.72768098190727,47.337654059319618],[-121.72803157253878,47.337551463248303],[-121.72838190840213,47.337481772456435],[-121.72885473676486,47.33738884467973],[-121.72922145289573,47.33730800919539],[-121.72981600851271,47.337202647224991],[-121.73131712574536,47.337098103514236],[-121.73157029593818,47.33710089734938],[-121.73190537501262,47.337135550878294],[-121.73231354319377,47.337191360184512],[-121.73295081325612,47.33727746312826],[-121.73329395763469,47.337290090924299],[-121.73382411460507,47.337278791442444],[-121.7342325376766,47.337279753276768],[-121.73462432572111,47.337280891956425],[-121.73499935411792,47.337254787569108],[-121.73560297033204,47.337171234619134],[-121.73608397438434,47.337105610856568],[-121.73663857119769,47.337060962304868],[-121.73732359085959,47.336965563538591],[-121.73791825285272,47.33686564312535],[-121.73835803631943,47.336718190000774],[-121.73892785417868,47.336503368936199],[-121.73931054681132,47.336394739415041],[-121.73962040839476,47.336319962206481],[-121.73997020866507,47.336184434422464],[-121.74043365648907,47.335970744507307],[-121.74081583001396,47.335774544585632],[-121.7412713344139,47.335566419777834],[-121.74164543843064,47.335392239304682],[-121.74275109383008,47.334825828075971],[-121.7428484822474,47.334742353248252],[-121.74308422133893,47.334602555507843],[-121.74335234519947,47.334467893893496],[-121.74362865594146,47.334316692444077],[-121.74394604653627,47.334176016754192],[-121.74425525225732,47.334073814473427],[-121.74451620178701,47.33399955043221],[-121.74478471890866,47.333947310157271],[-121.74523406876544,47.333953107023802],[-121.74556030695211,47.333954912006334],[-121.74590306159578,47.333973161496729],[-121.74627883402908,47.334023787252143],[-121.74681804359327,47.334077965525346],[-121.74743008166898,47.334098625311476],[-121.74771612546141,47.334106341729196],[-121.74827965446141,47.334143970071558],[-121.74865465596528,47.334139586433494],[-121.74900586039473,47.334174187513341],[-121.74935705398445,47.334186681583454],[-121.74970018338138,47.334199260536785],[-121.75001030781804,47.334245099247731],[-121.75108712547777,47.334608609740663],[-121.75144948268435,47.334710781058611],[-121.75155438964339,47.334755748675903],[-121.75182015811133,47.334802067292095],[-121.75198997500253,47.334819943886572],[-121.75223999379558,47.334882710699908],[-121.75249732712051,47.334956368041709],[-121.75281898647293,47.335107474265506],[-121.75308416158683,47.335236225516383],[-121.75324443262606,47.335320181960199],[-121.75352599222302,47.335437958312809],[-121.75374323629796,47.335500391901313],[-121.7539696575892,47.335502402311882],[-121.75418067161223,47.335449224857079],[-121.75446504469059,47.335363894842175],[-121.75570691610552,47.335045086030128],[-121.75602319086845,47.334987339639426],[-121.75622675761089,47.33491778883122],[-121.75647028784368,47.33485397436354],[-121.75672322643395,47.33469683086966],[-121.75691123949066,47.334544503550568],[-121.75710817912693,47.334342894281143],[-121.75736318383704,47.334037490857021],[-121.75749593845495,47.333807785525103],[-121.75789893283424,47.332761823728703],[-121.75867878470467,47.331405703609313],[-121.75883439387948,47.331269660627392],[-121.75908863416537,47.330997164822541],[-121.75933580175521,47.330702637341055],[-121.75958209605294,47.330435538518628],[-121.75983683370386,47.330163036012763],[-121.76007493881552,47.329912304705708],[-121.7603697593877,47.329651017818144],[-121.76076994987092,47.32936887817057],[-121.76111256093181,47.329146486841395],[-121.76170869051839,47.328750651164981],[-121.76340559152476,47.327704819916711],[-121.76373217877762,47.327487906883711],[-121.7639525453215,47.327341383996497],[-121.76421398611403,47.327162366715363],[-121.76464555098912,47.326929741327582],[-121.76504558443736,47.326664039356025],[-121.76540443641584,47.326469219102279],[-121.76565742591994,47.326295603840009],[-121.76587742584481,47.326176670446166],[-121.76634029653034,47.326032296516182],[-121.76675452104288,47.325898562669863],[-121.76724113163205,47.325820418047492],[-121.76771880853846,47.325769617857489],[-121.76819625620359,47.325751721177753],[-121.76865742390717,47.325706238088095],[-121.76898075007952,47.325736463841061],[-121.76926301245626,47.325799357126215],[-121.76956019087648,47.325917438275624],[-121.76972891248028,47.32601773164523],[-121.76992037517192,47.326184267234737],[-121.77008041573463,47.326301106245502],[-121.77032102930596,47.326456993572876],[-121.77052249640231,47.326513740720543],[-121.7708856783532,47.32656631820047],[-121.77247060105319,47.326569006468773],[-121.77276114958404,47.326577131023228],[-121.77304388805624,47.326595967046053],[-121.77336711349072,47.326642805711721],[-121.77363334242877,47.326666961200694],[-121.7739640194291,47.326730339214038],[-121.77426254121804,47.326776933593159],[-121.77456047920936,47.326883854250561],[-121.77496196768023,47.327063157087331],[-121.77683073579969,47.328189272031608],[-121.77686313755952,47.328195084340329],[-121.77709593627998,47.328317968762505],[-121.77732005102781,47.328457228572624],[-121.77752818516434,47.328623911181552],[-121.77764802266346,47.328723873953223],[-121.77781449944399,47.328961620464611],[-121.77789256697928,47.329149099349969],[-121.77785605340365,47.329478537286143],[-121.77790030680833,47.329770240036893],[-121.77791918189475,47.330160418622171],[-121.77791456578467,47.330495674611896],[-121.77799871435218,47.330853601999173],[-121.77805209572058,47.331062774102286],[-121.77817896647718,47.331267195961445],[-121.77838698374262,47.33142839476087],[-121.7786752173627,47.331634294044711],[-121.77901209685412,47.331829376290571],[-121.7792526333333,47.331979932415678],[-121.78106184500868,47.333303200288753],[-121.78122940644904,47.33345850010096],[-121.78153357581844,47.333697463930818],[-121.78182930773085,47.333941831708231],[-121.78200484974525,47.334135600844768],[-121.7822597624571,47.334401668273408],[-121.78259503039314,47.334717746392187],[-121.78320078620882,47.335360381954118],[-121.78329644454205,47.335460092145446],[-121.78342402623721,47.335587554677801],[-121.7835686018262,47.335687750872346],[-121.78379335478634,47.335788432276814],[-121.78405111140466,47.335856701392728],[-121.78426071890391,47.335935442526122],[-121.78454993573939,47.336075167047603],[-121.78474102253327,47.336285726499668],[-121.7849646237905,47.336485471061025],[-121.78518122939866,47.336624626955434],[-121.78548635294075,47.336775656146891],[-121.78592156017316,47.336905706483009],[-121.78636446500191,47.337041324836889],[-121.78662949177593,47.337180969857108],[-121.78676491298263,47.337319480560375],[-121.78693180550331,47.337529790461971],[-121.78718514467778,47.337938617641555],[-121.78727063147457,47.338181189972225],[-121.78737951570525,47.338495308410735],[-121.78757857893713,47.338722225448457],[-121.78773941874826,47.338806127927107],[-121.78812514137029,47.338974249311647],[-121.7892395706986,47.33969261179044],[-121.78958298169185,47.340008750513732],[-121.78986277825659,47.340258417345083],[-121.79022131575833,47.340679093359235],[-121.7909862956058,47.341498832077868],[-121.79179907530767,47.342417944805902],[-121.79247788685805,47.34302887328991],[-121.79256515946936,47.343114102048659],[-121.7926281764896,47.343218108297386],[-121.7927155158366,47.343306078963863],[-121.79293945825923,47.343433827277181],[-121.79320420922264,47.343518279727974],[-121.79350970919737,47.34361958537707],[-121.79376738333332,47.343682350166716],[-121.794088409176,47.34380010399785],[-121.79516534400918,47.344127757308591],[-121.79538942408294,47.344260813057744],[-121.7957171016306,47.344465717134504],[-121.79601285097726,47.34464304225606],[-121.79631005256205,47.344755230241674],[-121.79652711960455,47.344806617276681],[-121.79680129425627,47.344842284852255],[-121.79710774957304,47.344878278750556],[-121.79753504159159,47.344948223597015],[-121.79782463749868,47.345016791637612],[-121.79799186067244,47.345154590316746],[-121.79826209851861,47.345402458308975],[-121.79877139126334,47.345859639359311],[-121.79894492053734,47.346111842947856],[-121.79917398309308,47.346408153776693],[-121.79933824023148,47.346714614805876],[-121.79948564047726,47.347053652869441],[-121.79963968823606,47.347479673617627],[-121.79977901727028,47.347818460008249],[-121.79981581219221,47.348025749626402],[-121.79988869740887,47.348494322180954],[-121.79994008457598,47.348783366350766],[-121.79989566133752,47.348989509797597],[-121.79986646681895,47.349283053060724],[-121.79968151421507,47.34968356347823],[-121.79958665254878,47.350014344350448],[-121.79962237895313,47.350281455696994],[-121.79968587560295,47.350341925364326],[-121.80000246874108,47.350274631412404],[-121.80044037094953,47.350197923443709],[-121.80087765995999,47.350137501834368],[-121.80116824886913,47.35016252253623],[-121.80202159857538,47.350351407200691],[-121.80228703672277,47.350441314571206],[-121.80249547401316,47.350530661299139],[-121.80325208984512,47.350702284663221],[-121.80575832181384,47.351127067547409],[-121.80606481879597,47.351163037226428],[-121.80652432911143,47.351227960331848],[-121.8067737425672,47.351301414442432],[-121.80718280507564,47.351469039607174],[-121.80767818916777,47.351784613283314],[-121.80813430969415,47.352061726301933],[-121.81018513100193,47.353101629431322],[-121.81030575415561,47.353146367334205],[-121.81052205052328,47.353246749596146],[-121.81088308113422,47.353408391440048],[-121.81126819684918,47.353564962324775],[-121.81167732195208,47.353754506362051],[-121.81204346919465,47.354063124616523],[-121.81233033057975,47.354305631696448],[-121.81266422686909,47.354635691315089],[-121.8129405388852,47.355003244837881],[-121.81330530869751,47.35539910340394],[-121.8136394532513,47.355718189552455],[-121.81400528441061,47.356054052299193],[-121.81430735979171,47.35634025306782],[-121.81450603158197,47.35654382175376],[-121.81563614253596,47.35711112012423],[-121.81594125718185,47.357212372427206],[-121.81631834048581,47.357368675115524],[-121.81663190423484,47.357464688175597],[-121.81702703435749,47.357534239910848],[-121.81790674687591,47.357598293804926],[-121.82400344029004,47.35752295684788],[-121.82435781623809,47.357575811918096],[-121.82477704359412,47.357640265790032],[-121.82511564609979,47.357687471858107],[-121.82551089065984,47.357740714706033],[-121.8262405990377,47.357612595044756],[-121.82701944301166,47.357452377720868],[-121.82757915576993,47.357344186211584],[-121.82831645719271,47.357237902047373],[-121.82869692948124,47.35720390238604],[-121.82915872788509,47.357154403800173],[-121.82959791459049,47.357006795838998],[-121.82992358775429,47.356858086616882],[-121.83022540557653,47.356703478780432],[-121.83047809009459,47.356581139086941],[-121.83067469700856,47.356414539447158],[-121.83081597269211,47.356193050380391],[-121.83092495394182,47.355971073848444],[-121.83091305584108,47.355715350237858],[-121.83085412899723,47.355393674244354],[-121.83076090513956,47.35515327860999],[-121.83061225126129,47.354874273033083],[-121.83036706788421,47.354566898486816],[-121.83013642936997,47.35435772340189],[-121.82996962457392,47.354159984615315],[-121.82965816628005,47.353966129696175],[-121.829174590877,47.353868498768691],[-121.82886796175472,47.35384887182331],[-121.82848921933049,47.353768546635891],[-121.82824047026175,47.353662570136514],[-121.8280575654113,47.353486434146689],[-121.82799564250232,47.353328108725798],[-121.8280311795544,47.3531542733134],[-121.82809746277634,47.353040753276005],[-121.82858136977539,47.352643460089901],[-121.8288027886814,47.352460813330154],[-121.82903237663983,47.352261964308219],[-121.82923684625449,47.352128182192665],[-121.82949748230766,47.352022203231833],[-121.82974090059282,47.351954123947444],[-121.83081843120932,47.351802454375481],[-121.83101285048048,47.351771950072823],[-121.831474735147,47.351727925160787],[-121.83206502952524,47.351696306145875],[-121.83244615982861,47.351629554588847],[-121.83367163349669,47.351343519366033],[-121.83381738655902,47.35132333654461],[-121.83411706253781,47.351266768130273],[-121.83437721831405,47.351182549285731],[-121.83461385706366,47.351065353100161],[-121.83485702894721,47.351008060812624],[-121.83503656815736,47.350906772851985],[-121.83517644556531,47.350772179487016],[-121.83534063197756,47.350621539466317],[-121.83555972650178,47.350569493263968],[-121.83575334286373,47.350588003031042],[-121.83591490247224,47.350595055917289],[-121.83676536621275,47.350500953640775],[-121.83713850959815,47.350417825602307],[-121.83747116156989,47.350328993618731],[-121.83792524878473,47.350235848685493],[-121.83818459407769,47.35020047156722],[-121.83856501470106,47.350166610520645],[-121.83884027193055,47.35014235878905],[-121.83913246381859,47.350069240304826],[-121.83953084373584,47.349926690598004],[-121.83979961287098,47.349804314463327],[-121.84006058281091,47.349692823631585],[-121.84028032603885,47.349586435648],[-121.84060744987219,47.349377697455729],[-121.84091097490676,47.349092627187005],[-121.8417148751891,47.348388594030908],[-121.8419362302155,47.348205921637692],[-121.84216579087322,47.348028811119676],[-121.84241883083833,47.347862909256492],[-121.84271216522303,47.347735444381186],[-121.8431266606908,47.347593037664872],[-121.84361336602542,47.347494865289008],[-121.84402696909557,47.347417587760646],[-121.84633163169548,47.347338792432332],[-121.84649282117853,47.347351490483412],[-121.84678350659358,47.347359944854702],[-121.8470505796717,47.347351876287945],[-121.84721269219816,47.347321034118742],[-121.84748871496983,47.347247739988973],[-121.8478055575537,47.347153234175273],[-121.8482603859249,47.347011198208747],[-121.84863511921823,47.346892711851694],[-121.84894515394491,47.346888596373823],[-121.84899444271852,47.346883396725389],[-121.84918476812241,47.346851537636745],[-121.84942544454475,47.346776593135786],[-121.84961632758427,47.346706852589548],[-121.84977516265438,47.34662617532792],[-121.84989356448615,47.346501752438677],[-121.8499961981238,47.346372028968204],[-121.85008546041361,47.346111874002048],[-121.85008969871623,47.345959815827158],[-121.85011911383151,47.345786214933568],[-121.85018084974993,47.345634516501157],[-121.85026766691531,47.345477557292391],[-121.85034438493568,47.345380181511963],[-121.85043890130498,47.34522861573852],[-121.85052442193705,47.345120340530251],[-121.8505784123311,47.344941484148208],[-121.85055807664803,47.344794853114607],[-121.8504389895826,47.344631547209815],[-121.85029592408011,47.344457209984888],[-121.85019334515481,47.344288571671434],[-121.85020519388328,47.344158360842556],[-121.85025766035004,47.34403915950589],[-121.85036683602526,47.343969169217516],[-121.85051625879493,47.34391550586389],[-121.8508632348547,47.343617048691549],[-121.85164694628155,47.343260724734712],[-121.85176811558988,47.343226581360014],[-121.85195371181054,47.343147815426526],[-121.85267228185275,47.342888212826693],[-121.85320484421345,47.342751248617418],[-121.85343090865229,47.342677664756238],[-121.85394719857267,47.342535403392951],[-121.85439841748344,47.342432286817321],[-121.85467278843028,47.34237476001185],[-121.85553664450555,47.342058774509994],[-121.85585970254256,47.341912761852093],[-121.85621510859303,47.341749918463556],[-121.85645841076244,47.341560792321694],[-121.85671846576193,47.341316458665943],[-121.85714266640987,47.34072420105619],[-121.85808739457752,47.339621327506443],[-121.85826663884333,47.339372278696196],[-121.85838969937888,47.339134685401966],[-121.8585050587441,47.338891697171334],[-121.85858734024214,47.338676516380886],[-121.8586294863391,47.338489224117886],[-121.85863229501284,47.33824189757464],[-121.85859565449003,47.337890323150219],[-121.85852720833232,47.33751718402263],[-121.85762651891551,47.33593684772714],[-121.85752394933306,47.335728969388214],[-121.85733321417999,47.335543715211976],[-121.85718185562519,47.335380280248266],[-121.85703077607158,47.335227808517921],[-121.85681566319461,47.335015418912306],[-121.85667196934295,47.334895764297443],[-121.85647309228978,47.334727227806255],[-121.85633056763565,47.334514159611103],[-121.8562117373672,47.334300986880542],[-121.85608650864359,47.333994317243224],[-121.85604935074002,47.333681307204365],[-121.8560202586189,47.333368201802465],[-121.85602401534547,47.33303826119937],[-121.85583766467983,47.332407721252679],[-121.85567210694383,47.332041026856174],[-121.85525408788685,47.331519272021296],[-121.85511586615903,47.331436054847899],[-121.85497164782674,47.331354965008906],[-121.85486766223053,47.331289855115699],[-121.85477242581463,47.331191912271713],[-121.8547093010513,47.331087938909825],[-121.85468577515215,47.330994813413859],[-121.85458395137907,47.330775785490829],[-121.85443372905033,47.330496825223811],[-121.85432236305937,47.330398898905933],[-121.85417116748185,47.330240940338165],[-121.85406821531772,47.330076935369853],[-121.8539978408881,47.329885303104227],[-121.85396025845814,47.329654726719149],[-121.85393032503934,47.329407610409852],[-121.85392445920289,47.329215224612248],[-121.85389471438737,47.328995525497824],[-121.85383150106701,47.328847852455993],[-121.85364035416376,47.328684704372911],[-121.85331262309882,47.328522805818722],[-121.85294384698503,47.328372352675814],[-121.85255098111017,47.328266050988525],[-121.85215816428904,47.328181683878306],[-121.85188530724891,47.328096432026008],[-121.85163668465501,47.3280326621813],[-121.85137193957463,47.327969250898327],[-121.85105079635564,47.327928260017735],[-121.85076213498952,47.327875922160295],[-121.85043224845658,47.327868107415171],[-121.85017498604202,47.327881554036139],[-121.84981194215327,47.327978318298996],[-121.84899646572259,47.328145634088088],[-121.84864899702603,47.328120194889593],[-121.84830258566843,47.327996544730254],[-121.84802108593728,47.327868026337498],[-121.84780430926565,47.327767375950415],[-121.84768420456483,47.327662004404075],[-121.84633587922316,47.326865332022649],[-121.84595762388012,47.326697487176311],[-121.84557276294871,47.326447114394995],[-121.84527536809694,47.326307291519804],[-121.84492952692324,47.326145236867319],[-121.84461631967446,47.325977832545419],[-121.84426387819902,47.325733250024669],[-121.84380756966605,47.325366819828012],[-121.84350285175422,47.325155614267693],[-121.84335213884235,47.324934571035463],[-121.84320889809963,47.324730064980614],[-121.84308931353524,47.324624682283506],[-121.84293695952219,47.324519163632679],[-121.84276182006633,47.324308855522119],[-121.8425957142814,47.324016355817754],[-121.84254148606956,47.323823499846682],[-121.84250261902558,47.323680336976587],[-121.84246393174023,47.32356459222423],[-121.84235988893589,47.323475823571322],[-121.84227940759732,47.323442307593488],[-121.84209423785171,47.323374870580992],[-121.8418605767485,47.32332341701818],[-121.84150564362231,47.323260168706383],[-121.84087607985676,47.323139769455324],[-121.84067491609228,47.323077656406596],[-121.84049030444304,47.322971821706354],[-121.84030647056379,47.322816451051651],[-121.84017873574855,47.322666945048418],[-121.84009161447287,47.322528965523539],[-121.84004417803976,47.322446053441588],[-121.83960677259505,47.321865513162074],[-121.83947831105458,47.321787648824909],[-121.83930854537087,47.321791664060449],[-121.83913039393653,47.321823196670017],[-121.83892680257858,47.321925971233959],[-121.83878013839292,47.322007353089468],[-121.83854542464825,47.322054788661411],[-121.83823765985363,47.322063306667694],[-121.83784212827575,47.322049186907584],[-121.83760742246965,47.322036296742759],[-121.8371799953554,47.321955877026809],[-121.83689813495262,47.321871207354093],[-121.83660009618768,47.321764275470635],[-121.83639097519048,47.321685794136997],[-121.83598719667897,47.321643999298892],[-121.83569616644675,47.321636209683092],[-121.83543753457742,47.321634044001748],[-121.83520310334771,47.321632114139042],[-121.83396739561211,47.321539727787417],[-121.83327453973051,47.321325243223484],[-121.83304984746385,47.321208032846947],[-121.83282422712394,47.321134705499261],[-121.83240465044834,47.321065316457442],[-121.83213031573325,47.321019280678499],[-121.83192907574984,47.320973605815659],[-121.83160718264558,47.320839170194716],[-121.83139121070626,47.320667016919572],[-121.83130378837471,47.320556454110644],[-121.83121645814694,47.320429267536085],[-121.83112964470689,47.320241751804033],[-121.83110669700937,47.320170036751144],[-121.83053787815203,47.319143338667949],[-121.83025944699091,47.318789384809214],[-121.83009240058247,47.31855720134002],[-121.82995831829099,47.318292419743472],[-121.82976846605004,47.317994003616661],[-121.82961779113128,47.317751006291246],[-121.82949047020931,47.317596170724308],[-121.82927540420872,47.317358023247685],[-121.82889111495663,47.317063716747455],[-121.8287631969384,47.316925339428259],[-121.82866850823817,47.316765159794514],[-121.82863774915519,47.316622071510579],[-121.82863178213189,47.316462588436593],[-121.82868283812003,47.316265265282141],[-121.82875006142399,47.316089864775911],[-121.82882465688559,47.315947626238632],[-121.82927241433238,47.315061115659852],[-121.82937982711393,47.31488062691961],[-121.82955324868176,47.31461832071475],[-121.82974191177462,47.314421991045172],[-121.82992190852823,47.314242040935014],[-121.83016003808602,47.313947288920239],[-121.83039000406848,47.313668909178958],[-121.83057148215633,47.313406680579988],[-121.83072773990679,47.31320455144477],[-121.83087565709883,47.312991377716813],[-121.83101592093713,47.31279474303485],[-121.8311070571629,47.312608612277685],[-121.83118321945511,47.312367470149461],[-121.83125813184925,47.312197806585672],[-121.8313814301234,47.312028443880585],[-121.83155455630424,47.311754997603309],[-121.83176782087916,47.311515024609356],[-121.83194089348571,47.311280138239262],[-121.83209765736574,47.311017676361438],[-121.83218915273721,47.31082605633226],[-121.83220746707397,47.310650357734652],[-121.83242866026181,47.309816817195575],[-121.83258508919201,47.309581779024448],[-121.83276552265544,47.309379882293094],[-121.83297834965268,47.309183783323384],[-121.83319085446894,47.309015278256084],[-121.83340307902373,47.308835637565217],[-121.83358373883686,47.30862276980298],[-121.83377111949046,47.308497910316412],[-121.83421163706481,47.30817717192744],[-121.83454560319338,47.308009667549044],[-121.8347894266834,47.307885185658648],[-121.83503375544181,47.307760698760042],[-121.83525283130153,47.307674546167185],[-121.83551254979989,47.307621859095434],[-121.83688453456989,47.307149342554432],[-121.83701513119891,47.307051523921842],[-121.83723502565688,47.306937766896823],[-121.83749533972468,47.306808120701049],[-121.83771509517877,47.306688880564451],[-121.83787757789707,47.306596863003158],[-121.83806562846367,47.306438913638537],[-121.83818916975603,47.306280680606143],[-121.83824755168638,47.306116170183557],[-121.83825824039472,47.305918450802892],[-121.83826017404117,47.305753564746908],[-121.83824690181932,47.305544638961535],[-121.8382422974545,47.305259008068447],[-121.83819727157211,47.304989266211884],[-121.83817616527286,47.304769291209318],[-121.83820284677644,47.3045662450427],[-121.83829449662764,47.304341713620943],[-121.83837001865813,47.30411702496486],[-121.83845332216993,47.303941774194229],[-121.83852773824323,47.303794046290434],[-121.83861809551463,47.303679381087342],[-121.83876595460863,47.303526692631458],[-121.83887207238122,47.303417672776597],[-121.83900357099898,47.303275797573157],[-121.83911765800079,47.303183308841263],[-121.83919948985286,47.303090506817476],[-121.83932223755072,47.302981637299666],[-121.83964126707461,47.302681986779419],[-121.83982861203152,47.302557118212341],[-121.84000060787115,47.302382555010482],[-121.84015726088249,47.302158641697957],[-121.8402971844565,47.301950859520389],[-121.84041259744997,47.301770437999679],[-121.84052902129316,47.301529679200698],[-121.84064521024715,47.301299720953217],[-121.84071187646532,47.301124488862115],[-121.8407624575415,47.300971037626461],[-121.84079727936677,47.300751443824993],[-121.84085560234927,47.300625493495616],[-121.84097018398214,47.300532996627943]]]},"properties":{"OBJECTID":1,"Acreage":null,"GlobalID":"{9FAE5A15-DE12-4CAD-B2F5-3ECC6E598233}","Shape.STArea()":6417175019.9805679,"Shape.STLength()":512852.36199542694}}]}