{
  "type": "FeatureCollection",
  "name": "CONUS Maidenhead 4-Character Grids",
  "crs": {
    "type": "name",
    "properties": {
      "name": "urn:ogc:def:crs:OGC:1.3:CRS84"
    }
  },
  "features": [
    {
      "type": "Feature",
      "properties": {
        "grid": "CM79",
        "field": "CM",
        "square_lon_index": 7,
        "square_lat_index": 9,
        "min_lon": -126,
        "min_lat": 39,
        "max_lon": -124,
        "max_lat": 40
      },
      "geometry": {
        "type": "Polygon",
        "coordinates": [
          [
            [
              -124.0,
              39.0
            ],
            [
              -124.0,
              40.0
            ],
            [
              -126.0,
              40.0
            ],
            [
              -126.0,
              39.0
            ],
            [
              -124.0,
              39.0
            ]
          ]
        ]
      }
    },
    {
      "type": "Feature",
      "properties": {
        "grid": "CM86",
        "field": "CM",
        "square_lon_index": 8,
        "square_lat_index": 6,
        "min_lon": -124,
        "min_lat": 36,
        "max_lon": -122,
        "max_lat": 37
      },
      "geometry": {
        "type": "Polygon",
        "coordinates": [
          [
            [
              -122.0,
              36.0
            ],
            [
              -122.0,
              37.0
            ],
            [
              -124.0,
              37.0
            ],
            [
              -124.0,
              36.0
            ],
            [
              -122.0,
              36.0
            ]
          ]
        ]
      }
    },
    {
      "type": "Feature",
      "properties": {
        "grid": "CM87",
        "field": "CM",
        "square_lon_index": 8,
        "square_lat_index": 7,
        "min_lon": -124,
        "min_lat": 37,
        "max_lon": -122,
        "max_lat": 38
      },
      "geometry": {
        "type": "Polygon",
        "coordinates": [
          [
            [
              -122.0,
              37.0
            ],
            [
              -122.0,
              38.0
            ],
            [
              -124.0,
              38.0
            ],
            [
              -124.0,
              37.0
            ],
            [
              -122.0,
              37.0
            ]
          ]
        ]
      }
    },
    {
      "type": "Feature",
      "properties": {
        "grid": "CM88",
        "field": "CM",
        "square_lon_index": 8,
        "square_lat_index": 8,
        "min_lon": -124,
        "min_lat": 38,
        "max_lon": -122,
        "max_lat": 39
      },
      "geometry": {
        "type": "Polygon",
        "coordinates": [
          [
            [
              -122.0,
              38.0
            ],
            [
              -122.0,
              39.0
            ],
            [
              -124.0,
              39.0
            ],
            [
              -124.0,
              38.0
            ],
            [
              -122.0,
              38.0
            ]
          ]
        ]
      }
    },
    {
      "type": "Feature",
      "properties": {
        "grid": "CM89",
        "field": "CM",
        "square_lon_index": 8,
        "square_lat_index": 9,
        "min_lon": -124,
        "min_lat": 39,
        "max_lon": -122,
        "max_lat": 40
      },
      "geometry": {
        "type": "Polygon",
        "coordinates": [
          [
            [
              -122.0,
              39.0
            ],
            [
              -122.0,
              40.0
            ],
            [
              -124.0,
              40.0
            ],
            [
              -124.0,
              39.0
            ],
            [
              -122.0,
              39.0
            ]
          ]
        ]
      }
    },
    {
      "type": "Feature",
      "properties": {
        "grid": "CM93",
        "field": "CM",
        "square_lon_index": 9,
        "square_lat_index": 3,
        "min_lon": -122,
        "min_lat": 33,
        "max_lon": -120,
        "max_lat": 34
      },
      "geometry": {
        "type": "Polygon",
        "coordinates": [
          [
            [
              -120.0,
              33.0
            ],
            [
              -120.0,
              34.0
            ],
            [
              -122.0,
              34.0
            ],
            [
              -122.0,
              33.0
            ],
            [
              -120.0,
              33.0
            ]
          ]
        ]
      }
    },
    {
      "type": "Feature",
      "properties": {
        "grid": "CM94",
        "field": "CM",
        "square_lon_index": 9,
        "square_lat_index": 4,
        "min_lon": -122,
        "min_lat": 34,
        "max_lon": -120,
        "max_lat": 35
      },
      "geometry": {
        "type": "Polygon",
        "coordinates": [
          [
            [
              -120.0,
              34.0
            ],
            [
              -120.0,
              35.0
            ],
            [
              -122.0,
              35.0
            ],
            [
              -122.0,
              34.0
            ],
            [
              -120.0,
              34.0
            ]
          ]
        ]
      }
    },
    {
      "type": "Feature",
      "properties": {
        "grid": "CM95",
        "field": "CM",
        "square_lon_index": 9,
        "square_lat_index": 5,
        "min_lon": -122,
        "min_lat": 35,
        "max_lon": -120,
        "max_lat": 36
      },
      "geometry": {
        "type": "Polygon",
        "coordinates": [
          [
            [
              -120.0,
              35.0
            ],
            [
              -120.0,
              36.0
            ],
            [
              -122.0,
              36.0
            ],
            [
              -122.0,
              35.0
            ],
            [
              -120.0,
              35.0
            ]
          ]
        ]
      }
    },
    {
      "type": "Feature",
      "properties": {
        "grid": "CM96",
        "field": "CM",
        "square_lon_index": 9,
        "square_lat_index": 6,
        "min_lon": -122,
        "min_lat": 36,
        "max_lon": -120,
        "max_lat": 37
      },
      "geometry": {
        "type": "Polygon",
        "coordinates": [
          [
            [
              -120.0,
              36.0
            ],
            [
              -120.0,
              37.0
            ],
            [
              -122.0,
              37.0
            ],
            [
              -122.0,
              36.0
            ],
            [
              -120.0,
              36.0
            ]
          ]
        ]
      }
    },
    {
      "type": "Feature",
      "properties": {
        "grid": "CM97",
        "field": "CM",
        "square_lon_index": 9,
        "square_lat_index": 7,
        "min_lon": -122,
        "min_lat": 37,
        "max_lon": -120,
        "max_lat": 38
      },
      "geometry": {
        "type": "Polygon",
        "coordinates": [
          [
            [
              -120.0,
              37.0
            ],
            [
              -120.0,
              38.0
            ],
            [
              -122.0,
              38.0
            ],
            [
              -122.0,
              37.0
            ],
            [
              -120.0,
              37.0
            ]
          ]
        ]
      }
    },
    {
      "type": "Feature",
      "properties": {
        "grid": "CM98",
        "field": "CM",
        "square_lon_index": 9,
        "square_lat_index": 8,
        "min_lon": -122,
        "min_lat": 38,
        "max_lon": -120,
        "max_lat": 39
      },
      "geometry": {
        "type": "Polygon",
        "coordinates": [
          [
            [
              -120.0,
              38.0
            ],
            [
              -120.0,
              39.0
            ],
            [
              -122.0,
              39.0
            ],
            [
              -122.0,
              38.0
            ],
            [
              -120.0,
              38.0
            ]
          ]
        ]
      }
    },
    {
      "type": "Feature",
      "properties": {
        "grid": "CM99",
        "field": "CM",
        "square_lon_index": 9,
        "square_lat_index": 9,
        "min_lon": -122,
        "min_lat": 39,
        "max_lon": -120,
        "max_lat": 40
      },
      "geometry": {
        "type": "Polygon",
        "coordinates": [
          [
            [
              -120.0,
              39.0
            ],
            [
              -120.0,
              40.0
            ],
            [
              -122.0,
              40.0
            ],
            [
              -122.0,
              39.0
            ],
            [
              -120.0,
              39.0
            ]
          ]
        ]
      }
    },
    {
      "type": "Feature",
      "properties": {
        "grid": "CN70",
        "field": "CN",
        "square_lon_index": 7,
        "square_lat_index": 0,
        "min_lon": -126,
        "min_lat": 40,
        "max_lon": -124,
        "max_lat": 41
      },
      "geometry": {
        "type": "Polygon",
        "coordinates": [
          [
            [
              -124.0,
              40.0
            ],
            [
              -124.0,
              41.0
            ],
            [
              -126.0,
              41.0
            ],
            [
              -126.0,
              40.0
            ],
            [
              -124.0,
              40.0
            ]
          ]
        ]
      }
    },
    {
      "type": "Feature",
      "properties": {
        "grid": "CN71",
        "field": "CN",
        "square_lon_index": 7,
        "square_lat_index": 1,
        "min_lon": -126,
        "min_lat": 41,
        "max_lon": -124,
        "max_lat": 42
      },
      "geometry": {
        "type": "Polygon",
        "coordinates": [
          [
            [
              -124.0,
              41.0
            ],
            [
              -124.0,
              42.0
            ],
            [
              -126.0,
              42.0
            ],
            [
              -126.0,
              41.0
            ],
            [
              -124.0,
              41.0
            ]
          ]
        ]
      }
    },
    {
      "type": "Feature",
      "properties": {
        "grid": "CN72",
        "field": "CN",
        "square_lon_index": 7,
        "square_lat_index": 2,
        "min_lon": -126,
        "min_lat": 42,
        "max_lon": -124,
        "max_lat": 43
      },
      "geometry": {
        "type": "Polygon",
        "coordinates": [
          [
            [
              -124.0,
              42.0
            ],
            [
              -124.0,
              43.0
            ],
            [
              -126.0,
              43.0
            ],
            [
              -126.0,
              42.0
            ],
            [
              -124.0,
              42.0
            ]
          ]
        ]
      }
    },
    {
      "type": "Feature",
      "properties": {
        "grid": "CN73",
        "field": "CN",
        "square_lon_index": 7,
        "square_lat_index": 3,
        "min_lon": -126,
        "min_lat": 43,
        "max_lon": -124,
        "max_lat": 44
      },
      "geometry": {
        "type": "Polygon",
        "coordinates": [
          [
            [
              -124.0,
              43.0
            ],
            [
              -124.0,
              44.0
            ],
            [
              -126.0,
              44.0
            ],
            [
              -126.0,
              43.0
            ],
            [
              -124.0,
              43.0
            ]
          ]
        ]
      }
    },
    {
      "type": "Feature",
      "properties": {
        "grid": "CN74",
        "field": "CN",
        "square_lon_index": 7,
        "square_lat_index": 4,
        "min_lon": -126,
        "min_lat": 44,
        "max_lon": -124,
        "max_lat": 45
      },
      "geometry": {
        "type": "Polygon",
        "coordinates": [
          [
            [
              -124.0,
              44.0
            ],
            [
              -124.0,
              45.0
            ],
            [
              -126.0,
              45.0
            ],
            [
              -126.0,
              44.0
            ],
            [
              -124.0,
              44.0
            ]
          ]
        ]
      }
    },
    {
      "type": "Feature",
      "properties": {
        "grid": "CN75",
        "field": "CN",
        "square_lon_index": 7,
        "square_lat_index": 5,
        "min_lon": -126,
        "min_lat": 45,
        "max_lon": -124,
        "max_lat": 46
      },
      "geometry": {
        "type": "Polygon",
        "coordinates": [
          [
            [
              -124.0,
              45.0
            ],
            [
              -124.0,
              46.0
            ],
            [
              -126.0,
              46.0
            ],
            [
              -126.0,
              45.0
            ],
            [
              -124.0,
              45.0
            ]
          ]
        ]
      }
    },
    {
      "type": "Feature",
      "properties": {
        "grid": "CN76",
        "field": "CN",
        "square_lon_index": 7,
        "square_lat_index": 6,
        "min_lon": -126,
        "min_lat": 46,
        "max_lon": -124,
        "max_lat": 47
      },
      "geometry": {
        "type": "Polygon",
        "coordinates": [
          [
            [
              -124.0,
              46.0
            ],
            [
              -124.0,
              47.0
            ],
            [
              -126.0,
              47.0
            ],
            [
              -126.0,
              46.0
            ],
            [
              -124.0,
              46.0
            ]
          ]
        ]
      }
    },
    {
      "type": "Feature",
      "properties": {
        "grid": "CN77",
        "field": "CN",
        "square_lon_index": 7,
        "square_lat_index": 7,
        "min_lon": -126,
        "min_lat": 47,
        "max_lon": -124,
        "max_lat": 48
      },
      "geometry": {
        "type": "Polygon",
        "coordinates": [
          [
            [
              -124.0,
              47.0
            ],
            [
              -124.0,
              48.0
            ],
            [
              -126.0,
              48.0
            ],
            [
              -126.0,
              47.0
            ],
            [
              -124.0,
              47.0
            ]
          ]
        ]
      }
    },
    {
      "type": "Feature",
      "properties": {
        "grid": "CN78",
        "field": "CN",
        "square_lon_index": 7,
        "square_lat_index": 8,
        "min_lon": -126,
        "min_lat": 48,
        "max_lon": -124,
        "max_lat": 49
      },
      "geometry": {
        "type": "Polygon",
        "coordinates": [
          [
            [
              -124.0,
              48.0
            ],
            [
              -124.0,
              49.0
            ],
            [
              -126.0,
              49.0
            ],
            [
              -126.0,
              48.0
            ],
            [
              -124.0,
              48.0
            ]
          ]
        ]
      }
    },
    {
      "type": "Feature",
      "properties": {
        "grid": "CN80",
        "field": "CN",
        "square_lon_index": 8,
        "square_lat_index": 0,
        "min_lon": -124,
        "min_lat": 40,
        "max_lon": -122,
        "max_lat": 41
      },
      "geometry": {
        "type": "Polygon",
        "coordinates": [
          [
            [
              -122.0,
              40.0
            ],
            [
              -122.0,
              41.0
            ],
            [
              -124.0,
              41.0
            ],
            [
              -124.0,
              40.0
            ],
            [
              -122.0,
              40.0
            ]
          ]
        ]
      }
    },
    {
      "type": "Feature",
      "properties": {
        "grid": "CN81",
        "field": "CN",
        "square_lon_index": 8,
        "square_lat_index": 1,
        "min_lon": -124,
        "min_lat": 41,
        "max_lon": -122,
        "max_lat": 42
      },
      "geometry": {
        "type": "Polygon",
        "coordinates": [
          [
            [
              -122.0,
              41.0
            ],
            [
              -122.0,
              42.0
            ],
            [
              -124.0,
              42.0
            ],
            [
              -124.0,
              41.0
            ],
            [
              -122.0,
              41.0
            ]
          ]
        ]
      }
    },
    {
      "type": "Feature",
      "properties": {
        "grid": "CN82",
        "field": "CN",
        "square_lon_index": 8,
        "square_lat_index": 2,
        "min_lon": -124,
        "min_lat": 42,
        "max_lon": -122,
        "max_lat": 43
      },
      "geometry": {
        "type": "Polygon",
        "coordinates": [
          [
            [
              -122.0,
              42.0
            ],
            [
              -122.0,
              43.0
            ],
            [
              -124.0,
              43.0
            ],
            [
              -124.0,
              42.0
            ],
            [
              -122.0,
              42.0
            ]
          ]
        ]
      }
    },
    {
      "type": "Feature",
      "properties": {
        "grid": "CN83",
        "field": "CN",
        "square_lon_index": 8,
        "square_lat_index": 3,
        "min_lon": -124,
        "min_lat": 43,
        "max_lon": -122,
        "max_lat": 44
      },
      "geometry": {
        "type": "Polygon",
        "coordinates": [
          [
            [
              -122.0,
              43.0
            ],
            [
              -122.0,
              44.0
            ],
            [
              -124.0,
              44.0
            ],
            [
              -124.0,
              43.0
            ],
            [
              -122.0,
              43.0
            ]
          ]
        ]
      }
    },
    {
      "type": "Feature",
      "properties": {
        "grid": "CN84",
        "field": "CN",
        "square_lon_index": 8,
        "square_lat_index": 4,
        "min_lon": -124,
        "min_lat": 44,
        "max_lon": -122,
        "max_lat": 45
      },
      "geometry": {
        "type": "Polygon",
        "coordinates": [
          [
            [
              -122.0,
              44.0
            ],
            [
              -122.0,
              45.0
            ],
            [
              -124.0,
              45.0
            ],
            [
              -124.0,
              44.0
            ],
            [
              -122.0,
              44.0
            ]
          ]
        ]
      }
    },
    {
      "type": "Feature",
      "properties": {
        "grid": "CN85",
        "field": "CN",
        "square_lon_index": 8,
        "square_lat_index": 5,
        "min_lon": -124,
        "min_lat": 45,
        "max_lon": -122,
        "max_lat": 46
      },
      "geometry": {
        "type": "Polygon",
        "coordinates": [
          [
            [
              -122.0,
              45.0
            ],
            [
              -122.0,
              46.0
            ],
            [
              -124.0,
              46.0
            ],
            [
              -124.0,
              45.0
            ],
            [
              -122.0,
              45.0
            ]
          ]
        ]
      }
    },
    {
      "type": "Feature",
      "properties": {
        "grid": "CN86",
        "field": "CN",
        "square_lon_index": 8,
        "square_lat_index": 6,
        "min_lon": -124,
        "min_lat": 46,
        "max_lon": -122,
        "max_lat": 47
      },
      "geometry": {
        "type": "Polygon",
        "coordinates": [
          [
            [
              -122.0,
              46.0
            ],
            [
              -122.0,
              47.0
            ],
            [
              -124.0,
              47.0
            ],
            [
              -124.0,
              46.0
            ],
            [
              -122.0,
              46.0
            ]
          ]
        ]
      }
    },
    {
      "type": "Feature",
      "properties": {
        "grid": "CN87",
        "field": "CN",
        "square_lon_index": 8,
        "square_lat_index": 7,
        "min_lon": -124,
        "min_lat": 47,
        "max_lon": -122,
        "max_lat": 48
      },
      "geometry": {
        "type": "Polygon",
        "coordinates": [
          [
            [
              -122.0,
              47.0
            ],
            [
              -122.0,
              48.0
            ],
            [
              -124.0,
              48.0
            ],
            [
              -124.0,
              47.0
            ],
            [
              -122.0,
              47.0
            ]
          ]
        ]
      }
    },
    {
      "type": "Feature",
      "properties": {
        "grid": "CN88",
        "field": "CN",
        "square_lon_index": 8,
        "square_lat_index": 8,
        "min_lon": -124,
        "min_lat": 48,
        "max_lon": -122,
        "max_lat": 49
      },
      "geometry": {
        "type": "Polygon",
        "coordinates": [
          [
            [
              -122.0,
              48.0
            ],
            [
              -122.0,
              49.0
            ],
            [
              -124.0,
              49.0
            ],
            [
              -124.0,
              48.0
            ],
            [
              -122.0,
              48.0
            ]
          ]
        ]
      }
    },
    {
      "type": "Feature",
      "properties": {
        "grid": "CN90",
        "field": "CN",
        "square_lon_index": 9,
        "square_lat_index": 0,
        "min_lon": -122,
        "min_lat": 40,
        "max_lon": -120,
        "max_lat": 41
      },
      "geometry": {
        "type": "Polygon",
        "coordinates": [
          [
            [
              -120.0,
              40.0
            ],
            [
              -120.0,
              41.0
            ],
            [
              -122.0,
              41.0
            ],
            [
              -122.0,
              40.0
            ],
            [
              -120.0,
              40.0
            ]
          ]
        ]
      }
    },
    {
      "type": "Feature",
      "properties": {
        "grid": "CN91",
        "field": "CN",
        "square_lon_index": 9,
        "square_lat_index": 1,
        "min_lon": -122,
        "min_lat": 41,
        "max_lon": -120,
        "max_lat": 42
      },
      "geometry": {
        "type": "Polygon",
        "coordinates": [
          [
            [
              -120.0,
              41.0
            ],
            [
              -120.0,
              42.0
            ],
            [
              -122.0,
              42.0
            ],
            [
              -122.0,
              41.0
            ],
            [
              -120.0,
              41.0
            ]
          ]
        ]
      }
    },
    {
      "type": "Feature",
      "properties": {
        "grid": "CN92",
        "field": "CN",
        "square_lon_index": 9,
        "square_lat_index": 2,
        "min_lon": -122,
        "min_lat": 42,
        "max_lon": -120,
        "max_lat": 43
      },
      "geometry": {
        "type": "Polygon",
        "coordinates": [
          [
            [
              -120.0,
              42.0
            ],
            [
              -120.0,
              43.0
            ],
            [
              -122.0,
              43.0
            ],
            [
              -122.0,
              42.0
            ],
            [
              -120.0,
              42.0
            ]
          ]
        ]
      }
    },
    {
      "type": "Feature",
      "properties": {
        "grid": "CN93",
        "field": "CN",
        "square_lon_index": 9,
        "square_lat_index": 3,
        "min_lon": -122,
        "min_lat": 43,
        "max_lon": -120,
        "max_lat": 44
      },
      "geometry": {
        "type": "Polygon",
        "coordinates": [
          [
            [
              -120.0,
              43.0
            ],
            [
              -120.0,
              44.0
            ],
            [
              -122.0,
              44.0
            ],
            [
              -122.0,
              43.0
            ],
            [
              -120.0,
              43.0
            ]
          ]
        ]
      }
    },
    {
      "type": "Feature",
      "properties": {
        "grid": "CN94",
        "field": "CN",
        "square_lon_index": 9,
        "square_lat_index": 4,
        "min_lon": -122,
        "min_lat": 44,
        "max_lon": -120,
        "max_lat": 45
      },
      "geometry": {
        "type": "Polygon",
        "coordinates": [
          [
            [
              -120.0,
              44.0
            ],
            [
              -120.0,
              45.0
            ],
            [
              -122.0,
              45.0
            ],
            [
              -122.0,
              44.0
            ],
            [
              -120.0,
              44.0
            ]
          ]
        ]
      }
    },
    {
      "type": "Feature",
      "properties": {
        "grid": "CN95",
        "field": "CN",
        "square_lon_index": 9,
        "square_lat_index": 5,
        "min_lon": -122,
        "min_lat": 45,
        "max_lon": -120,
        "max_lat": 46
      },
      "geometry": {
        "type": "Polygon",
        "coordinates": [
          [
            [
              -120.0,
              45.0
            ],
            [
              -120.0,
              46.0
            ],
            [
              -122.0,
              46.0
            ],
            [
              -122.0,
              45.0
            ],
            [
              -120.0,
              45.0
            ]
          ]
        ]
      }
    },
    {
      "type": "Feature",
      "properties": {
        "grid": "CN96",
        "field": "CN",
        "square_lon_index": 9,
        "square_lat_index": 6,
        "min_lon": -122,
        "min_lat": 46,
        "max_lon": -120,
        "max_lat": 47
      },
      "geometry": {
        "type": "Polygon",
        "coordinates": [
          [
            [
              -120.0,
              46.0
            ],
            [
              -120.0,
              47.0
            ],
            [
              -122.0,
              47.0
            ],
            [
              -122.0,
              46.0
            ],
            [
              -120.0,
              46.0
            ]
          ]
        ]
      }
    },
    {
      "type": "Feature",
      "properties": {
        "grid": "CN97",
        "field": "CN",
        "square_lon_index": 9,
        "square_lat_index": 7,
        "min_lon": -122,
        "min_lat": 47,
        "max_lon": -120,
        "max_lat": 48
      },
      "geometry": {
        "type": "Polygon",
        "coordinates": [
          [
            [
              -120.0,
              47.0
            ],
            [
              -120.0,
              48.0
            ],
            [
              -122.0,
              48.0
            ],
            [
              -122.0,
              47.0
            ],
            [
              -120.0,
              47.0
            ]
          ]
        ]
      }
    },
    {
      "type": "Feature",
      "properties": {
        "grid": "CN98",
        "field": "CN",
        "square_lon_index": 9,
        "square_lat_index": 8,
        "min_lon": -122,
        "min_lat": 48,
        "max_lon": -120,
        "max_lat": 49
      },
      "geometry": {
        "type": "Polygon",
        "coordinates": [
          [
            [
              -120.0,
              48.0
            ],
            [
              -120.0,
              49.0
            ],
            [
              -122.0,
              49.0
            ],
            [
              -122.0,
              48.0
            ],
            [
              -120.0,
              48.0
            ]
          ]
        ]
      }
    },
    {
      "type": "Feature",
      "properties": {
        "grid": "DL79",
        "field": "DL",
        "square_lon_index": 7,
        "square_lat_index": 9,
        "min_lon": -106,
        "min_lat": 29,
        "max_lon": -104,
        "max_lat": 30
      },
      "geometry": {
        "type": "Polygon",
        "coordinates": [
          [
            [
              -104.0,
              29.0
            ],
            [
              -104.0,
              30.0
            ],
            [
              -106.0,
              30.0
            ],
            [
              -106.0,
              29.0
            ],
            [
              -104.0,
              29.0
            ]
          ]
        ]
      }
    },
    {
      "type": "Feature",
      "properties": {
        "grid": "DL88",
        "field": "DL",
        "square_lon_index": 8,
        "square_lat_index": 8,
        "min_lon": -104,
        "min_lat": 28,
        "max_lon": -102,
        "max_lat": 29
      },
      "geometry": {
        "type": "Polygon",
        "coordinates": [
          [
            [
              -102.0,
              28.0
            ],
            [
              -102.0,
              29.0
            ],
            [
              -104.0,
              29.0
            ],
            [
              -104.0,
              28.0
            ],
            [
              -102.0,
              28.0
            ]
          ]
        ]
      }
    },
    {
      "type": "Feature",
      "properties": {
        "grid": "DL89",
        "field": "DL",
        "square_lon_index": 8,
        "square_lat_index": 9,
        "min_lon": -104,
        "min_lat": 29,
        "max_lon": -102,
        "max_lat": 30
      },
      "geometry": {
        "type": "Polygon",
        "coordinates": [
          [
            [
              -102.0,
              29.0
            ],
            [
              -102.0,
              30.0
            ],
            [
              -104.0,
              30.0
            ],
            [
              -104.0,
              29.0
            ],
            [
              -102.0,
              29.0
            ]
          ]
        ]
      }
    },
    {
      "type": "Feature",
      "properties": {
        "grid": "DL98",
        "field": "DL",
        "square_lon_index": 9,
        "square_lat_index": 8,
        "min_lon": -102,
        "min_lat": 28,
        "max_lon": -100,
        "max_lat": 29
      },
      "geometry": {
        "type": "Polygon",
        "coordinates": [
          [
            [
              -100.0,
              28.0
            ],
            [
              -100.0,
              29.0
            ],
            [
              -102.0,
              29.0
            ],
            [
              -102.0,
              28.0
            ],
            [
              -100.0,
              28.0
            ]
          ]
        ]
      }
    },
    {
      "type": "Feature",
      "properties": {
        "grid": "DL99",
        "field": "DL",
        "square_lon_index": 9,
        "square_lat_index": 9,
        "min_lon": -102,
        "min_lat": 29,
        "max_lon": -100,
        "max_lat": 30
      },
      "geometry": {
        "type": "Polygon",
        "coordinates": [
          [
            [
              -100.0,
              29.0
            ],
            [
              -100.0,
              30.0
            ],
            [
              -102.0,
              30.0
            ],
            [
              -102.0,
              29.0
            ],
            [
              -100.0,
              29.0
            ]
          ]
        ]
      }
    },
    {
      "type": "Feature",
      "properties": {
        "grid": "DM02",
        "field": "DM",
        "square_lon_index": 0,
        "square_lat_index": 2,
        "min_lon": -120,
        "min_lat": 32,
        "max_lon": -118,
        "max_lat": 33
      },
      "geometry": {
        "type": "Polygon",
        "coordinates": [
          [
            [
              -118.0,
              32.0
            ],
            [
              -118.0,
              33.0
            ],
            [
              -120.0,
              33.0
            ],
            [
              -120.0,
              32.0
            ],
            [
              -118.0,
              32.0
            ]
          ]
        ]
      }
    },
    {
      "type": "Feature",
      "properties": {
        "grid": "DM03",
        "field": "DM",
        "square_lon_index": 0,
        "square_lat_index": 3,
        "min_lon": -120,
        "min_lat": 33,
        "max_lon": -118,
        "max_lat": 34
      },
      "geometry": {
        "type": "Polygon",
        "coordinates": [
          [
            [
              -118.0,
              33.0
            ],
            [
              -118.0,
              34.0
            ],
            [
              -120.0,
              34.0
            ],
            [
              -120.0,
              33.0
            ],
            [
              -118.0,
              33.0
            ]
          ]
        ]
      }
    },
    {
      "type": "Feature",
      "properties": {
        "grid": "DM04",
        "field": "DM",
        "square_lon_index": 0,
        "square_lat_index": 4,
        "min_lon": -120,
        "min_lat": 34,
        "max_lon": -118,
        "max_lat": 35
      },
      "geometry": {
        "type": "Polygon",
        "coordinates": [
          [
            [
              -118.0,
              34.0
            ],
            [
              -118.0,
              35.0
            ],
            [
              -120.0,
              35.0
            ],
            [
              -120.0,
              34.0
            ],
            [
              -118.0,
              34.0
            ]
          ]
        ]
      }
    },
    {
      "type": "Feature",
      "properties": {
        "grid": "DM05",
        "field": "DM",
        "square_lon_index": 0,
        "square_lat_index": 5,
        "min_lon": -120,
        "min_lat": 35,
        "max_lon": -118,
        "max_lat": 36
      },
      "geometry": {
        "type": "Polygon",
        "coordinates": [
          [
            [
              -118.0,
              35.0
            ],
            [
              -118.0,
              36.0
            ],
            [
              -120.0,
              36.0
            ],
            [
              -120.0,
              35.0
            ],
            [
              -118.0,
              35.0
            ]
          ]
        ]
      }
    },
    {
      "type": "Feature",
      "properties": {
        "grid": "DM06",
        "field": "DM",
        "square_lon_index": 0,
        "square_lat_index": 6,
        "min_lon": -120,
        "min_lat": 36,
        "max_lon": -118,
        "max_lat": 37
      },
      "geometry": {
        "type": "Polygon",
        "coordinates": [
          [
            [
              -118.0,
              36.0
            ],
            [
              -118.0,
              37.0
            ],
            [
              -120.0,
              37.0
            ],
            [
              -120.0,
              36.0
            ],
            [
              -118.0,
              36.0
            ]
          ]
        ]
      }
    },
    {
      "type": "Feature",
      "properties": {
        "grid": "DM07",
        "field": "DM",
        "square_lon_index": 0,
        "square_lat_index": 7,
        "min_lon": -120,
        "min_lat": 37,
        "max_lon": -118,
        "max_lat": 38
      },
      "geometry": {
        "type": "Polygon",
        "coordinates": [
          [
            [
              -118.0,
              37.0
            ],
            [
              -118.0,
              38.0
            ],
            [
              -120.0,
              38.0
            ],
            [
              -120.0,
              37.0
            ],
            [
              -118.0,
              37.0
            ]
          ]
        ]
      }
    },
    {
      "type": "Feature",
      "properties": {
        "grid": "DM08",
        "field": "DM",
        "square_lon_index": 0,
        "square_lat_index": 8,
        "min_lon": -120,
        "min_lat": 38,
        "max_lon": -118,
        "max_lat": 39
      },
      "geometry": {
        "type": "Polygon",
        "coordinates": [
          [
            [
              -118.0,
              38.0
            ],
            [
              -118.0,
              39.0
            ],
            [
              -120.0,
              39.0
            ],
            [
              -120.0,
              38.0
            ],
            [
              -118.0,
              38.0
            ]
          ]
        ]
      }
    },
    {
      "type": "Feature",
      "properties": {
        "grid": "DM09",
        "field": "DM",
        "square_lon_index": 0,
        "square_lat_index": 9,
        "min_lon": -120,
        "min_lat": 39,
        "max_lon": -118,
        "max_lat": 40
      },
      "geometry": {
        "type": "Polygon",
        "coordinates": [
          [
            [
              -118.0,
              39.0
            ],
            [
              -118.0,
              40.0
            ],
            [
              -120.0,
              40.0
            ],
            [
              -120.0,
              39.0
            ],
            [
              -118.0,
              39.0
            ]
          ]
        ]
      }
    },
    {
      "type": "Feature",
      "properties": {
        "grid": "DM12",
        "field": "DM",
        "square_lon_index": 1,
        "square_lat_index": 2,
        "min_lon": -118,
        "min_lat": 32,
        "max_lon": -116,
        "max_lat": 33
      },
      "geometry": {
        "type": "Polygon",
        "coordinates": [
          [
            [
              -116.0,
              32.0
            ],
            [
              -116.0,
              33.0
            ],
            [
              -118.0,
              33.0
            ],
            [
              -118.0,
              32.0
            ],
            [
              -116.0,
              32.0
            ]
          ]
        ]
      }
    },
    {
      "type": "Feature",
      "properties": {
        "grid": "DM13",
        "field": "DM",
        "square_lon_index": 1,
        "square_lat_index": 3,
        "min_lon": -118,
        "min_lat": 33,
        "max_lon": -116,
        "max_lat": 34
      },
      "geometry": {
        "type": "Polygon",
        "coordinates": [
          [
            [
              -116.0,
              33.0
            ],
            [
              -116.0,
              34.0
            ],
            [
              -118.0,
              34.0
            ],
            [
              -118.0,
              33.0
            ],
            [
              -116.0,
              33.0
            ]
          ]
        ]
      }
    },
    {
      "type": "Feature",
      "properties": {
        "grid": "DM14",
        "field": "DM",
        "square_lon_index": 1,
        "square_lat_index": 4,
        "min_lon": -118,
        "min_lat": 34,
        "max_lon": -116,
        "max_lat": 35
      },
      "geometry": {
        "type": "Polygon",
        "coordinates": [
          [
            [
              -116.0,
              34.0
            ],
            [
              -116.0,
              35.0
            ],
            [
              -118.0,
              35.0
            ],
            [
              -118.0,
              34.0
            ],
            [
              -116.0,
              34.0
            ]
          ]
        ]
      }
    },
    {
      "type": "Feature",
      "properties": {
        "grid": "DM15",
        "field": "DM",
        "square_lon_index": 1,
        "square_lat_index": 5,
        "min_lon": -118,
        "min_lat": 35,
        "max_lon": -116,
        "max_lat": 36
      },
      "geometry": {
        "type": "Polygon",
        "coordinates": [
          [
            [
              -116.0,
              35.0
            ],
            [
              -116.0,
              36.0
            ],
            [
              -118.0,
              36.0
            ],
            [
              -118.0,
              35.0
            ],
            [
              -116.0,
              35.0
            ]
          ]
        ]
      }
    },
    {
      "type": "Feature",
      "properties": {
        "grid": "DM16",
        "field": "DM",
        "square_lon_index": 1,
        "square_lat_index": 6,
        "min_lon": -118,
        "min_lat": 36,
        "max_lon": -116,
        "max_lat": 37
      },
      "geometry": {
        "type": "Polygon",
        "coordinates": [
          [
            [
              -116.0,
              36.0
            ],
            [
              -116.0,
              37.0
            ],
            [
              -118.0,
              37.0
            ],
            [
              -118.0,
              36.0
            ],
            [
              -116.0,
              36.0
            ]
          ]
        ]
      }
    },
    {
      "type": "Feature",
      "properties": {
        "grid": "DM17",
        "field": "DM",
        "square_lon_index": 1,
        "square_lat_index": 7,
        "min_lon": -118,
        "min_lat": 37,
        "max_lon": -116,
        "max_lat": 38
      },
      "geometry": {
        "type": "Polygon",
        "coordinates": [
          [
            [
              -116.0,
              37.0
            ],
            [
              -116.0,
              38.0
            ],
            [
              -118.0,
              38.0
            ],
            [
              -118.0,
              37.0
            ],
            [
              -116.0,
              37.0
            ]
          ]
        ]
      }
    },
    {
      "type": "Feature",
      "properties": {
        "grid": "DM18",
        "field": "DM",
        "square_lon_index": 1,
        "square_lat_index": 8,
        "min_lon": -118,
        "min_lat": 38,
        "max_lon": -116,
        "max_lat": 39
      },
      "geometry": {
        "type": "Polygon",
        "coordinates": [
          [
            [
              -116.0,
              38.0
            ],
            [
              -116.0,
              39.0
            ],
            [
              -118.0,
              39.0
            ],
            [
              -118.0,
              38.0
            ],
            [
              -116.0,
              38.0
            ]
          ]
        ]
      }
    },
    {
      "type": "Feature",
      "properties": {
        "grid": "DM19",
        "field": "DM",
        "square_lon_index": 1,
        "square_lat_index": 9,
        "min_lon": -118,
        "min_lat": 39,
        "max_lon": -116,
        "max_lat": 40
      },
      "geometry": {
        "type": "Polygon",
        "coordinates": [
          [
            [
              -116.0,
              39.0
            ],
            [
              -116.0,
              40.0
            ],
            [
              -118.0,
              40.0
            ],
            [
              -118.0,
              39.0
            ],
            [
              -116.0,
              39.0
            ]
          ]
        ]
      }
    },
    {
      "type": "Feature",
      "properties": {
        "grid": "DM22",
        "field": "DM",
        "square_lon_index": 2,
        "square_lat_index": 2,
        "min_lon": -116,
        "min_lat": 32,
        "max_lon": -114,
        "max_lat": 33
      },
      "geometry": {
        "type": "Polygon",
        "coordinates": [
          [
            [
              -114.0,
              32.0
            ],
            [
              -114.0,
              33.0
            ],
            [
              -116.0,
              33.0
            ],
            [
              -116.0,
              32.0
            ],
            [
              -114.0,
              32.0
            ]
          ]
        ]
      }
    },
    {
      "type": "Feature",
      "properties": {
        "grid": "DM23",
        "field": "DM",
        "square_lon_index": 2,
        "square_lat_index": 3,
        "min_lon": -116,
        "min_lat": 33,
        "max_lon": -114,
        "max_lat": 34
      },
      "geometry": {
        "type": "Polygon",
        "coordinates": [
          [
            [
              -114.0,
              33.0
            ],
            [
              -114.0,
              34.0
            ],
            [
              -116.0,
              34.0
            ],
            [
              -116.0,
              33.0
            ],
            [
              -114.0,
              33.0
            ]
          ]
        ]
      }
    },
    {
      "type": "Feature",
      "properties": {
        "grid": "DM24",
        "field": "DM",
        "square_lon_index": 2,
        "square_lat_index": 4,
        "min_lon": -116,
        "min_lat": 34,
        "max_lon": -114,
        "max_lat": 35
      },
      "geometry": {
        "type": "Polygon",
        "coordinates": [
          [
            [
              -114.0,
              34.0
            ],
            [
              -114.0,
              35.0
            ],
            [
              -116.0,
              35.0
            ],
            [
              -116.0,
              34.0
            ],
            [
              -114.0,
              34.0
            ]
          ]
        ]
      }
    },
    {
      "type": "Feature",
      "properties": {
        "grid": "DM25",
        "field": "DM",
        "square_lon_index": 2,
        "square_lat_index": 5,
        "min_lon": -116,
        "min_lat": 35,
        "max_lon": -114,
        "max_lat": 36
      },
      "geometry": {
        "type": "Polygon",
        "coordinates": [
          [
            [
              -114.0,
              35.0
            ],
            [
              -114.0,
              36.0
            ],
            [
              -116.0,
              36.0
            ],
            [
              -116.0,
              35.0
            ],
            [
              -114.0,
              35.0
            ]
          ]
        ]
      }
    },
    {
      "type": "Feature",
      "properties": {
        "grid": "DM26",
        "field": "DM",
        "square_lon_index": 2,
        "square_lat_index": 6,
        "min_lon": -116,
        "min_lat": 36,
        "max_lon": -114,
        "max_lat": 37
      },
      "geometry": {
        "type": "Polygon",
        "coordinates": [
          [
            [
              -114.0,
              36.0
            ],
            [
              -114.0,
              37.0
            ],
            [
              -116.0,
              37.0
            ],
            [
              -116.0,
              36.0
            ],
            [
              -114.0,
              36.0
            ]
          ]
        ]
      }
    },
    {
      "type": "Feature",
      "properties": {
        "grid": "DM27",
        "field": "DM",
        "square_lon_index": 2,
        "square_lat_index": 7,
        "min_lon": -116,
        "min_lat": 37,
        "max_lon": -114,
        "max_lat": 38
      },
      "geometry": {
        "type": "Polygon",
        "coordinates": [
          [
            [
              -114.0,
              37.0
            ],
            [
              -114.0,
              38.0
            ],
            [
              -116.0,
              38.0
            ],
            [
              -116.0,
              37.0
            ],
            [
              -114.0,
              37.0
            ]
          ]
        ]
      }
    },
    {
      "type": "Feature",
      "properties": {
        "grid": "DM28",
        "field": "DM",
        "square_lon_index": 2,
        "square_lat_index": 8,
        "min_lon": -116,
        "min_lat": 38,
        "max_lon": -114,
        "max_lat": 39
      },
      "geometry": {
        "type": "Polygon",
        "coordinates": [
          [
            [
              -114.0,
              38.0
            ],
            [
              -114.0,
              39.0
            ],
            [
              -116.0,
              39.0
            ],
            [
              -116.0,
              38.0
            ],
            [
              -114.0,
              38.0
            ]
          ]
        ]
      }
    },
    {
      "type": "Feature",
      "properties": {
        "grid": "DM29",
        "field": "DM",
        "square_lon_index": 2,
        "square_lat_index": 9,
        "min_lon": -116,
        "min_lat": 39,
        "max_lon": -114,
        "max_lat": 40
      },
      "geometry": {
        "type": "Polygon",
        "coordinates": [
          [
            [
              -114.0,
              39.0
            ],
            [
              -114.0,
              40.0
            ],
            [
              -116.0,
              40.0
            ],
            [
              -116.0,
              39.0
            ],
            [
              -114.0,
              39.0
            ]
          ]
        ]
      }
    },
    {
      "type": "Feature",
      "properties": {
        "grid": "DM31",
        "field": "DM",
        "square_lon_index": 3,
        "square_lat_index": 1,
        "min_lon": -114,
        "min_lat": 31,
        "max_lon": -112,
        "max_lat": 32
      },
      "geometry": {
        "type": "Polygon",
        "coordinates": [
          [
            [
              -112.0,
              31.0
            ],
            [
              -112.0,
              32.0
            ],
            [
              -114.0,
              32.0
            ],
            [
              -114.0,
              31.0
            ],
            [
              -112.0,
              31.0
            ]
          ]
        ]
      }
    },
    {
      "type": "Feature",
      "properties": {
        "grid": "DM32",
        "field": "DM",
        "square_lon_index": 3,
        "square_lat_index": 2,
        "min_lon": -114,
        "min_lat": 32,
        "max_lon": -112,
        "max_lat": 33
      },
      "geometry": {
        "type": "Polygon",
        "coordinates": [
          [
            [
              -112.0,
              32.0
            ],
            [
              -112.0,
              33.0
            ],
            [
              -114.0,
              33.0
            ],
            [
              -114.0,
              32.0
            ],
            [
              -112.0,
              32.0
            ]
          ]
        ]
      }
    },
    {
      "type": "Feature",
      "properties": {
        "grid": "DM33",
        "field": "DM",
        "square_lon_index": 3,
        "square_lat_index": 3,
        "min_lon": -114,
        "min_lat": 33,
        "max_lon": -112,
        "max_lat": 34
      },
      "geometry": {
        "type": "Polygon",
        "coordinates": [
          [
            [
              -112.0,
              33.0
            ],
            [
              -112.0,
              34.0
            ],
            [
              -114.0,
              34.0
            ],
            [
              -114.0,
              33.0
            ],
            [
              -112.0,
              33.0
            ]
          ]
        ]
      }
    },
    {
      "type": "Feature",
      "properties": {
        "grid": "DM34",
        "field": "DM",
        "square_lon_index": 3,
        "square_lat_index": 4,
        "min_lon": -114,
        "min_lat": 34,
        "max_lon": -112,
        "max_lat": 35
      },
      "geometry": {
        "type": "Polygon",
        "coordinates": [
          [
            [
              -112.0,
              34.0
            ],
            [
              -112.0,
              35.0
            ],
            [
              -114.0,
              35.0
            ],
            [
              -114.0,
              34.0
            ],
            [
              -112.0,
              34.0
            ]
          ]
        ]
      }
    },
    {
      "type": "Feature",
      "properties": {
        "grid": "DM35",
        "field": "DM",
        "square_lon_index": 3,
        "square_lat_index": 5,
        "min_lon": -114,
        "min_lat": 35,
        "max_lon": -112,
        "max_lat": 36
      },
      "geometry": {
        "type": "Polygon",
        "coordinates": [
          [
            [
              -112.0,
              35.0
            ],
            [
              -112.0,
              36.0
            ],
            [
              -114.0,
              36.0
            ],
            [
              -114.0,
              35.0
            ],
            [
              -112.0,
              35.0
            ]
          ]
        ]
      }
    },
    {
      "type": "Feature",
      "properties": {
        "grid": "DM36",
        "field": "DM",
        "square_lon_index": 3,
        "square_lat_index": 6,
        "min_lon": -114,
        "min_lat": 36,
        "max_lon": -112,
        "max_lat": 37
      },
      "geometry": {
        "type": "Polygon",
        "coordinates": [
          [
            [
              -112.0,
              36.0
            ],
            [
              -112.0,
              37.0
            ],
            [
              -114.0,
              37.0
            ],
            [
              -114.0,
              36.0
            ],
            [
              -112.0,
              36.0
            ]
          ]
        ]
      }
    },
    {
      "type": "Feature",
      "properties": {
        "grid": "DM37",
        "field": "DM",
        "square_lon_index": 3,
        "square_lat_index": 7,
        "min_lon": -114,
        "min_lat": 37,
        "max_lon": -112,
        "max_lat": 38
      },
      "geometry": {
        "type": "Polygon",
        "coordinates": [
          [
            [
              -112.0,
              37.0
            ],
            [
              -112.0,
              38.0
            ],
            [
              -114.0,
              38.0
            ],
            [
              -114.0,
              37.0
            ],
            [
              -112.0,
              37.0
            ]
          ]
        ]
      }
    },
    {
      "type": "Feature",
      "properties": {
        "grid": "DM38",
        "field": "DM",
        "square_lon_index": 3,
        "square_lat_index": 8,
        "min_lon": -114,
        "min_lat": 38,
        "max_lon": -112,
        "max_lat": 39
      },
      "geometry": {
        "type": "Polygon",
        "coordinates": [
          [
            [
              -112.0,
              38.0
            ],
            [
              -112.0,
              39.0
            ],
            [
              -114.0,
              39.0
            ],
            [
              -114.0,
              38.0
            ],
            [
              -112.0,
              38.0
            ]
          ]
        ]
      }
    },
    {
      "type": "Feature",
      "properties": {
        "grid": "DM39",
        "field": "DM",
        "square_lon_index": 3,
        "square_lat_index": 9,
        "min_lon": -114,
        "min_lat": 39,
        "max_lon": -112,
        "max_lat": 40
      },
      "geometry": {
        "type": "Polygon",
        "coordinates": [
          [
            [
              -112.0,
              39.0
            ],
            [
              -112.0,
              40.0
            ],
            [
              -114.0,
              40.0
            ],
            [
              -114.0,
              39.0
            ],
            [
              -112.0,
              39.0
            ]
          ]
        ]
      }
    },
    {
      "type": "Feature",
      "properties": {
        "grid": "DM41",
        "field": "DM",
        "square_lon_index": 4,
        "square_lat_index": 1,
        "min_lon": -112,
        "min_lat": 31,
        "max_lon": -110,
        "max_lat": 32
      },
      "geometry": {
        "type": "Polygon",
        "coordinates": [
          [
            [
              -110.0,
              31.0
            ],
            [
              -110.0,
              32.0
            ],
            [
              -112.0,
              32.0
            ],
            [
              -112.0,
              31.0
            ],
            [
              -110.0,
              31.0
            ]
          ]
        ]
      }
    },
    {
      "type": "Feature",
      "properties": {
        "grid": "DM42",
        "field": "DM",
        "square_lon_index": 4,
        "square_lat_index": 2,
        "min_lon": -112,
        "min_lat": 32,
        "max_lon": -110,
        "max_lat": 33
      },
      "geometry": {
        "type": "Polygon",
        "coordinates": [
          [
            [
              -110.0,
              32.0
            ],
            [
              -110.0,
              33.0
            ],
            [
              -112.0,
              33.0
            ],
            [
              -112.0,
              32.0
            ],
            [
              -110.0,
              32.0
            ]
          ]
        ]
      }
    },
    {
      "type": "Feature",
      "properties": {
        "grid": "DM43",
        "field": "DM",
        "square_lon_index": 4,
        "square_lat_index": 3,
        "min_lon": -112,
        "min_lat": 33,
        "max_lon": -110,
        "max_lat": 34
      },
      "geometry": {
        "type": "Polygon",
        "coordinates": [
          [
            [
              -110.0,
              33.0
            ],
            [
              -110.0,
              34.0
            ],
            [
              -112.0,
              34.0
            ],
            [
              -112.0,
              33.0
            ],
            [
              -110.0,
              33.0
            ]
          ]
        ]
      }
    },
    {
      "type": "Feature",
      "properties": {
        "grid": "DM44",
        "field": "DM",
        "square_lon_index": 4,
        "square_lat_index": 4,
        "min_lon": -112,
        "min_lat": 34,
        "max_lon": -110,
        "max_lat": 35
      },
      "geometry": {
        "type": "Polygon",
        "coordinates": [
          [
            [
              -110.0,
              34.0
            ],
            [
              -110.0,
              35.0
            ],
            [
              -112.0,
              35.0
            ],
            [
              -112.0,
              34.0
            ],
            [
              -110.0,
              34.0
            ]
          ]
        ]
      }
    },
    {
      "type": "Feature",
      "properties": {
        "grid": "DM45",
        "field": "DM",
        "square_lon_index": 4,
        "square_lat_index": 5,
        "min_lon": -112,
        "min_lat": 35,
        "max_lon": -110,
        "max_lat": 36
      },
      "geometry": {
        "type": "Polygon",
        "coordinates": [
          [
            [
              -110.0,
              35.0
            ],
            [
              -110.0,
              36.0
            ],
            [
              -112.0,
              36.0
            ],
            [
              -112.0,
              35.0
            ],
            [
              -110.0,
              35.0
            ]
          ]
        ]
      }
    },
    {
      "type": "Feature",
      "properties": {
        "grid": "DM46",
        "field": "DM",
        "square_lon_index": 4,
        "square_lat_index": 6,
        "min_lon": -112,
        "min_lat": 36,
        "max_lon": -110,
        "max_lat": 37
      },
      "geometry": {
        "type": "Polygon",
        "coordinates": [
          [
            [
              -110.0,
              36.0
            ],
            [
              -110.0,
              37.0
            ],
            [
              -112.0,
              37.0
            ],
            [
              -112.0,
              36.0
            ],
            [
              -110.0,
              36.0
            ]
          ]
        ]
      }
    },
    {
      "type": "Feature",
      "properties": {
        "grid": "DM47",
        "field": "DM",
        "square_lon_index": 4,
        "square_lat_index": 7,
        "min_lon": -112,
        "min_lat": 37,
        "max_lon": -110,
        "max_lat": 38
      },
      "geometry": {
        "type": "Polygon",
        "coordinates": [
          [
            [
              -110.0,
              37.0
            ],
            [
              -110.0,
              38.0
            ],
            [
              -112.0,
              38.0
            ],
            [
              -112.0,
              37.0
            ],
            [
              -110.0,
              37.0
            ]
          ]
        ]
      }
    },
    {
      "type": "Feature",
      "properties": {
        "grid": "DM48",
        "field": "DM",
        "square_lon_index": 4,
        "square_lat_index": 8,
        "min_lon": -112,
        "min_lat": 38,
        "max_lon": -110,
        "max_lat": 39
      },
      "geometry": {
        "type": "Polygon",
        "coordinates": [
          [
            [
              -110.0,
              38.0
            ],
            [
              -110.0,
              39.0
            ],
            [
              -112.0,
              39.0
            ],
            [
              -112.0,
              38.0
            ],
            [
              -110.0,
              38.0
            ]
          ]
        ]
      }
    },
    {
      "type": "Feature",
      "properties": {
        "grid": "DM49",
        "field": "DM",
        "square_lon_index": 4,
        "square_lat_index": 9,
        "min_lon": -112,
        "min_lat": 39,
        "max_lon": -110,
        "max_lat": 40
      },
      "geometry": {
        "type": "Polygon",
        "coordinates": [
          [
            [
              -110.0,
              39.0
            ],
            [
              -110.0,
              40.0
            ],
            [
              -112.0,
              40.0
            ],
            [
              -112.0,
              39.0
            ],
            [
              -110.0,
              39.0
            ]
          ]
        ]
      }
    },
    {
      "type": "Feature",
      "properties": {
        "grid": "DM51",
        "field": "DM",
        "square_lon_index": 5,
        "square_lat_index": 1,
        "min_lon": -110,
        "min_lat": 31,
        "max_lon": -108,
        "max_lat": 32
      },
      "geometry": {
        "type": "Polygon",
        "coordinates": [
          [
            [
              -108.0,
              31.0
            ],
            [
              -108.0,
              32.0
            ],
            [
              -110.0,
              32.0
            ],
            [
              -110.0,
              31.0
            ],
            [
              -108.0,
              31.0
            ]
          ]
        ]
      }
    },
    {
      "type": "Feature",
      "properties": {
        "grid": "DM52",
        "field": "DM",
        "square_lon_index": 5,
        "square_lat_index": 2,
        "min_lon": -110,
        "min_lat": 32,
        "max_lon": -108,
        "max_lat": 33
      },
      "geometry": {
        "type": "Polygon",
        "coordinates": [
          [
            [
              -108.0,
              32.0
            ],
            [
              -108.0,
              33.0
            ],
            [
              -110.0,
              33.0
            ],
            [
              -110.0,
              32.0
            ],
            [
              -108.0,
              32.0
            ]
          ]
        ]
      }
    },
    {
      "type": "Feature",
      "properties": {
        "grid": "DM53",
        "field": "DM",
        "square_lon_index": 5,
        "square_lat_index": 3,
        "min_lon": -110,
        "min_lat": 33,
        "max_lon": -108,
        "max_lat": 34
      },
      "geometry": {
        "type": "Polygon",
        "coordinates": [
          [
            [
              -108.0,
              33.0
            ],
            [
              -108.0,
              34.0
            ],
            [
              -110.0,
              34.0
            ],
            [
              -110.0,
              33.0
            ],
            [
              -108.0,
              33.0
            ]
          ]
        ]
      }
    },
    {
      "type": "Feature",
      "properties": {
        "grid": "DM54",
        "field": "DM",
        "square_lon_index": 5,
        "square_lat_index": 4,
        "min_lon": -110,
        "min_lat": 34,
        "max_lon": -108,
        "max_lat": 35
      },
      "geometry": {
        "type": "Polygon",
        "coordinates": [
          [
            [
              -108.0,
              34.0
            ],
            [
              -108.0,
              35.0
            ],
            [
              -110.0,
              35.0
            ],
            [
              -110.0,
              34.0
            ],
            [
              -108.0,
              34.0
            ]
          ]
        ]
      }
    },
    {
      "type": "Feature",
      "properties": {
        "grid": "DM55",
        "field": "DM",
        "square_lon_index": 5,
        "square_lat_index": 5,
        "min_lon": -110,
        "min_lat": 35,
        "max_lon": -108,
        "max_lat": 36
      },
      "geometry": {
        "type": "Polygon",
        "coordinates": [
          [
            [
              -108.0,
              35.0
            ],
            [
              -108.0,
              36.0
            ],
            [
              -110.0,
              36.0
            ],
            [
              -110.0,
              35.0
            ],
            [
              -108.0,
              35.0
            ]
          ]
        ]
      }
    },
    {
      "type": "Feature",
      "properties": {
        "grid": "DM56",
        "field": "DM",
        "square_lon_index": 5,
        "square_lat_index": 6,
        "min_lon": -110,
        "min_lat": 36,
        "max_lon": -108,
        "max_lat": 37
      },
      "geometry": {
        "type": "Polygon",
        "coordinates": [
          [
            [
              -108.0,
              36.0
            ],
            [
              -108.0,
              37.0
            ],
            [
              -110.0,
              37.0
            ],
            [
              -110.0,
              36.0
            ],
            [
              -108.0,
              36.0
            ]
          ]
        ]
      }
    },
    {
      "type": "Feature",
      "properties": {
        "grid": "DM57",
        "field": "DM",
        "square_lon_index": 5,
        "square_lat_index": 7,
        "min_lon": -110,
        "min_lat": 37,
        "max_lon": -108,
        "max_lat": 38
      },
      "geometry": {
        "type": "Polygon",
        "coordinates": [
          [
            [
              -108.0,
              37.0
            ],
            [
              -108.0,
              38.0
            ],
            [
              -110.0,
              38.0
            ],
            [
              -110.0,
              37.0
            ],
            [
              -108.0,
              37.0
            ]
          ]
        ]
      }
    },
    {
      "type": "Feature",
      "properties": {
        "grid": "DM58",
        "field": "DM",
        "square_lon_index": 5,
        "square_lat_index": 8,
        "min_lon": -110,
        "min_lat": 38,
        "max_lon": -108,
        "max_lat": 39
      },
      "geometry": {
        "type": "Polygon",
        "coordinates": [
          [
            [
              -108.0,
              38.0
            ],
            [
              -108.0,
              39.0
            ],
            [
              -110.0,
              39.0
            ],
            [
              -110.0,
              38.0
            ],
            [
              -108.0,
              38.0
            ]
          ]
        ]
      }
    },
    {
      "type": "Feature",
      "properties": {
        "grid": "DM59",
        "field": "DM",
        "square_lon_index": 5,
        "square_lat_index": 9,
        "min_lon": -110,
        "min_lat": 39,
        "max_lon": -108,
        "max_lat": 40
      },
      "geometry": {
        "type": "Polygon",
        "coordinates": [
          [
            [
              -108.0,
              39.0
            ],
            [
              -108.0,
              40.0
            ],
            [
              -110.0,
              40.0
            ],
            [
              -110.0,
              39.0
            ],
            [
              -108.0,
              39.0
            ]
          ]
        ]
      }
    },
    {
      "type": "Feature",
      "properties": {
        "grid": "DM61",
        "field": "DM",
        "square_lon_index": 6,
        "square_lat_index": 1,
        "min_lon": -108,
        "min_lat": 31,
        "max_lon": -106,
        "max_lat": 32
      },
      "geometry": {
        "type": "Polygon",
        "coordinates": [
          [
            [
              -106.0,
              31.0
            ],
            [
              -106.0,
              32.0
            ],
            [
              -108.0,
              32.0
            ],
            [
              -108.0,
              31.0
            ],
            [
              -106.0,
              31.0
            ]
          ]
        ]
      }
    },
    {
      "type": "Feature",
      "properties": {
        "grid": "DM62",
        "field": "DM",
        "square_lon_index": 6,
        "square_lat_index": 2,
        "min_lon": -108,
        "min_lat": 32,
        "max_lon": -106,
        "max_lat": 33
      },
      "geometry": {
        "type": "Polygon",
        "coordinates": [
          [
            [
              -106.0,
              32.0
            ],
            [
              -106.0,
              33.0
            ],
            [
              -108.0,
              33.0
            ],
            [
              -108.0,
              32.0
            ],
            [
              -106.0,
              32.0
            ]
          ]
        ]
      }
    },
    {
      "type": "Feature",
      "properties": {
        "grid": "DM63",
        "field": "DM",
        "square_lon_index": 6,
        "square_lat_index": 3,
        "min_lon": -108,
        "min_lat": 33,
        "max_lon": -106,
        "max_lat": 34
      },
      "geometry": {
        "type": "Polygon",
        "coordinates": [
          [
            [
              -106.0,
              33.0
            ],
            [
              -106.0,
              34.0
            ],
            [
              -108.0,
              34.0
            ],
            [
              -108.0,
              33.0
            ],
            [
              -106.0,
              33.0
            ]
          ]
        ]
      }
    },
    {
      "type": "Feature",
      "properties": {
        "grid": "DM64",
        "field": "DM",
        "square_lon_index": 6,
        "square_lat_index": 4,
        "min_lon": -108,
        "min_lat": 34,
        "max_lon": -106,
        "max_lat": 35
      },
      "geometry": {
        "type": "Polygon",
        "coordinates": [
          [
            [
              -106.0,
              34.0
            ],
            [
              -106.0,
              35.0
            ],
            [
              -108.0,
              35.0
            ],
            [
              -108.0,
              34.0
            ],
            [
              -106.0,
              34.0
            ]
          ]
        ]
      }
    },
    {
      "type": "Feature",
      "properties": {
        "grid": "DM65",
        "field": "DM",
        "square_lon_index": 6,
        "square_lat_index": 5,
        "min_lon": -108,
        "min_lat": 35,
        "max_lon": -106,
        "max_lat": 36
      },
      "geometry": {
        "type": "Polygon",
        "coordinates": [
          [
            [
              -106.0,
              35.0
            ],
            [
              -106.0,
              36.0
            ],
            [
              -108.0,
              36.0
            ],
            [
              -108.0,
              35.0
            ],
            [
              -106.0,
              35.0
            ]
          ]
        ]
      }
    },
    {
      "type": "Feature",
      "properties": {
        "grid": "DM66",
        "field": "DM",
        "square_lon_index": 6,
        "square_lat_index": 6,
        "min_lon": -108,
        "min_lat": 36,
        "max_lon": -106,
        "max_lat": 37
      },
      "geometry": {
        "type": "Polygon",
        "coordinates": [
          [
            [
              -106.0,
              36.0
            ],
            [
              -106.0,
              37.0
            ],
            [
              -108.0,
              37.0
            ],
            [
              -108.0,
              36.0
            ],
            [
              -106.0,
              36.0
            ]
          ]
        ]
      }
    },
    {
      "type": "Feature",
      "properties": {
        "grid": "DM67",
        "field": "DM",
        "square_lon_index": 6,
        "square_lat_index": 7,
        "min_lon": -108,
        "min_lat": 37,
        "max_lon": -106,
        "max_lat": 38
      },
      "geometry": {
        "type": "Polygon",
        "coordinates": [
          [
            [
              -106.0,
              37.0
            ],
            [
              -106.0,
              38.0
            ],
            [
              -108.0,
              38.0
            ],
            [
              -108.0,
              37.0
            ],
            [
              -106.0,
              37.0
            ]
          ]
        ]
      }
    },
    {
      "type": "Feature",
      "properties": {
        "grid": "DM68",
        "field": "DM",
        "square_lon_index": 6,
        "square_lat_index": 8,
        "min_lon": -108,
        "min_lat": 38,
        "max_lon": -106,
        "max_lat": 39
      },
      "geometry": {
        "type": "Polygon",
        "coordinates": [
          [
            [
              -106.0,
              38.0
            ],
            [
              -106.0,
              39.0
            ],
            [
              -108.0,
              39.0
            ],
            [
              -108.0,
              38.0
            ],
            [
              -106.0,
              38.0
            ]
          ]
        ]
      }
    },
    {
      "type": "Feature",
      "properties": {
        "grid": "DM69",
        "field": "DM",
        "square_lon_index": 6,
        "square_lat_index": 9,
        "min_lon": -108,
        "min_lat": 39,
        "max_lon": -106,
        "max_lat": 40
      },
      "geometry": {
        "type": "Polygon",
        "coordinates": [
          [
            [
              -106.0,
              39.0
            ],
            [
              -106.0,
              40.0
            ],
            [
              -108.0,
              40.0
            ],
            [
              -108.0,
              39.0
            ],
            [
              -106.0,
              39.0
            ]
          ]
        ]
      }
    },
    {
      "type": "Feature",
      "properties": {
        "grid": "DM70",
        "field": "DM",
        "square_lon_index": 7,
        "square_lat_index": 0,
        "min_lon": -106,
        "min_lat": 30,
        "max_lon": -104,
        "max_lat": 31
      },
      "geometry": {
        "type": "Polygon",
        "coordinates": [
          [
            [
              -104.0,
              30.0
            ],
            [
              -104.0,
              31.0
            ],
            [
              -106.0,
              31.0
            ],
            [
              -106.0,
              30.0
            ],
            [
              -104.0,
              30.0
            ]
          ]
        ]
      }
    },
    {
      "type": "Feature",
      "properties": {
        "grid": "DM71",
        "field": "DM",
        "square_lon_index": 7,
        "square_lat_index": 1,
        "min_lon": -106,
        "min_lat": 31,
        "max_lon": -104,
        "max_lat": 32
      },
      "geometry": {
        "type": "Polygon",
        "coordinates": [
          [
            [
              -104.0,
              31.0
            ],
            [
              -104.0,
              32.0
            ],
            [
              -106.0,
              32.0
            ],
            [
              -106.0,
              31.0
            ],
            [
              -104.0,
              31.0
            ]
          ]
        ]
      }
    },
    {
      "type": "Feature",
      "properties": {
        "grid": "DM72",
        "field": "DM",
        "square_lon_index": 7,
        "square_lat_index": 2,
        "min_lon": -106,
        "min_lat": 32,
        "max_lon": -104,
        "max_lat": 33
      },
      "geometry": {
        "type": "Polygon",
        "coordinates": [
          [
            [
              -104.0,
              32.0
            ],
            [
              -104.0,
              33.0
            ],
            [
              -106.0,
              33.0
            ],
            [
              -106.0,
              32.0
            ],
            [
              -104.0,
              32.0
            ]
          ]
        ]
      }
    },
    {
      "type": "Feature",
      "properties": {
        "grid": "DM73",
        "field": "DM",
        "square_lon_index": 7,
        "square_lat_index": 3,
        "min_lon": -106,
        "min_lat": 33,
        "max_lon": -104,
        "max_lat": 34
      },
      "geometry": {
        "type": "Polygon",
        "coordinates": [
          [
            [
              -104.0,
              33.0
            ],
            [
              -104.0,
              34.0
            ],
            [
              -106.0,
              34.0
            ],
            [
              -106.0,
              33.0
            ],
            [
              -104.0,
              33.0
            ]
          ]
        ]
      }
    },
    {
      "type": "Feature",
      "properties": {
        "grid": "DM74",
        "field": "DM",
        "square_lon_index": 7,
        "square_lat_index": 4,
        "min_lon": -106,
        "min_lat": 34,
        "max_lon": -104,
        "max_lat": 35
      },
      "geometry": {
        "type": "Polygon",
        "coordinates": [
          [
            [
              -104.0,
              34.0
            ],
            [
              -104.0,
              35.0
            ],
            [
              -106.0,
              35.0
            ],
            [
              -106.0,
              34.0
            ],
            [
              -104.0,
              34.0
            ]
          ]
        ]
      }
    },
    {
      "type": "Feature",
      "properties": {
        "grid": "DM75",
        "field": "DM",
        "square_lon_index": 7,
        "square_lat_index": 5,
        "min_lon": -106,
        "min_lat": 35,
        "max_lon": -104,
        "max_lat": 36
      },
      "geometry": {
        "type": "Polygon",
        "coordinates": [
          [
            [
              -104.0,
              35.0
            ],
            [
              -104.0,
              36.0
            ],
            [
              -106.0,
              36.0
            ],
            [
              -106.0,
              35.0
            ],
            [
              -104.0,
              35.0
            ]
          ]
        ]
      }
    },
    {
      "type": "Feature",
      "properties": {
        "grid": "DM76",
        "field": "DM",
        "square_lon_index": 7,
        "square_lat_index": 6,
        "min_lon": -106,
        "min_lat": 36,
        "max_lon": -104,
        "max_lat": 37
      },
      "geometry": {
        "type": "Polygon",
        "coordinates": [
          [
            [
              -104.0,
              36.0
            ],
            [
              -104.0,
              37.0
            ],
            [
              -106.0,
              37.0
            ],
            [
              -106.0,
              36.0
            ],
            [
              -104.0,
              36.0
            ]
          ]
        ]
      }
    },
    {
      "type": "Feature",
      "properties": {
        "grid": "DM77",
        "field": "DM",
        "square_lon_index": 7,
        "square_lat_index": 7,
        "min_lon": -106,
        "min_lat": 37,
        "max_lon": -104,
        "max_lat": 38
      },
      "geometry": {
        "type": "Polygon",
        "coordinates": [
          [
            [
              -104.0,
              37.0
            ],
            [
              -104.0,
              38.0
            ],
            [
              -106.0,
              38.0
            ],
            [
              -106.0,
              37.0
            ],
            [
              -104.0,
              37.0
            ]
          ]
        ]
      }
    },
    {
      "type": "Feature",
      "properties": {
        "grid": "DM78",
        "field": "DM",
        "square_lon_index": 7,
        "square_lat_index": 8,
        "min_lon": -106,
        "min_lat": 38,
        "max_lon": -104,
        "max_lat": 39
      },
      "geometry": {
        "type": "Polygon",
        "coordinates": [
          [
            [
              -104.0,
              38.0
            ],
            [
              -104.0,
              39.0
            ],
            [
              -106.0,
              39.0
            ],
            [
              -106.0,
              38.0
            ],
            [
              -104.0,
              38.0
            ]
          ]
        ]
      }
    },
    {
      "type": "Feature",
      "properties": {
        "grid": "DM79",
        "field": "DM",
        "square_lon_index": 7,
        "square_lat_index": 9,
        "min_lon": -106,
        "min_lat": 39,
        "max_lon": -104,
        "max_lat": 40
      },
      "geometry": {
        "type": "Polygon",
        "coordinates": [
          [
            [
              -104.0,
              39.0
            ],
            [
              -104.0,
              40.0
            ],
            [
              -106.0,
              40.0
            ],
            [
              -106.0,
              39.0
            ],
            [
              -104.0,
              39.0
            ]
          ]
        ]
      }
    },
    {
      "type": "Feature",
      "properties": {
        "grid": "DM80",
        "field": "DM",
        "square_lon_index": 8,
        "square_lat_index": 0,
        "min_lon": -104,
        "min_lat": 30,
        "max_lon": -102,
        "max_lat": 31
      },
      "geometry": {
        "type": "Polygon",
        "coordinates": [
          [
            [
              -102.0,
              30.0
            ],
            [
              -102.0,
              31.0
            ],
            [
              -104.0,
              31.0
            ],
            [
              -104.0,
              30.0
            ],
            [
              -102.0,
              30.0
            ]
          ]
        ]
      }
    },
    {
      "type": "Feature",
      "properties": {
        "grid": "DM81",
        "field": "DM",
        "square_lon_index": 8,
        "square_lat_index": 1,
        "min_lon": -104,
        "min_lat": 31,
        "max_lon": -102,
        "max_lat": 32
      },
      "geometry": {
        "type": "Polygon",
        "coordinates": [
          [
            [
              -102.0,
              31.0
            ],
            [
              -102.0,
              32.0
            ],
            [
              -104.0,
              32.0
            ],
            [
              -104.0,
              31.0
            ],
            [
              -102.0,
              31.0
            ]
          ]
        ]
      }
    },
    {
      "type": "Feature",
      "properties": {
        "grid": "DM82",
        "field": "DM",
        "square_lon_index": 8,
        "square_lat_index": 2,
        "min_lon": -104,
        "min_lat": 32,
        "max_lon": -102,
        "max_lat": 33
      },
      "geometry": {
        "type": "Polygon",
        "coordinates": [
          [
            [
              -102.0,
              32.0
            ],
            [
              -102.0,
              33.0
            ],
            [
              -104.0,
              33.0
            ],
            [
              -104.0,
              32.0
            ],
            [
              -102.0,
              32.0
            ]
          ]
        ]
      }
    },
    {
      "type": "Feature",
      "properties": {
        "grid": "DM83",
        "field": "DM",
        "square_lon_index": 8,
        "square_lat_index": 3,
        "min_lon": -104,
        "min_lat": 33,
        "max_lon": -102,
        "max_lat": 34
      },
      "geometry": {
        "type": "Polygon",
        "coordinates": [
          [
            [
              -102.0,
              33.0
            ],
            [
              -102.0,
              34.0
            ],
            [
              -104.0,
              34.0
            ],
            [
              -104.0,
              33.0
            ],
            [
              -102.0,
              33.0
            ]
          ]
        ]
      }
    },
    {
      "type": "Feature",
      "properties": {
        "grid": "DM84",
        "field": "DM",
        "square_lon_index": 8,
        "square_lat_index": 4,
        "min_lon": -104,
        "min_lat": 34,
        "max_lon": -102,
        "max_lat": 35
      },
      "geometry": {
        "type": "Polygon",
        "coordinates": [
          [
            [
              -102.0,
              34.0
            ],
            [
              -102.0,
              35.0
            ],
            [
              -104.0,
              35.0
            ],
            [
              -104.0,
              34.0
            ],
            [
              -102.0,
              34.0
            ]
          ]
        ]
      }
    },
    {
      "type": "Feature",
      "properties": {
        "grid": "DM85",
        "field": "DM",
        "square_lon_index": 8,
        "square_lat_index": 5,
        "min_lon": -104,
        "min_lat": 35,
        "max_lon": -102,
        "max_lat": 36
      },
      "geometry": {
        "type": "Polygon",
        "coordinates": [
          [
            [
              -102.0,
              35.0
            ],
            [
              -102.0,
              36.0
            ],
            [
              -104.0,
              36.0
            ],
            [
              -104.0,
              35.0
            ],
            [
              -102.0,
              35.0
            ]
          ]
        ]
      }
    },
    {
      "type": "Feature",
      "properties": {
        "grid": "DM86",
        "field": "DM",
        "square_lon_index": 8,
        "square_lat_index": 6,
        "min_lon": -104,
        "min_lat": 36,
        "max_lon": -102,
        "max_lat": 37
      },
      "geometry": {
        "type": "Polygon",
        "coordinates": [
          [
            [
              -102.0,
              36.0
            ],
            [
              -102.0,
              37.0
            ],
            [
              -104.0,
              37.0
            ],
            [
              -104.0,
              36.0
            ],
            [
              -102.0,
              36.0
            ]
          ]
        ]
      }
    },
    {
      "type": "Feature",
      "properties": {
        "grid": "DM87",
        "field": "DM",
        "square_lon_index": 8,
        "square_lat_index": 7,
        "min_lon": -104,
        "min_lat": 37,
        "max_lon": -102,
        "max_lat": 38
      },
      "geometry": {
        "type": "Polygon",
        "coordinates": [
          [
            [
              -102.0,
              37.0
            ],
            [
              -102.0,
              38.0
            ],
            [
              -104.0,
              38.0
            ],
            [
              -104.0,
              37.0
            ],
            [
              -102.0,
              37.0
            ]
          ]
        ]
      }
    },
    {
      "type": "Feature",
      "properties": {
        "grid": "DM88",
        "field": "DM",
        "square_lon_index": 8,
        "square_lat_index": 8,
        "min_lon": -104,
        "min_lat": 38,
        "max_lon": -102,
        "max_lat": 39
      },
      "geometry": {
        "type": "Polygon",
        "coordinates": [
          [
            [
              -102.0,
              38.0
            ],
            [
              -102.0,
              39.0
            ],
            [
              -104.0,
              39.0
            ],
            [
              -104.0,
              38.0
            ],
            [
              -102.0,
              38.0
            ]
          ]
        ]
      }
    },
    {
      "type": "Feature",
      "properties": {
        "grid": "DM89",
        "field": "DM",
        "square_lon_index": 8,
        "square_lat_index": 9,
        "min_lon": -104,
        "min_lat": 39,
        "max_lon": -102,
        "max_lat": 40
      },
      "geometry": {
        "type": "Polygon",
        "coordinates": [
          [
            [
              -102.0,
              39.0
            ],
            [
              -102.0,
              40.0
            ],
            [
              -104.0,
              40.0
            ],
            [
              -104.0,
              39.0
            ],
            [
              -102.0,
              39.0
            ]
          ]
        ]
      }
    },
    {
      "type": "Feature",
      "properties": {
        "grid": "DM90",
        "field": "DM",
        "square_lon_index": 9,
        "square_lat_index": 0,
        "min_lon": -102,
        "min_lat": 30,
        "max_lon": -100,
        "max_lat": 31
      },
      "geometry": {
        "type": "Polygon",
        "coordinates": [
          [
            [
              -100.0,
              30.0
            ],
            [
              -100.0,
              31.0
            ],
            [
              -102.0,
              31.0
            ],
            [
              -102.0,
              30.0
            ],
            [
              -100.0,
              30.0
            ]
          ]
        ]
      }
    },
    {
      "type": "Feature",
      "properties": {
        "grid": "DM91",
        "field": "DM",
        "square_lon_index": 9,
        "square_lat_index": 1,
        "min_lon": -102,
        "min_lat": 31,
        "max_lon": -100,
        "max_lat": 32
      },
      "geometry": {
        "type": "Polygon",
        "coordinates": [
          [
            [
              -100.0,
              31.0
            ],
            [
              -100.0,
              32.0
            ],
            [
              -102.0,
              32.0
            ],
            [
              -102.0,
              31.0
            ],
            [
              -100.0,
              31.0
            ]
          ]
        ]
      }
    },
    {
      "type": "Feature",
      "properties": {
        "grid": "DM92",
        "field": "DM",
        "square_lon_index": 9,
        "square_lat_index": 2,
        "min_lon": -102,
        "min_lat": 32,
        "max_lon": -100,
        "max_lat": 33
      },
      "geometry": {
        "type": "Polygon",
        "coordinates": [
          [
            [
              -100.0,
              32.0
            ],
            [
              -100.0,
              33.0
            ],
            [
              -102.0,
              33.0
            ],
            [
              -102.0,
              32.0
            ],
            [
              -100.0,
              32.0
            ]
          ]
        ]
      }
    },
    {
      "type": "Feature",
      "properties": {
        "grid": "DM93",
        "field": "DM",
        "square_lon_index": 9,
        "square_lat_index": 3,
        "min_lon": -102,
        "min_lat": 33,
        "max_lon": -100,
        "max_lat": 34
      },
      "geometry": {
        "type": "Polygon",
        "coordinates": [
          [
            [
              -100.0,
              33.0
            ],
            [
              -100.0,
              34.0
            ],
            [
              -102.0,
              34.0
            ],
            [
              -102.0,
              33.0
            ],
            [
              -100.0,
              33.0
            ]
          ]
        ]
      }
    },
    {
      "type": "Feature",
      "properties": {
        "grid": "DM94",
        "field": "DM",
        "square_lon_index": 9,
        "square_lat_index": 4,
        "min_lon": -102,
        "min_lat": 34,
        "max_lon": -100,
        "max_lat": 35
      },
      "geometry": {
        "type": "Polygon",
        "coordinates": [
          [
            [
              -100.0,
              34.0
            ],
            [
              -100.0,
              35.0
            ],
            [
              -102.0,
              35.0
            ],
            [
              -102.0,
              34.0
            ],
            [
              -100.0,
              34.0
            ]
          ]
        ]
      }
    },
    {
      "type": "Feature",
      "properties": {
        "grid": "DM95",
        "field": "DM",
        "square_lon_index": 9,
        "square_lat_index": 5,
        "min_lon": -102,
        "min_lat": 35,
        "max_lon": -100,
        "max_lat": 36
      },
      "geometry": {
        "type": "Polygon",
        "coordinates": [
          [
            [
              -100.0,
              35.0
            ],
            [
              -100.0,
              36.0
            ],
            [
              -102.0,
              36.0
            ],
            [
              -102.0,
              35.0
            ],
            [
              -100.0,
              35.0
            ]
          ]
        ]
      }
    },
    {
      "type": "Feature",
      "properties": {
        "grid": "DM96",
        "field": "DM",
        "square_lon_index": 9,
        "square_lat_index": 6,
        "min_lon": -102,
        "min_lat": 36,
        "max_lon": -100,
        "max_lat": 37
      },
      "geometry": {
        "type": "Polygon",
        "coordinates": [
          [
            [
              -100.0,
              36.0
            ],
            [
              -100.0,
              37.0
            ],
            [
              -102.0,
              37.0
            ],
            [
              -102.0,
              36.0
            ],
            [
              -100.0,
              36.0
            ]
          ]
        ]
      }
    },
    {
      "type": "Feature",
      "properties": {
        "grid": "DM97",
        "field": "DM",
        "square_lon_index": 9,
        "square_lat_index": 7,
        "min_lon": -102,
        "min_lat": 37,
        "max_lon": -100,
        "max_lat": 38
      },
      "geometry": {
        "type": "Polygon",
        "coordinates": [
          [
            [
              -100.0,
              37.0
            ],
            [
              -100.0,
              38.0
            ],
            [
              -102.0,
              38.0
            ],
            [
              -102.0,
              37.0
            ],
            [
              -100.0,
              37.0
            ]
          ]
        ]
      }
    },
    {
      "type": "Feature",
      "properties": {
        "grid": "DM98",
        "field": "DM",
        "square_lon_index": 9,
        "square_lat_index": 8,
        "min_lon": -102,
        "min_lat": 38,
        "max_lon": -100,
        "max_lat": 39
      },
      "geometry": {
        "type": "Polygon",
        "coordinates": [
          [
            [
              -100.0,
              38.0
            ],
            [
              -100.0,
              39.0
            ],
            [
              -102.0,
              39.0
            ],
            [
              -102.0,
              38.0
            ],
            [
              -100.0,
              38.0
            ]
          ]
        ]
      }
    },
    {
      "type": "Feature",
      "properties": {
        "grid": "DM99",
        "field": "DM",
        "square_lon_index": 9,
        "square_lat_index": 9,
        "min_lon": -102,
        "min_lat": 39,
        "max_lon": -100,
        "max_lat": 40
      },
      "geometry": {
        "type": "Polygon",
        "coordinates": [
          [
            [
              -100.0,
              39.0
            ],
            [
              -100.0,
              40.0
            ],
            [
              -102.0,
              40.0
            ],
            [
              -102.0,
              39.0
            ],
            [
              -100.0,
              39.0
            ]
          ]
        ]
      }
    },
    {
      "type": "Feature",
      "properties": {
        "grid": "DN00",
        "field": "DN",
        "square_lon_index": 0,
        "square_lat_index": 0,
        "min_lon": -120,
        "min_lat": 40,
        "max_lon": -118,
        "max_lat": 41
      },
      "geometry": {
        "type": "Polygon",
        "coordinates": [
          [
            [
              -118.0,
              40.0
            ],
            [
              -118.0,
              41.0
            ],
            [
              -120.0,
              41.0
            ],
            [
              -120.0,
              40.0
            ],
            [
              -118.0,
              40.0
            ]
          ]
        ]
      }
    },
    {
      "type": "Feature",
      "properties": {
        "grid": "DN01",
        "field": "DN",
        "square_lon_index": 0,
        "square_lat_index": 1,
        "min_lon": -120,
        "min_lat": 41,
        "max_lon": -118,
        "max_lat": 42
      },
      "geometry": {
        "type": "Polygon",
        "coordinates": [
          [
            [
              -118.0,
              41.0
            ],
            [
              -118.0,
              42.0
            ],
            [
              -120.0,
              42.0
            ],
            [
              -120.0,
              41.0
            ],
            [
              -118.0,
              41.0
            ]
          ]
        ]
      }
    },
    {
      "type": "Feature",
      "properties": {
        "grid": "DN02",
        "field": "DN",
        "square_lon_index": 0,
        "square_lat_index": 2,
        "min_lon": -120,
        "min_lat": 42,
        "max_lon": -118,
        "max_lat": 43
      },
      "geometry": {
        "type": "Polygon",
        "coordinates": [
          [
            [
              -118.0,
              42.0
            ],
            [
              -118.0,
              43.0
            ],
            [
              -120.0,
              43.0
            ],
            [
              -120.0,
              42.0
            ],
            [
              -118.0,
              42.0
            ]
          ]
        ]
      }
    },
    {
      "type": "Feature",
      "properties": {
        "grid": "DN03",
        "field": "DN",
        "square_lon_index": 0,
        "square_lat_index": 3,
        "min_lon": -120,
        "min_lat": 43,
        "max_lon": -118,
        "max_lat": 44
      },
      "geometry": {
        "type": "Polygon",
        "coordinates": [
          [
            [
              -118.0,
              43.0
            ],
            [
              -118.0,
              44.0
            ],
            [
              -120.0,
              44.0
            ],
            [
              -120.0,
              43.0
            ],
            [
              -118.0,
              43.0
            ]
          ]
        ]
      }
    },
    {
      "type": "Feature",
      "properties": {
        "grid": "DN04",
        "field": "DN",
        "square_lon_index": 0,
        "square_lat_index": 4,
        "min_lon": -120,
        "min_lat": 44,
        "max_lon": -118,
        "max_lat": 45
      },
      "geometry": {
        "type": "Polygon",
        "coordinates": [
          [
            [
              -118.0,
              44.0
            ],
            [
              -118.0,
              45.0
            ],
            [
              -120.0,
              45.0
            ],
            [
              -120.0,
              44.0
            ],
            [
              -118.0,
              44.0
            ]
          ]
        ]
      }
    },
    {
      "type": "Feature",
      "properties": {
        "grid": "DN05",
        "field": "DN",
        "square_lon_index": 0,
        "square_lat_index": 5,
        "min_lon": -120,
        "min_lat": 45,
        "max_lon": -118,
        "max_lat": 46
      },
      "geometry": {
        "type": "Polygon",
        "coordinates": [
          [
            [
              -118.0,
              45.0
            ],
            [
              -118.0,
              46.0
            ],
            [
              -120.0,
              46.0
            ],
            [
              -120.0,
              45.0
            ],
            [
              -118.0,
              45.0
            ]
          ]
        ]
      }
    },
    {
      "type": "Feature",
      "properties": {
        "grid": "DN06",
        "field": "DN",
        "square_lon_index": 0,
        "square_lat_index": 6,
        "min_lon": -120,
        "min_lat": 46,
        "max_lon": -118,
        "max_lat": 47
      },
      "geometry": {
        "type": "Polygon",
        "coordinates": [
          [
            [
              -118.0,
              46.0
            ],
            [
              -118.0,
              47.0
            ],
            [
              -120.0,
              47.0
            ],
            [
              -120.0,
              46.0
            ],
            [
              -118.0,
              46.0
            ]
          ]
        ]
      }
    },
    {
      "type": "Feature",
      "properties": {
        "grid": "DN07",
        "field": "DN",
        "square_lon_index": 0,
        "square_lat_index": 7,
        "min_lon": -120,
        "min_lat": 47,
        "max_lon": -118,
        "max_lat": 48
      },
      "geometry": {
        "type": "Polygon",
        "coordinates": [
          [
            [
              -118.0,
              47.0
            ],
            [
              -118.0,
              48.0
            ],
            [
              -120.0,
              48.0
            ],
            [
              -120.0,
              47.0
            ],
            [
              -118.0,
              47.0
            ]
          ]
        ]
      }
    },
    {
      "type": "Feature",
      "properties": {
        "grid": "DN08",
        "field": "DN",
        "square_lon_index": 0,
        "square_lat_index": 8,
        "min_lon": -120,
        "min_lat": 48,
        "max_lon": -118,
        "max_lat": 49
      },
      "geometry": {
        "type": "Polygon",
        "coordinates": [
          [
            [
              -118.0,
              48.0
            ],
            [
              -118.0,
              49.0
            ],
            [
              -120.0,
              49.0
            ],
            [
              -120.0,
              48.0
            ],
            [
              -118.0,
              48.0
            ]
          ]
        ]
      }
    },
    {
      "type": "Feature",
      "properties": {
        "grid": "DN10",
        "field": "DN",
        "square_lon_index": 1,
        "square_lat_index": 0,
        "min_lon": -118,
        "min_lat": 40,
        "max_lon": -116,
        "max_lat": 41
      },
      "geometry": {
        "type": "Polygon",
        "coordinates": [
          [
            [
              -116.0,
              40.0
            ],
            [
              -116.0,
              41.0
            ],
            [
              -118.0,
              41.0
            ],
            [
              -118.0,
              40.0
            ],
            [
              -116.0,
              40.0
            ]
          ]
        ]
      }
    },
    {
      "type": "Feature",
      "properties": {
        "grid": "DN11",
        "field": "DN",
        "square_lon_index": 1,
        "square_lat_index": 1,
        "min_lon": -118,
        "min_lat": 41,
        "max_lon": -116,
        "max_lat": 42
      },
      "geometry": {
        "type": "Polygon",
        "coordinates": [
          [
            [
              -116.0,
              41.0
            ],
            [
              -116.0,
              42.0
            ],
            [
              -118.0,
              42.0
            ],
            [
              -118.0,
              41.0
            ],
            [
              -116.0,
              41.0
            ]
          ]
        ]
      }
    },
    {
      "type": "Feature",
      "properties": {
        "grid": "DN12",
        "field": "DN",
        "square_lon_index": 1,
        "square_lat_index": 2,
        "min_lon": -118,
        "min_lat": 42,
        "max_lon": -116,
        "max_lat": 43
      },
      "geometry": {
        "type": "Polygon",
        "coordinates": [
          [
            [
              -116.0,
              42.0
            ],
            [
              -116.0,
              43.0
            ],
            [
              -118.0,
              43.0
            ],
            [
              -118.0,
              42.0
            ],
            [
              -116.0,
              42.0
            ]
          ]
        ]
      }
    },
    {
      "type": "Feature",
      "properties": {
        "grid": "DN13",
        "field": "DN",
        "square_lon_index": 1,
        "square_lat_index": 3,
        "min_lon": -118,
        "min_lat": 43,
        "max_lon": -116,
        "max_lat": 44
      },
      "geometry": {
        "type": "Polygon",
        "coordinates": [
          [
            [
              -116.0,
              43.0
            ],
            [
              -116.0,
              44.0
            ],
            [
              -118.0,
              44.0
            ],
            [
              -118.0,
              43.0
            ],
            [
              -116.0,
              43.0
            ]
          ]
        ]
      }
    },
    {
      "type": "Feature",
      "properties": {
        "grid": "DN14",
        "field": "DN",
        "square_lon_index": 1,
        "square_lat_index": 4,
        "min_lon": -118,
        "min_lat": 44,
        "max_lon": -116,
        "max_lat": 45
      },
      "geometry": {
        "type": "Polygon",
        "coordinates": [
          [
            [
              -116.0,
              44.0
            ],
            [
              -116.0,
              45.0
            ],
            [
              -118.0,
              45.0
            ],
            [
              -118.0,
              44.0
            ],
            [
              -116.0,
              44.0
            ]
          ]
        ]
      }
    },
    {
      "type": "Feature",
      "properties": {
        "grid": "DN15",
        "field": "DN",
        "square_lon_index": 1,
        "square_lat_index": 5,
        "min_lon": -118,
        "min_lat": 45,
        "max_lon": -116,
        "max_lat": 46
      },
      "geometry": {
        "type": "Polygon",
        "coordinates": [
          [
            [
              -116.0,
              45.0
            ],
            [
              -116.0,
              46.0
            ],
            [
              -118.0,
              46.0
            ],
            [
              -118.0,
              45.0
            ],
            [
              -116.0,
              45.0
            ]
          ]
        ]
      }
    },
    {
      "type": "Feature",
      "properties": {
        "grid": "DN16",
        "field": "DN",
        "square_lon_index": 1,
        "square_lat_index": 6,
        "min_lon": -118,
        "min_lat": 46,
        "max_lon": -116,
        "max_lat": 47
      },
      "geometry": {
        "type": "Polygon",
        "coordinates": [
          [
            [
              -116.0,
              46.0
            ],
            [
              -116.0,
              47.0
            ],
            [
              -118.0,
              47.0
            ],
            [
              -118.0,
              46.0
            ],
            [
              -116.0,
              46.0
            ]
          ]
        ]
      }
    },
    {
      "type": "Feature",
      "properties": {
        "grid": "DN17",
        "field": "DN",
        "square_lon_index": 1,
        "square_lat_index": 7,
        "min_lon": -118,
        "min_lat": 47,
        "max_lon": -116,
        "max_lat": 48
      },
      "geometry": {
        "type": "Polygon",
        "coordinates": [
          [
            [
              -116.0,
              47.0
            ],
            [
              -116.0,
              48.0
            ],
            [
              -118.0,
              48.0
            ],
            [
              -118.0,
              47.0
            ],
            [
              -116.0,
              47.0
            ]
          ]
        ]
      }
    },
    {
      "type": "Feature",
      "properties": {
        "grid": "DN18",
        "field": "DN",
        "square_lon_index": 1,
        "square_lat_index": 8,
        "min_lon": -118,
        "min_lat": 48,
        "max_lon": -116,
        "max_lat": 49
      },
      "geometry": {
        "type": "Polygon",
        "coordinates": [
          [
            [
              -116.0,
              48.0
            ],
            [
              -116.0,
              49.0
            ],
            [
              -118.0,
              49.0
            ],
            [
              -118.0,
              48.0
            ],
            [
              -116.0,
              48.0
            ]
          ]
        ]
      }
    },
    {
      "type": "Feature",
      "properties": {
        "grid": "DN20",
        "field": "DN",
        "square_lon_index": 2,
        "square_lat_index": 0,
        "min_lon": -116,
        "min_lat": 40,
        "max_lon": -114,
        "max_lat": 41
      },
      "geometry": {
        "type": "Polygon",
        "coordinates": [
          [
            [
              -114.0,
              40.0
            ],
            [
              -114.0,
              41.0
            ],
            [
              -116.0,
              41.0
            ],
            [
              -116.0,
              40.0
            ],
            [
              -114.0,
              40.0
            ]
          ]
        ]
      }
    },
    {
      "type": "Feature",
      "properties": {
        "grid": "DN21",
        "field": "DN",
        "square_lon_index": 2,
        "square_lat_index": 1,
        "min_lon": -116,
        "min_lat": 41,
        "max_lon": -114,
        "max_lat": 42
      },
      "geometry": {
        "type": "Polygon",
        "coordinates": [
          [
            [
              -114.0,
              41.0
            ],
            [
              -114.0,
              42.0
            ],
            [
              -116.0,
              42.0
            ],
            [
              -116.0,
              41.0
            ],
            [
              -114.0,
              41.0
            ]
          ]
        ]
      }
    },
    {
      "type": "Feature",
      "properties": {
        "grid": "DN22",
        "field": "DN",
        "square_lon_index": 2,
        "square_lat_index": 2,
        "min_lon": -116,
        "min_lat": 42,
        "max_lon": -114,
        "max_lat": 43
      },
      "geometry": {
        "type": "Polygon",
        "coordinates": [
          [
            [
              -114.0,
              42.0
            ],
            [
              -114.0,
              43.0
            ],
            [
              -116.0,
              43.0
            ],
            [
              -116.0,
              42.0
            ],
            [
              -114.0,
              42.0
            ]
          ]
        ]
      }
    },
    {
      "type": "Feature",
      "properties": {
        "grid": "DN23",
        "field": "DN",
        "square_lon_index": 2,
        "square_lat_index": 3,
        "min_lon": -116,
        "min_lat": 43,
        "max_lon": -114,
        "max_lat": 44
      },
      "geometry": {
        "type": "Polygon",
        "coordinates": [
          [
            [
              -114.0,
              43.0
            ],
            [
              -114.0,
              44.0
            ],
            [
              -116.0,
              44.0
            ],
            [
              -116.0,
              43.0
            ],
            [
              -114.0,
              43.0
            ]
          ]
        ]
      }
    },
    {
      "type": "Feature",
      "properties": {
        "grid": "DN24",
        "field": "DN",
        "square_lon_index": 2,
        "square_lat_index": 4,
        "min_lon": -116,
        "min_lat": 44,
        "max_lon": -114,
        "max_lat": 45
      },
      "geometry": {
        "type": "Polygon",
        "coordinates": [
          [
            [
              -114.0,
              44.0
            ],
            [
              -114.0,
              45.0
            ],
            [
              -116.0,
              45.0
            ],
            [
              -116.0,
              44.0
            ],
            [
              -114.0,
              44.0
            ]
          ]
        ]
      }
    },
    {
      "type": "Feature",
      "properties": {
        "grid": "DN25",
        "field": "DN",
        "square_lon_index": 2,
        "square_lat_index": 5,
        "min_lon": -116,
        "min_lat": 45,
        "max_lon": -114,
        "max_lat": 46
      },
      "geometry": {
        "type": "Polygon",
        "coordinates": [
          [
            [
              -114.0,
              45.0
            ],
            [
              -114.0,
              46.0
            ],
            [
              -116.0,
              46.0
            ],
            [
              -116.0,
              45.0
            ],
            [
              -114.0,
              45.0
            ]
          ]
        ]
      }
    },
    {
      "type": "Feature",
      "properties": {
        "grid": "DN26",
        "field": "DN",
        "square_lon_index": 2,
        "square_lat_index": 6,
        "min_lon": -116,
        "min_lat": 46,
        "max_lon": -114,
        "max_lat": 47
      },
      "geometry": {
        "type": "Polygon",
        "coordinates": [
          [
            [
              -114.0,
              46.0
            ],
            [
              -114.0,
              47.0
            ],
            [
              -116.0,
              47.0
            ],
            [
              -116.0,
              46.0
            ],
            [
              -114.0,
              46.0
            ]
          ]
        ]
      }
    },
    {
      "type": "Feature",
      "properties": {
        "grid": "DN27",
        "field": "DN",
        "square_lon_index": 2,
        "square_lat_index": 7,
        "min_lon": -116,
        "min_lat": 47,
        "max_lon": -114,
        "max_lat": 48
      },
      "geometry": {
        "type": "Polygon",
        "coordinates": [
          [
            [
              -114.0,
              47.0
            ],
            [
              -114.0,
              48.0
            ],
            [
              -116.0,
              48.0
            ],
            [
              -116.0,
              47.0
            ],
            [
              -114.0,
              47.0
            ]
          ]
        ]
      }
    },
    {
      "type": "Feature",
      "properties": {
        "grid": "DN28",
        "field": "DN",
        "square_lon_index": 2,
        "square_lat_index": 8,
        "min_lon": -116,
        "min_lat": 48,
        "max_lon": -114,
        "max_lat": 49
      },
      "geometry": {
        "type": "Polygon",
        "coordinates": [
          [
            [
              -114.0,
              48.0
            ],
            [
              -114.0,
              49.0
            ],
            [
              -116.0,
              49.0
            ],
            [
              -116.0,
              48.0
            ],
            [
              -114.0,
              48.0
            ]
          ]
        ]
      }
    },
    {
      "type": "Feature",
      "properties": {
        "grid": "DN30",
        "field": "DN",
        "square_lon_index": 3,
        "square_lat_index": 0,
        "min_lon": -114,
        "min_lat": 40,
        "max_lon": -112,
        "max_lat": 41
      },
      "geometry": {
        "type": "Polygon",
        "coordinates": [
          [
            [
              -112.0,
              40.0
            ],
            [
              -112.0,
              41.0
            ],
            [
              -114.0,
              41.0
            ],
            [
              -114.0,
              40.0
            ],
            [
              -112.0,
              40.0
            ]
          ]
        ]
      }
    },
    {
      "type": "Feature",
      "properties": {
        "grid": "DN31",
        "field": "DN",
        "square_lon_index": 3,
        "square_lat_index": 1,
        "min_lon": -114,
        "min_lat": 41,
        "max_lon": -112,
        "max_lat": 42
      },
      "geometry": {
        "type": "Polygon",
        "coordinates": [
          [
            [
              -112.0,
              41.0
            ],
            [
              -112.0,
              42.0
            ],
            [
              -114.0,
              42.0
            ],
            [
              -114.0,
              41.0
            ],
            [
              -112.0,
              41.0
            ]
          ]
        ]
      }
    },
    {
      "type": "Feature",
      "properties": {
        "grid": "DN32",
        "field": "DN",
        "square_lon_index": 3,
        "square_lat_index": 2,
        "min_lon": -114,
        "min_lat": 42,
        "max_lon": -112,
        "max_lat": 43
      },
      "geometry": {
        "type": "Polygon",
        "coordinates": [
          [
            [
              -112.0,
              42.0
            ],
            [
              -112.0,
              43.0
            ],
            [
              -114.0,
              43.0
            ],
            [
              -114.0,
              42.0
            ],
            [
              -112.0,
              42.0
            ]
          ]
        ]
      }
    },
    {
      "type": "Feature",
      "properties": {
        "grid": "DN33",
        "field": "DN",
        "square_lon_index": 3,
        "square_lat_index": 3,
        "min_lon": -114,
        "min_lat": 43,
        "max_lon": -112,
        "max_lat": 44
      },
      "geometry": {
        "type": "Polygon",
        "coordinates": [
          [
            [
              -112.0,
              43.0
            ],
            [
              -112.0,
              44.0
            ],
            [
              -114.0,
              44.0
            ],
            [
              -114.0,
              43.0
            ],
            [
              -112.0,
              43.0
            ]
          ]
        ]
      }
    },
    {
      "type": "Feature",
      "properties": {
        "grid": "DN34",
        "field": "DN",
        "square_lon_index": 3,
        "square_lat_index": 4,
        "min_lon": -114,
        "min_lat": 44,
        "max_lon": -112,
        "max_lat": 45
      },
      "geometry": {
        "type": "Polygon",
        "coordinates": [
          [
            [
              -112.0,
              44.0
            ],
            [
              -112.0,
              45.0
            ],
            [
              -114.0,
              45.0
            ],
            [
              -114.0,
              44.0
            ],
            [
              -112.0,
              44.0
            ]
          ]
        ]
      }
    },
    {
      "type": "Feature",
      "properties": {
        "grid": "DN35",
        "field": "DN",
        "square_lon_index": 3,
        "square_lat_index": 5,
        "min_lon": -114,
        "min_lat": 45,
        "max_lon": -112,
        "max_lat": 46
      },
      "geometry": {
        "type": "Polygon",
        "coordinates": [
          [
            [
              -112.0,
              45.0
            ],
            [
              -112.0,
              46.0
            ],
            [
              -114.0,
              46.0
            ],
            [
              -114.0,
              45.0
            ],
            [
              -112.0,
              45.0
            ]
          ]
        ]
      }
    },
    {
      "type": "Feature",
      "properties": {
        "grid": "DN36",
        "field": "DN",
        "square_lon_index": 3,
        "square_lat_index": 6,
        "min_lon": -114,
        "min_lat": 46,
        "max_lon": -112,
        "max_lat": 47
      },
      "geometry": {
        "type": "Polygon",
        "coordinates": [
          [
            [
              -112.0,
              46.0
            ],
            [
              -112.0,
              47.0
            ],
            [
              -114.0,
              47.0
            ],
            [
              -114.0,
              46.0
            ],
            [
              -112.0,
              46.0
            ]
          ]
        ]
      }
    },
    {
      "type": "Feature",
      "properties": {
        "grid": "DN37",
        "field": "DN",
        "square_lon_index": 3,
        "square_lat_index": 7,
        "min_lon": -114,
        "min_lat": 47,
        "max_lon": -112,
        "max_lat": 48
      },
      "geometry": {
        "type": "Polygon",
        "coordinates": [
          [
            [
              -112.0,
              47.0
            ],
            [
              -112.0,
              48.0
            ],
            [
              -114.0,
              48.0
            ],
            [
              -114.0,
              47.0
            ],
            [
              -112.0,
              47.0
            ]
          ]
        ]
      }
    },
    {
      "type": "Feature",
      "properties": {
        "grid": "DN38",
        "field": "DN",
        "square_lon_index": 3,
        "square_lat_index": 8,
        "min_lon": -114,
        "min_lat": 48,
        "max_lon": -112,
        "max_lat": 49
      },
      "geometry": {
        "type": "Polygon",
        "coordinates": [
          [
            [
              -112.0,
              48.0
            ],
            [
              -112.0,
              49.0
            ],
            [
              -114.0,
              49.0
            ],
            [
              -114.0,
              48.0
            ],
            [
              -112.0,
              48.0
            ]
          ]
        ]
      }
    },
    {
      "type": "Feature",
      "properties": {
        "grid": "DN40",
        "field": "DN",
        "square_lon_index": 4,
        "square_lat_index": 0,
        "min_lon": -112,
        "min_lat": 40,
        "max_lon": -110,
        "max_lat": 41
      },
      "geometry": {
        "type": "Polygon",
        "coordinates": [
          [
            [
              -110.0,
              40.0
            ],
            [
              -110.0,
              41.0
            ],
            [
              -112.0,
              41.0
            ],
            [
              -112.0,
              40.0
            ],
            [
              -110.0,
              40.0
            ]
          ]
        ]
      }
    },
    {
      "type": "Feature",
      "properties": {
        "grid": "DN41",
        "field": "DN",
        "square_lon_index": 4,
        "square_lat_index": 1,
        "min_lon": -112,
        "min_lat": 41,
        "max_lon": -110,
        "max_lat": 42
      },
      "geometry": {
        "type": "Polygon",
        "coordinates": [
          [
            [
              -110.0,
              41.0
            ],
            [
              -110.0,
              42.0
            ],
            [
              -112.0,
              42.0
            ],
            [
              -112.0,
              41.0
            ],
            [
              -110.0,
              41.0
            ]
          ]
        ]
      }
    },
    {
      "type": "Feature",
      "properties": {
        "grid": "DN42",
        "field": "DN",
        "square_lon_index": 4,
        "square_lat_index": 2,
        "min_lon": -112,
        "min_lat": 42,
        "max_lon": -110,
        "max_lat": 43
      },
      "geometry": {
        "type": "Polygon",
        "coordinates": [
          [
            [
              -110.0,
              42.0
            ],
            [
              -110.0,
              43.0
            ],
            [
              -112.0,
              43.0
            ],
            [
              -112.0,
              42.0
            ],
            [
              -110.0,
              42.0
            ]
          ]
        ]
      }
    },
    {
      "type": "Feature",
      "properties": {
        "grid": "DN43",
        "field": "DN",
        "square_lon_index": 4,
        "square_lat_index": 3,
        "min_lon": -112,
        "min_lat": 43,
        "max_lon": -110,
        "max_lat": 44
      },
      "geometry": {
        "type": "Polygon",
        "coordinates": [
          [
            [
              -110.0,
              43.0
            ],
            [
              -110.0,
              44.0
            ],
            [
              -112.0,
              44.0
            ],
            [
              -112.0,
              43.0
            ],
            [
              -110.0,
              43.0
            ]
          ]
        ]
      }
    },
    {
      "type": "Feature",
      "properties": {
        "grid": "DN44",
        "field": "DN",
        "square_lon_index": 4,
        "square_lat_index": 4,
        "min_lon": -112,
        "min_lat": 44,
        "max_lon": -110,
        "max_lat": 45
      },
      "geometry": {
        "type": "Polygon",
        "coordinates": [
          [
            [
              -110.0,
              44.0
            ],
            [
              -110.0,
              45.0
            ],
            [
              -112.0,
              45.0
            ],
            [
              -112.0,
              44.0
            ],
            [
              -110.0,
              44.0
            ]
          ]
        ]
      }
    },
    {
      "type": "Feature",
      "properties": {
        "grid": "DN45",
        "field": "DN",
        "square_lon_index": 4,
        "square_lat_index": 5,
        "min_lon": -112,
        "min_lat": 45,
        "max_lon": -110,
        "max_lat": 46
      },
      "geometry": {
        "type": "Polygon",
        "coordinates": [
          [
            [
              -110.0,
              45.0
            ],
            [
              -110.0,
              46.0
            ],
            [
              -112.0,
              46.0
            ],
            [
              -112.0,
              45.0
            ],
            [
              -110.0,
              45.0
            ]
          ]
        ]
      }
    },
    {
      "type": "Feature",
      "properties": {
        "grid": "DN46",
        "field": "DN",
        "square_lon_index": 4,
        "square_lat_index": 6,
        "min_lon": -112,
        "min_lat": 46,
        "max_lon": -110,
        "max_lat": 47
      },
      "geometry": {
        "type": "Polygon",
        "coordinates": [
          [
            [
              -110.0,
              46.0
            ],
            [
              -110.0,
              47.0
            ],
            [
              -112.0,
              47.0
            ],
            [
              -112.0,
              46.0
            ],
            [
              -110.0,
              46.0
            ]
          ]
        ]
      }
    },
    {
      "type": "Feature",
      "properties": {
        "grid": "DN47",
        "field": "DN",
        "square_lon_index": 4,
        "square_lat_index": 7,
        "min_lon": -112,
        "min_lat": 47,
        "max_lon": -110,
        "max_lat": 48
      },
      "geometry": {
        "type": "Polygon",
        "coordinates": [
          [
            [
              -110.0,
              47.0
            ],
            [
              -110.0,
              48.0
            ],
            [
              -112.0,
              48.0
            ],
            [
              -112.0,
              47.0
            ],
            [
              -110.0,
              47.0
            ]
          ]
        ]
      }
    },
    {
      "type": "Feature",
      "properties": {
        "grid": "DN48",
        "field": "DN",
        "square_lon_index": 4,
        "square_lat_index": 8,
        "min_lon": -112,
        "min_lat": 48,
        "max_lon": -110,
        "max_lat": 49
      },
      "geometry": {
        "type": "Polygon",
        "coordinates": [
          [
            [
              -110.0,
              48.0
            ],
            [
              -110.0,
              49.0
            ],
            [
              -112.0,
              49.0
            ],
            [
              -112.0,
              48.0
            ],
            [
              -110.0,
              48.0
            ]
          ]
        ]
      }
    },
    {
      "type": "Feature",
      "properties": {
        "grid": "DN50",
        "field": "DN",
        "square_lon_index": 5,
        "square_lat_index": 0,
        "min_lon": -110,
        "min_lat": 40,
        "max_lon": -108,
        "max_lat": 41
      },
      "geometry": {
        "type": "Polygon",
        "coordinates": [
          [
            [
              -108.0,
              40.0
            ],
            [
              -108.0,
              41.0
            ],
            [
              -110.0,
              41.0
            ],
            [
              -110.0,
              40.0
            ],
            [
              -108.0,
              40.0
            ]
          ]
        ]
      }
    },
    {
      "type": "Feature",
      "properties": {
        "grid": "DN51",
        "field": "DN",
        "square_lon_index": 5,
        "square_lat_index": 1,
        "min_lon": -110,
        "min_lat": 41,
        "max_lon": -108,
        "max_lat": 42
      },
      "geometry": {
        "type": "Polygon",
        "coordinates": [
          [
            [
              -108.0,
              41.0
            ],
            [
              -108.0,
              42.0
            ],
            [
              -110.0,
              42.0
            ],
            [
              -110.0,
              41.0
            ],
            [
              -108.0,
              41.0
            ]
          ]
        ]
      }
    },
    {
      "type": "Feature",
      "properties": {
        "grid": "DN52",
        "field": "DN",
        "square_lon_index": 5,
        "square_lat_index": 2,
        "min_lon": -110,
        "min_lat": 42,
        "max_lon": -108,
        "max_lat": 43
      },
      "geometry": {
        "type": "Polygon",
        "coordinates": [
          [
            [
              -108.0,
              42.0
            ],
            [
              -108.0,
              43.0
            ],
            [
              -110.0,
              43.0
            ],
            [
              -110.0,
              42.0
            ],
            [
              -108.0,
              42.0
            ]
          ]
        ]
      }
    },
    {
      "type": "Feature",
      "properties": {
        "grid": "DN53",
        "field": "DN",
        "square_lon_index": 5,
        "square_lat_index": 3,
        "min_lon": -110,
        "min_lat": 43,
        "max_lon": -108,
        "max_lat": 44
      },
      "geometry": {
        "type": "Polygon",
        "coordinates": [
          [
            [
              -108.0,
              43.0
            ],
            [
              -108.0,
              44.0
            ],
            [
              -110.0,
              44.0
            ],
            [
              -110.0,
              43.0
            ],
            [
              -108.0,
              43.0
            ]
          ]
        ]
      }
    },
    {
      "type": "Feature",
      "properties": {
        "grid": "DN54",
        "field": "DN",
        "square_lon_index": 5,
        "square_lat_index": 4,
        "min_lon": -110,
        "min_lat": 44,
        "max_lon": -108,
        "max_lat": 45
      },
      "geometry": {
        "type": "Polygon",
        "coordinates": [
          [
            [
              -108.0,
              44.0
            ],
            [
              -108.0,
              45.0
            ],
            [
              -110.0,
              45.0
            ],
            [
              -110.0,
              44.0
            ],
            [
              -108.0,
              44.0
            ]
          ]
        ]
      }
    },
    {
      "type": "Feature",
      "properties": {
        "grid": "DN55",
        "field": "DN",
        "square_lon_index": 5,
        "square_lat_index": 5,
        "min_lon": -110,
        "min_lat": 45,
        "max_lon": -108,
        "max_lat": 46
      },
      "geometry": {
        "type": "Polygon",
        "coordinates": [
          [
            [
              -108.0,
              45.0
            ],
            [
              -108.0,
              46.0
            ],
            [
              -110.0,
              46.0
            ],
            [
              -110.0,
              45.0
            ],
            [
              -108.0,
              45.0
            ]
          ]
        ]
      }
    },
    {
      "type": "Feature",
      "properties": {
        "grid": "DN56",
        "field": "DN",
        "square_lon_index": 5,
        "square_lat_index": 6,
        "min_lon": -110,
        "min_lat": 46,
        "max_lon": -108,
        "max_lat": 47
      },
      "geometry": {
        "type": "Polygon",
        "coordinates": [
          [
            [
              -108.0,
              46.0
            ],
            [
              -108.0,
              47.0
            ],
            [
              -110.0,
              47.0
            ],
            [
              -110.0,
              46.0
            ],
            [
              -108.0,
              46.0
            ]
          ]
        ]
      }
    },
    {
      "type": "Feature",
      "properties": {
        "grid": "DN57",
        "field": "DN",
        "square_lon_index": 5,
        "square_lat_index": 7,
        "min_lon": -110,
        "min_lat": 47,
        "max_lon": -108,
        "max_lat": 48
      },
      "geometry": {
        "type": "Polygon",
        "coordinates": [
          [
            [
              -108.0,
              47.0
            ],
            [
              -108.0,
              48.0
            ],
            [
              -110.0,
              48.0
            ],
            [
              -110.0,
              47.0
            ],
            [
              -108.0,
              47.0
            ]
          ]
        ]
      }
    },
    {
      "type": "Feature",
      "properties": {
        "grid": "DN58",
        "field": "DN",
        "square_lon_index": 5,
        "square_lat_index": 8,
        "min_lon": -110,
        "min_lat": 48,
        "max_lon": -108,
        "max_lat": 49
      },
      "geometry": {
        "type": "Polygon",
        "coordinates": [
          [
            [
              -108.0,
              48.0
            ],
            [
              -108.0,
              49.0
            ],
            [
              -110.0,
              49.0
            ],
            [
              -110.0,
              48.0
            ],
            [
              -108.0,
              48.0
            ]
          ]
        ]
      }
    },
    {
      "type": "Feature",
      "properties": {
        "grid": "DN60",
        "field": "DN",
        "square_lon_index": 6,
        "square_lat_index": 0,
        "min_lon": -108,
        "min_lat": 40,
        "max_lon": -106,
        "max_lat": 41
      },
      "geometry": {
        "type": "Polygon",
        "coordinates": [
          [
            [
              -106.0,
              40.0
            ],
            [
              -106.0,
              41.0
            ],
            [
              -108.0,
              41.0
            ],
            [
              -108.0,
              40.0
            ],
            [
              -106.0,
              40.0
            ]
          ]
        ]
      }
    },
    {
      "type": "Feature",
      "properties": {
        "grid": "DN61",
        "field": "DN",
        "square_lon_index": 6,
        "square_lat_index": 1,
        "min_lon": -108,
        "min_lat": 41,
        "max_lon": -106,
        "max_lat": 42
      },
      "geometry": {
        "type": "Polygon",
        "coordinates": [
          [
            [
              -106.0,
              41.0
            ],
            [
              -106.0,
              42.0
            ],
            [
              -108.0,
              42.0
            ],
            [
              -108.0,
              41.0
            ],
            [
              -106.0,
              41.0
            ]
          ]
        ]
      }
    },
    {
      "type": "Feature",
      "properties": {
        "grid": "DN62",
        "field": "DN",
        "square_lon_index": 6,
        "square_lat_index": 2,
        "min_lon": -108,
        "min_lat": 42,
        "max_lon": -106,
        "max_lat": 43
      },
      "geometry": {
        "type": "Polygon",
        "coordinates": [
          [
            [
              -106.0,
              42.0
            ],
            [
              -106.0,
              43.0
            ],
            [
              -108.0,
              43.0
            ],
            [
              -108.0,
              42.0
            ],
            [
              -106.0,
              42.0
            ]
          ]
        ]
      }
    },
    {
      "type": "Feature",
      "properties": {
        "grid": "DN63",
        "field": "DN",
        "square_lon_index": 6,
        "square_lat_index": 3,
        "min_lon": -108,
        "min_lat": 43,
        "max_lon": -106,
        "max_lat": 44
      },
      "geometry": {
        "type": "Polygon",
        "coordinates": [
          [
            [
              -106.0,
              43.0
            ],
            [
              -106.0,
              44.0
            ],
            [
              -108.0,
              44.0
            ],
            [
              -108.0,
              43.0
            ],
            [
              -106.0,
              43.0
            ]
          ]
        ]
      }
    },
    {
      "type": "Feature",
      "properties": {
        "grid": "DN64",
        "field": "DN",
        "square_lon_index": 6,
        "square_lat_index": 4,
        "min_lon": -108,
        "min_lat": 44,
        "max_lon": -106,
        "max_lat": 45
      },
      "geometry": {
        "type": "Polygon",
        "coordinates": [
          [
            [
              -106.0,
              44.0
            ],
            [
              -106.0,
              45.0
            ],
            [
              -108.0,
              45.0
            ],
            [
              -108.0,
              44.0
            ],
            [
              -106.0,
              44.0
            ]
          ]
        ]
      }
    },
    {
      "type": "Feature",
      "properties": {
        "grid": "DN65",
        "field": "DN",
        "square_lon_index": 6,
        "square_lat_index": 5,
        "min_lon": -108,
        "min_lat": 45,
        "max_lon": -106,
        "max_lat": 46
      },
      "geometry": {
        "type": "Polygon",
        "coordinates": [
          [
            [
              -106.0,
              45.0
            ],
            [
              -106.0,
              46.0
            ],
            [
              -108.0,
              46.0
            ],
            [
              -108.0,
              45.0
            ],
            [
              -106.0,
              45.0
            ]
          ]
        ]
      }
    },
    {
      "type": "Feature",
      "properties": {
        "grid": "DN66",
        "field": "DN",
        "square_lon_index": 6,
        "square_lat_index": 6,
        "min_lon": -108,
        "min_lat": 46,
        "max_lon": -106,
        "max_lat": 47
      },
      "geometry": {
        "type": "Polygon",
        "coordinates": [
          [
            [
              -106.0,
              46.0
            ],
            [
              -106.0,
              47.0
            ],
            [
              -108.0,
              47.0
            ],
            [
              -108.0,
              46.0
            ],
            [
              -106.0,
              46.0
            ]
          ]
        ]
      }
    },
    {
      "type": "Feature",
      "properties": {
        "grid": "DN67",
        "field": "DN",
        "square_lon_index": 6,
        "square_lat_index": 7,
        "min_lon": -108,
        "min_lat": 47,
        "max_lon": -106,
        "max_lat": 48
      },
      "geometry": {
        "type": "Polygon",
        "coordinates": [
          [
            [
              -106.0,
              47.0
            ],
            [
              -106.0,
              48.0
            ],
            [
              -108.0,
              48.0
            ],
            [
              -108.0,
              47.0
            ],
            [
              -106.0,
              47.0
            ]
          ]
        ]
      }
    },
    {
      "type": "Feature",
      "properties": {
        "grid": "DN68",
        "field": "DN",
        "square_lon_index": 6,
        "square_lat_index": 8,
        "min_lon": -108,
        "min_lat": 48,
        "max_lon": -106,
        "max_lat": 49
      },
      "geometry": {
        "type": "Polygon",
        "coordinates": [
          [
            [
              -106.0,
              48.0
            ],
            [
              -106.0,
              49.0
            ],
            [
              -108.0,
              49.0
            ],
            [
              -108.0,
              48.0
            ],
            [
              -106.0,
              48.0
            ]
          ]
        ]
      }
    },
    {
      "type": "Feature",
      "properties": {
        "grid": "DN70",
        "field": "DN",
        "square_lon_index": 7,
        "square_lat_index": 0,
        "min_lon": -106,
        "min_lat": 40,
        "max_lon": -104,
        "max_lat": 41
      },
      "geometry": {
        "type": "Polygon",
        "coordinates": [
          [
            [
              -104.0,
              40.0
            ],
            [
              -104.0,
              41.0
            ],
            [
              -106.0,
              41.0
            ],
            [
              -106.0,
              40.0
            ],
            [
              -104.0,
              40.0
            ]
          ]
        ]
      }
    },
    {
      "type": "Feature",
      "properties": {
        "grid": "DN71",
        "field": "DN",
        "square_lon_index": 7,
        "square_lat_index": 1,
        "min_lon": -106,
        "min_lat": 41,
        "max_lon": -104,
        "max_lat": 42
      },
      "geometry": {
        "type": "Polygon",
        "coordinates": [
          [
            [
              -104.0,
              41.0
            ],
            [
              -104.0,
              42.0
            ],
            [
              -106.0,
              42.0
            ],
            [
              -106.0,
              41.0
            ],
            [
              -104.0,
              41.0
            ]
          ]
        ]
      }
    },
    {
      "type": "Feature",
      "properties": {
        "grid": "DN72",
        "field": "DN",
        "square_lon_index": 7,
        "square_lat_index": 2,
        "min_lon": -106,
        "min_lat": 42,
        "max_lon": -104,
        "max_lat": 43
      },
      "geometry": {
        "type": "Polygon",
        "coordinates": [
          [
            [
              -104.0,
              42.0
            ],
            [
              -104.0,
              43.0
            ],
            [
              -106.0,
              43.0
            ],
            [
              -106.0,
              42.0
            ],
            [
              -104.0,
              42.0
            ]
          ]
        ]
      }
    },
    {
      "type": "Feature",
      "properties": {
        "grid": "DN73",
        "field": "DN",
        "square_lon_index": 7,
        "square_lat_index": 3,
        "min_lon": -106,
        "min_lat": 43,
        "max_lon": -104,
        "max_lat": 44
      },
      "geometry": {
        "type": "Polygon",
        "coordinates": [
          [
            [
              -104.0,
              43.0
            ],
            [
              -104.0,
              44.0
            ],
            [
              -106.0,
              44.0
            ],
            [
              -106.0,
              43.0
            ],
            [
              -104.0,
              43.0
            ]
          ]
        ]
      }
    },
    {
      "type": "Feature",
      "properties": {
        "grid": "DN74",
        "field": "DN",
        "square_lon_index": 7,
        "square_lat_index": 4,
        "min_lon": -106,
        "min_lat": 44,
        "max_lon": -104,
        "max_lat": 45
      },
      "geometry": {
        "type": "Polygon",
        "coordinates": [
          [
            [
              -104.0,
              44.0
            ],
            [
              -104.0,
              45.0
            ],
            [
              -106.0,
              45.0
            ],
            [
              -106.0,
              44.0
            ],
            [
              -104.0,
              44.0
            ]
          ]
        ]
      }
    },
    {
      "type": "Feature",
      "properties": {
        "grid": "DN75",
        "field": "DN",
        "square_lon_index": 7,
        "square_lat_index": 5,
        "min_lon": -106,
        "min_lat": 45,
        "max_lon": -104,
        "max_lat": 46
      },
      "geometry": {
        "type": "Polygon",
        "coordinates": [
          [
            [
              -104.0,
              45.0
            ],
            [
              -104.0,
              46.0
            ],
            [
              -106.0,
              46.0
            ],
            [
              -106.0,
              45.0
            ],
            [
              -104.0,
              45.0
            ]
          ]
        ]
      }
    },
    {
      "type": "Feature",
      "properties": {
        "grid": "DN76",
        "field": "DN",
        "square_lon_index": 7,
        "square_lat_index": 6,
        "min_lon": -106,
        "min_lat": 46,
        "max_lon": -104,
        "max_lat": 47
      },
      "geometry": {
        "type": "Polygon",
        "coordinates": [
          [
            [
              -104.0,
              46.0
            ],
            [
              -104.0,
              47.0
            ],
            [
              -106.0,
              47.0
            ],
            [
              -106.0,
              46.0
            ],
            [
              -104.0,
              46.0
            ]
          ]
        ]
      }
    },
    {
      "type": "Feature",
      "properties": {
        "grid": "DN77",
        "field": "DN",
        "square_lon_index": 7,
        "square_lat_index": 7,
        "min_lon": -106,
        "min_lat": 47,
        "max_lon": -104,
        "max_lat": 48
      },
      "geometry": {
        "type": "Polygon",
        "coordinates": [
          [
            [
              -104.0,
              47.0
            ],
            [
              -104.0,
              48.0
            ],
            [
              -106.0,
              48.0
            ],
            [
              -106.0,
              47.0
            ],
            [
              -104.0,
              47.0
            ]
          ]
        ]
      }
    },
    {
      "type": "Feature",
      "properties": {
        "grid": "DN78",
        "field": "DN",
        "square_lon_index": 7,
        "square_lat_index": 8,
        "min_lon": -106,
        "min_lat": 48,
        "max_lon": -104,
        "max_lat": 49
      },
      "geometry": {
        "type": "Polygon",
        "coordinates": [
          [
            [
              -104.0,
              48.0
            ],
            [
              -104.0,
              49.0
            ],
            [
              -106.0,
              49.0
            ],
            [
              -106.0,
              48.0
            ],
            [
              -104.0,
              48.0
            ]
          ]
        ]
      }
    },
    {
      "type": "Feature",
      "properties": {
        "grid": "DN80",
        "field": "DN",
        "square_lon_index": 8,
        "square_lat_index": 0,
        "min_lon": -104,
        "min_lat": 40,
        "max_lon": -102,
        "max_lat": 41
      },
      "geometry": {
        "type": "Polygon",
        "coordinates": [
          [
            [
              -102.0,
              40.0
            ],
            [
              -102.0,
              41.0
            ],
            [
              -104.0,
              41.0
            ],
            [
              -104.0,
              40.0
            ],
            [
              -102.0,
              40.0
            ]
          ]
        ]
      }
    },
    {
      "type": "Feature",
      "properties": {
        "grid": "DN81",
        "field": "DN",
        "square_lon_index": 8,
        "square_lat_index": 1,
        "min_lon": -104,
        "min_lat": 41,
        "max_lon": -102,
        "max_lat": 42
      },
      "geometry": {
        "type": "Polygon",
        "coordinates": [
          [
            [
              -102.0,
              41.0
            ],
            [
              -102.0,
              42.0
            ],
            [
              -104.0,
              42.0
            ],
            [
              -104.0,
              41.0
            ],
            [
              -102.0,
              41.0
            ]
          ]
        ]
      }
    },
    {
      "type": "Feature",
      "properties": {
        "grid": "DN82",
        "field": "DN",
        "square_lon_index": 8,
        "square_lat_index": 2,
        "min_lon": -104,
        "min_lat": 42,
        "max_lon": -102,
        "max_lat": 43
      },
      "geometry": {
        "type": "Polygon",
        "coordinates": [
          [
            [
              -102.0,
              42.0
            ],
            [
              -102.0,
              43.0
            ],
            [
              -104.0,
              43.0
            ],
            [
              -104.0,
              42.0
            ],
            [
              -102.0,
              42.0
            ]
          ]
        ]
      }
    },
    {
      "type": "Feature",
      "properties": {
        "grid": "DN83",
        "field": "DN",
        "square_lon_index": 8,
        "square_lat_index": 3,
        "min_lon": -104,
        "min_lat": 43,
        "max_lon": -102,
        "max_lat": 44
      },
      "geometry": {
        "type": "Polygon",
        "coordinates": [
          [
            [
              -102.0,
              43.0
            ],
            [
              -102.0,
              44.0
            ],
            [
              -104.0,
              44.0
            ],
            [
              -104.0,
              43.0
            ],
            [
              -102.0,
              43.0
            ]
          ]
        ]
      }
    },
    {
      "type": "Feature",
      "properties": {
        "grid": "DN84",
        "field": "DN",
        "square_lon_index": 8,
        "square_lat_index": 4,
        "min_lon": -104,
        "min_lat": 44,
        "max_lon": -102,
        "max_lat": 45
      },
      "geometry": {
        "type": "Polygon",
        "coordinates": [
          [
            [
              -102.0,
              44.0
            ],
            [
              -102.0,
              45.0
            ],
            [
              -104.0,
              45.0
            ],
            [
              -104.0,
              44.0
            ],
            [
              -102.0,
              44.0
            ]
          ]
        ]
      }
    },
    {
      "type": "Feature",
      "properties": {
        "grid": "DN85",
        "field": "DN",
        "square_lon_index": 8,
        "square_lat_index": 5,
        "min_lon": -104,
        "min_lat": 45,
        "max_lon": -102,
        "max_lat": 46
      },
      "geometry": {
        "type": "Polygon",
        "coordinates": [
          [
            [
              -102.0,
              45.0
            ],
            [
              -102.0,
              46.0
            ],
            [
              -104.0,
              46.0
            ],
            [
              -104.0,
              45.0
            ],
            [
              -102.0,
              45.0
            ]
          ]
        ]
      }
    },
    {
      "type": "Feature",
      "properties": {
        "grid": "DN86",
        "field": "DN",
        "square_lon_index": 8,
        "square_lat_index": 6,
        "min_lon": -104,
        "min_lat": 46,
        "max_lon": -102,
        "max_lat": 47
      },
      "geometry": {
        "type": "Polygon",
        "coordinates": [
          [
            [
              -102.0,
              46.0
            ],
            [
              -102.0,
              47.0
            ],
            [
              -104.0,
              47.0
            ],
            [
              -104.0,
              46.0
            ],
            [
              -102.0,
              46.0
            ]
          ]
        ]
      }
    },
    {
      "type": "Feature",
      "properties": {
        "grid": "DN87",
        "field": "DN",
        "square_lon_index": 8,
        "square_lat_index": 7,
        "min_lon": -104,
        "min_lat": 47,
        "max_lon": -102,
        "max_lat": 48
      },
      "geometry": {
        "type": "Polygon",
        "coordinates": [
          [
            [
              -102.0,
              47.0
            ],
            [
              -102.0,
              48.0
            ],
            [
              -104.0,
              48.0
            ],
            [
              -104.0,
              47.0
            ],
            [
              -102.0,
              47.0
            ]
          ]
        ]
      }
    },
    {
      "type": "Feature",
      "properties": {
        "grid": "DN88",
        "field": "DN",
        "square_lon_index": 8,
        "square_lat_index": 8,
        "min_lon": -104,
        "min_lat": 48,
        "max_lon": -102,
        "max_lat": 49
      },
      "geometry": {
        "type": "Polygon",
        "coordinates": [
          [
            [
              -102.0,
              48.0
            ],
            [
              -102.0,
              49.0
            ],
            [
              -104.0,
              49.0
            ],
            [
              -104.0,
              48.0
            ],
            [
              -102.0,
              48.0
            ]
          ]
        ]
      }
    },
    {
      "type": "Feature",
      "properties": {
        "grid": "DN90",
        "field": "DN",
        "square_lon_index": 9,
        "square_lat_index": 0,
        "min_lon": -102,
        "min_lat": 40,
        "max_lon": -100,
        "max_lat": 41
      },
      "geometry": {
        "type": "Polygon",
        "coordinates": [
          [
            [
              -100.0,
              40.0
            ],
            [
              -100.0,
              41.0
            ],
            [
              -102.0,
              41.0
            ],
            [
              -102.0,
              40.0
            ],
            [
              -100.0,
              40.0
            ]
          ]
        ]
      }
    },
    {
      "type": "Feature",
      "properties": {
        "grid": "DN91",
        "field": "DN",
        "square_lon_index": 9,
        "square_lat_index": 1,
        "min_lon": -102,
        "min_lat": 41,
        "max_lon": -100,
        "max_lat": 42
      },
      "geometry": {
        "type": "Polygon",
        "coordinates": [
          [
            [
              -100.0,
              41.0
            ],
            [
              -100.0,
              42.0
            ],
            [
              -102.0,
              42.0
            ],
            [
              -102.0,
              41.0
            ],
            [
              -100.0,
              41.0
            ]
          ]
        ]
      }
    },
    {
      "type": "Feature",
      "properties": {
        "grid": "DN92",
        "field": "DN",
        "square_lon_index": 9,
        "square_lat_index": 2,
        "min_lon": -102,
        "min_lat": 42,
        "max_lon": -100,
        "max_lat": 43
      },
      "geometry": {
        "type": "Polygon",
        "coordinates": [
          [
            [
              -100.0,
              42.0
            ],
            [
              -100.0,
              43.0
            ],
            [
              -102.0,
              43.0
            ],
            [
              -102.0,
              42.0
            ],
            [
              -100.0,
              42.0
            ]
          ]
        ]
      }
    },
    {
      "type": "Feature",
      "properties": {
        "grid": "DN93",
        "field": "DN",
        "square_lon_index": 9,
        "square_lat_index": 3,
        "min_lon": -102,
        "min_lat": 43,
        "max_lon": -100,
        "max_lat": 44
      },
      "geometry": {
        "type": "Polygon",
        "coordinates": [
          [
            [
              -100.0,
              43.0
            ],
            [
              -100.0,
              44.0
            ],
            [
              -102.0,
              44.0
            ],
            [
              -102.0,
              43.0
            ],
            [
              -100.0,
              43.0
            ]
          ]
        ]
      }
    },
    {
      "type": "Feature",
      "properties": {
        "grid": "DN94",
        "field": "DN",
        "square_lon_index": 9,
        "square_lat_index": 4,
        "min_lon": -102,
        "min_lat": 44,
        "max_lon": -100,
        "max_lat": 45
      },
      "geometry": {
        "type": "Polygon",
        "coordinates": [
          [
            [
              -100.0,
              44.0
            ],
            [
              -100.0,
              45.0
            ],
            [
              -102.0,
              45.0
            ],
            [
              -102.0,
              44.0
            ],
            [
              -100.0,
              44.0
            ]
          ]
        ]
      }
    },
    {
      "type": "Feature",
      "properties": {
        "grid": "DN95",
        "field": "DN",
        "square_lon_index": 9,
        "square_lat_index": 5,
        "min_lon": -102,
        "min_lat": 45,
        "max_lon": -100,
        "max_lat": 46
      },
      "geometry": {
        "type": "Polygon",
        "coordinates": [
          [
            [
              -100.0,
              45.0
            ],
            [
              -100.0,
              46.0
            ],
            [
              -102.0,
              46.0
            ],
            [
              -102.0,
              45.0
            ],
            [
              -100.0,
              45.0
            ]
          ]
        ]
      }
    },
    {
      "type": "Feature",
      "properties": {
        "grid": "DN96",
        "field": "DN",
        "square_lon_index": 9,
        "square_lat_index": 6,
        "min_lon": -102,
        "min_lat": 46,
        "max_lon": -100,
        "max_lat": 47
      },
      "geometry": {
        "type": "Polygon",
        "coordinates": [
          [
            [
              -100.0,
              46.0
            ],
            [
              -100.0,
              47.0
            ],
            [
              -102.0,
              47.0
            ],
            [
              -102.0,
              46.0
            ],
            [
              -100.0,
              46.0
            ]
          ]
        ]
      }
    },
    {
      "type": "Feature",
      "properties": {
        "grid": "DN97",
        "field": "DN",
        "square_lon_index": 9,
        "square_lat_index": 7,
        "min_lon": -102,
        "min_lat": 47,
        "max_lon": -100,
        "max_lat": 48
      },
      "geometry": {
        "type": "Polygon",
        "coordinates": [
          [
            [
              -100.0,
              47.0
            ],
            [
              -100.0,
              48.0
            ],
            [
              -102.0,
              48.0
            ],
            [
              -102.0,
              47.0
            ],
            [
              -100.0,
              47.0
            ]
          ]
        ]
      }
    },
    {
      "type": "Feature",
      "properties": {
        "grid": "DN98",
        "field": "DN",
        "square_lon_index": 9,
        "square_lat_index": 8,
        "min_lon": -102,
        "min_lat": 48,
        "max_lon": -100,
        "max_lat": 49
      },
      "geometry": {
        "type": "Polygon",
        "coordinates": [
          [
            [
              -100.0,
              48.0
            ],
            [
              -100.0,
              49.0
            ],
            [
              -102.0,
              49.0
            ],
            [
              -102.0,
              48.0
            ],
            [
              -100.0,
              48.0
            ]
          ]
        ]
      }
    },
    {
      "type": "Feature",
      "properties": {
        "grid": "EL06",
        "field": "EL",
        "square_lon_index": 0,
        "square_lat_index": 6,
        "min_lon": -100,
        "min_lat": 26,
        "max_lon": -98,
        "max_lat": 27
      },
      "geometry": {
        "type": "Polygon",
        "coordinates": [
          [
            [
              -98.0,
              26.0
            ],
            [
              -98.0,
              27.0
            ],
            [
              -100.0,
              27.0
            ],
            [
              -100.0,
              26.0
            ],
            [
              -98.0,
              26.0
            ]
          ]
        ]
      }
    },
    {
      "type": "Feature",
      "properties": {
        "grid": "EL07",
        "field": "EL",
        "square_lon_index": 0,
        "square_lat_index": 7,
        "min_lon": -100,
        "min_lat": 27,
        "max_lon": -98,
        "max_lat": 28
      },
      "geometry": {
        "type": "Polygon",
        "coordinates": [
          [
            [
              -98.0,
              27.0
            ],
            [
              -98.0,
              28.0
            ],
            [
              -100.0,
              28.0
            ],
            [
              -100.0,
              27.0
            ],
            [
              -98.0,
              27.0
            ]
          ]
        ]
      }
    },
    {
      "type": "Feature",
      "properties": {
        "grid": "EL08",
        "field": "EL",
        "square_lon_index": 0,
        "square_lat_index": 8,
        "min_lon": -100,
        "min_lat": 28,
        "max_lon": -98,
        "max_lat": 29
      },
      "geometry": {
        "type": "Polygon",
        "coordinates": [
          [
            [
              -98.0,
              28.0
            ],
            [
              -98.0,
              29.0
            ],
            [
              -100.0,
              29.0
            ],
            [
              -100.0,
              28.0
            ],
            [
              -98.0,
              28.0
            ]
          ]
        ]
      }
    },
    {
      "type": "Feature",
      "properties": {
        "grid": "EL09",
        "field": "EL",
        "square_lon_index": 0,
        "square_lat_index": 9,
        "min_lon": -100,
        "min_lat": 29,
        "max_lon": -98,
        "max_lat": 30
      },
      "geometry": {
        "type": "Polygon",
        "coordinates": [
          [
            [
              -98.0,
              29.0
            ],
            [
              -98.0,
              30.0
            ],
            [
              -100.0,
              30.0
            ],
            [
              -100.0,
              29.0
            ],
            [
              -98.0,
              29.0
            ]
          ]
        ]
      }
    },
    {
      "type": "Feature",
      "properties": {
        "grid": "EL15",
        "field": "EL",
        "square_lon_index": 1,
        "square_lat_index": 5,
        "min_lon": -98,
        "min_lat": 25,
        "max_lon": -96,
        "max_lat": 26
      },
      "geometry": {
        "type": "Polygon",
        "coordinates": [
          [
            [
              -96.0,
              25.0
            ],
            [
              -96.0,
              26.0
            ],
            [
              -98.0,
              26.0
            ],
            [
              -98.0,
              25.0
            ],
            [
              -96.0,
              25.0
            ]
          ]
        ]
      }
    },
    {
      "type": "Feature",
      "properties": {
        "grid": "EL16",
        "field": "EL",
        "square_lon_index": 1,
        "square_lat_index": 6,
        "min_lon": -98,
        "min_lat": 26,
        "max_lon": -96,
        "max_lat": 27
      },
      "geometry": {
        "type": "Polygon",
        "coordinates": [
          [
            [
              -96.0,
              26.0
            ],
            [
              -96.0,
              27.0
            ],
            [
              -98.0,
              27.0
            ],
            [
              -98.0,
              26.0
            ],
            [
              -96.0,
              26.0
            ]
          ]
        ]
      }
    },
    {
      "type": "Feature",
      "properties": {
        "grid": "EL17",
        "field": "EL",
        "square_lon_index": 1,
        "square_lat_index": 7,
        "min_lon": -98,
        "min_lat": 27,
        "max_lon": -96,
        "max_lat": 28
      },
      "geometry": {
        "type": "Polygon",
        "coordinates": [
          [
            [
              -96.0,
              27.0
            ],
            [
              -96.0,
              28.0
            ],
            [
              -98.0,
              28.0
            ],
            [
              -98.0,
              27.0
            ],
            [
              -96.0,
              27.0
            ]
          ]
        ]
      }
    },
    {
      "type": "Feature",
      "properties": {
        "grid": "EL18",
        "field": "EL",
        "square_lon_index": 1,
        "square_lat_index": 8,
        "min_lon": -98,
        "min_lat": 28,
        "max_lon": -96,
        "max_lat": 29
      },
      "geometry": {
        "type": "Polygon",
        "coordinates": [
          [
            [
              -96.0,
              28.0
            ],
            [
              -96.0,
              29.0
            ],
            [
              -98.0,
              29.0
            ],
            [
              -98.0,
              28.0
            ],
            [
              -96.0,
              28.0
            ]
          ]
        ]
      }
    },
    {
      "type": "Feature",
      "properties": {
        "grid": "EL19",
        "field": "EL",
        "square_lon_index": 1,
        "square_lat_index": 9,
        "min_lon": -98,
        "min_lat": 29,
        "max_lon": -96,
        "max_lat": 30
      },
      "geometry": {
        "type": "Polygon",
        "coordinates": [
          [
            [
              -96.0,
              29.0
            ],
            [
              -96.0,
              30.0
            ],
            [
              -98.0,
              30.0
            ],
            [
              -98.0,
              29.0
            ],
            [
              -96.0,
              29.0
            ]
          ]
        ]
      }
    },
    {
      "type": "Feature",
      "properties": {
        "grid": "EL28",
        "field": "EL",
        "square_lon_index": 2,
        "square_lat_index": 8,
        "min_lon": -96,
        "min_lat": 28,
        "max_lon": -94,
        "max_lat": 29
      },
      "geometry": {
        "type": "Polygon",
        "coordinates": [
          [
            [
              -94.0,
              28.0
            ],
            [
              -94.0,
              29.0
            ],
            [
              -96.0,
              29.0
            ],
            [
              -96.0,
              28.0
            ],
            [
              -94.0,
              28.0
            ]
          ]
        ]
      }
    },
    {
      "type": "Feature",
      "properties": {
        "grid": "EL29",
        "field": "EL",
        "square_lon_index": 2,
        "square_lat_index": 9,
        "min_lon": -96,
        "min_lat": 29,
        "max_lon": -94,
        "max_lat": 30
      },
      "geometry": {
        "type": "Polygon",
        "coordinates": [
          [
            [
              -94.0,
              29.0
            ],
            [
              -94.0,
              30.0
            ],
            [
              -96.0,
              30.0
            ],
            [
              -96.0,
              29.0
            ],
            [
              -94.0,
              29.0
            ]
          ]
        ]
      }
    },
    {
      "type": "Feature",
      "properties": {
        "grid": "EL39",
        "field": "EL",
        "square_lon_index": 3,
        "square_lat_index": 9,
        "min_lon": -94,
        "min_lat": 29,
        "max_lon": -92,
        "max_lat": 30
      },
      "geometry": {
        "type": "Polygon",
        "coordinates": [
          [
            [
              -92.0,
              29.0
            ],
            [
              -92.0,
              30.0
            ],
            [
              -94.0,
              30.0
            ],
            [
              -94.0,
              29.0
            ],
            [
              -92.0,
              29.0
            ]
          ]
        ]
      }
    },
    {
      "type": "Feature",
      "properties": {
        "grid": "EL49",
        "field": "EL",
        "square_lon_index": 4,
        "square_lat_index": 9,
        "min_lon": -92,
        "min_lat": 29,
        "max_lon": -90,
        "max_lat": 30
      },
      "geometry": {
        "type": "Polygon",
        "coordinates": [
          [
            [
              -90.0,
              29.0
            ],
            [
              -90.0,
              30.0
            ],
            [
              -92.0,
              30.0
            ],
            [
              -92.0,
              29.0
            ],
            [
              -90.0,
              29.0
            ]
          ]
        ]
      }
    },
    {
      "type": "Feature",
      "properties": {
        "grid": "EL58",
        "field": "EL",
        "square_lon_index": 5,
        "square_lat_index": 8,
        "min_lon": -90,
        "min_lat": 28,
        "max_lon": -88,
        "max_lat": 29
      },
      "geometry": {
        "type": "Polygon",
        "coordinates": [
          [
            [
              -88.0,
              28.0
            ],
            [
              -88.0,
              29.0
            ],
            [
              -90.0,
              29.0
            ],
            [
              -90.0,
              28.0
            ],
            [
              -88.0,
              28.0
            ]
          ]
        ]
      }
    },
    {
      "type": "Feature",
      "properties": {
        "grid": "EL59",
        "field": "EL",
        "square_lon_index": 5,
        "square_lat_index": 9,
        "min_lon": -90,
        "min_lat": 29,
        "max_lon": -88,
        "max_lat": 30
      },
      "geometry": {
        "type": "Polygon",
        "coordinates": [
          [
            [
              -88.0,
              29.0
            ],
            [
              -88.0,
              30.0
            ],
            [
              -90.0,
              30.0
            ],
            [
              -90.0,
              29.0
            ],
            [
              -88.0,
              29.0
            ]
          ]
        ]
      }
    },
    {
      "type": "Feature",
      "properties": {
        "grid": "EL79",
        "field": "EL",
        "square_lon_index": 7,
        "square_lat_index": 9,
        "min_lon": -86,
        "min_lat": 29,
        "max_lon": -84,
        "max_lat": 30
      },
      "geometry": {
        "type": "Polygon",
        "coordinates": [
          [
            [
              -84.0,
              29.0
            ],
            [
              -84.0,
              30.0
            ],
            [
              -86.0,
              30.0
            ],
            [
              -86.0,
              29.0
            ],
            [
              -84.0,
              29.0
            ]
          ]
        ]
      }
    },
    {
      "type": "Feature",
      "properties": {
        "grid": "EL84",
        "field": "EL",
        "square_lon_index": 8,
        "square_lat_index": 4,
        "min_lon": -84,
        "min_lat": 24,
        "max_lon": -82,
        "max_lat": 25
      },
      "geometry": {
        "type": "Polygon",
        "coordinates": [
          [
            [
              -82.0,
              24.0
            ],
            [
              -82.0,
              25.0
            ],
            [
              -84.0,
              25.0
            ],
            [
              -84.0,
              24.0
            ],
            [
              -82.0,
              24.0
            ]
          ]
        ]
      }
    },
    {
      "type": "Feature",
      "properties": {
        "grid": "EL86",
        "field": "EL",
        "square_lon_index": 8,
        "square_lat_index": 6,
        "min_lon": -84,
        "min_lat": 26,
        "max_lon": -82,
        "max_lat": 27
      },
      "geometry": {
        "type": "Polygon",
        "coordinates": [
          [
            [
              -82.0,
              26.0
            ],
            [
              -82.0,
              27.0
            ],
            [
              -84.0,
              27.0
            ],
            [
              -84.0,
              26.0
            ],
            [
              -82.0,
              26.0
            ]
          ]
        ]
      }
    },
    {
      "type": "Feature",
      "properties": {
        "grid": "EL87",
        "field": "EL",
        "square_lon_index": 8,
        "square_lat_index": 7,
        "min_lon": -84,
        "min_lat": 27,
        "max_lon": -82,
        "max_lat": 28
      },
      "geometry": {
        "type": "Polygon",
        "coordinates": [
          [
            [
              -82.0,
              27.0
            ],
            [
              -82.0,
              28.0
            ],
            [
              -84.0,
              28.0
            ],
            [
              -84.0,
              27.0
            ],
            [
              -82.0,
              27.0
            ]
          ]
        ]
      }
    },
    {
      "type": "Feature",
      "properties": {
        "grid": "EL88",
        "field": "EL",
        "square_lon_index": 8,
        "square_lat_index": 8,
        "min_lon": -84,
        "min_lat": 28,
        "max_lon": -82,
        "max_lat": 29
      },
      "geometry": {
        "type": "Polygon",
        "coordinates": [
          [
            [
              -82.0,
              28.0
            ],
            [
              -82.0,
              29.0
            ],
            [
              -84.0,
              29.0
            ],
            [
              -84.0,
              28.0
            ],
            [
              -82.0,
              28.0
            ]
          ]
        ]
      }
    },
    {
      "type": "Feature",
      "properties": {
        "grid": "EL89",
        "field": "EL",
        "square_lon_index": 8,
        "square_lat_index": 9,
        "min_lon": -84,
        "min_lat": 29,
        "max_lon": -82,
        "max_lat": 30
      },
      "geometry": {
        "type": "Polygon",
        "coordinates": [
          [
            [
              -82.0,
              29.0
            ],
            [
              -82.0,
              30.0
            ],
            [
              -84.0,
              30.0
            ],
            [
              -84.0,
              29.0
            ],
            [
              -82.0,
              29.0
            ]
          ]
        ]
      }
    },
    {
      "type": "Feature",
      "properties": {
        "grid": "EL94",
        "field": "EL",
        "square_lon_index": 9,
        "square_lat_index": 4,
        "min_lon": -82,
        "min_lat": 24,
        "max_lon": -80,
        "max_lat": 25
      },
      "geometry": {
        "type": "Polygon",
        "coordinates": [
          [
            [
              -80.0,
              24.0
            ],
            [
              -80.0,
              25.0
            ],
            [
              -82.0,
              25.0
            ],
            [
              -82.0,
              24.0
            ],
            [
              -80.0,
              24.0
            ]
          ]
        ]
      }
    },
    {
      "type": "Feature",
      "properties": {
        "grid": "EL95",
        "field": "EL",
        "square_lon_index": 9,
        "square_lat_index": 5,
        "min_lon": -82,
        "min_lat": 25,
        "max_lon": -80,
        "max_lat": 26
      },
      "geometry": {
        "type": "Polygon",
        "coordinates": [
          [
            [
              -80.0,
              25.0
            ],
            [
              -80.0,
              26.0
            ],
            [
              -82.0,
              26.0
            ],
            [
              -82.0,
              25.0
            ],
            [
              -80.0,
              25.0
            ]
          ]
        ]
      }
    },
    {
      "type": "Feature",
      "properties": {
        "grid": "EL96",
        "field": "EL",
        "square_lon_index": 9,
        "square_lat_index": 6,
        "min_lon": -82,
        "min_lat": 26,
        "max_lon": -80,
        "max_lat": 27
      },
      "geometry": {
        "type": "Polygon",
        "coordinates": [
          [
            [
              -80.0,
              26.0
            ],
            [
              -80.0,
              27.0
            ],
            [
              -82.0,
              27.0
            ],
            [
              -82.0,
              26.0
            ],
            [
              -80.0,
              26.0
            ]
          ]
        ]
      }
    },
    {
      "type": "Feature",
      "properties": {
        "grid": "EL97",
        "field": "EL",
        "square_lon_index": 9,
        "square_lat_index": 7,
        "min_lon": -82,
        "min_lat": 27,
        "max_lon": -80,
        "max_lat": 28
      },
      "geometry": {
        "type": "Polygon",
        "coordinates": [
          [
            [
              -80.0,
              27.0
            ],
            [
              -80.0,
              28.0
            ],
            [
              -82.0,
              28.0
            ],
            [
              -82.0,
              27.0
            ],
            [
              -80.0,
              27.0
            ]
          ]
        ]
      }
    },
    {
      "type": "Feature",
      "properties": {
        "grid": "EL98",
        "field": "EL",
        "square_lon_index": 9,
        "square_lat_index": 8,
        "min_lon": -82,
        "min_lat": 28,
        "max_lon": -80,
        "max_lat": 29
      },
      "geometry": {
        "type": "Polygon",
        "coordinates": [
          [
            [
              -80.0,
              28.0
            ],
            [
              -80.0,
              29.0
            ],
            [
              -82.0,
              29.0
            ],
            [
              -82.0,
              28.0
            ],
            [
              -80.0,
              28.0
            ]
          ]
        ]
      }
    },
    {
      "type": "Feature",
      "properties": {
        "grid": "EL99",
        "field": "EL",
        "square_lon_index": 9,
        "square_lat_index": 9,
        "min_lon": -82,
        "min_lat": 29,
        "max_lon": -80,
        "max_lat": 30
      },
      "geometry": {
        "type": "Polygon",
        "coordinates": [
          [
            [
              -80.0,
              29.0
            ],
            [
              -80.0,
              30.0
            ],
            [
              -82.0,
              30.0
            ],
            [
              -82.0,
              29.0
            ],
            [
              -80.0,
              29.0
            ]
          ]
        ]
      }
    },
    {
      "type": "Feature",
      "properties": {
        "grid": "EM00",
        "field": "EM",
        "square_lon_index": 0,
        "square_lat_index": 0,
        "min_lon": -100,
        "min_lat": 30,
        "max_lon": -98,
        "max_lat": 31
      },
      "geometry": {
        "type": "Polygon",
        "coordinates": [
          [
            [
              -98.0,
              30.0
            ],
            [
              -98.0,
              31.0
            ],
            [
              -100.0,
              31.0
            ],
            [
              -100.0,
              30.0
            ],
            [
              -98.0,
              30.0
            ]
          ]
        ]
      }
    },
    {
      "type": "Feature",
      "properties": {
        "grid": "EM01",
        "field": "EM",
        "square_lon_index": 0,
        "square_lat_index": 1,
        "min_lon": -100,
        "min_lat": 31,
        "max_lon": -98,
        "max_lat": 32
      },
      "geometry": {
        "type": "Polygon",
        "coordinates": [
          [
            [
              -98.0,
              31.0
            ],
            [
              -98.0,
              32.0
            ],
            [
              -100.0,
              32.0
            ],
            [
              -100.0,
              31.0
            ],
            [
              -98.0,
              31.0
            ]
          ]
        ]
      }
    },
    {
      "type": "Feature",
      "properties": {
        "grid": "EM02",
        "field": "EM",
        "square_lon_index": 0,
        "square_lat_index": 2,
        "min_lon": -100,
        "min_lat": 32,
        "max_lon": -98,
        "max_lat": 33
      },
      "geometry": {
        "type": "Polygon",
        "coordinates": [
          [
            [
              -98.0,
              32.0
            ],
            [
              -98.0,
              33.0
            ],
            [
              -100.0,
              33.0
            ],
            [
              -100.0,
              32.0
            ],
            [
              -98.0,
              32.0
            ]
          ]
        ]
      }
    },
    {
      "type": "Feature",
      "properties": {
        "grid": "EM03",
        "field": "EM",
        "square_lon_index": 0,
        "square_lat_index": 3,
        "min_lon": -100,
        "min_lat": 33,
        "max_lon": -98,
        "max_lat": 34
      },
      "geometry": {
        "type": "Polygon",
        "coordinates": [
          [
            [
              -98.0,
              33.0
            ],
            [
              -98.0,
              34.0
            ],
            [
              -100.0,
              34.0
            ],
            [
              -100.0,
              33.0
            ],
            [
              -98.0,
              33.0
            ]
          ]
        ]
      }
    },
    {
      "type": "Feature",
      "properties": {
        "grid": "EM04",
        "field": "EM",
        "square_lon_index": 0,
        "square_lat_index": 4,
        "min_lon": -100,
        "min_lat": 34,
        "max_lon": -98,
        "max_lat": 35
      },
      "geometry": {
        "type": "Polygon",
        "coordinates": [
          [
            [
              -98.0,
              34.0
            ],
            [
              -98.0,
              35.0
            ],
            [
              -100.0,
              35.0
            ],
            [
              -100.0,
              34.0
            ],
            [
              -98.0,
              34.0
            ]
          ]
        ]
      }
    },
    {
      "type": "Feature",
      "properties": {
        "grid": "EM05",
        "field": "EM",
        "square_lon_index": 0,
        "square_lat_index": 5,
        "min_lon": -100,
        "min_lat": 35,
        "max_lon": -98,
        "max_lat": 36
      },
      "geometry": {
        "type": "Polygon",
        "coordinates": [
          [
            [
              -98.0,
              35.0
            ],
            [
              -98.0,
              36.0
            ],
            [
              -100.0,
              36.0
            ],
            [
              -100.0,
              35.0
            ],
            [
              -98.0,
              35.0
            ]
          ]
        ]
      }
    },
    {
      "type": "Feature",
      "properties": {
        "grid": "EM06",
        "field": "EM",
        "square_lon_index": 0,
        "square_lat_index": 6,
        "min_lon": -100,
        "min_lat": 36,
        "max_lon": -98,
        "max_lat": 37
      },
      "geometry": {
        "type": "Polygon",
        "coordinates": [
          [
            [
              -98.0,
              36.0
            ],
            [
              -98.0,
              37.0
            ],
            [
              -100.0,
              37.0
            ],
            [
              -100.0,
              36.0
            ],
            [
              -98.0,
              36.0
            ]
          ]
        ]
      }
    },
    {
      "type": "Feature",
      "properties": {
        "grid": "EM07",
        "field": "EM",
        "square_lon_index": 0,
        "square_lat_index": 7,
        "min_lon": -100,
        "min_lat": 37,
        "max_lon": -98,
        "max_lat": 38
      },
      "geometry": {
        "type": "Polygon",
        "coordinates": [
          [
            [
              -98.0,
              37.0
            ],
            [
              -98.0,
              38.0
            ],
            [
              -100.0,
              38.0
            ],
            [
              -100.0,
              37.0
            ],
            [
              -98.0,
              37.0
            ]
          ]
        ]
      }
    },
    {
      "type": "Feature",
      "properties": {
        "grid": "EM08",
        "field": "EM",
        "square_lon_index": 0,
        "square_lat_index": 8,
        "min_lon": -100,
        "min_lat": 38,
        "max_lon": -98,
        "max_lat": 39
      },
      "geometry": {
        "type": "Polygon",
        "coordinates": [
          [
            [
              -98.0,
              38.0
            ],
            [
              -98.0,
              39.0
            ],
            [
              -100.0,
              39.0
            ],
            [
              -100.0,
              38.0
            ],
            [
              -98.0,
              38.0
            ]
          ]
        ]
      }
    },
    {
      "type": "Feature",
      "properties": {
        "grid": "EM09",
        "field": "EM",
        "square_lon_index": 0,
        "square_lat_index": 9,
        "min_lon": -100,
        "min_lat": 39,
        "max_lon": -98,
        "max_lat": 40
      },
      "geometry": {
        "type": "Polygon",
        "coordinates": [
          [
            [
              -98.0,
              39.0
            ],
            [
              -98.0,
              40.0
            ],
            [
              -100.0,
              40.0
            ],
            [
              -100.0,
              39.0
            ],
            [
              -98.0,
              39.0
            ]
          ]
        ]
      }
    },
    {
      "type": "Feature",
      "properties": {
        "grid": "EM10",
        "field": "EM",
        "square_lon_index": 1,
        "square_lat_index": 0,
        "min_lon": -98,
        "min_lat": 30,
        "max_lon": -96,
        "max_lat": 31
      },
      "geometry": {
        "type": "Polygon",
        "coordinates": [
          [
            [
              -96.0,
              30.0
            ],
            [
              -96.0,
              31.0
            ],
            [
              -98.0,
              31.0
            ],
            [
              -98.0,
              30.0
            ],
            [
              -96.0,
              30.0
            ]
          ]
        ]
      }
    },
    {
      "type": "Feature",
      "properties": {
        "grid": "EM11",
        "field": "EM",
        "square_lon_index": 1,
        "square_lat_index": 1,
        "min_lon": -98,
        "min_lat": 31,
        "max_lon": -96,
        "max_lat": 32
      },
      "geometry": {
        "type": "Polygon",
        "coordinates": [
          [
            [
              -96.0,
              31.0
            ],
            [
              -96.0,
              32.0
            ],
            [
              -98.0,
              32.0
            ],
            [
              -98.0,
              31.0
            ],
            [
              -96.0,
              31.0
            ]
          ]
        ]
      }
    },
    {
      "type": "Feature",
      "properties": {
        "grid": "EM12",
        "field": "EM",
        "square_lon_index": 1,
        "square_lat_index": 2,
        "min_lon": -98,
        "min_lat": 32,
        "max_lon": -96,
        "max_lat": 33
      },
      "geometry": {
        "type": "Polygon",
        "coordinates": [
          [
            [
              -96.0,
              32.0
            ],
            [
              -96.0,
              33.0
            ],
            [
              -98.0,
              33.0
            ],
            [
              -98.0,
              32.0
            ],
            [
              -96.0,
              32.0
            ]
          ]
        ]
      }
    },
    {
      "type": "Feature",
      "properties": {
        "grid": "EM13",
        "field": "EM",
        "square_lon_index": 1,
        "square_lat_index": 3,
        "min_lon": -98,
        "min_lat": 33,
        "max_lon": -96,
        "max_lat": 34
      },
      "geometry": {
        "type": "Polygon",
        "coordinates": [
          [
            [
              -96.0,
              33.0
            ],
            [
              -96.0,
              34.0
            ],
            [
              -98.0,
              34.0
            ],
            [
              -98.0,
              33.0
            ],
            [
              -96.0,
              33.0
            ]
          ]
        ]
      }
    },
    {
      "type": "Feature",
      "properties": {
        "grid": "EM14",
        "field": "EM",
        "square_lon_index": 1,
        "square_lat_index": 4,
        "min_lon": -98,
        "min_lat": 34,
        "max_lon": -96,
        "max_lat": 35
      },
      "geometry": {
        "type": "Polygon",
        "coordinates": [
          [
            [
              -96.0,
              34.0
            ],
            [
              -96.0,
              35.0
            ],
            [
              -98.0,
              35.0
            ],
            [
              -98.0,
              34.0
            ],
            [
              -96.0,
              34.0
            ]
          ]
        ]
      }
    },
    {
      "type": "Feature",
      "properties": {
        "grid": "EM15",
        "field": "EM",
        "square_lon_index": 1,
        "square_lat_index": 5,
        "min_lon": -98,
        "min_lat": 35,
        "max_lon": -96,
        "max_lat": 36
      },
      "geometry": {
        "type": "Polygon",
        "coordinates": [
          [
            [
              -96.0,
              35.0
            ],
            [
              -96.0,
              36.0
            ],
            [
              -98.0,
              36.0
            ],
            [
              -98.0,
              35.0
            ],
            [
              -96.0,
              35.0
            ]
          ]
        ]
      }
    },
    {
      "type": "Feature",
      "properties": {
        "grid": "EM16",
        "field": "EM",
        "square_lon_index": 1,
        "square_lat_index": 6,
        "min_lon": -98,
        "min_lat": 36,
        "max_lon": -96,
        "max_lat": 37
      },
      "geometry": {
        "type": "Polygon",
        "coordinates": [
          [
            [
              -96.0,
              36.0
            ],
            [
              -96.0,
              37.0
            ],
            [
              -98.0,
              37.0
            ],
            [
              -98.0,
              36.0
            ],
            [
              -96.0,
              36.0
            ]
          ]
        ]
      }
    },
    {
      "type": "Feature",
      "properties": {
        "grid": "EM17",
        "field": "EM",
        "square_lon_index": 1,
        "square_lat_index": 7,
        "min_lon": -98,
        "min_lat": 37,
        "max_lon": -96,
        "max_lat": 38
      },
      "geometry": {
        "type": "Polygon",
        "coordinates": [
          [
            [
              -96.0,
              37.0
            ],
            [
              -96.0,
              38.0
            ],
            [
              -98.0,
              38.0
            ],
            [
              -98.0,
              37.0
            ],
            [
              -96.0,
              37.0
            ]
          ]
        ]
      }
    },
    {
      "type": "Feature",
      "properties": {
        "grid": "EM18",
        "field": "EM",
        "square_lon_index": 1,
        "square_lat_index": 8,
        "min_lon": -98,
        "min_lat": 38,
        "max_lon": -96,
        "max_lat": 39
      },
      "geometry": {
        "type": "Polygon",
        "coordinates": [
          [
            [
              -96.0,
              38.0
            ],
            [
              -96.0,
              39.0
            ],
            [
              -98.0,
              39.0
            ],
            [
              -98.0,
              38.0
            ],
            [
              -96.0,
              38.0
            ]
          ]
        ]
      }
    },
    {
      "type": "Feature",
      "properties": {
        "grid": "EM19",
        "field": "EM",
        "square_lon_index": 1,
        "square_lat_index": 9,
        "min_lon": -98,
        "min_lat": 39,
        "max_lon": -96,
        "max_lat": 40
      },
      "geometry": {
        "type": "Polygon",
        "coordinates": [
          [
            [
              -96.0,
              39.0
            ],
            [
              -96.0,
              40.0
            ],
            [
              -98.0,
              40.0
            ],
            [
              -98.0,
              39.0
            ],
            [
              -96.0,
              39.0
            ]
          ]
        ]
      }
    },
    {
      "type": "Feature",
      "properties": {
        "grid": "EM20",
        "field": "EM",
        "square_lon_index": 2,
        "square_lat_index": 0,
        "min_lon": -96,
        "min_lat": 30,
        "max_lon": -94,
        "max_lat": 31
      },
      "geometry": {
        "type": "Polygon",
        "coordinates": [
          [
            [
              -94.0,
              30.0
            ],
            [
              -94.0,
              31.0
            ],
            [
              -96.0,
              31.0
            ],
            [
              -96.0,
              30.0
            ],
            [
              -94.0,
              30.0
            ]
          ]
        ]
      }
    },
    {
      "type": "Feature",
      "properties": {
        "grid": "EM21",
        "field": "EM",
        "square_lon_index": 2,
        "square_lat_index": 1,
        "min_lon": -96,
        "min_lat": 31,
        "max_lon": -94,
        "max_lat": 32
      },
      "geometry": {
        "type": "Polygon",
        "coordinates": [
          [
            [
              -94.0,
              31.0
            ],
            [
              -94.0,
              32.0
            ],
            [
              -96.0,
              32.0
            ],
            [
              -96.0,
              31.0
            ],
            [
              -94.0,
              31.0
            ]
          ]
        ]
      }
    },
    {
      "type": "Feature",
      "properties": {
        "grid": "EM22",
        "field": "EM",
        "square_lon_index": 2,
        "square_lat_index": 2,
        "min_lon": -96,
        "min_lat": 32,
        "max_lon": -94,
        "max_lat": 33
      },
      "geometry": {
        "type": "Polygon",
        "coordinates": [
          [
            [
              -94.0,
              32.0
            ],
            [
              -94.0,
              33.0
            ],
            [
              -96.0,
              33.0
            ],
            [
              -96.0,
              32.0
            ],
            [
              -94.0,
              32.0
            ]
          ]
        ]
      }
    },
    {
      "type": "Feature",
      "properties": {
        "grid": "EM23",
        "field": "EM",
        "square_lon_index": 2,
        "square_lat_index": 3,
        "min_lon": -96,
        "min_lat": 33,
        "max_lon": -94,
        "max_lat": 34
      },
      "geometry": {
        "type": "Polygon",
        "coordinates": [
          [
            [
              -94.0,
              33.0
            ],
            [
              -94.0,
              34.0
            ],
            [
              -96.0,
              34.0
            ],
            [
              -96.0,
              33.0
            ],
            [
              -94.0,
              33.0
            ]
          ]
        ]
      }
    },
    {
      "type": "Feature",
      "properties": {
        "grid": "EM24",
        "field": "EM",
        "square_lon_index": 2,
        "square_lat_index": 4,
        "min_lon": -96,
        "min_lat": 34,
        "max_lon": -94,
        "max_lat": 35
      },
      "geometry": {
        "type": "Polygon",
        "coordinates": [
          [
            [
              -94.0,
              34.0
            ],
            [
              -94.0,
              35.0
            ],
            [
              -96.0,
              35.0
            ],
            [
              -96.0,
              34.0
            ],
            [
              -94.0,
              34.0
            ]
          ]
        ]
      }
    },
    {
      "type": "Feature",
      "properties": {
        "grid": "EM25",
        "field": "EM",
        "square_lon_index": 2,
        "square_lat_index": 5,
        "min_lon": -96,
        "min_lat": 35,
        "max_lon": -94,
        "max_lat": 36
      },
      "geometry": {
        "type": "Polygon",
        "coordinates": [
          [
            [
              -94.0,
              35.0
            ],
            [
              -94.0,
              36.0
            ],
            [
              -96.0,
              36.0
            ],
            [
              -96.0,
              35.0
            ],
            [
              -94.0,
              35.0
            ]
          ]
        ]
      }
    },
    {
      "type": "Feature",
      "properties": {
        "grid": "EM26",
        "field": "EM",
        "square_lon_index": 2,
        "square_lat_index": 6,
        "min_lon": -96,
        "min_lat": 36,
        "max_lon": -94,
        "max_lat": 37
      },
      "geometry": {
        "type": "Polygon",
        "coordinates": [
          [
            [
              -94.0,
              36.0
            ],
            [
              -94.0,
              37.0
            ],
            [
              -96.0,
              37.0
            ],
            [
              -96.0,
              36.0
            ],
            [
              -94.0,
              36.0
            ]
          ]
        ]
      }
    },
    {
      "type": "Feature",
      "properties": {
        "grid": "EM27",
        "field": "EM",
        "square_lon_index": 2,
        "square_lat_index": 7,
        "min_lon": -96,
        "min_lat": 37,
        "max_lon": -94,
        "max_lat": 38
      },
      "geometry": {
        "type": "Polygon",
        "coordinates": [
          [
            [
              -94.0,
              37.0
            ],
            [
              -94.0,
              38.0
            ],
            [
              -96.0,
              38.0
            ],
            [
              -96.0,
              37.0
            ],
            [
              -94.0,
              37.0
            ]
          ]
        ]
      }
    },
    {
      "type": "Feature",
      "properties": {
        "grid": "EM28",
        "field": "EM",
        "square_lon_index": 2,
        "square_lat_index": 8,
        "min_lon": -96,
        "min_lat": 38,
        "max_lon": -94,
        "max_lat": 39
      },
      "geometry": {
        "type": "Polygon",
        "coordinates": [
          [
            [
              -94.0,
              38.0
            ],
            [
              -94.0,
              39.0
            ],
            [
              -96.0,
              39.0
            ],
            [
              -96.0,
              38.0
            ],
            [
              -94.0,
              38.0
            ]
          ]
        ]
      }
    },
    {
      "type": "Feature",
      "properties": {
        "grid": "EM29",
        "field": "EM",
        "square_lon_index": 2,
        "square_lat_index": 9,
        "min_lon": -96,
        "min_lat": 39,
        "max_lon": -94,
        "max_lat": 40
      },
      "geometry": {
        "type": "Polygon",
        "coordinates": [
          [
            [
              -94.0,
              39.0
            ],
            [
              -94.0,
              40.0
            ],
            [
              -96.0,
              40.0
            ],
            [
              -96.0,
              39.0
            ],
            [
              -94.0,
              39.0
            ]
          ]
        ]
      }
    },
    {
      "type": "Feature",
      "properties": {
        "grid": "EM30",
        "field": "EM",
        "square_lon_index": 3,
        "square_lat_index": 0,
        "min_lon": -94,
        "min_lat": 30,
        "max_lon": -92,
        "max_lat": 31
      },
      "geometry": {
        "type": "Polygon",
        "coordinates": [
          [
            [
              -92.0,
              30.0
            ],
            [
              -92.0,
              31.0
            ],
            [
              -94.0,
              31.0
            ],
            [
              -94.0,
              30.0
            ],
            [
              -92.0,
              30.0
            ]
          ]
        ]
      }
    },
    {
      "type": "Feature",
      "properties": {
        "grid": "EM31",
        "field": "EM",
        "square_lon_index": 3,
        "square_lat_index": 1,
        "min_lon": -94,
        "min_lat": 31,
        "max_lon": -92,
        "max_lat": 32
      },
      "geometry": {
        "type": "Polygon",
        "coordinates": [
          [
            [
              -92.0,
              31.0
            ],
            [
              -92.0,
              32.0
            ],
            [
              -94.0,
              32.0
            ],
            [
              -94.0,
              31.0
            ],
            [
              -92.0,
              31.0
            ]
          ]
        ]
      }
    },
    {
      "type": "Feature",
      "properties": {
        "grid": "EM32",
        "field": "EM",
        "square_lon_index": 3,
        "square_lat_index": 2,
        "min_lon": -94,
        "min_lat": 32,
        "max_lon": -92,
        "max_lat": 33
      },
      "geometry": {
        "type": "Polygon",
        "coordinates": [
          [
            [
              -92.0,
              32.0
            ],
            [
              -92.0,
              33.0
            ],
            [
              -94.0,
              33.0
            ],
            [
              -94.0,
              32.0
            ],
            [
              -92.0,
              32.0
            ]
          ]
        ]
      }
    },
    {
      "type": "Feature",
      "properties": {
        "grid": "EM33",
        "field": "EM",
        "square_lon_index": 3,
        "square_lat_index": 3,
        "min_lon": -94,
        "min_lat": 33,
        "max_lon": -92,
        "max_lat": 34
      },
      "geometry": {
        "type": "Polygon",
        "coordinates": [
          [
            [
              -92.0,
              33.0
            ],
            [
              -92.0,
              34.0
            ],
            [
              -94.0,
              34.0
            ],
            [
              -94.0,
              33.0
            ],
            [
              -92.0,
              33.0
            ]
          ]
        ]
      }
    },
    {
      "type": "Feature",
      "properties": {
        "grid": "EM34",
        "field": "EM",
        "square_lon_index": 3,
        "square_lat_index": 4,
        "min_lon": -94,
        "min_lat": 34,
        "max_lon": -92,
        "max_lat": 35
      },
      "geometry": {
        "type": "Polygon",
        "coordinates": [
          [
            [
              -92.0,
              34.0
            ],
            [
              -92.0,
              35.0
            ],
            [
              -94.0,
              35.0
            ],
            [
              -94.0,
              34.0
            ],
            [
              -92.0,
              34.0
            ]
          ]
        ]
      }
    },
    {
      "type": "Feature",
      "properties": {
        "grid": "EM35",
        "field": "EM",
        "square_lon_index": 3,
        "square_lat_index": 5,
        "min_lon": -94,
        "min_lat": 35,
        "max_lon": -92,
        "max_lat": 36
      },
      "geometry": {
        "type": "Polygon",
        "coordinates": [
          [
            [
              -92.0,
              35.0
            ],
            [
              -92.0,
              36.0
            ],
            [
              -94.0,
              36.0
            ],
            [
              -94.0,
              35.0
            ],
            [
              -92.0,
              35.0
            ]
          ]
        ]
      }
    },
    {
      "type": "Feature",
      "properties": {
        "grid": "EM36",
        "field": "EM",
        "square_lon_index": 3,
        "square_lat_index": 6,
        "min_lon": -94,
        "min_lat": 36,
        "max_lon": -92,
        "max_lat": 37
      },
      "geometry": {
        "type": "Polygon",
        "coordinates": [
          [
            [
              -92.0,
              36.0
            ],
            [
              -92.0,
              37.0
            ],
            [
              -94.0,
              37.0
            ],
            [
              -94.0,
              36.0
            ],
            [
              -92.0,
              36.0
            ]
          ]
        ]
      }
    },
    {
      "type": "Feature",
      "properties": {
        "grid": "EM37",
        "field": "EM",
        "square_lon_index": 3,
        "square_lat_index": 7,
        "min_lon": -94,
        "min_lat": 37,
        "max_lon": -92,
        "max_lat": 38
      },
      "geometry": {
        "type": "Polygon",
        "coordinates": [
          [
            [
              -92.0,
              37.0
            ],
            [
              -92.0,
              38.0
            ],
            [
              -94.0,
              38.0
            ],
            [
              -94.0,
              37.0
            ],
            [
              -92.0,
              37.0
            ]
          ]
        ]
      }
    },
    {
      "type": "Feature",
      "properties": {
        "grid": "EM38",
        "field": "EM",
        "square_lon_index": 3,
        "square_lat_index": 8,
        "min_lon": -94,
        "min_lat": 38,
        "max_lon": -92,
        "max_lat": 39
      },
      "geometry": {
        "type": "Polygon",
        "coordinates": [
          [
            [
              -92.0,
              38.0
            ],
            [
              -92.0,
              39.0
            ],
            [
              -94.0,
              39.0
            ],
            [
              -94.0,
              38.0
            ],
            [
              -92.0,
              38.0
            ]
          ]
        ]
      }
    },
    {
      "type": "Feature",
      "properties": {
        "grid": "EM39",
        "field": "EM",
        "square_lon_index": 3,
        "square_lat_index": 9,
        "min_lon": -94,
        "min_lat": 39,
        "max_lon": -92,
        "max_lat": 40
      },
      "geometry": {
        "type": "Polygon",
        "coordinates": [
          [
            [
              -92.0,
              39.0
            ],
            [
              -92.0,
              40.0
            ],
            [
              -94.0,
              40.0
            ],
            [
              -94.0,
              39.0
            ],
            [
              -92.0,
              39.0
            ]
          ]
        ]
      }
    },
    {
      "type": "Feature",
      "properties": {
        "grid": "EM40",
        "field": "EM",
        "square_lon_index": 4,
        "square_lat_index": 0,
        "min_lon": -92,
        "min_lat": 30,
        "max_lon": -90,
        "max_lat": 31
      },
      "geometry": {
        "type": "Polygon",
        "coordinates": [
          [
            [
              -90.0,
              30.0
            ],
            [
              -90.0,
              31.0
            ],
            [
              -92.0,
              31.0
            ],
            [
              -92.0,
              30.0
            ],
            [
              -90.0,
              30.0
            ]
          ]
        ]
      }
    },
    {
      "type": "Feature",
      "properties": {
        "grid": "EM41",
        "field": "EM",
        "square_lon_index": 4,
        "square_lat_index": 1,
        "min_lon": -92,
        "min_lat": 31,
        "max_lon": -90,
        "max_lat": 32
      },
      "geometry": {
        "type": "Polygon",
        "coordinates": [
          [
            [
              -90.0,
              31.0
            ],
            [
              -90.0,
              32.0
            ],
            [
              -92.0,
              32.0
            ],
            [
              -92.0,
              31.0
            ],
            [
              -90.0,
              31.0
            ]
          ]
        ]
      }
    },
    {
      "type": "Feature",
      "properties": {
        "grid": "EM42",
        "field": "EM",
        "square_lon_index": 4,
        "square_lat_index": 2,
        "min_lon": -92,
        "min_lat": 32,
        "max_lon": -90,
        "max_lat": 33
      },
      "geometry": {
        "type": "Polygon",
        "coordinates": [
          [
            [
              -90.0,
              32.0
            ],
            [
              -90.0,
              33.0
            ],
            [
              -92.0,
              33.0
            ],
            [
              -92.0,
              32.0
            ],
            [
              -90.0,
              32.0
            ]
          ]
        ]
      }
    },
    {
      "type": "Feature",
      "properties": {
        "grid": "EM43",
        "field": "EM",
        "square_lon_index": 4,
        "square_lat_index": 3,
        "min_lon": -92,
        "min_lat": 33,
        "max_lon": -90,
        "max_lat": 34
      },
      "geometry": {
        "type": "Polygon",
        "coordinates": [
          [
            [
              -90.0,
              33.0
            ],
            [
              -90.0,
              34.0
            ],
            [
              -92.0,
              34.0
            ],
            [
              -92.0,
              33.0
            ],
            [
              -90.0,
              33.0
            ]
          ]
        ]
      }
    },
    {
      "type": "Feature",
      "properties": {
        "grid": "EM44",
        "field": "EM",
        "square_lon_index": 4,
        "square_lat_index": 4,
        "min_lon": -92,
        "min_lat": 34,
        "max_lon": -90,
        "max_lat": 35
      },
      "geometry": {
        "type": "Polygon",
        "coordinates": [
          [
            [
              -90.0,
              34.0
            ],
            [
              -90.0,
              35.0
            ],
            [
              -92.0,
              35.0
            ],
            [
              -92.0,
              34.0
            ],
            [
              -90.0,
              34.0
            ]
          ]
        ]
      }
    },
    {
      "type": "Feature",
      "properties": {
        "grid": "EM45",
        "field": "EM",
        "square_lon_index": 4,
        "square_lat_index": 5,
        "min_lon": -92,
        "min_lat": 35,
        "max_lon": -90,
        "max_lat": 36
      },
      "geometry": {
        "type": "Polygon",
        "coordinates": [
          [
            [
              -90.0,
              35.0
            ],
            [
              -90.0,
              36.0
            ],
            [
              -92.0,
              36.0
            ],
            [
              -92.0,
              35.0
            ],
            [
              -90.0,
              35.0
            ]
          ]
        ]
      }
    },
    {
      "type": "Feature",
      "properties": {
        "grid": "EM46",
        "field": "EM",
        "square_lon_index": 4,
        "square_lat_index": 6,
        "min_lon": -92,
        "min_lat": 36,
        "max_lon": -90,
        "max_lat": 37
      },
      "geometry": {
        "type": "Polygon",
        "coordinates": [
          [
            [
              -90.0,
              36.0
            ],
            [
              -90.0,
              37.0
            ],
            [
              -92.0,
              37.0
            ],
            [
              -92.0,
              36.0
            ],
            [
              -90.0,
              36.0
            ]
          ]
        ]
      }
    },
    {
      "type": "Feature",
      "properties": {
        "grid": "EM47",
        "field": "EM",
        "square_lon_index": 4,
        "square_lat_index": 7,
        "min_lon": -92,
        "min_lat": 37,
        "max_lon": -90,
        "max_lat": 38
      },
      "geometry": {
        "type": "Polygon",
        "coordinates": [
          [
            [
              -90.0,
              37.0
            ],
            [
              -90.0,
              38.0
            ],
            [
              -92.0,
              38.0
            ],
            [
              -92.0,
              37.0
            ],
            [
              -90.0,
              37.0
            ]
          ]
        ]
      }
    },
    {
      "type": "Feature",
      "properties": {
        "grid": "EM48",
        "field": "EM",
        "square_lon_index": 4,
        "square_lat_index": 8,
        "min_lon": -92,
        "min_lat": 38,
        "max_lon": -90,
        "max_lat": 39
      },
      "geometry": {
        "type": "Polygon",
        "coordinates": [
          [
            [
              -90.0,
              38.0
            ],
            [
              -90.0,
              39.0
            ],
            [
              -92.0,
              39.0
            ],
            [
              -92.0,
              38.0
            ],
            [
              -90.0,
              38.0
            ]
          ]
        ]
      }
    },
    {
      "type": "Feature",
      "properties": {
        "grid": "EM49",
        "field": "EM",
        "square_lon_index": 4,
        "square_lat_index": 9,
        "min_lon": -92,
        "min_lat": 39,
        "max_lon": -90,
        "max_lat": 40
      },
      "geometry": {
        "type": "Polygon",
        "coordinates": [
          [
            [
              -90.0,
              39.0
            ],
            [
              -90.0,
              40.0
            ],
            [
              -92.0,
              40.0
            ],
            [
              -92.0,
              39.0
            ],
            [
              -90.0,
              39.0
            ]
          ]
        ]
      }
    },
    {
      "type": "Feature",
      "properties": {
        "grid": "EM50",
        "field": "EM",
        "square_lon_index": 5,
        "square_lat_index": 0,
        "min_lon": -90,
        "min_lat": 30,
        "max_lon": -88,
        "max_lat": 31
      },
      "geometry": {
        "type": "Polygon",
        "coordinates": [
          [
            [
              -88.0,
              30.0
            ],
            [
              -88.0,
              31.0
            ],
            [
              -90.0,
              31.0
            ],
            [
              -90.0,
              30.0
            ],
            [
              -88.0,
              30.0
            ]
          ]
        ]
      }
    },
    {
      "type": "Feature",
      "properties": {
        "grid": "EM51",
        "field": "EM",
        "square_lon_index": 5,
        "square_lat_index": 1,
        "min_lon": -90,
        "min_lat": 31,
        "max_lon": -88,
        "max_lat": 32
      },
      "geometry": {
        "type": "Polygon",
        "coordinates": [
          [
            [
              -88.0,
              31.0
            ],
            [
              -88.0,
              32.0
            ],
            [
              -90.0,
              32.0
            ],
            [
              -90.0,
              31.0
            ],
            [
              -88.0,
              31.0
            ]
          ]
        ]
      }
    },
    {
      "type": "Feature",
      "properties": {
        "grid": "EM52",
        "field": "EM",
        "square_lon_index": 5,
        "square_lat_index": 2,
        "min_lon": -90,
        "min_lat": 32,
        "max_lon": -88,
        "max_lat": 33
      },
      "geometry": {
        "type": "Polygon",
        "coordinates": [
          [
            [
              -88.0,
              32.0
            ],
            [
              -88.0,
              33.0
            ],
            [
              -90.0,
              33.0
            ],
            [
              -90.0,
              32.0
            ],
            [
              -88.0,
              32.0
            ]
          ]
        ]
      }
    },
    {
      "type": "Feature",
      "properties": {
        "grid": "EM53",
        "field": "EM",
        "square_lon_index": 5,
        "square_lat_index": 3,
        "min_lon": -90,
        "min_lat": 33,
        "max_lon": -88,
        "max_lat": 34
      },
      "geometry": {
        "type": "Polygon",
        "coordinates": [
          [
            [
              -88.0,
              33.0
            ],
            [
              -88.0,
              34.0
            ],
            [
              -90.0,
              34.0
            ],
            [
              -90.0,
              33.0
            ],
            [
              -88.0,
              33.0
            ]
          ]
        ]
      }
    },
    {
      "type": "Feature",
      "properties": {
        "grid": "EM54",
        "field": "EM",
        "square_lon_index": 5,
        "square_lat_index": 4,
        "min_lon": -90,
        "min_lat": 34,
        "max_lon": -88,
        "max_lat": 35
      },
      "geometry": {
        "type": "Polygon",
        "coordinates": [
          [
            [
              -88.0,
              34.0
            ],
            [
              -88.0,
              35.0
            ],
            [
              -90.0,
              35.0
            ],
            [
              -90.0,
              34.0
            ],
            [
              -88.0,
              34.0
            ]
          ]
        ]
      }
    },
    {
      "type": "Feature",
      "properties": {
        "grid": "EM55",
        "field": "EM",
        "square_lon_index": 5,
        "square_lat_index": 5,
        "min_lon": -90,
        "min_lat": 35,
        "max_lon": -88,
        "max_lat": 36
      },
      "geometry": {
        "type": "Polygon",
        "coordinates": [
          [
            [
              -88.0,
              35.0
            ],
            [
              -88.0,
              36.0
            ],
            [
              -90.0,
              36.0
            ],
            [
              -90.0,
              35.0
            ],
            [
              -88.0,
              35.0
            ]
          ]
        ]
      }
    },
    {
      "type": "Feature",
      "properties": {
        "grid": "EM56",
        "field": "EM",
        "square_lon_index": 5,
        "square_lat_index": 6,
        "min_lon": -90,
        "min_lat": 36,
        "max_lon": -88,
        "max_lat": 37
      },
      "geometry": {
        "type": "Polygon",
        "coordinates": [
          [
            [
              -88.0,
              36.0
            ],
            [
              -88.0,
              37.0
            ],
            [
              -90.0,
              37.0
            ],
            [
              -90.0,
              36.0
            ],
            [
              -88.0,
              36.0
            ]
          ]
        ]
      }
    },
    {
      "type": "Feature",
      "properties": {
        "grid": "EM57",
        "field": "EM",
        "square_lon_index": 5,
        "square_lat_index": 7,
        "min_lon": -90,
        "min_lat": 37,
        "max_lon": -88,
        "max_lat": 38
      },
      "geometry": {
        "type": "Polygon",
        "coordinates": [
          [
            [
              -88.0,
              37.0
            ],
            [
              -88.0,
              38.0
            ],
            [
              -90.0,
              38.0
            ],
            [
              -90.0,
              37.0
            ],
            [
              -88.0,
              37.0
            ]
          ]
        ]
      }
    },
    {
      "type": "Feature",
      "properties": {
        "grid": "EM58",
        "field": "EM",
        "square_lon_index": 5,
        "square_lat_index": 8,
        "min_lon": -90,
        "min_lat": 38,
        "max_lon": -88,
        "max_lat": 39
      },
      "geometry": {
        "type": "Polygon",
        "coordinates": [
          [
            [
              -88.0,
              38.0
            ],
            [
              -88.0,
              39.0
            ],
            [
              -90.0,
              39.0
            ],
            [
              -90.0,
              38.0
            ],
            [
              -88.0,
              38.0
            ]
          ]
        ]
      }
    },
    {
      "type": "Feature",
      "properties": {
        "grid": "EM59",
        "field": "EM",
        "square_lon_index": 5,
        "square_lat_index": 9,
        "min_lon": -90,
        "min_lat": 39,
        "max_lon": -88,
        "max_lat": 40
      },
      "geometry": {
        "type": "Polygon",
        "coordinates": [
          [
            [
              -88.0,
              39.0
            ],
            [
              -88.0,
              40.0
            ],
            [
              -90.0,
              40.0
            ],
            [
              -90.0,
              39.0
            ],
            [
              -88.0,
              39.0
            ]
          ]
        ]
      }
    },
    {
      "type": "Feature",
      "properties": {
        "grid": "EM60",
        "field": "EM",
        "square_lon_index": 6,
        "square_lat_index": 0,
        "min_lon": -88,
        "min_lat": 30,
        "max_lon": -86,
        "max_lat": 31
      },
      "geometry": {
        "type": "Polygon",
        "coordinates": [
          [
            [
              -86.0,
              30.0
            ],
            [
              -86.0,
              31.0
            ],
            [
              -88.0,
              31.0
            ],
            [
              -88.0,
              30.0
            ],
            [
              -86.0,
              30.0
            ]
          ]
        ]
      }
    },
    {
      "type": "Feature",
      "properties": {
        "grid": "EM61",
        "field": "EM",
        "square_lon_index": 6,
        "square_lat_index": 1,
        "min_lon": -88,
        "min_lat": 31,
        "max_lon": -86,
        "max_lat": 32
      },
      "geometry": {
        "type": "Polygon",
        "coordinates": [
          [
            [
              -86.0,
              31.0
            ],
            [
              -86.0,
              32.0
            ],
            [
              -88.0,
              32.0
            ],
            [
              -88.0,
              31.0
            ],
            [
              -86.0,
              31.0
            ]
          ]
        ]
      }
    },
    {
      "type": "Feature",
      "properties": {
        "grid": "EM62",
        "field": "EM",
        "square_lon_index": 6,
        "square_lat_index": 2,
        "min_lon": -88,
        "min_lat": 32,
        "max_lon": -86,
        "max_lat": 33
      },
      "geometry": {
        "type": "Polygon",
        "coordinates": [
          [
            [
              -86.0,
              32.0
            ],
            [
              -86.0,
              33.0
            ],
            [
              -88.0,
              33.0
            ],
            [
              -88.0,
              32.0
            ],
            [
              -86.0,
              32.0
            ]
          ]
        ]
      }
    },
    {
      "type": "Feature",
      "properties": {
        "grid": "EM63",
        "field": "EM",
        "square_lon_index": 6,
        "square_lat_index": 3,
        "min_lon": -88,
        "min_lat": 33,
        "max_lon": -86,
        "max_lat": 34
      },
      "geometry": {
        "type": "Polygon",
        "coordinates": [
          [
            [
              -86.0,
              33.0
            ],
            [
              -86.0,
              34.0
            ],
            [
              -88.0,
              34.0
            ],
            [
              -88.0,
              33.0
            ],
            [
              -86.0,
              33.0
            ]
          ]
        ]
      }
    },
    {
      "type": "Feature",
      "properties": {
        "grid": "EM64",
        "field": "EM",
        "square_lon_index": 6,
        "square_lat_index": 4,
        "min_lon": -88,
        "min_lat": 34,
        "max_lon": -86,
        "max_lat": 35
      },
      "geometry": {
        "type": "Polygon",
        "coordinates": [
          [
            [
              -86.0,
              34.0
            ],
            [
              -86.0,
              35.0
            ],
            [
              -88.0,
              35.0
            ],
            [
              -88.0,
              34.0
            ],
            [
              -86.0,
              34.0
            ]
          ]
        ]
      }
    },
    {
      "type": "Feature",
      "properties": {
        "grid": "EM65",
        "field": "EM",
        "square_lon_index": 6,
        "square_lat_index": 5,
        "min_lon": -88,
        "min_lat": 35,
        "max_lon": -86,
        "max_lat": 36
      },
      "geometry": {
        "type": "Polygon",
        "coordinates": [
          [
            [
              -86.0,
              35.0
            ],
            [
              -86.0,
              36.0
            ],
            [
              -88.0,
              36.0
            ],
            [
              -88.0,
              35.0
            ],
            [
              -86.0,
              35.0
            ]
          ]
        ]
      }
    },
    {
      "type": "Feature",
      "properties": {
        "grid": "EM66",
        "field": "EM",
        "square_lon_index": 6,
        "square_lat_index": 6,
        "min_lon": -88,
        "min_lat": 36,
        "max_lon": -86,
        "max_lat": 37
      },
      "geometry": {
        "type": "Polygon",
        "coordinates": [
          [
            [
              -86.0,
              36.0
            ],
            [
              -86.0,
              37.0
            ],
            [
              -88.0,
              37.0
            ],
            [
              -88.0,
              36.0
            ],
            [
              -86.0,
              36.0
            ]
          ]
        ]
      }
    },
    {
      "type": "Feature",
      "properties": {
        "grid": "EM67",
        "field": "EM",
        "square_lon_index": 6,
        "square_lat_index": 7,
        "min_lon": -88,
        "min_lat": 37,
        "max_lon": -86,
        "max_lat": 38
      },
      "geometry": {
        "type": "Polygon",
        "coordinates": [
          [
            [
              -86.0,
              37.0
            ],
            [
              -86.0,
              38.0
            ],
            [
              -88.0,
              38.0
            ],
            [
              -88.0,
              37.0
            ],
            [
              -86.0,
              37.0
            ]
          ]
        ]
      }
    },
    {
      "type": "Feature",
      "properties": {
        "grid": "EM68",
        "field": "EM",
        "square_lon_index": 6,
        "square_lat_index": 8,
        "min_lon": -88,
        "min_lat": 38,
        "max_lon": -86,
        "max_lat": 39
      },
      "geometry": {
        "type": "Polygon",
        "coordinates": [
          [
            [
              -86.0,
              38.0
            ],
            [
              -86.0,
              39.0
            ],
            [
              -88.0,
              39.0
            ],
            [
              -88.0,
              38.0
            ],
            [
              -86.0,
              38.0
            ]
          ]
        ]
      }
    },
    {
      "type": "Feature",
      "properties": {
        "grid": "EM69",
        "field": "EM",
        "square_lon_index": 6,
        "square_lat_index": 9,
        "min_lon": -88,
        "min_lat": 39,
        "max_lon": -86,
        "max_lat": 40
      },
      "geometry": {
        "type": "Polygon",
        "coordinates": [
          [
            [
              -86.0,
              39.0
            ],
            [
              -86.0,
              40.0
            ],
            [
              -88.0,
              40.0
            ],
            [
              -88.0,
              39.0
            ],
            [
              -86.0,
              39.0
            ]
          ]
        ]
      }
    },
    {
      "type": "Feature",
      "properties": {
        "grid": "EM70",
        "field": "EM",
        "square_lon_index": 7,
        "square_lat_index": 0,
        "min_lon": -86,
        "min_lat": 30,
        "max_lon": -84,
        "max_lat": 31
      },
      "geometry": {
        "type": "Polygon",
        "coordinates": [
          [
            [
              -84.0,
              30.0
            ],
            [
              -84.0,
              31.0
            ],
            [
              -86.0,
              31.0
            ],
            [
              -86.0,
              30.0
            ],
            [
              -84.0,
              30.0
            ]
          ]
        ]
      }
    },
    {
      "type": "Feature",
      "properties": {
        "grid": "EM71",
        "field": "EM",
        "square_lon_index": 7,
        "square_lat_index": 1,
        "min_lon": -86,
        "min_lat": 31,
        "max_lon": -84,
        "max_lat": 32
      },
      "geometry": {
        "type": "Polygon",
        "coordinates": [
          [
            [
              -84.0,
              31.0
            ],
            [
              -84.0,
              32.0
            ],
            [
              -86.0,
              32.0
            ],
            [
              -86.0,
              31.0
            ],
            [
              -84.0,
              31.0
            ]
          ]
        ]
      }
    },
    {
      "type": "Feature",
      "properties": {
        "grid": "EM72",
        "field": "EM",
        "square_lon_index": 7,
        "square_lat_index": 2,
        "min_lon": -86,
        "min_lat": 32,
        "max_lon": -84,
        "max_lat": 33
      },
      "geometry": {
        "type": "Polygon",
        "coordinates": [
          [
            [
              -84.0,
              32.0
            ],
            [
              -84.0,
              33.0
            ],
            [
              -86.0,
              33.0
            ],
            [
              -86.0,
              32.0
            ],
            [
              -84.0,
              32.0
            ]
          ]
        ]
      }
    },
    {
      "type": "Feature",
      "properties": {
        "grid": "EM73",
        "field": "EM",
        "square_lon_index": 7,
        "square_lat_index": 3,
        "min_lon": -86,
        "min_lat": 33,
        "max_lon": -84,
        "max_lat": 34
      },
      "geometry": {
        "type": "Polygon",
        "coordinates": [
          [
            [
              -84.0,
              33.0
            ],
            [
              -84.0,
              34.0
            ],
            [
              -86.0,
              34.0
            ],
            [
              -86.0,
              33.0
            ],
            [
              -84.0,
              33.0
            ]
          ]
        ]
      }
    },
    {
      "type": "Feature",
      "properties": {
        "grid": "EM74",
        "field": "EM",
        "square_lon_index": 7,
        "square_lat_index": 4,
        "min_lon": -86,
        "min_lat": 34,
        "max_lon": -84,
        "max_lat": 35
      },
      "geometry": {
        "type": "Polygon",
        "coordinates": [
          [
            [
              -84.0,
              34.0
            ],
            [
              -84.0,
              35.0
            ],
            [
              -86.0,
              35.0
            ],
            [
              -86.0,
              34.0
            ],
            [
              -84.0,
              34.0
            ]
          ]
        ]
      }
    },
    {
      "type": "Feature",
      "properties": {
        "grid": "EM75",
        "field": "EM",
        "square_lon_index": 7,
        "square_lat_index": 5,
        "min_lon": -86,
        "min_lat": 35,
        "max_lon": -84,
        "max_lat": 36
      },
      "geometry": {
        "type": "Polygon",
        "coordinates": [
          [
            [
              -84.0,
              35.0
            ],
            [
              -84.0,
              36.0
            ],
            [
              -86.0,
              36.0
            ],
            [
              -86.0,
              35.0
            ],
            [
              -84.0,
              35.0
            ]
          ]
        ]
      }
    },
    {
      "type": "Feature",
      "properties": {
        "grid": "EM76",
        "field": "EM",
        "square_lon_index": 7,
        "square_lat_index": 6,
        "min_lon": -86,
        "min_lat": 36,
        "max_lon": -84,
        "max_lat": 37
      },
      "geometry": {
        "type": "Polygon",
        "coordinates": [
          [
            [
              -84.0,
              36.0
            ],
            [
              -84.0,
              37.0
            ],
            [
              -86.0,
              37.0
            ],
            [
              -86.0,
              36.0
            ],
            [
              -84.0,
              36.0
            ]
          ]
        ]
      }
    },
    {
      "type": "Feature",
      "properties": {
        "grid": "EM77",
        "field": "EM",
        "square_lon_index": 7,
        "square_lat_index": 7,
        "min_lon": -86,
        "min_lat": 37,
        "max_lon": -84,
        "max_lat": 38
      },
      "geometry": {
        "type": "Polygon",
        "coordinates": [
          [
            [
              -84.0,
              37.0
            ],
            [
              -84.0,
              38.0
            ],
            [
              -86.0,
              38.0
            ],
            [
              -86.0,
              37.0
            ],
            [
              -84.0,
              37.0
            ]
          ]
        ]
      }
    },
    {
      "type": "Feature",
      "properties": {
        "grid": "EM78",
        "field": "EM",
        "square_lon_index": 7,
        "square_lat_index": 8,
        "min_lon": -86,
        "min_lat": 38,
        "max_lon": -84,
        "max_lat": 39
      },
      "geometry": {
        "type": "Polygon",
        "coordinates": [
          [
            [
              -84.0,
              38.0
            ],
            [
              -84.0,
              39.0
            ],
            [
              -86.0,
              39.0
            ],
            [
              -86.0,
              38.0
            ],
            [
              -84.0,
              38.0
            ]
          ]
        ]
      }
    },
    {
      "type": "Feature",
      "properties": {
        "grid": "EM79",
        "field": "EM",
        "square_lon_index": 7,
        "square_lat_index": 9,
        "min_lon": -86,
        "min_lat": 39,
        "max_lon": -84,
        "max_lat": 40
      },
      "geometry": {
        "type": "Polygon",
        "coordinates": [
          [
            [
              -84.0,
              39.0
            ],
            [
              -84.0,
              40.0
            ],
            [
              -86.0,
              40.0
            ],
            [
              -86.0,
              39.0
            ],
            [
              -84.0,
              39.0
            ]
          ]
        ]
      }
    },
    {
      "type": "Feature",
      "properties": {
        "grid": "EM80",
        "field": "EM",
        "square_lon_index": 8,
        "square_lat_index": 0,
        "min_lon": -84,
        "min_lat": 30,
        "max_lon": -82,
        "max_lat": 31
      },
      "geometry": {
        "type": "Polygon",
        "coordinates": [
          [
            [
              -82.0,
              30.0
            ],
            [
              -82.0,
              31.0
            ],
            [
              -84.0,
              31.0
            ],
            [
              -84.0,
              30.0
            ],
            [
              -82.0,
              30.0
            ]
          ]
        ]
      }
    },
    {
      "type": "Feature",
      "properties": {
        "grid": "EM81",
        "field": "EM",
        "square_lon_index": 8,
        "square_lat_index": 1,
        "min_lon": -84,
        "min_lat": 31,
        "max_lon": -82,
        "max_lat": 32
      },
      "geometry": {
        "type": "Polygon",
        "coordinates": [
          [
            [
              -82.0,
              31.0
            ],
            [
              -82.0,
              32.0
            ],
            [
              -84.0,
              32.0
            ],
            [
              -84.0,
              31.0
            ],
            [
              -82.0,
              31.0
            ]
          ]
        ]
      }
    },
    {
      "type": "Feature",
      "properties": {
        "grid": "EM82",
        "field": "EM",
        "square_lon_index": 8,
        "square_lat_index": 2,
        "min_lon": -84,
        "min_lat": 32,
        "max_lon": -82,
        "max_lat": 33
      },
      "geometry": {
        "type": "Polygon",
        "coordinates": [
          [
            [
              -82.0,
              32.0
            ],
            [
              -82.0,
              33.0
            ],
            [
              -84.0,
              33.0
            ],
            [
              -84.0,
              32.0
            ],
            [
              -82.0,
              32.0
            ]
          ]
        ]
      }
    },
    {
      "type": "Feature",
      "properties": {
        "grid": "EM83",
        "field": "EM",
        "square_lon_index": 8,
        "square_lat_index": 3,
        "min_lon": -84,
        "min_lat": 33,
        "max_lon": -82,
        "max_lat": 34
      },
      "geometry": {
        "type": "Polygon",
        "coordinates": [
          [
            [
              -82.0,
              33.0
            ],
            [
              -82.0,
              34.0
            ],
            [
              -84.0,
              34.0
            ],
            [
              -84.0,
              33.0
            ],
            [
              -82.0,
              33.0
            ]
          ]
        ]
      }
    },
    {
      "type": "Feature",
      "properties": {
        "grid": "EM84",
        "field": "EM",
        "square_lon_index": 8,
        "square_lat_index": 4,
        "min_lon": -84,
        "min_lat": 34,
        "max_lon": -82,
        "max_lat": 35
      },
      "geometry": {
        "type": "Polygon",
        "coordinates": [
          [
            [
              -82.0,
              34.0
            ],
            [
              -82.0,
              35.0
            ],
            [
              -84.0,
              35.0
            ],
            [
              -84.0,
              34.0
            ],
            [
              -82.0,
              34.0
            ]
          ]
        ]
      }
    },
    {
      "type": "Feature",
      "properties": {
        "grid": "EM85",
        "field": "EM",
        "square_lon_index": 8,
        "square_lat_index": 5,
        "min_lon": -84,
        "min_lat": 35,
        "max_lon": -82,
        "max_lat": 36
      },
      "geometry": {
        "type": "Polygon",
        "coordinates": [
          [
            [
              -82.0,
              35.0
            ],
            [
              -82.0,
              36.0
            ],
            [
              -84.0,
              36.0
            ],
            [
              -84.0,
              35.0
            ],
            [
              -82.0,
              35.0
            ]
          ]
        ]
      }
    },
    {
      "type": "Feature",
      "properties": {
        "grid": "EM86",
        "field": "EM",
        "square_lon_index": 8,
        "square_lat_index": 6,
        "min_lon": -84,
        "min_lat": 36,
        "max_lon": -82,
        "max_lat": 37
      },
      "geometry": {
        "type": "Polygon",
        "coordinates": [
          [
            [
              -82.0,
              36.0
            ],
            [
              -82.0,
              37.0
            ],
            [
              -84.0,
              37.0
            ],
            [
              -84.0,
              36.0
            ],
            [
              -82.0,
              36.0
            ]
          ]
        ]
      }
    },
    {
      "type": "Feature",
      "properties": {
        "grid": "EM87",
        "field": "EM",
        "square_lon_index": 8,
        "square_lat_index": 7,
        "min_lon": -84,
        "min_lat": 37,
        "max_lon": -82,
        "max_lat": 38
      },
      "geometry": {
        "type": "Polygon",
        "coordinates": [
          [
            [
              -82.0,
              37.0
            ],
            [
              -82.0,
              38.0
            ],
            [
              -84.0,
              38.0
            ],
            [
              -84.0,
              37.0
            ],
            [
              -82.0,
              37.0
            ]
          ]
        ]
      }
    },
    {
      "type": "Feature",
      "properties": {
        "grid": "EM88",
        "field": "EM",
        "square_lon_index": 8,
        "square_lat_index": 8,
        "min_lon": -84,
        "min_lat": 38,
        "max_lon": -82,
        "max_lat": 39
      },
      "geometry": {
        "type": "Polygon",
        "coordinates": [
          [
            [
              -82.0,
              38.0
            ],
            [
              -82.0,
              39.0
            ],
            [
              -84.0,
              39.0
            ],
            [
              -84.0,
              38.0
            ],
            [
              -82.0,
              38.0
            ]
          ]
        ]
      }
    },
    {
      "type": "Feature",
      "properties": {
        "grid": "EM89",
        "field": "EM",
        "square_lon_index": 8,
        "square_lat_index": 9,
        "min_lon": -84,
        "min_lat": 39,
        "max_lon": -82,
        "max_lat": 40
      },
      "geometry": {
        "type": "Polygon",
        "coordinates": [
          [
            [
              -82.0,
              39.0
            ],
            [
              -82.0,
              40.0
            ],
            [
              -84.0,
              40.0
            ],
            [
              -84.0,
              39.0
            ],
            [
              -82.0,
              39.0
            ]
          ]
        ]
      }
    },
    {
      "type": "Feature",
      "properties": {
        "grid": "EM90",
        "field": "EM",
        "square_lon_index": 9,
        "square_lat_index": 0,
        "min_lon": -82,
        "min_lat": 30,
        "max_lon": -80,
        "max_lat": 31
      },
      "geometry": {
        "type": "Polygon",
        "coordinates": [
          [
            [
              -80.0,
              30.0
            ],
            [
              -80.0,
              31.0
            ],
            [
              -82.0,
              31.0
            ],
            [
              -82.0,
              30.0
            ],
            [
              -80.0,
              30.0
            ]
          ]
        ]
      }
    },
    {
      "type": "Feature",
      "properties": {
        "grid": "EM91",
        "field": "EM",
        "square_lon_index": 9,
        "square_lat_index": 1,
        "min_lon": -82,
        "min_lat": 31,
        "max_lon": -80,
        "max_lat": 32
      },
      "geometry": {
        "type": "Polygon",
        "coordinates": [
          [
            [
              -80.0,
              31.0
            ],
            [
              -80.0,
              32.0
            ],
            [
              -82.0,
              32.0
            ],
            [
              -82.0,
              31.0
            ],
            [
              -80.0,
              31.0
            ]
          ]
        ]
      }
    },
    {
      "type": "Feature",
      "properties": {
        "grid": "EM92",
        "field": "EM",
        "square_lon_index": 9,
        "square_lat_index": 2,
        "min_lon": -82,
        "min_lat": 32,
        "max_lon": -80,
        "max_lat": 33
      },
      "geometry": {
        "type": "Polygon",
        "coordinates": [
          [
            [
              -80.0,
              32.0
            ],
            [
              -80.0,
              33.0
            ],
            [
              -82.0,
              33.0
            ],
            [
              -82.0,
              32.0
            ],
            [
              -80.0,
              32.0
            ]
          ]
        ]
      }
    },
    {
      "type": "Feature",
      "properties": {
        "grid": "EM93",
        "field": "EM",
        "square_lon_index": 9,
        "square_lat_index": 3,
        "min_lon": -82,
        "min_lat": 33,
        "max_lon": -80,
        "max_lat": 34
      },
      "geometry": {
        "type": "Polygon",
        "coordinates": [
          [
            [
              -80.0,
              33.0
            ],
            [
              -80.0,
              34.0
            ],
            [
              -82.0,
              34.0
            ],
            [
              -82.0,
              33.0
            ],
            [
              -80.0,
              33.0
            ]
          ]
        ]
      }
    },
    {
      "type": "Feature",
      "properties": {
        "grid": "EM94",
        "field": "EM",
        "square_lon_index": 9,
        "square_lat_index": 4,
        "min_lon": -82,
        "min_lat": 34,
        "max_lon": -80,
        "max_lat": 35
      },
      "geometry": {
        "type": "Polygon",
        "coordinates": [
          [
            [
              -80.0,
              34.0
            ],
            [
              -80.0,
              35.0
            ],
            [
              -82.0,
              35.0
            ],
            [
              -82.0,
              34.0
            ],
            [
              -80.0,
              34.0
            ]
          ]
        ]
      }
    },
    {
      "type": "Feature",
      "properties": {
        "grid": "EM95",
        "field": "EM",
        "square_lon_index": 9,
        "square_lat_index": 5,
        "min_lon": -82,
        "min_lat": 35,
        "max_lon": -80,
        "max_lat": 36
      },
      "geometry": {
        "type": "Polygon",
        "coordinates": [
          [
            [
              -80.0,
              35.0
            ],
            [
              -80.0,
              36.0
            ],
            [
              -82.0,
              36.0
            ],
            [
              -82.0,
              35.0
            ],
            [
              -80.0,
              35.0
            ]
          ]
        ]
      }
    },
    {
      "type": "Feature",
      "properties": {
        "grid": "EM96",
        "field": "EM",
        "square_lon_index": 9,
        "square_lat_index": 6,
        "min_lon": -82,
        "min_lat": 36,
        "max_lon": -80,
        "max_lat": 37
      },
      "geometry": {
        "type": "Polygon",
        "coordinates": [
          [
            [
              -80.0,
              36.0
            ],
            [
              -80.0,
              37.0
            ],
            [
              -82.0,
              37.0
            ],
            [
              -82.0,
              36.0
            ],
            [
              -80.0,
              36.0
            ]
          ]
        ]
      }
    },
    {
      "type": "Feature",
      "properties": {
        "grid": "EM97",
        "field": "EM",
        "square_lon_index": 9,
        "square_lat_index": 7,
        "min_lon": -82,
        "min_lat": 37,
        "max_lon": -80,
        "max_lat": 38
      },
      "geometry": {
        "type": "Polygon",
        "coordinates": [
          [
            [
              -80.0,
              37.0
            ],
            [
              -80.0,
              38.0
            ],
            [
              -82.0,
              38.0
            ],
            [
              -82.0,
              37.0
            ],
            [
              -80.0,
              37.0
            ]
          ]
        ]
      }
    },
    {
      "type": "Feature",
      "properties": {
        "grid": "EM98",
        "field": "EM",
        "square_lon_index": 9,
        "square_lat_index": 8,
        "min_lon": -82,
        "min_lat": 38,
        "max_lon": -80,
        "max_lat": 39
      },
      "geometry": {
        "type": "Polygon",
        "coordinates": [
          [
            [
              -80.0,
              38.0
            ],
            [
              -80.0,
              39.0
            ],
            [
              -82.0,
              39.0
            ],
            [
              -82.0,
              38.0
            ],
            [
              -80.0,
              38.0
            ]
          ]
        ]
      }
    },
    {
      "type": "Feature",
      "properties": {
        "grid": "EM99",
        "field": "EM",
        "square_lon_index": 9,
        "square_lat_index": 9,
        "min_lon": -82,
        "min_lat": 39,
        "max_lon": -80,
        "max_lat": 40
      },
      "geometry": {
        "type": "Polygon",
        "coordinates": [
          [
            [
              -80.0,
              39.0
            ],
            [
              -80.0,
              40.0
            ],
            [
              -82.0,
              40.0
            ],
            [
              -82.0,
              39.0
            ],
            [
              -80.0,
              39.0
            ]
          ]
        ]
      }
    },
    {
      "type": "Feature",
      "properties": {
        "grid": "EN00",
        "field": "EN",
        "square_lon_index": 0,
        "square_lat_index": 0,
        "min_lon": -100,
        "min_lat": 40,
        "max_lon": -98,
        "max_lat": 41
      },
      "geometry": {
        "type": "Polygon",
        "coordinates": [
          [
            [
              -98.0,
              40.0
            ],
            [
              -98.0,
              41.0
            ],
            [
              -100.0,
              41.0
            ],
            [
              -100.0,
              40.0
            ],
            [
              -98.0,
              40.0
            ]
          ]
        ]
      }
    },
    {
      "type": "Feature",
      "properties": {
        "grid": "EN01",
        "field": "EN",
        "square_lon_index": 0,
        "square_lat_index": 1,
        "min_lon": -100,
        "min_lat": 41,
        "max_lon": -98,
        "max_lat": 42
      },
      "geometry": {
        "type": "Polygon",
        "coordinates": [
          [
            [
              -98.0,
              41.0
            ],
            [
              -98.0,
              42.0
            ],
            [
              -100.0,
              42.0
            ],
            [
              -100.0,
              41.0
            ],
            [
              -98.0,
              41.0
            ]
          ]
        ]
      }
    },
    {
      "type": "Feature",
      "properties": {
        "grid": "EN02",
        "field": "EN",
        "square_lon_index": 0,
        "square_lat_index": 2,
        "min_lon": -100,
        "min_lat": 42,
        "max_lon": -98,
        "max_lat": 43
      },
      "geometry": {
        "type": "Polygon",
        "coordinates": [
          [
            [
              -98.0,
              42.0
            ],
            [
              -98.0,
              43.0
            ],
            [
              -100.0,
              43.0
            ],
            [
              -100.0,
              42.0
            ],
            [
              -98.0,
              42.0
            ]
          ]
        ]
      }
    },
    {
      "type": "Feature",
      "properties": {
        "grid": "EN03",
        "field": "EN",
        "square_lon_index": 0,
        "square_lat_index": 3,
        "min_lon": -100,
        "min_lat": 43,
        "max_lon": -98,
        "max_lat": 44
      },
      "geometry": {
        "type": "Polygon",
        "coordinates": [
          [
            [
              -98.0,
              43.0
            ],
            [
              -98.0,
              44.0
            ],
            [
              -100.0,
              44.0
            ],
            [
              -100.0,
              43.0
            ],
            [
              -98.0,
              43.0
            ]
          ]
        ]
      }
    },
    {
      "type": "Feature",
      "properties": {
        "grid": "EN04",
        "field": "EN",
        "square_lon_index": 0,
        "square_lat_index": 4,
        "min_lon": -100,
        "min_lat": 44,
        "max_lon": -98,
        "max_lat": 45
      },
      "geometry": {
        "type": "Polygon",
        "coordinates": [
          [
            [
              -98.0,
              44.0
            ],
            [
              -98.0,
              45.0
            ],
            [
              -100.0,
              45.0
            ],
            [
              -100.0,
              44.0
            ],
            [
              -98.0,
              44.0
            ]
          ]
        ]
      }
    },
    {
      "type": "Feature",
      "properties": {
        "grid": "EN05",
        "field": "EN",
        "square_lon_index": 0,
        "square_lat_index": 5,
        "min_lon": -100,
        "min_lat": 45,
        "max_lon": -98,
        "max_lat": 46
      },
      "geometry": {
        "type": "Polygon",
        "coordinates": [
          [
            [
              -98.0,
              45.0
            ],
            [
              -98.0,
              46.0
            ],
            [
              -100.0,
              46.0
            ],
            [
              -100.0,
              45.0
            ],
            [
              -98.0,
              45.0
            ]
          ]
        ]
      }
    },
    {
      "type": "Feature",
      "properties": {
        "grid": "EN06",
        "field": "EN",
        "square_lon_index": 0,
        "square_lat_index": 6,
        "min_lon": -100,
        "min_lat": 46,
        "max_lon": -98,
        "max_lat": 47
      },
      "geometry": {
        "type": "Polygon",
        "coordinates": [
          [
            [
              -98.0,
              46.0
            ],
            [
              -98.0,
              47.0
            ],
            [
              -100.0,
              47.0
            ],
            [
              -100.0,
              46.0
            ],
            [
              -98.0,
              46.0
            ]
          ]
        ]
      }
    },
    {
      "type": "Feature",
      "properties": {
        "grid": "EN07",
        "field": "EN",
        "square_lon_index": 0,
        "square_lat_index": 7,
        "min_lon": -100,
        "min_lat": 47,
        "max_lon": -98,
        "max_lat": 48
      },
      "geometry": {
        "type": "Polygon",
        "coordinates": [
          [
            [
              -98.0,
              47.0
            ],
            [
              -98.0,
              48.0
            ],
            [
              -100.0,
              48.0
            ],
            [
              -100.0,
              47.0
            ],
            [
              -98.0,
              47.0
            ]
          ]
        ]
      }
    },
    {
      "type": "Feature",
      "properties": {
        "grid": "EN08",
        "field": "EN",
        "square_lon_index": 0,
        "square_lat_index": 8,
        "min_lon": -100,
        "min_lat": 48,
        "max_lon": -98,
        "max_lat": 49
      },
      "geometry": {
        "type": "Polygon",
        "coordinates": [
          [
            [
              -98.0,
              48.0
            ],
            [
              -98.0,
              49.0
            ],
            [
              -100.0,
              49.0
            ],
            [
              -100.0,
              48.0
            ],
            [
              -98.0,
              48.0
            ]
          ]
        ]
      }
    },
    {
      "type": "Feature",
      "properties": {
        "grid": "EN10",
        "field": "EN",
        "square_lon_index": 1,
        "square_lat_index": 0,
        "min_lon": -98,
        "min_lat": 40,
        "max_lon": -96,
        "max_lat": 41
      },
      "geometry": {
        "type": "Polygon",
        "coordinates": [
          [
            [
              -96.0,
              40.0
            ],
            [
              -96.0,
              41.0
            ],
            [
              -98.0,
              41.0
            ],
            [
              -98.0,
              40.0
            ],
            [
              -96.0,
              40.0
            ]
          ]
        ]
      }
    },
    {
      "type": "Feature",
      "properties": {
        "grid": "EN11",
        "field": "EN",
        "square_lon_index": 1,
        "square_lat_index": 1,
        "min_lon": -98,
        "min_lat": 41,
        "max_lon": -96,
        "max_lat": 42
      },
      "geometry": {
        "type": "Polygon",
        "coordinates": [
          [
            [
              -96.0,
              41.0
            ],
            [
              -96.0,
              42.0
            ],
            [
              -98.0,
              42.0
            ],
            [
              -98.0,
              41.0
            ],
            [
              -96.0,
              41.0
            ]
          ]
        ]
      }
    },
    {
      "type": "Feature",
      "properties": {
        "grid": "EN12",
        "field": "EN",
        "square_lon_index": 1,
        "square_lat_index": 2,
        "min_lon": -98,
        "min_lat": 42,
        "max_lon": -96,
        "max_lat": 43
      },
      "geometry": {
        "type": "Polygon",
        "coordinates": [
          [
            [
              -96.0,
              42.0
            ],
            [
              -96.0,
              43.0
            ],
            [
              -98.0,
              43.0
            ],
            [
              -98.0,
              42.0
            ],
            [
              -96.0,
              42.0
            ]
          ]
        ]
      }
    },
    {
      "type": "Feature",
      "properties": {
        "grid": "EN13",
        "field": "EN",
        "square_lon_index": 1,
        "square_lat_index": 3,
        "min_lon": -98,
        "min_lat": 43,
        "max_lon": -96,
        "max_lat": 44
      },
      "geometry": {
        "type": "Polygon",
        "coordinates": [
          [
            [
              -96.0,
              43.0
            ],
            [
              -96.0,
              44.0
            ],
            [
              -98.0,
              44.0
            ],
            [
              -98.0,
              43.0
            ],
            [
              -96.0,
              43.0
            ]
          ]
        ]
      }
    },
    {
      "type": "Feature",
      "properties": {
        "grid": "EN14",
        "field": "EN",
        "square_lon_index": 1,
        "square_lat_index": 4,
        "min_lon": -98,
        "min_lat": 44,
        "max_lon": -96,
        "max_lat": 45
      },
      "geometry": {
        "type": "Polygon",
        "coordinates": [
          [
            [
              -96.0,
              44.0
            ],
            [
              -96.0,
              45.0
            ],
            [
              -98.0,
              45.0
            ],
            [
              -98.0,
              44.0
            ],
            [
              -96.0,
              44.0
            ]
          ]
        ]
      }
    },
    {
      "type": "Feature",
      "properties": {
        "grid": "EN15",
        "field": "EN",
        "square_lon_index": 1,
        "square_lat_index": 5,
        "min_lon": -98,
        "min_lat": 45,
        "max_lon": -96,
        "max_lat": 46
      },
      "geometry": {
        "type": "Polygon",
        "coordinates": [
          [
            [
              -96.0,
              45.0
            ],
            [
              -96.0,
              46.0
            ],
            [
              -98.0,
              46.0
            ],
            [
              -98.0,
              45.0
            ],
            [
              -96.0,
              45.0
            ]
          ]
        ]
      }
    },
    {
      "type": "Feature",
      "properties": {
        "grid": "EN16",
        "field": "EN",
        "square_lon_index": 1,
        "square_lat_index": 6,
        "min_lon": -98,
        "min_lat": 46,
        "max_lon": -96,
        "max_lat": 47
      },
      "geometry": {
        "type": "Polygon",
        "coordinates": [
          [
            [
              -96.0,
              46.0
            ],
            [
              -96.0,
              47.0
            ],
            [
              -98.0,
              47.0
            ],
            [
              -98.0,
              46.0
            ],
            [
              -96.0,
              46.0
            ]
          ]
        ]
      }
    },
    {
      "type": "Feature",
      "properties": {
        "grid": "EN17",
        "field": "EN",
        "square_lon_index": 1,
        "square_lat_index": 7,
        "min_lon": -98,
        "min_lat": 47,
        "max_lon": -96,
        "max_lat": 48
      },
      "geometry": {
        "type": "Polygon",
        "coordinates": [
          [
            [
              -96.0,
              47.0
            ],
            [
              -96.0,
              48.0
            ],
            [
              -98.0,
              48.0
            ],
            [
              -98.0,
              47.0
            ],
            [
              -96.0,
              47.0
            ]
          ]
        ]
      }
    },
    {
      "type": "Feature",
      "properties": {
        "grid": "EN18",
        "field": "EN",
        "square_lon_index": 1,
        "square_lat_index": 8,
        "min_lon": -98,
        "min_lat": 48,
        "max_lon": -96,
        "max_lat": 49
      },
      "geometry": {
        "type": "Polygon",
        "coordinates": [
          [
            [
              -96.0,
              48.0
            ],
            [
              -96.0,
              49.0
            ],
            [
              -98.0,
              49.0
            ],
            [
              -98.0,
              48.0
            ],
            [
              -96.0,
              48.0
            ]
          ]
        ]
      }
    },
    {
      "type": "Feature",
      "properties": {
        "grid": "EN20",
        "field": "EN",
        "square_lon_index": 2,
        "square_lat_index": 0,
        "min_lon": -96,
        "min_lat": 40,
        "max_lon": -94,
        "max_lat": 41
      },
      "geometry": {
        "type": "Polygon",
        "coordinates": [
          [
            [
              -94.0,
              40.0
            ],
            [
              -94.0,
              41.0
            ],
            [
              -96.0,
              41.0
            ],
            [
              -96.0,
              40.0
            ],
            [
              -94.0,
              40.0
            ]
          ]
        ]
      }
    },
    {
      "type": "Feature",
      "properties": {
        "grid": "EN21",
        "field": "EN",
        "square_lon_index": 2,
        "square_lat_index": 1,
        "min_lon": -96,
        "min_lat": 41,
        "max_lon": -94,
        "max_lat": 42
      },
      "geometry": {
        "type": "Polygon",
        "coordinates": [
          [
            [
              -94.0,
              41.0
            ],
            [
              -94.0,
              42.0
            ],
            [
              -96.0,
              42.0
            ],
            [
              -96.0,
              41.0
            ],
            [
              -94.0,
              41.0
            ]
          ]
        ]
      }
    },
    {
      "type": "Feature",
      "properties": {
        "grid": "EN22",
        "field": "EN",
        "square_lon_index": 2,
        "square_lat_index": 2,
        "min_lon": -96,
        "min_lat": 42,
        "max_lon": -94,
        "max_lat": 43
      },
      "geometry": {
        "type": "Polygon",
        "coordinates": [
          [
            [
              -94.0,
              42.0
            ],
            [
              -94.0,
              43.0
            ],
            [
              -96.0,
              43.0
            ],
            [
              -96.0,
              42.0
            ],
            [
              -94.0,
              42.0
            ]
          ]
        ]
      }
    },
    {
      "type": "Feature",
      "properties": {
        "grid": "EN23",
        "field": "EN",
        "square_lon_index": 2,
        "square_lat_index": 3,
        "min_lon": -96,
        "min_lat": 43,
        "max_lon": -94,
        "max_lat": 44
      },
      "geometry": {
        "type": "Polygon",
        "coordinates": [
          [
            [
              -94.0,
              43.0
            ],
            [
              -94.0,
              44.0
            ],
            [
              -96.0,
              44.0
            ],
            [
              -96.0,
              43.0
            ],
            [
              -94.0,
              43.0
            ]
          ]
        ]
      }
    },
    {
      "type": "Feature",
      "properties": {
        "grid": "EN24",
        "field": "EN",
        "square_lon_index": 2,
        "square_lat_index": 4,
        "min_lon": -96,
        "min_lat": 44,
        "max_lon": -94,
        "max_lat": 45
      },
      "geometry": {
        "type": "Polygon",
        "coordinates": [
          [
            [
              -94.0,
              44.0
            ],
            [
              -94.0,
              45.0
            ],
            [
              -96.0,
              45.0
            ],
            [
              -96.0,
              44.0
            ],
            [
              -94.0,
              44.0
            ]
          ]
        ]
      }
    },
    {
      "type": "Feature",
      "properties": {
        "grid": "EN25",
        "field": "EN",
        "square_lon_index": 2,
        "square_lat_index": 5,
        "min_lon": -96,
        "min_lat": 45,
        "max_lon": -94,
        "max_lat": 46
      },
      "geometry": {
        "type": "Polygon",
        "coordinates": [
          [
            [
              -94.0,
              45.0
            ],
            [
              -94.0,
              46.0
            ],
            [
              -96.0,
              46.0
            ],
            [
              -96.0,
              45.0
            ],
            [
              -94.0,
              45.0
            ]
          ]
        ]
      }
    },
    {
      "type": "Feature",
      "properties": {
        "grid": "EN26",
        "field": "EN",
        "square_lon_index": 2,
        "square_lat_index": 6,
        "min_lon": -96,
        "min_lat": 46,
        "max_lon": -94,
        "max_lat": 47
      },
      "geometry": {
        "type": "Polygon",
        "coordinates": [
          [
            [
              -94.0,
              46.0
            ],
            [
              -94.0,
              47.0
            ],
            [
              -96.0,
              47.0
            ],
            [
              -96.0,
              46.0
            ],
            [
              -94.0,
              46.0
            ]
          ]
        ]
      }
    },
    {
      "type": "Feature",
      "properties": {
        "grid": "EN27",
        "field": "EN",
        "square_lon_index": 2,
        "square_lat_index": 7,
        "min_lon": -96,
        "min_lat": 47,
        "max_lon": -94,
        "max_lat": 48
      },
      "geometry": {
        "type": "Polygon",
        "coordinates": [
          [
            [
              -94.0,
              47.0
            ],
            [
              -94.0,
              48.0
            ],
            [
              -96.0,
              48.0
            ],
            [
              -96.0,
              47.0
            ],
            [
              -94.0,
              47.0
            ]
          ]
        ]
      }
    },
    {
      "type": "Feature",
      "properties": {
        "grid": "EN28",
        "field": "EN",
        "square_lon_index": 2,
        "square_lat_index": 8,
        "min_lon": -96,
        "min_lat": 48,
        "max_lon": -94,
        "max_lat": 49
      },
      "geometry": {
        "type": "Polygon",
        "coordinates": [
          [
            [
              -94.0,
              48.0
            ],
            [
              -94.0,
              49.0
            ],
            [
              -96.0,
              49.0
            ],
            [
              -96.0,
              48.0
            ],
            [
              -94.0,
              48.0
            ]
          ]
        ]
      }
    },
    {
      "type": "Feature",
      "properties": {
        "grid": "EN29",
        "field": "EN",
        "square_lon_index": 2,
        "square_lat_index": 9,
        "min_lon": -96,
        "min_lat": 49,
        "max_lon": -94,
        "max_lat": 50
      },
      "geometry": {
        "type": "Polygon",
        "coordinates": [
          [
            [
              -94.0,
              49.0
            ],
            [
              -94.0,
              50.0
            ],
            [
              -96.0,
              50.0
            ],
            [
              -96.0,
              49.0
            ],
            [
              -94.0,
              49.0
            ]
          ]
        ]
      }
    },
    {
      "type": "Feature",
      "properties": {
        "grid": "EN30",
        "field": "EN",
        "square_lon_index": 3,
        "square_lat_index": 0,
        "min_lon": -94,
        "min_lat": 40,
        "max_lon": -92,
        "max_lat": 41
      },
      "geometry": {
        "type": "Polygon",
        "coordinates": [
          [
            [
              -92.0,
              40.0
            ],
            [
              -92.0,
              41.0
            ],
            [
              -94.0,
              41.0
            ],
            [
              -94.0,
              40.0
            ],
            [
              -92.0,
              40.0
            ]
          ]
        ]
      }
    },
    {
      "type": "Feature",
      "properties": {
        "grid": "EN31",
        "field": "EN",
        "square_lon_index": 3,
        "square_lat_index": 1,
        "min_lon": -94,
        "min_lat": 41,
        "max_lon": -92,
        "max_lat": 42
      },
      "geometry": {
        "type": "Polygon",
        "coordinates": [
          [
            [
              -92.0,
              41.0
            ],
            [
              -92.0,
              42.0
            ],
            [
              -94.0,
              42.0
            ],
            [
              -94.0,
              41.0
            ],
            [
              -92.0,
              41.0
            ]
          ]
        ]
      }
    },
    {
      "type": "Feature",
      "properties": {
        "grid": "EN32",
        "field": "EN",
        "square_lon_index": 3,
        "square_lat_index": 2,
        "min_lon": -94,
        "min_lat": 42,
        "max_lon": -92,
        "max_lat": 43
      },
      "geometry": {
        "type": "Polygon",
        "coordinates": [
          [
            [
              -92.0,
              42.0
            ],
            [
              -92.0,
              43.0
            ],
            [
              -94.0,
              43.0
            ],
            [
              -94.0,
              42.0
            ],
            [
              -92.0,
              42.0
            ]
          ]
        ]
      }
    },
    {
      "type": "Feature",
      "properties": {
        "grid": "EN33",
        "field": "EN",
        "square_lon_index": 3,
        "square_lat_index": 3,
        "min_lon": -94,
        "min_lat": 43,
        "max_lon": -92,
        "max_lat": 44
      },
      "geometry": {
        "type": "Polygon",
        "coordinates": [
          [
            [
              -92.0,
              43.0
            ],
            [
              -92.0,
              44.0
            ],
            [
              -94.0,
              44.0
            ],
            [
              -94.0,
              43.0
            ],
            [
              -92.0,
              43.0
            ]
          ]
        ]
      }
    },
    {
      "type": "Feature",
      "properties": {
        "grid": "EN34",
        "field": "EN",
        "square_lon_index": 3,
        "square_lat_index": 4,
        "min_lon": -94,
        "min_lat": 44,
        "max_lon": -92,
        "max_lat": 45
      },
      "geometry": {
        "type": "Polygon",
        "coordinates": [
          [
            [
              -92.0,
              44.0
            ],
            [
              -92.0,
              45.0
            ],
            [
              -94.0,
              45.0
            ],
            [
              -94.0,
              44.0
            ],
            [
              -92.0,
              44.0
            ]
          ]
        ]
      }
    },
    {
      "type": "Feature",
      "properties": {
        "grid": "EN35",
        "field": "EN",
        "square_lon_index": 3,
        "square_lat_index": 5,
        "min_lon": -94,
        "min_lat": 45,
        "max_lon": -92,
        "max_lat": 46
      },
      "geometry": {
        "type": "Polygon",
        "coordinates": [
          [
            [
              -92.0,
              45.0
            ],
            [
              -92.0,
              46.0
            ],
            [
              -94.0,
              46.0
            ],
            [
              -94.0,
              45.0
            ],
            [
              -92.0,
              45.0
            ]
          ]
        ]
      }
    },
    {
      "type": "Feature",
      "properties": {
        "grid": "EN36",
        "field": "EN",
        "square_lon_index": 3,
        "square_lat_index": 6,
        "min_lon": -94,
        "min_lat": 46,
        "max_lon": -92,
        "max_lat": 47
      },
      "geometry": {
        "type": "Polygon",
        "coordinates": [
          [
            [
              -92.0,
              46.0
            ],
            [
              -92.0,
              47.0
            ],
            [
              -94.0,
              47.0
            ],
            [
              -94.0,
              46.0
            ],
            [
              -92.0,
              46.0
            ]
          ]
        ]
      }
    },
    {
      "type": "Feature",
      "properties": {
        "grid": "EN37",
        "field": "EN",
        "square_lon_index": 3,
        "square_lat_index": 7,
        "min_lon": -94,
        "min_lat": 47,
        "max_lon": -92,
        "max_lat": 48
      },
      "geometry": {
        "type": "Polygon",
        "coordinates": [
          [
            [
              -92.0,
              47.0
            ],
            [
              -92.0,
              48.0
            ],
            [
              -94.0,
              48.0
            ],
            [
              -94.0,
              47.0
            ],
            [
              -92.0,
              47.0
            ]
          ]
        ]
      }
    },
    {
      "type": "Feature",
      "properties": {
        "grid": "EN38",
        "field": "EN",
        "square_lon_index": 3,
        "square_lat_index": 8,
        "min_lon": -94,
        "min_lat": 48,
        "max_lon": -92,
        "max_lat": 49
      },
      "geometry": {
        "type": "Polygon",
        "coordinates": [
          [
            [
              -92.0,
              48.0
            ],
            [
              -92.0,
              49.0
            ],
            [
              -94.0,
              49.0
            ],
            [
              -94.0,
              48.0
            ],
            [
              -92.0,
              48.0
            ]
          ]
        ]
      }
    },
    {
      "type": "Feature",
      "properties": {
        "grid": "EN40",
        "field": "EN",
        "square_lon_index": 4,
        "square_lat_index": 0,
        "min_lon": -92,
        "min_lat": 40,
        "max_lon": -90,
        "max_lat": 41
      },
      "geometry": {
        "type": "Polygon",
        "coordinates": [
          [
            [
              -90.0,
              40.0
            ],
            [
              -90.0,
              41.0
            ],
            [
              -92.0,
              41.0
            ],
            [
              -92.0,
              40.0
            ],
            [
              -90.0,
              40.0
            ]
          ]
        ]
      }
    },
    {
      "type": "Feature",
      "properties": {
        "grid": "EN41",
        "field": "EN",
        "square_lon_index": 4,
        "square_lat_index": 1,
        "min_lon": -92,
        "min_lat": 41,
        "max_lon": -90,
        "max_lat": 42
      },
      "geometry": {
        "type": "Polygon",
        "coordinates": [
          [
            [
              -90.0,
              41.0
            ],
            [
              -90.0,
              42.0
            ],
            [
              -92.0,
              42.0
            ],
            [
              -92.0,
              41.0
            ],
            [
              -90.0,
              41.0
            ]
          ]
        ]
      }
    },
    {
      "type": "Feature",
      "properties": {
        "grid": "EN42",
        "field": "EN",
        "square_lon_index": 4,
        "square_lat_index": 2,
        "min_lon": -92,
        "min_lat": 42,
        "max_lon": -90,
        "max_lat": 43
      },
      "geometry": {
        "type": "Polygon",
        "coordinates": [
          [
            [
              -90.0,
              42.0
            ],
            [
              -90.0,
              43.0
            ],
            [
              -92.0,
              43.0
            ],
            [
              -92.0,
              42.0
            ],
            [
              -90.0,
              42.0
            ]
          ]
        ]
      }
    },
    {
      "type": "Feature",
      "properties": {
        "grid": "EN43",
        "field": "EN",
        "square_lon_index": 4,
        "square_lat_index": 3,
        "min_lon": -92,
        "min_lat": 43,
        "max_lon": -90,
        "max_lat": 44
      },
      "geometry": {
        "type": "Polygon",
        "coordinates": [
          [
            [
              -90.0,
              43.0
            ],
            [
              -90.0,
              44.0
            ],
            [
              -92.0,
              44.0
            ],
            [
              -92.0,
              43.0
            ],
            [
              -90.0,
              43.0
            ]
          ]
        ]
      }
    },
    {
      "type": "Feature",
      "properties": {
        "grid": "EN44",
        "field": "EN",
        "square_lon_index": 4,
        "square_lat_index": 4,
        "min_lon": -92,
        "min_lat": 44,
        "max_lon": -90,
        "max_lat": 45
      },
      "geometry": {
        "type": "Polygon",
        "coordinates": [
          [
            [
              -90.0,
              44.0
            ],
            [
              -90.0,
              45.0
            ],
            [
              -92.0,
              45.0
            ],
            [
              -92.0,
              44.0
            ],
            [
              -90.0,
              44.0
            ]
          ]
        ]
      }
    },
    {
      "type": "Feature",
      "properties": {
        "grid": "EN45",
        "field": "EN",
        "square_lon_index": 4,
        "square_lat_index": 5,
        "min_lon": -92,
        "min_lat": 45,
        "max_lon": -90,
        "max_lat": 46
      },
      "geometry": {
        "type": "Polygon",
        "coordinates": [
          [
            [
              -90.0,
              45.0
            ],
            [
              -90.0,
              46.0
            ],
            [
              -92.0,
              46.0
            ],
            [
              -92.0,
              45.0
            ],
            [
              -90.0,
              45.0
            ]
          ]
        ]
      }
    },
    {
      "type": "Feature",
      "properties": {
        "grid": "EN46",
        "field": "EN",
        "square_lon_index": 4,
        "square_lat_index": 6,
        "min_lon": -92,
        "min_lat": 46,
        "max_lon": -90,
        "max_lat": 47
      },
      "geometry": {
        "type": "Polygon",
        "coordinates": [
          [
            [
              -90.0,
              46.0
            ],
            [
              -90.0,
              47.0
            ],
            [
              -92.0,
              47.0
            ],
            [
              -92.0,
              46.0
            ],
            [
              -90.0,
              46.0
            ]
          ]
        ]
      }
    },
    {
      "type": "Feature",
      "properties": {
        "grid": "EN47",
        "field": "EN",
        "square_lon_index": 4,
        "square_lat_index": 7,
        "min_lon": -92,
        "min_lat": 47,
        "max_lon": -90,
        "max_lat": 48
      },
      "geometry": {
        "type": "Polygon",
        "coordinates": [
          [
            [
              -90.0,
              47.0
            ],
            [
              -90.0,
              48.0
            ],
            [
              -92.0,
              48.0
            ],
            [
              -92.0,
              47.0
            ],
            [
              -90.0,
              47.0
            ]
          ]
        ]
      }
    },
    {
      "type": "Feature",
      "properties": {
        "grid": "EN48",
        "field": "EN",
        "square_lon_index": 4,
        "square_lat_index": 8,
        "min_lon": -92,
        "min_lat": 48,
        "max_lon": -90,
        "max_lat": 49
      },
      "geometry": {
        "type": "Polygon",
        "coordinates": [
          [
            [
              -90.0,
              48.0
            ],
            [
              -90.0,
              49.0
            ],
            [
              -92.0,
              49.0
            ],
            [
              -92.0,
              48.0
            ],
            [
              -90.0,
              48.0
            ]
          ]
        ]
      }
    },
    {
      "type": "Feature",
      "properties": {
        "grid": "EN50",
        "field": "EN",
        "square_lon_index": 5,
        "square_lat_index": 0,
        "min_lon": -90,
        "min_lat": 40,
        "max_lon": -88,
        "max_lat": 41
      },
      "geometry": {
        "type": "Polygon",
        "coordinates": [
          [
            [
              -88.0,
              40.0
            ],
            [
              -88.0,
              41.0
            ],
            [
              -90.0,
              41.0
            ],
            [
              -90.0,
              40.0
            ],
            [
              -88.0,
              40.0
            ]
          ]
        ]
      }
    },
    {
      "type": "Feature",
      "properties": {
        "grid": "EN51",
        "field": "EN",
        "square_lon_index": 5,
        "square_lat_index": 1,
        "min_lon": -90,
        "min_lat": 41,
        "max_lon": -88,
        "max_lat": 42
      },
      "geometry": {
        "type": "Polygon",
        "coordinates": [
          [
            [
              -88.0,
              41.0
            ],
            [
              -88.0,
              42.0
            ],
            [
              -90.0,
              42.0
            ],
            [
              -90.0,
              41.0
            ],
            [
              -88.0,
              41.0
            ]
          ]
        ]
      }
    },
    {
      "type": "Feature",
      "properties": {
        "grid": "EN52",
        "field": "EN",
        "square_lon_index": 5,
        "square_lat_index": 2,
        "min_lon": -90,
        "min_lat": 42,
        "max_lon": -88,
        "max_lat": 43
      },
      "geometry": {
        "type": "Polygon",
        "coordinates": [
          [
            [
              -88.0,
              42.0
            ],
            [
              -88.0,
              43.0
            ],
            [
              -90.0,
              43.0
            ],
            [
              -90.0,
              42.0
            ],
            [
              -88.0,
              42.0
            ]
          ]
        ]
      }
    },
    {
      "type": "Feature",
      "properties": {
        "grid": "EN53",
        "field": "EN",
        "square_lon_index": 5,
        "square_lat_index": 3,
        "min_lon": -90,
        "min_lat": 43,
        "max_lon": -88,
        "max_lat": 44
      },
      "geometry": {
        "type": "Polygon",
        "coordinates": [
          [
            [
              -88.0,
              43.0
            ],
            [
              -88.0,
              44.0
            ],
            [
              -90.0,
              44.0
            ],
            [
              -90.0,
              43.0
            ],
            [
              -88.0,
              43.0
            ]
          ]
        ]
      }
    },
    {
      "type": "Feature",
      "properties": {
        "grid": "EN54",
        "field": "EN",
        "square_lon_index": 5,
        "square_lat_index": 4,
        "min_lon": -90,
        "min_lat": 44,
        "max_lon": -88,
        "max_lat": 45
      },
      "geometry": {
        "type": "Polygon",
        "coordinates": [
          [
            [
              -88.0,
              44.0
            ],
            [
              -88.0,
              45.0
            ],
            [
              -90.0,
              45.0
            ],
            [
              -90.0,
              44.0
            ],
            [
              -88.0,
              44.0
            ]
          ]
        ]
      }
    },
    {
      "type": "Feature",
      "properties": {
        "grid": "EN55",
        "field": "EN",
        "square_lon_index": 5,
        "square_lat_index": 5,
        "min_lon": -90,
        "min_lat": 45,
        "max_lon": -88,
        "max_lat": 46
      },
      "geometry": {
        "type": "Polygon",
        "coordinates": [
          [
            [
              -88.0,
              45.0
            ],
            [
              -88.0,
              46.0
            ],
            [
              -90.0,
              46.0
            ],
            [
              -90.0,
              45.0
            ],
            [
              -88.0,
              45.0
            ]
          ]
        ]
      }
    },
    {
      "type": "Feature",
      "properties": {
        "grid": "EN56",
        "field": "EN",
        "square_lon_index": 5,
        "square_lat_index": 6,
        "min_lon": -90,
        "min_lat": 46,
        "max_lon": -88,
        "max_lat": 47
      },
      "geometry": {
        "type": "Polygon",
        "coordinates": [
          [
            [
              -88.0,
              46.0
            ],
            [
              -88.0,
              47.0
            ],
            [
              -90.0,
              47.0
            ],
            [
              -90.0,
              46.0
            ],
            [
              -88.0,
              46.0
            ]
          ]
        ]
      }
    },
    {
      "type": "Feature",
      "properties": {
        "grid": "EN57",
        "field": "EN",
        "square_lon_index": 5,
        "square_lat_index": 7,
        "min_lon": -90,
        "min_lat": 47,
        "max_lon": -88,
        "max_lat": 48
      },
      "geometry": {
        "type": "Polygon",
        "coordinates": [
          [
            [
              -88.0,
              47.0
            ],
            [
              -88.0,
              48.0
            ],
            [
              -90.0,
              48.0
            ],
            [
              -90.0,
              47.0
            ],
            [
              -88.0,
              47.0
            ]
          ]
        ]
      }
    },
    {
      "type": "Feature",
      "properties": {
        "grid": "EN58",
        "field": "EN",
        "square_lon_index": 5,
        "square_lat_index": 8,
        "min_lon": -90,
        "min_lat": 48,
        "max_lon": -88,
        "max_lat": 49
      },
      "geometry": {
        "type": "Polygon",
        "coordinates": [
          [
            [
              -88.0,
              48.0
            ],
            [
              -88.0,
              49.0
            ],
            [
              -90.0,
              49.0
            ],
            [
              -90.0,
              48.0
            ],
            [
              -88.0,
              48.0
            ]
          ]
        ]
      }
    },
    {
      "type": "Feature",
      "properties": {
        "grid": "EN60",
        "field": "EN",
        "square_lon_index": 6,
        "square_lat_index": 0,
        "min_lon": -88,
        "min_lat": 40,
        "max_lon": -86,
        "max_lat": 41
      },
      "geometry": {
        "type": "Polygon",
        "coordinates": [
          [
            [
              -86.0,
              40.0
            ],
            [
              -86.0,
              41.0
            ],
            [
              -88.0,
              41.0
            ],
            [
              -88.0,
              40.0
            ],
            [
              -86.0,
              40.0
            ]
          ]
        ]
      }
    },
    {
      "type": "Feature",
      "properties": {
        "grid": "EN61",
        "field": "EN",
        "square_lon_index": 6,
        "square_lat_index": 1,
        "min_lon": -88,
        "min_lat": 41,
        "max_lon": -86,
        "max_lat": 42
      },
      "geometry": {
        "type": "Polygon",
        "coordinates": [
          [
            [
              -86.0,
              41.0
            ],
            [
              -86.0,
              42.0
            ],
            [
              -88.0,
              42.0
            ],
            [
              -88.0,
              41.0
            ],
            [
              -86.0,
              41.0
            ]
          ]
        ]
      }
    },
    {
      "type": "Feature",
      "properties": {
        "grid": "EN62",
        "field": "EN",
        "square_lon_index": 6,
        "square_lat_index": 2,
        "min_lon": -88,
        "min_lat": 42,
        "max_lon": -86,
        "max_lat": 43
      },
      "geometry": {
        "type": "Polygon",
        "coordinates": [
          [
            [
              -86.0,
              42.0
            ],
            [
              -86.0,
              43.0
            ],
            [
              -88.0,
              43.0
            ],
            [
              -88.0,
              42.0
            ],
            [
              -86.0,
              42.0
            ]
          ]
        ]
      }
    },
    {
      "type": "Feature",
      "properties": {
        "grid": "EN63",
        "field": "EN",
        "square_lon_index": 6,
        "square_lat_index": 3,
        "min_lon": -88,
        "min_lat": 43,
        "max_lon": -86,
        "max_lat": 44
      },
      "geometry": {
        "type": "Polygon",
        "coordinates": [
          [
            [
              -86.0,
              43.0
            ],
            [
              -86.0,
              44.0
            ],
            [
              -88.0,
              44.0
            ],
            [
              -88.0,
              43.0
            ],
            [
              -86.0,
              43.0
            ]
          ]
        ]
      }
    },
    {
      "type": "Feature",
      "properties": {
        "grid": "EN64",
        "field": "EN",
        "square_lon_index": 6,
        "square_lat_index": 4,
        "min_lon": -88,
        "min_lat": 44,
        "max_lon": -86,
        "max_lat": 45
      },
      "geometry": {
        "type": "Polygon",
        "coordinates": [
          [
            [
              -86.0,
              44.0
            ],
            [
              -86.0,
              45.0
            ],
            [
              -88.0,
              45.0
            ],
            [
              -88.0,
              44.0
            ],
            [
              -86.0,
              44.0
            ]
          ]
        ]
      }
    },
    {
      "type": "Feature",
      "properties": {
        "grid": "EN65",
        "field": "EN",
        "square_lon_index": 6,
        "square_lat_index": 5,
        "min_lon": -88,
        "min_lat": 45,
        "max_lon": -86,
        "max_lat": 46
      },
      "geometry": {
        "type": "Polygon",
        "coordinates": [
          [
            [
              -86.0,
              45.0
            ],
            [
              -86.0,
              46.0
            ],
            [
              -88.0,
              46.0
            ],
            [
              -88.0,
              45.0
            ],
            [
              -86.0,
              45.0
            ]
          ]
        ]
      }
    },
    {
      "type": "Feature",
      "properties": {
        "grid": "EN66",
        "field": "EN",
        "square_lon_index": 6,
        "square_lat_index": 6,
        "min_lon": -88,
        "min_lat": 46,
        "max_lon": -86,
        "max_lat": 47
      },
      "geometry": {
        "type": "Polygon",
        "coordinates": [
          [
            [
              -86.0,
              46.0
            ],
            [
              -86.0,
              47.0
            ],
            [
              -88.0,
              47.0
            ],
            [
              -88.0,
              46.0
            ],
            [
              -86.0,
              46.0
            ]
          ]
        ]
      }
    },
    {
      "type": "Feature",
      "properties": {
        "grid": "EN67",
        "field": "EN",
        "square_lon_index": 6,
        "square_lat_index": 7,
        "min_lon": -88,
        "min_lat": 47,
        "max_lon": -86,
        "max_lat": 48
      },
      "geometry": {
        "type": "Polygon",
        "coordinates": [
          [
            [
              -86.0,
              47.0
            ],
            [
              -86.0,
              48.0
            ],
            [
              -88.0,
              48.0
            ],
            [
              -88.0,
              47.0
            ],
            [
              -86.0,
              47.0
            ]
          ]
        ]
      }
    },
    {
      "type": "Feature",
      "properties": {
        "grid": "EN70",
        "field": "EN",
        "square_lon_index": 7,
        "square_lat_index": 0,
        "min_lon": -86,
        "min_lat": 40,
        "max_lon": -84,
        "max_lat": 41
      },
      "geometry": {
        "type": "Polygon",
        "coordinates": [
          [
            [
              -84.0,
              40.0
            ],
            [
              -84.0,
              41.0
            ],
            [
              -86.0,
              41.0
            ],
            [
              -86.0,
              40.0
            ],
            [
              -84.0,
              40.0
            ]
          ]
        ]
      }
    },
    {
      "type": "Feature",
      "properties": {
        "grid": "EN71",
        "field": "EN",
        "square_lon_index": 7,
        "square_lat_index": 1,
        "min_lon": -86,
        "min_lat": 41,
        "max_lon": -84,
        "max_lat": 42
      },
      "geometry": {
        "type": "Polygon",
        "coordinates": [
          [
            [
              -84.0,
              41.0
            ],
            [
              -84.0,
              42.0
            ],
            [
              -86.0,
              42.0
            ],
            [
              -86.0,
              41.0
            ],
            [
              -84.0,
              41.0
            ]
          ]
        ]
      }
    },
    {
      "type": "Feature",
      "properties": {
        "grid": "EN72",
        "field": "EN",
        "square_lon_index": 7,
        "square_lat_index": 2,
        "min_lon": -86,
        "min_lat": 42,
        "max_lon": -84,
        "max_lat": 43
      },
      "geometry": {
        "type": "Polygon",
        "coordinates": [
          [
            [
              -84.0,
              42.0
            ],
            [
              -84.0,
              43.0
            ],
            [
              -86.0,
              43.0
            ],
            [
              -86.0,
              42.0
            ],
            [
              -84.0,
              42.0
            ]
          ]
        ]
      }
    },
    {
      "type": "Feature",
      "properties": {
        "grid": "EN73",
        "field": "EN",
        "square_lon_index": 7,
        "square_lat_index": 3,
        "min_lon": -86,
        "min_lat": 43,
        "max_lon": -84,
        "max_lat": 44
      },
      "geometry": {
        "type": "Polygon",
        "coordinates": [
          [
            [
              -84.0,
              43.0
            ],
            [
              -84.0,
              44.0
            ],
            [
              -86.0,
              44.0
            ],
            [
              -86.0,
              43.0
            ],
            [
              -84.0,
              43.0
            ]
          ]
        ]
      }
    },
    {
      "type": "Feature",
      "properties": {
        "grid": "EN74",
        "field": "EN",
        "square_lon_index": 7,
        "square_lat_index": 4,
        "min_lon": -86,
        "min_lat": 44,
        "max_lon": -84,
        "max_lat": 45
      },
      "geometry": {
        "type": "Polygon",
        "coordinates": [
          [
            [
              -84.0,
              44.0
            ],
            [
              -84.0,
              45.0
            ],
            [
              -86.0,
              45.0
            ],
            [
              -86.0,
              44.0
            ],
            [
              -84.0,
              44.0
            ]
          ]
        ]
      }
    },
    {
      "type": "Feature",
      "properties": {
        "grid": "EN75",
        "field": "EN",
        "square_lon_index": 7,
        "square_lat_index": 5,
        "min_lon": -86,
        "min_lat": 45,
        "max_lon": -84,
        "max_lat": 46
      },
      "geometry": {
        "type": "Polygon",
        "coordinates": [
          [
            [
              -84.0,
              45.0
            ],
            [
              -84.0,
              46.0
            ],
            [
              -86.0,
              46.0
            ],
            [
              -86.0,
              45.0
            ],
            [
              -84.0,
              45.0
            ]
          ]
        ]
      }
    },
    {
      "type": "Feature",
      "properties": {
        "grid": "EN76",
        "field": "EN",
        "square_lon_index": 7,
        "square_lat_index": 6,
        "min_lon": -86,
        "min_lat": 46,
        "max_lon": -84,
        "max_lat": 47
      },
      "geometry": {
        "type": "Polygon",
        "coordinates": [
          [
            [
              -84.0,
              46.0
            ],
            [
              -84.0,
              47.0
            ],
            [
              -86.0,
              47.0
            ],
            [
              -86.0,
              46.0
            ],
            [
              -84.0,
              46.0
            ]
          ]
        ]
      }
    },
    {
      "type": "Feature",
      "properties": {
        "grid": "EN80",
        "field": "EN",
        "square_lon_index": 8,
        "square_lat_index": 0,
        "min_lon": -84,
        "min_lat": 40,
        "max_lon": -82,
        "max_lat": 41
      },
      "geometry": {
        "type": "Polygon",
        "coordinates": [
          [
            [
              -82.0,
              40.0
            ],
            [
              -82.0,
              41.0
            ],
            [
              -84.0,
              41.0
            ],
            [
              -84.0,
              40.0
            ],
            [
              -82.0,
              40.0
            ]
          ]
        ]
      }
    },
    {
      "type": "Feature",
      "properties": {
        "grid": "EN81",
        "field": "EN",
        "square_lon_index": 8,
        "square_lat_index": 1,
        "min_lon": -84,
        "min_lat": 41,
        "max_lon": -82,
        "max_lat": 42
      },
      "geometry": {
        "type": "Polygon",
        "coordinates": [
          [
            [
              -82.0,
              41.0
            ],
            [
              -82.0,
              42.0
            ],
            [
              -84.0,
              42.0
            ],
            [
              -84.0,
              41.0
            ],
            [
              -82.0,
              41.0
            ]
          ]
        ]
      }
    },
    {
      "type": "Feature",
      "properties": {
        "grid": "EN82",
        "field": "EN",
        "square_lon_index": 8,
        "square_lat_index": 2,
        "min_lon": -84,
        "min_lat": 42,
        "max_lon": -82,
        "max_lat": 43
      },
      "geometry": {
        "type": "Polygon",
        "coordinates": [
          [
            [
              -82.0,
              42.0
            ],
            [
              -82.0,
              43.0
            ],
            [
              -84.0,
              43.0
            ],
            [
              -84.0,
              42.0
            ],
            [
              -82.0,
              42.0
            ]
          ]
        ]
      }
    },
    {
      "type": "Feature",
      "properties": {
        "grid": "EN83",
        "field": "EN",
        "square_lon_index": 8,
        "square_lat_index": 3,
        "min_lon": -84,
        "min_lat": 43,
        "max_lon": -82,
        "max_lat": 44
      },
      "geometry": {
        "type": "Polygon",
        "coordinates": [
          [
            [
              -82.0,
              43.0
            ],
            [
              -82.0,
              44.0
            ],
            [
              -84.0,
              44.0
            ],
            [
              -84.0,
              43.0
            ],
            [
              -82.0,
              43.0
            ]
          ]
        ]
      }
    },
    {
      "type": "Feature",
      "properties": {
        "grid": "EN84",
        "field": "EN",
        "square_lon_index": 8,
        "square_lat_index": 4,
        "min_lon": -84,
        "min_lat": 44,
        "max_lon": -82,
        "max_lat": 45
      },
      "geometry": {
        "type": "Polygon",
        "coordinates": [
          [
            [
              -82.0,
              44.0
            ],
            [
              -82.0,
              45.0
            ],
            [
              -84.0,
              45.0
            ],
            [
              -84.0,
              44.0
            ],
            [
              -82.0,
              44.0
            ]
          ]
        ]
      }
    },
    {
      "type": "Feature",
      "properties": {
        "grid": "EN85",
        "field": "EN",
        "square_lon_index": 8,
        "square_lat_index": 5,
        "min_lon": -84,
        "min_lat": 45,
        "max_lon": -82,
        "max_lat": 46
      },
      "geometry": {
        "type": "Polygon",
        "coordinates": [
          [
            [
              -82.0,
              45.0
            ],
            [
              -82.0,
              46.0
            ],
            [
              -84.0,
              46.0
            ],
            [
              -84.0,
              45.0
            ],
            [
              -82.0,
              45.0
            ]
          ]
        ]
      }
    },
    {
      "type": "Feature",
      "properties": {
        "grid": "EN86",
        "field": "EN",
        "square_lon_index": 8,
        "square_lat_index": 6,
        "min_lon": -84,
        "min_lat": 46,
        "max_lon": -82,
        "max_lat": 47
      },
      "geometry": {
        "type": "Polygon",
        "coordinates": [
          [
            [
              -82.0,
              46.0
            ],
            [
              -82.0,
              47.0
            ],
            [
              -84.0,
              47.0
            ],
            [
              -84.0,
              46.0
            ],
            [
              -82.0,
              46.0
            ]
          ]
        ]
      }
    },
    {
      "type": "Feature",
      "properties": {
        "grid": "EN90",
        "field": "EN",
        "square_lon_index": 9,
        "square_lat_index": 0,
        "min_lon": -82,
        "min_lat": 40,
        "max_lon": -80,
        "max_lat": 41
      },
      "geometry": {
        "type": "Polygon",
        "coordinates": [
          [
            [
              -80.0,
              40.0
            ],
            [
              -80.0,
              41.0
            ],
            [
              -82.0,
              41.0
            ],
            [
              -82.0,
              40.0
            ],
            [
              -80.0,
              40.0
            ]
          ]
        ]
      }
    },
    {
      "type": "Feature",
      "properties": {
        "grid": "EN91",
        "field": "EN",
        "square_lon_index": 9,
        "square_lat_index": 1,
        "min_lon": -82,
        "min_lat": 41,
        "max_lon": -80,
        "max_lat": 42
      },
      "geometry": {
        "type": "Polygon",
        "coordinates": [
          [
            [
              -80.0,
              41.0
            ],
            [
              -80.0,
              42.0
            ],
            [
              -82.0,
              42.0
            ],
            [
              -82.0,
              41.0
            ],
            [
              -80.0,
              41.0
            ]
          ]
        ]
      }
    },
    {
      "type": "Feature",
      "properties": {
        "grid": "EN92",
        "field": "EN",
        "square_lon_index": 9,
        "square_lat_index": 2,
        "min_lon": -82,
        "min_lat": 42,
        "max_lon": -80,
        "max_lat": 43
      },
      "geometry": {
        "type": "Polygon",
        "coordinates": [
          [
            [
              -80.0,
              42.0
            ],
            [
              -80.0,
              43.0
            ],
            [
              -82.0,
              43.0
            ],
            [
              -82.0,
              42.0
            ],
            [
              -80.0,
              42.0
            ]
          ]
        ]
      }
    },
    {
      "type": "Feature",
      "properties": {
        "grid": "FM02",
        "field": "FM",
        "square_lon_index": 0,
        "square_lat_index": 2,
        "min_lon": -80,
        "min_lat": 32,
        "max_lon": -78,
        "max_lat": 33
      },
      "geometry": {
        "type": "Polygon",
        "coordinates": [
          [
            [
              -78.0,
              32.0
            ],
            [
              -78.0,
              33.0
            ],
            [
              -80.0,
              33.0
            ],
            [
              -80.0,
              32.0
            ],
            [
              -78.0,
              32.0
            ]
          ]
        ]
      }
    },
    {
      "type": "Feature",
      "properties": {
        "grid": "FM03",
        "field": "FM",
        "square_lon_index": 0,
        "square_lat_index": 3,
        "min_lon": -80,
        "min_lat": 33,
        "max_lon": -78,
        "max_lat": 34
      },
      "geometry": {
        "type": "Polygon",
        "coordinates": [
          [
            [
              -78.0,
              33.0
            ],
            [
              -78.0,
              34.0
            ],
            [
              -80.0,
              34.0
            ],
            [
              -80.0,
              33.0
            ],
            [
              -78.0,
              33.0
            ]
          ]
        ]
      }
    },
    {
      "type": "Feature",
      "properties": {
        "grid": "FM04",
        "field": "FM",
        "square_lon_index": 0,
        "square_lat_index": 4,
        "min_lon": -80,
        "min_lat": 34,
        "max_lon": -78,
        "max_lat": 35
      },
      "geometry": {
        "type": "Polygon",
        "coordinates": [
          [
            [
              -78.0,
              34.0
            ],
            [
              -78.0,
              35.0
            ],
            [
              -80.0,
              35.0
            ],
            [
              -80.0,
              34.0
            ],
            [
              -78.0,
              34.0
            ]
          ]
        ]
      }
    },
    {
      "type": "Feature",
      "properties": {
        "grid": "FM05",
        "field": "FM",
        "square_lon_index": 0,
        "square_lat_index": 5,
        "min_lon": -80,
        "min_lat": 35,
        "max_lon": -78,
        "max_lat": 36
      },
      "geometry": {
        "type": "Polygon",
        "coordinates": [
          [
            [
              -78.0,
              35.0
            ],
            [
              -78.0,
              36.0
            ],
            [
              -80.0,
              36.0
            ],
            [
              -80.0,
              35.0
            ],
            [
              -78.0,
              35.0
            ]
          ]
        ]
      }
    },
    {
      "type": "Feature",
      "properties": {
        "grid": "FM06",
        "field": "FM",
        "square_lon_index": 0,
        "square_lat_index": 6,
        "min_lon": -80,
        "min_lat": 36,
        "max_lon": -78,
        "max_lat": 37
      },
      "geometry": {
        "type": "Polygon",
        "coordinates": [
          [
            [
              -78.0,
              36.0
            ],
            [
              -78.0,
              37.0
            ],
            [
              -80.0,
              37.0
            ],
            [
              -80.0,
              36.0
            ],
            [
              -78.0,
              36.0
            ]
          ]
        ]
      }
    },
    {
      "type": "Feature",
      "properties": {
        "grid": "FM07",
        "field": "FM",
        "square_lon_index": 0,
        "square_lat_index": 7,
        "min_lon": -80,
        "min_lat": 37,
        "max_lon": -78,
        "max_lat": 38
      },
      "geometry": {
        "type": "Polygon",
        "coordinates": [
          [
            [
              -78.0,
              37.0
            ],
            [
              -78.0,
              38.0
            ],
            [
              -80.0,
              38.0
            ],
            [
              -80.0,
              37.0
            ],
            [
              -78.0,
              37.0
            ]
          ]
        ]
      }
    },
    {
      "type": "Feature",
      "properties": {
        "grid": "FM08",
        "field": "FM",
        "square_lon_index": 0,
        "square_lat_index": 8,
        "min_lon": -80,
        "min_lat": 38,
        "max_lon": -78,
        "max_lat": 39
      },
      "geometry": {
        "type": "Polygon",
        "coordinates": [
          [
            [
              -78.0,
              38.0
            ],
            [
              -78.0,
              39.0
            ],
            [
              -80.0,
              39.0
            ],
            [
              -80.0,
              38.0
            ],
            [
              -78.0,
              38.0
            ]
          ]
        ]
      }
    },
    {
      "type": "Feature",
      "properties": {
        "grid": "FM09",
        "field": "FM",
        "square_lon_index": 0,
        "square_lat_index": 9,
        "min_lon": -80,
        "min_lat": 39,
        "max_lon": -78,
        "max_lat": 40
      },
      "geometry": {
        "type": "Polygon",
        "coordinates": [
          [
            [
              -78.0,
              39.0
            ],
            [
              -78.0,
              40.0
            ],
            [
              -80.0,
              40.0
            ],
            [
              -80.0,
              39.0
            ],
            [
              -78.0,
              39.0
            ]
          ]
        ]
      }
    },
    {
      "type": "Feature",
      "properties": {
        "grid": "FM13",
        "field": "FM",
        "square_lon_index": 1,
        "square_lat_index": 3,
        "min_lon": -78,
        "min_lat": 33,
        "max_lon": -76,
        "max_lat": 34
      },
      "geometry": {
        "type": "Polygon",
        "coordinates": [
          [
            [
              -76.0,
              33.0
            ],
            [
              -76.0,
              34.0
            ],
            [
              -78.0,
              34.0
            ],
            [
              -78.0,
              33.0
            ],
            [
              -76.0,
              33.0
            ]
          ]
        ]
      }
    },
    {
      "type": "Feature",
      "properties": {
        "grid": "FM14",
        "field": "FM",
        "square_lon_index": 1,
        "square_lat_index": 4,
        "min_lon": -78,
        "min_lat": 34,
        "max_lon": -76,
        "max_lat": 35
      },
      "geometry": {
        "type": "Polygon",
        "coordinates": [
          [
            [
              -76.0,
              34.0
            ],
            [
              -76.0,
              35.0
            ],
            [
              -78.0,
              35.0
            ],
            [
              -78.0,
              34.0
            ],
            [
              -76.0,
              34.0
            ]
          ]
        ]
      }
    },
    {
      "type": "Feature",
      "properties": {
        "grid": "FM15",
        "field": "FM",
        "square_lon_index": 1,
        "square_lat_index": 5,
        "min_lon": -78,
        "min_lat": 35,
        "max_lon": -76,
        "max_lat": 36
      },
      "geometry": {
        "type": "Polygon",
        "coordinates": [
          [
            [
              -76.0,
              35.0
            ],
            [
              -76.0,
              36.0
            ],
            [
              -78.0,
              36.0
            ],
            [
              -78.0,
              35.0
            ],
            [
              -76.0,
              35.0
            ]
          ]
        ]
      }
    },
    {
      "type": "Feature",
      "properties": {
        "grid": "FM16",
        "field": "FM",
        "square_lon_index": 1,
        "square_lat_index": 6,
        "min_lon": -78,
        "min_lat": 36,
        "max_lon": -76,
        "max_lat": 37
      },
      "geometry": {
        "type": "Polygon",
        "coordinates": [
          [
            [
              -76.0,
              36.0
            ],
            [
              -76.0,
              37.0
            ],
            [
              -78.0,
              37.0
            ],
            [
              -78.0,
              36.0
            ],
            [
              -76.0,
              36.0
            ]
          ]
        ]
      }
    },
    {
      "type": "Feature",
      "properties": {
        "grid": "FM17",
        "field": "FM",
        "square_lon_index": 1,
        "square_lat_index": 7,
        "min_lon": -78,
        "min_lat": 37,
        "max_lon": -76,
        "max_lat": 38
      },
      "geometry": {
        "type": "Polygon",
        "coordinates": [
          [
            [
              -76.0,
              37.0
            ],
            [
              -76.0,
              38.0
            ],
            [
              -78.0,
              38.0
            ],
            [
              -78.0,
              37.0
            ],
            [
              -76.0,
              37.0
            ]
          ]
        ]
      }
    },
    {
      "type": "Feature",
      "properties": {
        "grid": "FM18",
        "field": "FM",
        "square_lon_index": 1,
        "square_lat_index": 8,
        "min_lon": -78,
        "min_lat": 38,
        "max_lon": -76,
        "max_lat": 39
      },
      "geometry": {
        "type": "Polygon",
        "coordinates": [
          [
            [
              -76.0,
              38.0
            ],
            [
              -76.0,
              39.0
            ],
            [
              -78.0,
              39.0
            ],
            [
              -78.0,
              38.0
            ],
            [
              -76.0,
              38.0
            ]
          ]
        ]
      }
    },
    {
      "type": "Feature",
      "properties": {
        "grid": "FM19",
        "field": "FM",
        "square_lon_index": 1,
        "square_lat_index": 9,
        "min_lon": -78,
        "min_lat": 39,
        "max_lon": -76,
        "max_lat": 40
      },
      "geometry": {
        "type": "Polygon",
        "coordinates": [
          [
            [
              -76.0,
              39.0
            ],
            [
              -76.0,
              40.0
            ],
            [
              -78.0,
              40.0
            ],
            [
              -78.0,
              39.0
            ],
            [
              -76.0,
              39.0
            ]
          ]
        ]
      }
    },
    {
      "type": "Feature",
      "properties": {
        "grid": "FM25",
        "field": "FM",
        "square_lon_index": 2,
        "square_lat_index": 5,
        "min_lon": -76,
        "min_lat": 35,
        "max_lon": -74,
        "max_lat": 36
      },
      "geometry": {
        "type": "Polygon",
        "coordinates": [
          [
            [
              -74.0,
              35.0
            ],
            [
              -74.0,
              36.0
            ],
            [
              -76.0,
              36.0
            ],
            [
              -76.0,
              35.0
            ],
            [
              -74.0,
              35.0
            ]
          ]
        ]
      }
    },
    {
      "type": "Feature",
      "properties": {
        "grid": "FM26",
        "field": "FM",
        "square_lon_index": 2,
        "square_lat_index": 6,
        "min_lon": -76,
        "min_lat": 36,
        "max_lon": -74,
        "max_lat": 37
      },
      "geometry": {
        "type": "Polygon",
        "coordinates": [
          [
            [
              -74.0,
              36.0
            ],
            [
              -74.0,
              37.0
            ],
            [
              -76.0,
              37.0
            ],
            [
              -76.0,
              36.0
            ],
            [
              -74.0,
              36.0
            ]
          ]
        ]
      }
    },
    {
      "type": "Feature",
      "properties": {
        "grid": "FM27",
        "field": "FM",
        "square_lon_index": 2,
        "square_lat_index": 7,
        "min_lon": -76,
        "min_lat": 37,
        "max_lon": -74,
        "max_lat": 38
      },
      "geometry": {
        "type": "Polygon",
        "coordinates": [
          [
            [
              -74.0,
              37.0
            ],
            [
              -74.0,
              38.0
            ],
            [
              -76.0,
              38.0
            ],
            [
              -76.0,
              37.0
            ],
            [
              -74.0,
              37.0
            ]
          ]
        ]
      }
    },
    {
      "type": "Feature",
      "properties": {
        "grid": "FM28",
        "field": "FM",
        "square_lon_index": 2,
        "square_lat_index": 8,
        "min_lon": -76,
        "min_lat": 38,
        "max_lon": -74,
        "max_lat": 39
      },
      "geometry": {
        "type": "Polygon",
        "coordinates": [
          [
            [
              -74.0,
              38.0
            ],
            [
              -74.0,
              39.0
            ],
            [
              -76.0,
              39.0
            ],
            [
              -76.0,
              38.0
            ],
            [
              -74.0,
              38.0
            ]
          ]
        ]
      }
    },
    {
      "type": "Feature",
      "properties": {
        "grid": "FM29",
        "field": "FM",
        "square_lon_index": 2,
        "square_lat_index": 9,
        "min_lon": -76,
        "min_lat": 39,
        "max_lon": -74,
        "max_lat": 40
      },
      "geometry": {
        "type": "Polygon",
        "coordinates": [
          [
            [
              -74.0,
              39.0
            ],
            [
              -74.0,
              40.0
            ],
            [
              -76.0,
              40.0
            ],
            [
              -76.0,
              39.0
            ],
            [
              -74.0,
              39.0
            ]
          ]
        ]
      }
    },
    {
      "type": "Feature",
      "properties": {
        "grid": "FN00",
        "field": "FN",
        "square_lon_index": 0,
        "square_lat_index": 0,
        "min_lon": -80,
        "min_lat": 40,
        "max_lon": -78,
        "max_lat": 41
      },
      "geometry": {
        "type": "Polygon",
        "coordinates": [
          [
            [
              -78.0,
              40.0
            ],
            [
              -78.0,
              41.0
            ],
            [
              -80.0,
              41.0
            ],
            [
              -80.0,
              40.0
            ],
            [
              -78.0,
              40.0
            ]
          ]
        ]
      }
    },
    {
      "type": "Feature",
      "properties": {
        "grid": "FN01",
        "field": "FN",
        "square_lon_index": 0,
        "square_lat_index": 1,
        "min_lon": -80,
        "min_lat": 41,
        "max_lon": -78,
        "max_lat": 42
      },
      "geometry": {
        "type": "Polygon",
        "coordinates": [
          [
            [
              -78.0,
              41.0
            ],
            [
              -78.0,
              42.0
            ],
            [
              -80.0,
              42.0
            ],
            [
              -80.0,
              41.0
            ],
            [
              -78.0,
              41.0
            ]
          ]
        ]
      }
    },
    {
      "type": "Feature",
      "properties": {
        "grid": "FN02",
        "field": "FN",
        "square_lon_index": 0,
        "square_lat_index": 2,
        "min_lon": -80,
        "min_lat": 42,
        "max_lon": -78,
        "max_lat": 43
      },
      "geometry": {
        "type": "Polygon",
        "coordinates": [
          [
            [
              -78.0,
              42.0
            ],
            [
              -78.0,
              43.0
            ],
            [
              -80.0,
              43.0
            ],
            [
              -80.0,
              42.0
            ],
            [
              -78.0,
              42.0
            ]
          ]
        ]
      }
    },
    {
      "type": "Feature",
      "properties": {
        "grid": "FN03",
        "field": "FN",
        "square_lon_index": 0,
        "square_lat_index": 3,
        "min_lon": -80,
        "min_lat": 43,
        "max_lon": -78,
        "max_lat": 44
      },
      "geometry": {
        "type": "Polygon",
        "coordinates": [
          [
            [
              -78.0,
              43.0
            ],
            [
              -78.0,
              44.0
            ],
            [
              -80.0,
              44.0
            ],
            [
              -80.0,
              43.0
            ],
            [
              -78.0,
              43.0
            ]
          ]
        ]
      }
    },
    {
      "type": "Feature",
      "properties": {
        "grid": "FN10",
        "field": "FN",
        "square_lon_index": 1,
        "square_lat_index": 0,
        "min_lon": -78,
        "min_lat": 40,
        "max_lon": -76,
        "max_lat": 41
      },
      "geometry": {
        "type": "Polygon",
        "coordinates": [
          [
            [
              -76.0,
              40.0
            ],
            [
              -76.0,
              41.0
            ],
            [
              -78.0,
              41.0
            ],
            [
              -78.0,
              40.0
            ],
            [
              -76.0,
              40.0
            ]
          ]
        ]
      }
    },
    {
      "type": "Feature",
      "properties": {
        "grid": "FN11",
        "field": "FN",
        "square_lon_index": 1,
        "square_lat_index": 1,
        "min_lon": -78,
        "min_lat": 41,
        "max_lon": -76,
        "max_lat": 42
      },
      "geometry": {
        "type": "Polygon",
        "coordinates": [
          [
            [
              -76.0,
              41.0
            ],
            [
              -76.0,
              42.0
            ],
            [
              -78.0,
              42.0
            ],
            [
              -78.0,
              41.0
            ],
            [
              -76.0,
              41.0
            ]
          ]
        ]
      }
    },
    {
      "type": "Feature",
      "properties": {
        "grid": "FN12",
        "field": "FN",
        "square_lon_index": 1,
        "square_lat_index": 2,
        "min_lon": -78,
        "min_lat": 42,
        "max_lon": -76,
        "max_lat": 43
      },
      "geometry": {
        "type": "Polygon",
        "coordinates": [
          [
            [
              -76.0,
              42.0
            ],
            [
              -76.0,
              43.0
            ],
            [
              -78.0,
              43.0
            ],
            [
              -78.0,
              42.0
            ],
            [
              -76.0,
              42.0
            ]
          ]
        ]
      }
    },
    {
      "type": "Feature",
      "properties": {
        "grid": "FN13",
        "field": "FN",
        "square_lon_index": 1,
        "square_lat_index": 3,
        "min_lon": -78,
        "min_lat": 43,
        "max_lon": -76,
        "max_lat": 44
      },
      "geometry": {
        "type": "Polygon",
        "coordinates": [
          [
            [
              -76.0,
              43.0
            ],
            [
              -76.0,
              44.0
            ],
            [
              -78.0,
              44.0
            ],
            [
              -78.0,
              43.0
            ],
            [
              -76.0,
              43.0
            ]
          ]
        ]
      }
    },
    {
      "type": "Feature",
      "properties": {
        "grid": "FN14",
        "field": "FN",
        "square_lon_index": 1,
        "square_lat_index": 4,
        "min_lon": -78,
        "min_lat": 44,
        "max_lon": -76,
        "max_lat": 45
      },
      "geometry": {
        "type": "Polygon",
        "coordinates": [
          [
            [
              -76.0,
              44.0
            ],
            [
              -76.0,
              45.0
            ],
            [
              -78.0,
              45.0
            ],
            [
              -78.0,
              44.0
            ],
            [
              -76.0,
              44.0
            ]
          ]
        ]
      }
    },
    {
      "type": "Feature",
      "properties": {
        "grid": "FN20",
        "field": "FN",
        "square_lon_index": 2,
        "square_lat_index": 0,
        "min_lon": -76,
        "min_lat": 40,
        "max_lon": -74,
        "max_lat": 41
      },
      "geometry": {
        "type": "Polygon",
        "coordinates": [
          [
            [
              -74.0,
              40.0
            ],
            [
              -74.0,
              41.0
            ],
            [
              -76.0,
              41.0
            ],
            [
              -76.0,
              40.0
            ],
            [
              -74.0,
              40.0
            ]
          ]
        ]
      }
    },
    {
      "type": "Feature",
      "properties": {
        "grid": "FN21",
        "field": "FN",
        "square_lon_index": 2,
        "square_lat_index": 1,
        "min_lon": -76,
        "min_lat": 41,
        "max_lon": -74,
        "max_lat": 42
      },
      "geometry": {
        "type": "Polygon",
        "coordinates": [
          [
            [
              -74.0,
              41.0
            ],
            [
              -74.0,
              42.0
            ],
            [
              -76.0,
              42.0
            ],
            [
              -76.0,
              41.0
            ],
            [
              -74.0,
              41.0
            ]
          ]
        ]
      }
    },
    {
      "type": "Feature",
      "properties": {
        "grid": "FN22",
        "field": "FN",
        "square_lon_index": 2,
        "square_lat_index": 2,
        "min_lon": -76,
        "min_lat": 42,
        "max_lon": -74,
        "max_lat": 43
      },
      "geometry": {
        "type": "Polygon",
        "coordinates": [
          [
            [
              -74.0,
              42.0
            ],
            [
              -74.0,
              43.0
            ],
            [
              -76.0,
              43.0
            ],
            [
              -76.0,
              42.0
            ],
            [
              -74.0,
              42.0
            ]
          ]
        ]
      }
    },
    {
      "type": "Feature",
      "properties": {
        "grid": "FN23",
        "field": "FN",
        "square_lon_index": 2,
        "square_lat_index": 3,
        "min_lon": -76,
        "min_lat": 43,
        "max_lon": -74,
        "max_lat": 44
      },
      "geometry": {
        "type": "Polygon",
        "coordinates": [
          [
            [
              -74.0,
              43.0
            ],
            [
              -74.0,
              44.0
            ],
            [
              -76.0,
              44.0
            ],
            [
              -76.0,
              43.0
            ],
            [
              -74.0,
              43.0
            ]
          ]
        ]
      }
    },
    {
      "type": "Feature",
      "properties": {
        "grid": "FN24",
        "field": "FN",
        "square_lon_index": 2,
        "square_lat_index": 4,
        "min_lon": -76,
        "min_lat": 44,
        "max_lon": -74,
        "max_lat": 45
      },
      "geometry": {
        "type": "Polygon",
        "coordinates": [
          [
            [
              -74.0,
              44.0
            ],
            [
              -74.0,
              45.0
            ],
            [
              -76.0,
              45.0
            ],
            [
              -76.0,
              44.0
            ],
            [
              -74.0,
              44.0
            ]
          ]
        ]
      }
    },
    {
      "type": "Feature",
      "properties": {
        "grid": "FN25",
        "field": "FN",
        "square_lon_index": 2,
        "square_lat_index": 5,
        "min_lon": -76,
        "min_lat": 45,
        "max_lon": -74,
        "max_lat": 46
      },
      "geometry": {
        "type": "Polygon",
        "coordinates": [
          [
            [
              -74.0,
              45.0
            ],
            [
              -74.0,
              46.0
            ],
            [
              -76.0,
              46.0
            ],
            [
              -76.0,
              45.0
            ],
            [
              -74.0,
              45.0
            ]
          ]
        ]
      }
    },
    {
      "type": "Feature",
      "properties": {
        "grid": "FN30",
        "field": "FN",
        "square_lon_index": 3,
        "square_lat_index": 0,
        "min_lon": -74,
        "min_lat": 40,
        "max_lon": -72,
        "max_lat": 41
      },
      "geometry": {
        "type": "Polygon",
        "coordinates": [
          [
            [
              -72.0,
              40.0
            ],
            [
              -72.0,
              41.0
            ],
            [
              -74.0,
              41.0
            ],
            [
              -74.0,
              40.0
            ],
            [
              -72.0,
              40.0
            ]
          ]
        ]
      }
    },
    {
      "type": "Feature",
      "properties": {
        "grid": "FN31",
        "field": "FN",
        "square_lon_index": 3,
        "square_lat_index": 1,
        "min_lon": -74,
        "min_lat": 41,
        "max_lon": -72,
        "max_lat": 42
      },
      "geometry": {
        "type": "Polygon",
        "coordinates": [
          [
            [
              -72.0,
              41.0
            ],
            [
              -72.0,
              42.0
            ],
            [
              -74.0,
              42.0
            ],
            [
              -74.0,
              41.0
            ],
            [
              -72.0,
              41.0
            ]
          ]
        ]
      }
    },
    {
      "type": "Feature",
      "properties": {
        "grid": "FN32",
        "field": "FN",
        "square_lon_index": 3,
        "square_lat_index": 2,
        "min_lon": -74,
        "min_lat": 42,
        "max_lon": -72,
        "max_lat": 43
      },
      "geometry": {
        "type": "Polygon",
        "coordinates": [
          [
            [
              -72.0,
              42.0
            ],
            [
              -72.0,
              43.0
            ],
            [
              -74.0,
              43.0
            ],
            [
              -74.0,
              42.0
            ],
            [
              -72.0,
              42.0
            ]
          ]
        ]
      }
    },
    {
      "type": "Feature",
      "properties": {
        "grid": "FN33",
        "field": "FN",
        "square_lon_index": 3,
        "square_lat_index": 3,
        "min_lon": -74,
        "min_lat": 43,
        "max_lon": -72,
        "max_lat": 44
      },
      "geometry": {
        "type": "Polygon",
        "coordinates": [
          [
            [
              -72.0,
              43.0
            ],
            [
              -72.0,
              44.0
            ],
            [
              -74.0,
              44.0
            ],
            [
              -74.0,
              43.0
            ],
            [
              -72.0,
              43.0
            ]
          ]
        ]
      }
    },
    {
      "type": "Feature",
      "properties": {
        "grid": "FN34",
        "field": "FN",
        "square_lon_index": 3,
        "square_lat_index": 4,
        "min_lon": -74,
        "min_lat": 44,
        "max_lon": -72,
        "max_lat": 45
      },
      "geometry": {
        "type": "Polygon",
        "coordinates": [
          [
            [
              -72.0,
              44.0
            ],
            [
              -72.0,
              45.0
            ],
            [
              -74.0,
              45.0
            ],
            [
              -74.0,
              44.0
            ],
            [
              -72.0,
              44.0
            ]
          ]
        ]
      }
    },
    {
      "type": "Feature",
      "properties": {
        "grid": "FN35",
        "field": "FN",
        "square_lon_index": 3,
        "square_lat_index": 5,
        "min_lon": -74,
        "min_lat": 45,
        "max_lon": -72,
        "max_lat": 46
      },
      "geometry": {
        "type": "Polygon",
        "coordinates": [
          [
            [
              -72.0,
              45.0
            ],
            [
              -72.0,
              46.0
            ],
            [
              -74.0,
              46.0
            ],
            [
              -74.0,
              45.0
            ],
            [
              -72.0,
              45.0
            ]
          ]
        ]
      }
    },
    {
      "type": "Feature",
      "properties": {
        "grid": "FN41",
        "field": "FN",
        "square_lon_index": 4,
        "square_lat_index": 1,
        "min_lon": -72,
        "min_lat": 41,
        "max_lon": -70,
        "max_lat": 42
      },
      "geometry": {
        "type": "Polygon",
        "coordinates": [
          [
            [
              -70.0,
              41.0
            ],
            [
              -70.0,
              42.0
            ],
            [
              -72.0,
              42.0
            ],
            [
              -72.0,
              41.0
            ],
            [
              -70.0,
              41.0
            ]
          ]
        ]
      }
    },
    {
      "type": "Feature",
      "properties": {
        "grid": "FN42",
        "field": "FN",
        "square_lon_index": 4,
        "square_lat_index": 2,
        "min_lon": -72,
        "min_lat": 42,
        "max_lon": -70,
        "max_lat": 43
      },
      "geometry": {
        "type": "Polygon",
        "coordinates": [
          [
            [
              -70.0,
              42.0
            ],
            [
              -70.0,
              43.0
            ],
            [
              -72.0,
              43.0
            ],
            [
              -72.0,
              42.0
            ],
            [
              -70.0,
              42.0
            ]
          ]
        ]
      }
    },
    {
      "type": "Feature",
      "properties": {
        "grid": "FN43",
        "field": "FN",
        "square_lon_index": 4,
        "square_lat_index": 3,
        "min_lon": -72,
        "min_lat": 43,
        "max_lon": -70,
        "max_lat": 44
      },
      "geometry": {
        "type": "Polygon",
        "coordinates": [
          [
            [
              -70.0,
              43.0
            ],
            [
              -70.0,
              44.0
            ],
            [
              -72.0,
              44.0
            ],
            [
              -72.0,
              43.0
            ],
            [
              -70.0,
              43.0
            ]
          ]
        ]
      }
    },
    {
      "type": "Feature",
      "properties": {
        "grid": "FN44",
        "field": "FN",
        "square_lon_index": 4,
        "square_lat_index": 4,
        "min_lon": -72,
        "min_lat": 44,
        "max_lon": -70,
        "max_lat": 45
      },
      "geometry": {
        "type": "Polygon",
        "coordinates": [
          [
            [
              -70.0,
              44.0
            ],
            [
              -70.0,
              45.0
            ],
            [
              -72.0,
              45.0
            ],
            [
              -72.0,
              44.0
            ],
            [
              -70.0,
              44.0
            ]
          ]
        ]
      }
    },
    {
      "type": "Feature",
      "properties": {
        "grid": "FN45",
        "field": "FN",
        "square_lon_index": 4,
        "square_lat_index": 5,
        "min_lon": -72,
        "min_lat": 45,
        "max_lon": -70,
        "max_lat": 46
      },
      "geometry": {
        "type": "Polygon",
        "coordinates": [
          [
            [
              -70.0,
              45.0
            ],
            [
              -70.0,
              46.0
            ],
            [
              -72.0,
              46.0
            ],
            [
              -72.0,
              45.0
            ],
            [
              -70.0,
              45.0
            ]
          ]
        ]
      }
    },
    {
      "type": "Feature",
      "properties": {
        "grid": "FN46",
        "field": "FN",
        "square_lon_index": 4,
        "square_lat_index": 6,
        "min_lon": -72,
        "min_lat": 46,
        "max_lon": -70,
        "max_lat": 47
      },
      "geometry": {
        "type": "Polygon",
        "coordinates": [
          [
            [
              -70.0,
              46.0
            ],
            [
              -70.0,
              47.0
            ],
            [
              -72.0,
              47.0
            ],
            [
              -72.0,
              46.0
            ],
            [
              -70.0,
              46.0
            ]
          ]
        ]
      }
    },
    {
      "type": "Feature",
      "properties": {
        "grid": "FN51",
        "field": "FN",
        "square_lon_index": 5,
        "square_lat_index": 1,
        "min_lon": -70,
        "min_lat": 41,
        "max_lon": -68,
        "max_lat": 42
      },
      "geometry": {
        "type": "Polygon",
        "coordinates": [
          [
            [
              -68.0,
              41.0
            ],
            [
              -68.0,
              42.0
            ],
            [
              -70.0,
              42.0
            ],
            [
              -70.0,
              41.0
            ],
            [
              -68.0,
              41.0
            ]
          ]
        ]
      }
    },
    {
      "type": "Feature",
      "properties": {
        "grid": "FN53",
        "field": "FN",
        "square_lon_index": 5,
        "square_lat_index": 3,
        "min_lon": -70,
        "min_lat": 43,
        "max_lon": -68,
        "max_lat": 44
      },
      "geometry": {
        "type": "Polygon",
        "coordinates": [
          [
            [
              -68.0,
              43.0
            ],
            [
              -68.0,
              44.0
            ],
            [
              -70.0,
              44.0
            ],
            [
              -70.0,
              43.0
            ],
            [
              -68.0,
              43.0
            ]
          ]
        ]
      }
    },
    {
      "type": "Feature",
      "properties": {
        "grid": "FN54",
        "field": "FN",
        "square_lon_index": 5,
        "square_lat_index": 4,
        "min_lon": -70,
        "min_lat": 44,
        "max_lon": -68,
        "max_lat": 45
      },
      "geometry": {
        "type": "Polygon",
        "coordinates": [
          [
            [
              -68.0,
              44.0
            ],
            [
              -68.0,
              45.0
            ],
            [
              -70.0,
              45.0
            ],
            [
              -70.0,
              44.0
            ],
            [
              -68.0,
              44.0
            ]
          ]
        ]
      }
    },
    {
      "type": "Feature",
      "properties": {
        "grid": "FN55",
        "field": "FN",
        "square_lon_index": 5,
        "square_lat_index": 5,
        "min_lon": -70,
        "min_lat": 45,
        "max_lon": -68,
        "max_lat": 46
      },
      "geometry": {
        "type": "Polygon",
        "coordinates": [
          [
            [
              -68.0,
              45.0
            ],
            [
              -68.0,
              46.0
            ],
            [
              -70.0,
              46.0
            ],
            [
              -70.0,
              45.0
            ],
            [
              -68.0,
              45.0
            ]
          ]
        ]
      }
    },
    {
      "type": "Feature",
      "properties": {
        "grid": "FN56",
        "field": "FN",
        "square_lon_index": 5,
        "square_lat_index": 6,
        "min_lon": -70,
        "min_lat": 46,
        "max_lon": -68,
        "max_lat": 47
      },
      "geometry": {
        "type": "Polygon",
        "coordinates": [
          [
            [
              -68.0,
              46.0
            ],
            [
              -68.0,
              47.0
            ],
            [
              -70.0,
              47.0
            ],
            [
              -70.0,
              46.0
            ],
            [
              -68.0,
              46.0
            ]
          ]
        ]
      }
    },
    {
      "type": "Feature",
      "properties": {
        "grid": "FN57",
        "field": "FN",
        "square_lon_index": 5,
        "square_lat_index": 7,
        "min_lon": -70,
        "min_lat": 47,
        "max_lon": -68,
        "max_lat": 48
      },
      "geometry": {
        "type": "Polygon",
        "coordinates": [
          [
            [
              -68.0,
              47.0
            ],
            [
              -68.0,
              48.0
            ],
            [
              -70.0,
              48.0
            ],
            [
              -70.0,
              47.0
            ],
            [
              -68.0,
              47.0
            ]
          ]
        ]
      }
    },
    {
      "type": "Feature",
      "properties": {
        "grid": "FN64",
        "field": "FN",
        "square_lon_index": 6,
        "square_lat_index": 4,
        "min_lon": -68,
        "min_lat": 44,
        "max_lon": -66,
        "max_lat": 45
      },
      "geometry": {
        "type": "Polygon",
        "coordinates": [
          [
            [
              -66.0,
              44.0
            ],
            [
              -66.0,
              45.0
            ],
            [
              -68.0,
              45.0
            ],
            [
              -68.0,
              44.0
            ],
            [
              -66.0,
              44.0
            ]
          ]
        ]
      }
    },
    {
      "type": "Feature",
      "properties": {
        "grid": "FN65",
        "field": "FN",
        "square_lon_index": 6,
        "square_lat_index": 5,
        "min_lon": -68,
        "min_lat": 45,
        "max_lon": -66,
        "max_lat": 46
      },
      "geometry": {
        "type": "Polygon",
        "coordinates": [
          [
            [
              -66.0,
              45.0
            ],
            [
              -66.0,
              46.0
            ],
            [
              -68.0,
              46.0
            ],
            [
              -68.0,
              45.0
            ],
            [
              -66.0,
              45.0
            ]
          ]
        ]
      }
    },
    {
      "type": "Feature",
      "properties": {
        "grid": "FN66",
        "field": "FN",
        "square_lon_index": 6,
        "square_lat_index": 6,
        "min_lon": -68,
        "min_lat": 46,
        "max_lon": -66,
        "max_lat": 47
      },
      "geometry": {
        "type": "Polygon",
        "coordinates": [
          [
            [
              -66.0,
              46.0
            ],
            [
              -66.0,
              47.0
            ],
            [
              -68.0,
              47.0
            ],
            [
              -68.0,
              46.0
            ],
            [
              -66.0,
              46.0
            ]
          ]
        ]
      }
    },
    {
      "type": "Feature",
      "properties": {
        "grid": "FN67",
        "field": "FN",
        "square_lon_index": 6,
        "square_lat_index": 7,
        "min_lon": -68,
        "min_lat": 47,
        "max_lon": -66,
        "max_lat": 48
      },
      "geometry": {
        "type": "Polygon",
        "coordinates": [
          [
            [
              -66.0,
              47.0
            ],
            [
              -66.0,
              48.0
            ],
            [
              -68.0,
              48.0
            ],
            [
              -68.0,
              47.0
            ],
            [
              -66.0,
              47.0
            ]
          ]
        ]
      }
    }
  ]
}