{"type": "FeatureCollection", "features": [{"type": "Feature", "properties": {"OBJECTID": 69, "GMU_Num": 466, "GMU_Name": "Stampede", "WDFWReg_Num": 4, "LndH2O_Ind": 1, "Label_Ind": 1, "EastWest_Ind": 2, "In_Effect_Desc": "April 1 2025 to March 31 2026", "ShapeSTArea": 2578106768.819169, "ShapeSTLength": 300755.27806399966}, "geometry": {"type": "Polygon", "coordinates": [[[-121.29843754706297, 47.148228666327725], [-121.29927186510153, 47.14950680003534], [-121.29979660283749, 47.15057028152394], [-121.29990246647567, 47.1512361778076], [-121.30050123141136, 47.15214097633333], [-121.30060224406263, 47.15214302242804], [-121.3011684991479, 47.15302422361265], [-121.30167628466812, 47.15372107065907], [-121.30201686656481, 47.1543918722539], [-121.30246399366864, 47.154927192942274], [-121.30317280957962, 47.155628313272054], [-121.30365665558986, 47.15609586862979], [-121.30417602285331, 47.157296467895954], [-121.30440482278863, 47.15821667421296], [-121.30437372818147, 47.158925667113635], [-121.30462050899675, 47.159434124176144], [-121.30488483500538, 47.16030917346637], [-121.30548427124667, 47.16121393363147], [-121.30564617421126, 47.16135452395645], [-121.30622991484125, 47.1618470809306], [-121.30701823647895, 47.16227497945556], [-121.30844327123425, 47.16273867452033], [-121.30930494684574, 47.16303066046538], [-121.31039906610026, 47.16337310724918], [-121.31119225051263, 47.16368663065369], [-121.31174353979904, 47.1641555570598], [-121.31209443595615, 47.16459746179033], [-121.31279343609947, 47.16552718719384], [-121.31279043602082, 47.165595759016924], [-121.31340382845826, 47.166180267325636], [-121.31364178044397, 47.166894566442494], [-121.3139489200849, 47.16756451418609], [-121.31438664341313, 47.16832865472739], [-121.31471259070744, 47.16934222865352], [-121.31535259796972, 47.170087621706074], [-121.31537824676873, 47.17104950042997], [-121.31545036782373, 47.17249277290635], [-121.31511513087365, 47.17401963765065], [-121.31510801262047, 47.174179735054494], [-121.31514441095908, 47.17488997572388], [-121.31476499848061, 47.17588932014777], [-121.3144684898306, 47.17652428233358], [-121.31392591010494, 47.177406023983565], [-121.31372632155528, 47.17813436212003], [-121.31320642376578, 47.1784901851024], [-121.31313722927298, 47.17853454777312], [-121.31240606626038, 47.17911496904511], [-121.31188797784888, 47.17942501141074], [-121.31119946197826, 47.179800166016115], [-121.31037019111172, 47.18030980765305], [-121.30948365730765, 47.180589516894294], [-121.30941678556319, 47.18058828192597], [-121.30869934913603, 47.18084846510921], [-121.30821854764427, 47.18106757913362], [-121.30829868657682, 47.18154976802788], [-121.30824523169287, 47.18200648804377], [-121.30745257992336, 47.182448334509424], [-121.3066828037027, 47.18314227388703], [-121.30630981727724, 47.18398165225385], [-121.30622798314096, 47.184323232148046], [-121.30593499308013, 47.18486663527706], [-121.30574540923327, 47.1853664622867], [-121.30548494079662, 47.18593344349621], [-121.30529235668216, 47.186501665152164], [-121.30508062976376, 47.187504451696746], [-121.30507763430823, 47.187573012778614], [-121.30480218252902, 47.18848300052074], [-121.30468618710238, 47.18960214247051], [-121.30468369650394, 47.18967088438483], [-121.30488378391972, 47.19047595090105], [-121.30508736631494, 47.19121244161993], [-121.305146429014, 47.19139675701711], [-121.30542825159797, 47.19188319709332], [-121.30542523131122, 47.191951760949], [-121.30573542636321, 47.19255316070539], [-121.3063213327928, 47.192999765736644], [-121.30697464097078, 47.193447794030405], [-121.30748903478609, 47.193984691224735], [-121.30783410835348, 47.194563882628465], [-121.30808289187352, 47.195026558981354], [-121.30818961928196, 47.195669646644326], [-121.30802656204003, 47.19633003124093], [-121.30758466971866, 47.196435599957326], [-121.30704464757322, 47.196470556003476], [-121.3065930934012, 47.19680478667655], [-121.30701170951946, 47.19722513619169], [-121.3069859398337, 47.197819791379814], [-121.30672712250932, 47.198363801589416], [-121.30731191584424, 47.19883337552512], [-121.30737933948078, 47.19883478702153], [-121.30784595932278, 47.19893571823963], [-121.30847646440331, 47.19913148015172], [-121.30917506071445, 47.199305836154046], [-121.30997770056767, 47.19941348804392], [-121.3098561734601, 47.1998917741831], [-121.30919758663534, 47.20033628437672], [-121.30848966798565, 47.201145973996034], [-121.30925464257699, 47.20212272109504], [-121.30906203904532, 47.202690949307076], [-121.30899463556337, 47.202689535919326], [-121.30840638882843, 47.20306688755222], [-121.3080067424298, 47.203745370915044], [-121.30852837222962, 47.2041221528609], [-121.30859578827074, 47.2041235808371], [-121.30905766449331, 47.20433884071786], [-121.3098846325656, 47.204652996468305], [-121.3105464218842, 47.20491808645247], [-121.31394311733916, 47.20571884728049], [-121.3148918602355, 47.20633303583825], [-121.31553256989574, 47.20630024730163], [-121.31629503979204, 47.20656734058397], [-121.3161760293365, 47.2069768840854], [-121.31605752004533, 47.20738643015379], [-121.31597635243986, 47.20770523188771], [-121.3155423872774, 47.20840609804994], [-121.31553708071264, 47.20852042303256], [-121.3154710820318, 47.20927439585283], [-121.31679474109077, 47.210559722846845], [-121.31710695933427, 47.21111531418402], [-121.31789608880547, 47.2115431273999], [-121.31825576700021, 47.21177929386309], [-121.31885326507957, 47.21197437390205], [-121.31962721932422, 47.21196700719236], [-121.32029097374364, 47.212186277366115], [-121.3210523782313, 47.21247630907301], [-121.32213566026229, 47.21309307301555], [-121.32263436672352, 47.21324033487466], [-121.32338637023615, 47.21373605806977], [-121.324005722799, 47.21420632959443], [-121.32461745520455, 47.21483654245171], [-121.32576759650993, 47.21547747278128], [-121.32646694474347, 47.215651733402254], [-121.32739829971318, 47.21589920169386], [-121.32896340607803, 47.216273745207296], [-121.32958578529126, 47.216675251077554], [-121.32972015060257, 47.21667806173777], [-121.33001661270315, 47.216821250489204], [-121.33008404899498, 47.216822652422024], [-121.33015146421025, 47.21682388625012], [-121.33095805964493, 47.216840034004065], [-121.33219711742116, 47.21697917931607], [-121.3324663158925, 47.21698462285022], [-121.3326098867387, 47.21700317003601], [-121.33330301961142, 47.21709271872216], [-121.3339214929101, 47.21678477968384], [-121.33421319520387, 47.21626411973253], [-121.33420021108985, 47.21578318617776], [-121.33442745684378, 47.21519274004197], [-121.33481502813584, 47.21478842553986], [-121.335530978398, 47.21457384810005], [-121.33563162117562, 47.21457585987704], [-121.33625168025802, 47.214244762475566], [-121.33617241734252, 47.21373980984236], [-121.33620793049198, 47.21369465197057], [-121.33620928003904, 47.2136924652962], [-121.33638895144665, 47.21340064751608], [-121.33696052143978, 47.213412097470126], [-121.33812504741306, 47.21370991207855], [-121.33929125115102, 47.213984894619735], [-121.34010313401042, 47.21466481794734], [-121.34109130817971, 47.215165053041396], [-121.34174698175967, 47.21556728413217], [-121.34219976105003, 47.21598811086165], [-121.34229678613772, 47.21608165321032], [-121.34283710366105, 47.216824700035176], [-121.34331885533959, 47.21736082603038], [-121.34362779142675, 47.2180077213662], [-121.3441941908029, 47.21813348104891], [-121.34609903979704, 47.21844585532327], [-121.3470601513275, 47.218785317771555], [-121.34785909381493, 47.21898424769171], [-121.34925801980498, 47.21933248119528], [-121.34939121749129, 47.21935789427277], [-121.35005287991522, 47.21962277408625], [-121.35128619738093, 47.2198990220414], [-121.35201710785492, 47.220119515540354], [-121.35312016610239, 47.220301433374225], [-121.3542139265004, 47.22068920614411], [-121.35500411554845, 47.22109397178488], [-121.35565346103716, 47.22165605919986], [-121.3564803236275, 47.221992834201195], [-121.35668214052437, 47.221996835506964], [-121.35754743052392, 47.22221989089862], [-121.35875233782748, 47.22238094175339], [-121.36088254326249, 47.22292651202023], [-121.36173962129364, 47.223355401312034], [-121.36256363350758, 47.22376070770372], [-121.36290541507344, 47.22443113117621], [-121.36301055464072, 47.225119744440285], [-121.36261077660323, 47.225821384827405], [-121.36254334407829, 47.2258201699449], [-121.36207142842741, 47.22663476204602], [-121.36174033062434, 47.227292020709235], [-121.36126904126695, 47.2280838122404], [-121.36079706527336, 47.22889839772012], [-121.36072605217639, 47.228988559869464], [-121.36061764234671, 47.229947650368786], [-121.36049471922257, 47.23047173251877], [-121.3604924333178, 47.230517499890446], [-121.36072771382564, 47.23132304988426], [-121.36101850286003, 47.231603489832594], [-121.36170174296925, 47.23216629081472], [-121.36169185042368, 47.23239497950548], [-121.3617655428811, 47.233037214641605], [-121.36204106258457, 47.233683438191655], [-121.36187628583458, 47.234389839082], [-121.36175399463717, 47.23489077513675], [-121.36165333813716, 47.23488879939032], [-121.36079875208549, 47.23519247302527], [-121.3597328954632, 47.23572083008381], [-121.35875416789428, 47.23657121709632], [-121.35881168035313, 47.236801279876666], [-121.35866329385571, 47.23711872258518], [-121.35876152694023, 47.237189282699866], [-121.35890913810698, 47.237672810230045], [-121.35942089453309, 47.23830083284359], [-121.35941910142003, 47.23834660359036], [-121.35970522884107, 47.23874135352455], [-121.35985693367722, 47.23913334161138], [-121.35985107448977, 47.239270648401295], [-121.35988516965021, 47.24004942912177], [-121.35996292940315, 47.24060030288399], [-121.35988960715643, 47.24073622235695], [-121.35974350313813, 47.24100789790209], [-121.359640523034, 47.24105168507517], [-121.35953692178296, 47.24111824436676], [-121.35898820174859, 47.2413593161307], [-121.35892075245131, 47.24135793450833], [-121.35803639872, 47.24156943488156], [-121.35746456812498, 47.24158315382762], [-121.35699154818785, 47.24159449626609], [-121.35692458454646, 47.24159326730708], [-121.35594604519923, 47.24164249154007], [-121.35501297343274, 47.24141821660353], [-121.35386745010045, 47.24144123316643], [-121.35370222230394, 47.2413694573033], [-121.35329994692725, 47.24159336808983], [-121.35108124987761, 47.24282822407184], [-121.35067826777797, 47.243598389175595], [-121.35067123583308, 47.243758491049235], [-121.35050015705363, 47.24382367018375], [-121.35023132425353, 47.243818271250035], [-121.34971396884845, 47.24410568262496], [-121.34888523065153, 47.24459277892482], [-121.3487840437437, 47.24459078136491], [-121.3477753474221, 47.24534891814982], [-121.34747278380189, 47.24534291767069], [-121.34679960699387, 47.24534200763043], [-121.34622711730648, 47.24534121896672], [-121.34537932303768, 47.24548450433642], [-121.34430771387493, 47.245348906027345], [-121.3442407380442, 47.24534750967441], [-121.34313720081173, 47.2451655089027], [-121.34198978953286, 47.245234175597], [-121.3418885964043, 47.24523217295162], [-121.34074888966573, 47.24511810052792], [-121.3400623489729, 47.245334640712095], [-121.3399981674592, 47.24535488540267], [-121.33993071506835, 47.24535349990946], [-121.3393566157931, 47.245342156179156], [-121.33925811162808, 47.24534020731073], [-121.33925666636752, 47.24537367818583], [-121.33925515672678, 47.24540877770469], [-121.33873477146452, 47.2457646958585], [-121.3382143873739, 47.24612045144908], [-121.33821078810125, 47.246211981946644], [-121.33788224625488, 47.246800426212204], [-121.33753470550329, 47.24862455198307], [-121.33736070230653, 47.24953661112709], [-121.33738790466515, 47.25047548617642], [-121.33705757124217, 47.25188802235004], [-121.33716471481891, 47.2525308892077], [-121.33683663416677, 47.253119499916664], [-121.33605385346749, 47.253309888352476], [-121.33598638954405, 47.25330847988893], [-121.33542559689432, 47.253823883906925], [-121.3345557687665, 47.25447020472631], [-121.33435137321922, 47.25453473580481], [-121.3338504323497, 47.25521146347155], [-121.33290173534114, 47.25613097097397], [-121.33198260297303, 47.257142450883606], [-121.33180075536725, 47.257459406418334], [-121.33177224752424, 47.258122446580785], [-121.33180006313842, 47.25826035782168], [-121.33191491449628, 47.258720328123715], [-121.3320682728553, 47.25906675070081], [-121.3323472079596, 47.25962167936924], [-121.33293045176816, 47.2601596756021], [-121.33299791887846, 47.26016108228187], [-121.33339766185148, 47.26026050771854], [-121.33346398718194, 47.26028471038648], [-121.33399046620477, 47.26056983606803], [-121.33596779743255, 47.263927831062176], [-121.33633089490506, 47.26409537658362], [-121.33648843855156, 47.26512840583089], [-121.33677862830226, 47.265431692197716], [-121.33684264332292, 47.26550165296034], [-121.33764690831038, 47.26638726896141], [-121.3377748529316, 47.2673283295886], [-121.33787263146218, 47.2673989056003], [-121.33885581958678, 47.26803645418155], [-121.33845244916745, 47.2688065722278], [-121.33838201364391, 47.268873732191885], [-121.33815342843663, 47.26948715580994], [-121.33818535609399, 47.26953352810387], [-121.33866638395051, 47.270092469010585], [-121.33896193663274, 47.27105955742168], [-121.33887793180251, 47.27222508446032], [-121.33850479841108, 47.273064556064284], [-121.33840230136593, 47.273886464254375], [-121.33861437081931, 47.274439967701596], [-121.33861257848436, 47.27448573105578], [-121.33874055655316, 47.27542660959499], [-121.33884252771352, 47.276183979168245], [-121.33993437850235, 47.27664045532811], [-121.34019793559344, 47.27678301296738], [-121.3409882050444, 47.27721065193591], [-121.34105159759963, 47.2773035798426], [-121.34179399856339, 47.27805063291436], [-121.3431684999787, 47.27899341614618], [-121.3432312323021, 47.27910898173265], [-121.34469358441, 47.28035115549605], [-121.34644256129359, 47.28120959139522], [-121.34651006446717, 47.28121099012792], [-121.34804279908788, 47.28160745200149], [-121.34942582428133, 47.282344450916796], [-121.35073649941346, 47.283217189612586], [-121.35233862557382, 47.28356921990976], [-121.35384404383511, 47.28377394921869], [-121.35391288667712, 47.283783306367894], [-121.35418881441245, 47.2837422164021], [-121.35499769016914, 47.283621759025586], [-121.35516775601253, 47.28357921669771], [-121.35678571446107, 47.28356537304158], [-121.357831403597, 47.28354033444263], [-121.35826398667086, 47.283663244255926], [-121.35945153314375, 47.28425884154509], [-121.35954464396676, 47.28444373504151], [-121.36025008012535, 47.28528160144081], [-121.36024827806574, 47.2853271969289], [-121.36048916916793, 47.28599578337625], [-121.3604592317807, 47.286704588496455], [-121.36045042407736, 47.286910449275666], [-121.36076761628189, 47.28737438306504], [-121.36086546150695, 47.287444935527354], [-121.3611559122455, 47.28774831921158], [-121.36181082066265, 47.288196014755385], [-121.36194242604425, 47.28826716267353], [-121.36243848146384, 47.28848300703607], [-121.36316743942353, 47.2887719735926], [-121.36389350055448, 47.2891295052435], [-121.36501483345421, 47.28970086664852], [-121.36534314302783, 47.28991329334858], [-121.36610944951445, 47.290111323002165], [-121.36748306806861, 47.29029862840752], [-121.36761580916712, 47.29034699062644], [-121.36879436333282, 47.29037003358803], [-121.36872976800008, 47.29030009137248], [-121.36984548987608, 47.29020758608265], [-121.3705477058714, 47.29033580211364], [-121.37148170117051, 47.29056012303642], [-121.37158246663205, 47.29056210365985], [-121.37258981441788, 47.29065049867399], [-121.37310692418043, 47.291164103582574], [-121.37332238000157, 47.29142888578397], [-121.37352324470187, 47.29167574096366], [-121.37359077447238, 47.2916769313232], [-121.3739948805703, 47.2916848633354], [-121.3745876838152, 47.29121581737641], [-121.3753820249202, 47.29075075079164], [-121.37545535917589, 47.29061499246164], [-121.37581345037096, 47.290118423293876], [-121.37618675797624, 47.28925604536217], [-121.37692163129462, 47.28860666862651], [-121.37701419295436, 47.28801340919543], [-121.3774433096384, 47.28742666350394], [-121.37764890230608, 47.28733925897283], [-121.37830040947853, 47.28707728104998], [-121.37861081089761, 47.286900307166476], [-121.37906029361079, 47.286594144210845], [-121.37916622442857, 47.28652200578764], [-121.37926698392836, 47.286523980624274], [-121.38007979327449, 47.28642546860018], [-121.38024808799673, 47.28642879994735], [-121.3819325368912, 47.28643861245062], [-121.38203330172693, 47.28644059113854], [-121.38343773223832, 47.28669686149883], [-121.38467741030634, 47.28685842599939], [-121.38481598415548, 47.28676947005427], [-121.3852235791992, 47.286685979042126], [-121.38575978112063, 47.28676499302788], [-121.38615176716671, 47.28704732219296], [-121.38672601760115, 47.28781371811105], [-121.38678774226989, 47.28795222709559], [-121.3868693560512, 47.288411538636474], [-121.38709659505682, 47.28942288957067], [-121.3870617051718, 47.2894452617691], [-121.38705704285006, 47.28955959614706], [-121.38750032519062, 47.2902318837085], [-121.38743330291253, 47.29023051856937], [-121.38810953299945, 47.29097608020595], [-121.38821029985351, 47.290978046376246], [-121.38897784593361, 47.29115312179558], [-121.39018792626602, 47.29122248788674], [-121.39150391266382, 47.29117929825531], [-121.3916704400033, 47.291228397838516], [-121.39250730048569, 47.291359041032244], [-121.39313566595287, 47.29164585655765], [-121.39368268090988, 47.29225152484454], [-121.39413298234244, 47.29276367406305], [-121.39412948997813, 47.292855211716756], [-121.39435035122357, 47.29320275479531], [-121.39490481782252, 47.2936484653686], [-121.39497185118815, 47.29364966871641], [-121.39560717156793, 47.29377636096163], [-121.39681442501734, 47.293914228431476], [-121.39701825043944, 47.293872384690886], [-121.39735319054104, 47.29383896192972], [-121.39759356826309, 47.29381497788611], [-121.39854101413142, 47.29371886956412], [-121.39873011102598, 47.29321890851611], [-121.39883603573287, 47.293106533964846], [-121.39906292780206, 47.292515960267316], [-121.39969038016773, 47.29202459855193], [-121.40058467997856, 47.29158409113682], [-121.40120873622983, 47.29116129918549], [-121.40180243321313, 47.290669321658875], [-121.40207838516253, 47.29051449066936], [-121.40208188370566, 47.29042295613627], [-121.40237447648566, 47.289879341322795], [-121.40292924449983, 47.2895009377022], [-121.40286172174574, 47.2894997428039], [-121.40306342113867, 47.289302654290985], [-121.4034588772501, 47.28891621739806], [-121.40419893485088, 47.288953298572835], [-121.40425956583286, 47.28911475971498], [-121.40435109358945, 47.28934539179514], [-121.40427382521085, 47.289572707106366], [-121.40413642177755, 47.28963872195195], [-121.40415580865279, 47.28998249492262], [-121.40440125366386, 47.290559274965055], [-121.40428959985299, 47.29080896367474], [-121.40466496541012, 47.291502798361606], [-121.40559624146043, 47.29179540710973], [-121.40573127454238, 47.29179796113663], [-121.40626481114357, 47.29192264938329], [-121.40662481294709, 47.2921813338448], [-121.40745308077165, 47.292517749214625], [-121.40760702337154, 47.2928640734188], [-121.40794692815682, 47.29360288650226], [-121.40829654153285, 47.29491416355776], [-121.40849729044334, 47.29576478515382], [-121.40913550237005, 47.29662395484296], [-121.40944457640525, 47.29729360979827], [-121.41016529398632, 47.29778816670662], [-121.41079619306218, 47.29800616152117], [-121.41115450641594, 47.29831059458182], [-121.41164401097706, 47.298686316894305], [-121.41253072505353, 47.29925254399819], [-121.41256419468816, 47.29925318910465], [-121.41343987771835, 47.2992700646925], [-121.41419847961372, 47.29884972228847], [-121.41519294690576, 47.29843403123528], [-121.41543911441042, 47.298187035961874], [-121.41632641854207, 47.2979294884799], [-121.41660012226362, 47.29782023055422], [-121.41698993576507, 47.29737006449412], [-121.4172590299003, 47.29737513306917], [-121.41784181686346, 47.29713455504397], [-121.41794283210452, 47.297105445952276], [-121.41866044402202, 47.29689860650895], [-121.41872798046468, 47.2968997957679], [-121.41933197834335, 47.29695720922783], [-121.41922323333827, 47.297138169766825], [-121.41841948443759, 47.297832218996454], [-121.41827349904187, 47.29810412802623], [-121.41754186985916, 47.29868519331746], [-121.41747432184744, 47.29868384332478], [-121.41664074010215, 47.29928574836204], [-121.4166001431788, 47.299445261242596], [-121.41626579678041, 47.30019402099642], [-121.41610836422417, 47.30074019964263], [-121.41593143053449, 47.30094278324654], [-121.41536581678801, 47.30157271800849], [-121.41526502772547, 47.30157077546036], [-121.41460205987211, 47.30210740662351], [-121.41459745898067, 47.30222173430706], [-121.4140237407016, 47.303057552153014], [-121.4138410969818, 47.3041983858976], [-121.41382679576083, 47.30454137964068], [-121.41448172420168, 47.30501157729736], [-121.4144794811277, 47.305057341715845], [-121.4152198101833, 47.30589547378268], [-121.41600537303904, 47.30645992295755], [-121.41752904757026, 47.307107084495385], [-121.41858552458835, 47.30763079856555], [-121.41865306292011, 47.30763215886668], [-121.42166516352391, 47.30977238700004], [-121.42363445066556, 47.31024491779657], [-121.42462861772682, 47.31065307128716], [-121.4248662409588, 47.31061174269289], [-121.42630415194856, 47.310891081152114], [-121.4277931654678, 47.31156033685904], [-121.42862014550482, 47.31194219426609], [-121.4287571982883, 47.31270007125201], [-121.4287509033236, 47.31286016309852], [-121.42923684619383, 47.31415109140576], [-121.42954117701994, 47.31493502271533], [-121.42960416010776, 47.31505070428499], [-121.430012683076, 47.31576784255453], [-121.42987128233376, 47.315925429348425], [-121.43093392953848, 47.31713580474799], [-121.43173035746686, 47.31824942712292], [-121.43199694508938, 47.319147106027664], [-121.43250999333158, 47.3205987124463], [-121.43243786346281, 47.32071169774928], [-121.43247528625683, 47.32144482877381], [-121.43266670502166, 47.3217001607739], [-121.43371561419332, 47.32242960198356], [-121.43402057224986, 47.323213529193524], [-121.43415063953601, 47.32333054609898], [-121.43533284106483, 47.32490920629272], [-121.43615126269259, 47.32569054149176], [-121.4368249517563, 47.326333686416945], [-121.43729559357271, 47.326601749568674], [-121.43729712756736, 47.326586419979705], [-121.43730635820009, 47.32652829063833], [-121.43730802550223, 47.32651778774856], [-121.43731489148858, 47.326449188092624], [-121.4373158594976, 47.32642577450245], [-121.43731772554183, 47.326380621012554], [-121.43732046958546, 47.326314246812295], [-121.4373205595878, 47.32631205393054], [-121.43731936170565, 47.32624351852539], [-121.43731745535413, 47.32621854408599], [-121.4373141319423, 47.32617501659579], [-121.43730890219221, 47.32610651466415], [-121.43730367245549, 47.326038012730294], [-121.43730296551021, 47.32599756477597], [-121.43730247461677, 47.32596947821686], [-121.43730003980507, 47.325937580763195], [-121.43729724490164, 47.32590097627897], [-121.43729604707418, 47.32583244176165], [-121.43729888110322, 47.325763873765666], [-121.43730574700474, 47.32569527408945], [-121.43732072452045, 47.3256293506357], [-121.43733968593834, 47.32556065321847], [-121.437366711005, 47.325491890636805], [-121.43740184760738, 47.325425804266274], [-121.437445143641, 47.325365135480894], [-121.43750058298741, 47.32530710940683], [-121.43756014991186, 47.325254534380434], [-121.43762782830247, 47.32520463552603], [-121.43769958764601, 47.3251574454104], [-121.43777537736025, 47.32511022266625], [-121.43785529463905, 47.32506845003759], [-121.4379351638483, 47.32502393597186], [-121.43801100111523, 47.324979454452624], [-121.43809087006278, 47.324934940278126], [-121.43816262729953, 47.32488774898224], [-121.43823841622492, 47.324840525930455], [-121.43831420501691, 47.32479330282821], [-121.4383899949981, 47.3247460796649], [-121.43846175173474, 47.32469888907986], [-121.43853350834507, 47.32465169844956], [-121.4386011370906, 47.32459905763367], [-121.43866065416822, 47.32454374064557], [-121.43871613935062, 47.324488456252524], [-121.43876351287963, 47.324430494807764], [-121.43881083833287, 47.32436979285993], [-121.43885816367894, 47.32430909089136], [-121.43890548891787, 47.324248388901985], [-121.43894873430403, 47.32418497814488], [-121.43899202890886, 47.324124308741254], [-121.43903124235256, 47.3240609305865], [-121.43907045570357, 47.32399755241687], [-121.43911370067663, 47.3239341406925], [-121.43915291383752, 47.32387076249179], [-121.43919212690572, 47.3238073842762], [-121.43922730816509, 47.323744038690336], [-121.43926652105272, 47.323680660446385], [-121.43930573384765, 47.323617282187556], [-121.43934494654992, 47.32355390391389], [-121.43938415914377, 47.32349052472588], [-121.43941929194911, 47.32342443769128], [-121.4394585043762, 47.32336105937429], [-121.43949368502818, 47.323297713696306], [-121.43952483391944, 47.32323440066097], [-121.43955996638364, 47.323168313576936], [-121.43959106709362, 47.32310225913773], [-121.43962624872621, 47.32303891250286], [-121.43965734927947, 47.32297285804244], [-121.43968441810327, 47.322906836232455], [-121.43971556654233, 47.322843523136], [-121.43974666687231, 47.32277746864648], [-121.43977776712568, 47.322711414146895], [-121.43981289893561, 47.32264532697238], [-121.43984399901507, 47.32257927155214], [-121.43987106741041, 47.32251324968817], [-121.43989808769614, 47.322444486432765], [-121.43992515595686, 47.32237846455264], [-121.43994416093477, 47.322312508003606], [-121.43995908621692, 47.322243842736185], [-121.43996949424321, 47.322181166272756], [-121.4399700278938, 47.32217795061964], [-121.43997185910135, 47.32213358706204], [-121.43997285832693, 47.32210938335721], [-121.43997170521163, 47.322043590147096], [-121.4399705040529, 47.321975055551356], [-121.43996989130544, 47.32194009391281], [-121.43996930289721, 47.321906520953775], [-121.43996407017218, 47.321838019024476], [-121.43995724816928, 47.32178760336816], [-121.43995480589324, 47.32176954976299], [-121.4399455416222, 47.32170107959947], [-121.4399362773906, 47.321632610332706], [-121.4399354186458, 47.321626258499634], [-121.4399270131826, 47.32156414106338], [-121.43991371745163, 47.321495704459856], [-121.43990042175454, 47.321427267853], [-121.43988712609135, 47.321358831242684], [-121.43987383046212, 47.321290394629024], [-121.43986496219753, 47.32125538203539], [-121.43985650332488, 47.32122198977899], [-121.43984320776863, 47.321153553158034], [-121.43983723322324, 47.32112280068616], [-121.43982991224635, 47.321085116533716], [-121.43981666479553, 47.32101942129092], [-121.43980336934032, 47.320950984659845], [-121.43979007391908, 47.320882548025395], [-121.439776778516, 47.320814110488094], [-121.43977130419543, 47.32078593111639], [-121.43976348316257, 47.32074567384683], [-121.4397501878431, 47.3206772372022], [-121.43973688199199, 47.32060880153924], [-121.4397236453383, 47.32054310528818], [-121.43971907489255, 47.32052506081613], [-121.43970631864981, 47.320474701294735], [-121.43969302347047, 47.32040626463605], [-121.43969220049871, 47.32040202730938], [-121.43967972830924, 47.320337827074596], [-121.43966244977204, 47.32027216445483], [-121.43966123329169, 47.32026736271061], [-121.43964512324911, 47.32020376044477], [-121.43962779677037, 47.320135356430235], [-121.43962137468466, 47.32010230116074], [-121.4396145017753, 47.320066919753316], [-121.43959722340524, 47.32000125711667], [-121.43957989703719, 47.31993285219006], [-121.43956257072914, 47.31986444815839], [-121.43954581806994, 47.31982108606211], [-121.43953722832644, 47.31979885083038], [-121.43951188730843, 47.31973325348438], [-121.43948251494275, 47.31966768878467], [-121.43945314264894, 47.3196021240758], [-121.43942377042688, 47.319536559357765], [-121.4394182418232, 47.319524219369065], [-121.43939439826096, 47.31947099373118], [-121.43936502618249, 47.3194054289948], [-121.43933547627083, 47.31934745594747], [-121.4393316227909, 47.31933989689756], [-121.43932790171202, 47.319331589263534], [-121.43930225086105, 47.31927433214186], [-121.4392688476277, 47.31920880002315], [-121.43923947584635, 47.31914323524813], [-121.43921523512199, 47.31909760124316], [-121.43920612077606, 47.31908044449522], [-121.43919747830508, 47.31906115113324], [-121.43917674912586, 47.31901487880155], [-121.43914334620752, 47.31894934663987], [-121.43912552424345, 47.31891438307336], [-121.43910994337078, 47.31888381446683], [-121.4390788036278, 47.31882272204534], [-121.43907654061559, 47.31881828228253], [-121.43903517125116, 47.31875829813844], [-121.43898170796808, 47.31869841188704], [-121.43893227613705, 47.31863849297529], [-121.43887881307262, 47.31857860577414], [-121.4388217114698, 47.31852183789496], [-121.43882136548153, 47.318521493475735], [-121.43882093435843, 47.31852097073856], [-121.43877193399261, 47.31846157449141], [-121.43871847129927, 47.31840168811156], [-121.43866902688836, 47.318341773684544], [-121.43862762352013, 47.31827904339119], [-121.43859028637483, 47.318219026451764], [-121.4385568846685, 47.318153494100315], [-121.43853180366074, 47.31809750232211], [-121.43852751431959, 47.318087928218006], [-121.43852363973355, 47.31807552262553], [-121.43850615866326, 47.3180195565983], [-121.43848475509463, 47.31794844358388], [-121.43847254052277, 47.31790021229949], [-121.43846743082419, 47.31788003933442], [-121.43846457500698, 47.317858194790304], [-121.43845812117405, 47.317808828455966], [-121.43845424682068, 47.3177791967975], [-121.43844881154865, 47.31773761757467], [-121.43845074985231, 47.31769069303313], [-121.43845164367642, 47.317669049328174], [-121.43845221048439, 47.3176560833676], [-121.43845452377748, 47.317603223368444], [-121.43846954558744, 47.317540040942056], [-121.43850889873758, 47.3174848869651], [-121.43858064565579, 47.3174376961693], [-121.438672644594, 47.31739582498225], [-121.43876464338861, 47.31735395372147], [-121.43884454834087, 47.317312180281576], [-121.43892042326145, 47.3172704394093], [-121.43900032795223, 47.31722866496132], [-121.4390842637576, 47.3171868587174], [-121.439164168212, 47.31714508505454], [-121.43924407254195, 47.31710331133594], [-121.43932397674737, 47.31706153756164], [-121.43940796005214, 47.31702247247026], [-121.43948786400952, 47.31698069858165], [-121.43956776916505, 47.31693892462663], [-121.43964767287358, 47.316897150626595], [-121.43972757645764, 47.31685537657076], [-121.4398074799172, 47.31681360245921], [-121.4398873832366, 47.31677182739251], [-121.43996320721757, 47.31672734445013], [-121.44003903107277, 47.31668286145736], [-121.44011485480218, 47.31663837841424], [-121.44019063167578, 47.31659115392038], [-121.44026237591896, 47.316543962067534], [-121.44033407197598, 47.31649402877966], [-121.44040173673275, 47.31644412813201], [-121.44046940136363, 47.316394227443865], [-121.44053298663951, 47.316341618015514], [-121.44060060292979, 47.316288974959534], [-121.44066010872486, 47.31623365676167], [-121.44071966247658, 47.316181079921954], [-121.44077911994671, 47.3161230202707], [-121.44083454747283, 47.31606499327743], [-121.4408859424228, 47.31600699896943], [-121.44093728917134, 47.31594626324721], [-121.44098057355482, 47.31588559291218], [-121.44101977861033, 47.31582221297696], [-121.44105495247415, 47.31575886663451], [-121.44108604704722, 47.31569281159881], [-121.44111311043874, 47.3156267892633], [-121.44114420486355, 47.315560734208525], [-121.44117126811692, 47.31549471185593], [-121.44120236239357, 47.315428656782075], [-121.44122947359764, 47.31536537490364], [-121.44126056772764, 47.315299319810805], [-121.44129166178105, 47.31523326470787], [-121.4413227557579, 47.31516720959491], [-121.44135389776902, 47.315103895862634], [-121.44138499159423, 47.31503784072954], [-121.44141608532708, 47.31497178468698], [-121.44144722711455, 47.31490847092472], [-121.4414783220341, 47.314842415750746], [-121.44150538451385, 47.31477639330129], [-121.44153244692689, 47.314710370843756], [-121.44155139909127, 47.31464167243812], [-121.44156632018169, 47.314573006753484], [-121.44157639240366, 47.31450096129912], [-121.44157706583275, 47.31449614871786], [-121.43977529165724, 47.3145162461981], [-121.4397811179157, 47.31233252394716], [-121.4397848824418, 47.310921683420176], [-121.44485547874382, 47.31087499829691], [-121.44486285484152, 47.309005034908964], [-121.44486832442428, 47.3072557244852], [-121.4448685885885, 47.30725540479589], [-121.44491174220735, 47.30720327666753], [-121.44559859726843, 47.30637788014207], [-121.44621033626251, 47.30586565744084], [-121.4465464678973, 47.305040374154345], [-121.44754638525414, 47.30482657295427], [-121.44840203528952, 47.30443298368237], [-121.4486139438246, 47.30433528742051], [-121.44892346613663, 47.303603435151224], [-121.44948300576142, 47.30219505145213], [-121.44989519749618, 47.301572027870556], [-121.44998162563581, 47.3014451970019], [-121.455268519034, 47.300014404443296], [-121.455584929981, 47.299902124967545], [-121.45560839252568, 47.29939295902738], [-121.45561690606834, 47.29920818407199], [-121.45593223653482, 47.29270603572185], [-121.4559322994553, 47.292704743457136], [-121.45032951232844, 47.29264113526798], [-121.45032969567126, 47.291023789548234], [-121.45033033079612, 47.28540652951559], [-121.45033033052437, 47.28540546895271], [-121.45447304505086, 47.285431750306614], [-121.45865610087287, 47.285460291826965], [-121.45857174651674, 47.28457263763631], [-121.45980112109063, 47.283018815378924], [-121.45996538775292, 47.28229086982191], [-121.46066397437171, 47.2814762415934], [-121.46074824999873, 47.280557029474], [-121.46051207598448, 47.27971629342389], [-121.46051157343112, 47.279714506585286], [-121.46031341677227, 47.27899778883603], [-121.46059601072008, 47.278129027296416], [-121.46110894118, 47.27729948222133], [-121.46224596848162, 47.27555172246523], [-121.46247300299197, 47.27450793872563], [-121.4628670434798, 47.27356695629887], [-121.4625686755766, 47.27310332208619], [-121.46351398899729, 47.27257725837971], [-121.46349533404934, 47.27131342393432], [-121.46415705102174, 47.27092406199049], [-121.46471924811883, 47.2706013288246], [-121.46660397279074, 47.27057191372018], [-121.46660393499593, 47.27056856679601], [-121.46659800453418, 47.27003461952797], [-121.46659748681178, 47.2699879549892], [-121.46659711737051, 47.26988669348418], [-121.46659441647536, 47.26914623367137], [-121.4666929833123, 47.269146971257015], [-121.46746059852106, 47.26915271434682], [-121.46913260006292, 47.269168902976645], [-121.46913274546462, 47.269168904459214], [-121.46957981208769, 47.269173387407605], [-121.46980984852993, 47.26897404971941], [-121.47004491547081, 47.26860741609755], [-121.47189752615208, 47.26769804919162], [-121.47265291147384, 47.26737091407319], [-121.47551466096307, 47.2661404421256], [-121.47620129844563, 47.26602224258933], [-121.47700355709678, 47.26628144105641], [-121.47729935214629, 47.266377653139266], [-121.47845150589674, 47.26660647148401], [-121.47935386465454, 47.267273343961634], [-121.47937495208514, 47.267325260854406], [-121.4796119945057, 47.26795388403348], [-121.48135629566517, 47.269282632725954], [-121.48219836623234, 47.269291949318585], [-121.4849307699179, 47.26931690369066], [-121.48500033194355, 47.26931753850432], [-121.48500040067236, 47.26931753881968], [-121.4878583890887, 47.269343569509], [-121.48794978763445, 47.2693444005045], [-121.48794983260856, 47.26933693379654], [-121.48793105533552, 47.267369853373566], [-121.48783246706586, 47.25821345166841], [-121.48865307371233, 47.258054308091644], [-121.48968121316196, 47.257829473926265], [-121.49113481266073, 47.25815420109666], [-121.49202984497761, 47.25842522199134], [-121.49271078776788, 47.25865330309792], [-121.49312027981502, 47.25877085927265], [-121.49350923886844, 47.258716387016875], [-121.49371246902311, 47.25838132943005], [-121.49384952433454, 47.25778909663872], [-121.49399201753248, 47.2573004959099], [-121.4940966108838, 47.25688590956327], [-121.49452536813077, 47.256633228960965], [-121.49487803724612, 47.256431068315635], [-121.49541324008499, 47.25659887118616], [-121.49604432786599, 47.2570576302749], [-121.49668157773563, 47.25764498295248], [-121.4970395464668, 47.25783726523797], [-121.49750204265041, 47.25821137189106], [-121.4981511378175, 47.25862628264682], [-121.4987571211507, 47.25883561835776], [-121.49930381220373, 47.25888831241596], [-121.49982635722438, 47.25886084087743], [-121.50030054155206, 47.25864219300028], [-121.50060428942238, 47.25832750538275], [-121.50094654310536, 47.257945304861046], [-121.50134152516999, 47.25766427024068], [-121.50164661029503, 47.25742153857196], [-121.50187469247474, 47.257207063408195], [-121.50224696011551, 47.25686880912446], [-121.50245480915657, 47.25667644453214], [-121.50274820952603, 47.25626655229838], [-121.50292478711559, 47.2560442968778], [-121.50312058117672, 47.255907558233034], [-121.50334944349422, 47.25581646008559], [-121.50344759714302, 47.25573489295501], [-121.50358204835693, 47.255602285774174], [-121.50384844332204, 47.25517583224062], [-121.5040677153549, 47.25457155930506], [-121.50402524105682, 47.25429190736778], [-121.50384059102107, 47.25408135246094], [-121.50348696416064, 47.25382565018858], [-121.50316436339915, 47.253586813977], [-121.50301833575215, 47.253422536036254], [-121.50302152653471, 47.25326981717342], [-121.50314333920889, 47.25310750008637], [-121.50344565092578, 47.25296075527945], [-121.50361673238699, 47.25276836300057], [-121.50366681797105, 47.252458260943676], [-121.50382230762202, 47.25210474371228], [-121.50016130369737, 47.250672445128664], [-121.49974802999093, 47.25007817865742], [-121.49957613537929, 47.2480459750444], [-121.49926459959399, 47.247793659461436], [-121.49858309080248, 47.24713066439518], [-121.49853808556503, 47.24663308841798], [-121.49748986041965, 47.245888453684096], [-121.49696736871304, 47.245643325187515], [-121.49605709959228, 47.245716921379625], [-121.49598695529905, 47.24593450628237], [-121.49623169916856, 47.24655356637114], [-121.49649592862913, 47.24727179098354], [-121.4964983625115, 47.24746413052365], [-121.49621653005936, 47.24751542375059], [-121.49540416674633, 47.247357505729944], [-121.49521222720033, 47.247049152982946], [-121.49519264255784, 47.24661696558519], [-121.49502898526633, 47.24625935931486], [-121.49456376102994, 47.246032695443894], [-121.4942319442575, 47.245834874377245], [-121.49354083196808, 47.24520486455901], [-121.4930953648615, 47.24482105373668], [-121.49247376335593, 47.24462845385861], [-121.49136270343813, 47.2443123720044], [-121.4904252535544, 47.24396703269212], [-121.48977811593805, 47.243616637008465], [-121.49013996870973, 47.24326138729249], [-121.49039723121098, 47.242747489048156], [-121.49034314183335, 47.24221586056361], [-121.48940355087132, 47.241506035900976], [-121.4887457876523, 47.24117783116612], [-121.48833195443791, 47.240704450822534], [-121.48852382126327, 47.240027630594476], [-121.48949880477056, 47.23910917959672], [-121.49023938738948, 47.23806395202353], [-121.49030686600365, 47.23732958455109], [-121.49004492675604, 47.236848647072534], [-121.48948183839315, 47.23622094419059], [-121.4891142417597, 47.235906541257656], [-121.48906032070039, 47.23562904494224], [-121.48930374463787, 47.2350424320168], [-121.49017735710717, 47.2337680568162], [-121.49030945587806, 47.23342745027561], [-121.49051951011874, 47.233303298710084], [-121.49106848739255, 47.23297609041393], [-121.49162016213818, 47.23244098902635], [-121.49211371505783, 47.2318654253575], [-121.49259325472757, 47.231539488936235], [-121.49343436717172, 47.231121341036285], [-121.49356242612099, 47.230944591161425], [-121.49399757212139, 47.230586298682645], [-121.49488055341746, 47.23001217889559], [-121.49555020124589, 47.22930347723683], [-121.49607569439384, 47.22841874006117], [-121.49655883189875, 47.22765705642924], [-121.49674626917928, 47.227490921976106], [-121.49758466328991, 47.22701278595291], [-121.49853893349055, 47.22662515434805], [-121.4988983074516, 47.226118751281334], [-121.4988557942399, 47.22548265898323], [-121.49883303230612, 47.224961897815916], [-121.49957958003853, 47.224251818907206], [-121.50011542307949, 47.22395672428049], [-121.50063889343654, 47.22388913835519], [-121.50135129826047, 47.223862926575045], [-121.50213196093854, 47.2239080873766], [-121.50243617127784, 47.223723628186235], [-121.50262852692995, 47.22343242989003], [-121.50294311447377, 47.22331461439776], [-121.50340400339437, 47.22322905912292], [-121.50383951721204, 47.223060828865734], [-121.50405939100621, 47.22314234612689], [-121.50432598472169, 47.2230745051366], [-121.50423280259812, 47.22266834197561], [-121.50414878374893, 47.222106197382196], [-121.50367665681671, 47.221232323570604], [-121.50313157212982, 47.22065982789852], [-121.50252654895887, 47.21990449982546], [-121.50181651576274, 47.21844321364439], [-121.50158659903776, 47.216979083907376], [-121.50134836189905, 47.21486076864644], [-121.50082245157785, 47.21277032154569], [-121.49834865924922, 47.209042565120484], [-121.49826368155084, 47.20522520683996], [-121.49838036250601, 47.20271290034066], [-121.50958491427969, 47.20290697836604], [-121.51038765074127, 47.202911442550736], [-121.51191152332846, 47.202833330503815], [-121.51345077095642, 47.20274409509477], [-121.51532493855274, 47.202520798717316], [-121.51689428220011, 47.202321748779795], [-121.51857417532923, 47.20201236814281], [-121.52026972095626, 47.20168071763231], [-121.52231760663734, 47.201313537818535], [-121.52446200252763, 47.20094529354079], [-121.52620219698203, 47.200427222901475], [-121.52726850724187, 47.19993636866751], [-121.5283811846364, 47.199346727018884], [-121.52955693403929, 47.19869070481941], [-121.53035310019708, 47.19835543311878], [-121.53033298666749, 47.19297549972277], [-121.54112636585579, 47.19301429352874], [-121.54112437894392, 47.18978420546506], [-121.5411127124564, 47.1895992050704], [-121.54105937882092, 47.18950753799428], [-121.54098437886469, 47.189465870825266], [-121.54086460754999, 47.18943770804039], [-121.54077266074744, 47.189412391238506], [-121.5406643793591, 47.18939920474626], [-121.54061437843505, 47.189419204391285], [-121.54058271305759, 47.189459204357014], [-121.54057937960998, 47.18948920513173], [-121.54055604671824, 47.18952253794131], [-121.54013771271399, 47.18952920514222], [-121.53987604587853, 47.18945753880408], [-121.5392527122662, 47.18947753826368], [-121.53909301444236, 47.18937718832271], [-121.53851104393195, 47.18897253891196], [-121.53830771148272, 47.18879087235025], [-121.53787771046805, 47.188255871526366], [-121.5376560456186, 47.18774284713652], [-121.53738437801384, 47.18741587171394], [-121.53704604516138, 47.18691420504102], [-121.53667338056265, 47.18613293780234], [-121.53619700926096, 47.18558756354065], [-121.53545872115377, 47.184842799115856], [-121.53499566106552, 47.18446338438326], [-121.53441937729976, 47.18368420457215], [-121.53439375763573, 47.18322276359942], [-121.53440271016933, 47.18268587223456], [-121.53437770964281, 47.18254420478169], [-121.5341527083427, 47.18184587149993], [-121.53395770879571, 47.18137253846492], [-121.5339103516731, 47.18115186058827], [-121.5338043754746, 47.18093587166391], [-121.53361771020738, 47.1807058709764], [-121.53320347708518, 47.18007431719126], [-121.53258854600097, 47.17952524888352], [-121.53252332432467, 47.17932460544494], [-121.53242287307124, 47.17916225813363], [-121.53230463211007, 47.17900611295756], [-121.53223077165094, 47.17886569236616], [-121.53225692201634, 47.178275327218564], [-121.53226959678996, 47.17805287854903], [-121.53236982458961, 47.17803093449205], [-121.53252270868869, 47.17803753855733], [-121.53257604252514, 47.177997538820605], [-121.53277485810831, 47.17774970063107], [-121.53299941624186, 47.17750309222014], [-121.53305604162999, 47.17734087094637], [-121.53308604169436, 47.176207537539035], [-121.53312104162796, 47.17592587126391], [-121.53317267224206, 47.17575504033143], [-121.5332574639871, 47.17558088331148], [-121.53344270888446, 47.17536420450582], [-121.53358657480648, 47.175135624651126], [-121.53362232804021, 47.174969385622106], [-121.53356104056577, 47.174877538540805], [-121.5334877080935, 47.17478753796474], [-121.53341913977518, 47.17464013747928], [-121.53337375736052, 47.17441957172478], [-121.53333770745392, 47.17422253784557], [-121.53328513757585, 47.17393614716524], [-121.53337104164747, 47.173875872383114], [-121.53347770724572, 47.173745870593244], [-121.53351104131083, 47.17362087170069], [-121.53363604043116, 47.17346420383832], [-121.53376270713854, 47.17323420476215], [-121.53381756180649, 47.17302928852011], [-121.53376371983165, 47.17291632620576], [-121.53369937374303, 47.17284753794154], [-121.53370937341974, 47.17272253787487], [-121.53391604114609, 47.17242753840356], [-121.53430437387976, 47.17173253869872], [-121.5342143739273, 47.17150753758775], [-121.53381937480113, 47.17033253799416], [-121.53395604035364, 47.16991587170865], [-121.53390770641799, 47.16963753758746], [-121.53358270583473, 47.168765871237255], [-121.53336437322444, 47.1683775373354], [-121.53313103928609, 47.16811587077311], [-121.5326610386109, 47.16808753795702], [-121.53236214520967, 47.1679495021358], [-121.53215937353153, 47.16775587084546], [-121.53222538374177, 47.16742774100005], [-121.53184201792864, 47.167076569455304], [-121.53162155808317, 47.166621008962274], [-121.53140543722706, 47.166491361438055], [-121.53127267051035, 47.166416028336755], [-121.53116328865384, 47.16641975102884], [-121.530960683541, 47.166466696423946], [-121.53076613876678, 47.166448098711584], [-121.53055228056222, 47.166386283387055], [-121.53028937238084, 47.1662692042698], [-121.53002103897208, 47.166145871198665], [-121.52978471059575, 47.166035312888546], [-121.52957316454955, 47.16591324802619], [-121.52922858493174, 47.16552698911446], [-121.52908890189276, 47.1652293993149], [-121.52910140222974, 47.16506591034181], [-121.52906948416907, 47.164915404687406], [-121.5289199520713, 47.16448253439286], [-121.52893157446098, 47.16434843137926], [-121.52898552267155, 47.16420645181339], [-121.52926709105687, 47.16354674473406], [-121.52943532192282, 47.16344917831089], [-121.52971386083978, 47.16338863481714], [-121.53008103754615, 47.16328587104536], [-121.53040603947686, 47.16313753758826], [-121.5306857012645, 47.162989106226775], [-121.53085116277413, 47.162836726430946], [-121.5308608807686, 47.16262980766091], [-121.5301960389172, 47.16192920450313], [-121.52980033982332, 47.16117643880588], [-121.52973428885063, 47.16079874106261], [-121.5296632763754, 47.160526787633685], [-121.5295840346409, 47.16037737166463], [-121.52941144413394, 47.16018166206286], [-121.52874423372931, 47.15952621967621], [-121.52854855453053, 47.15928564515107], [-121.52846890158634, 47.15915447503275], [-121.52843125928139, 47.15903079462967], [-121.52844398787059, 47.15875641150124], [-121.52832420099661, 47.15843101300078], [-121.52815083353543, 47.15816778713049], [-121.52804482557436, 47.158089900425495], [-121.52786223672702, 47.15800009458661], [-121.52801621931938, 47.15758889051292], [-121.52767436914536, 47.15716587147934], [-121.52781725191582, 47.156641271733704], [-121.52806461300337, 47.15635131665835], [-121.5286726452397, 47.156424676204914], [-121.52903270276316, 47.15681253773886], [-121.52956364031692, 47.15699890371674], [-121.52989437059512, 47.156884203778915], [-121.53008635787197, 47.156457984726124], [-121.52987732832328, 47.15602885971896], [-121.52993580113416, 47.155702939807476], [-121.53021144872669, 47.15565268928658], [-121.53048016236558, 47.155710999865576], [-121.53090411136453, 47.15579405389905], [-121.53192810402119, 47.15566491832117], [-121.53252193843423, 47.15561554738522], [-121.53276139693958, 47.15516478843915], [-121.53267827691316, 47.15502277847913], [-121.53259631355614, 47.15494108090245], [-121.53251437018447, 47.15489587092421], [-121.53231156641789, 47.154788277618124], [-121.5322060367282, 47.15471253772014], [-121.53216103688753, 47.15463087059034], [-121.53223075879085, 47.154386717044574], [-121.53222729289105, 47.15427961533285], [-121.53219572282599, 47.15420607586036], [-121.53213756556153, 47.154127136812996], [-121.53179286073448, 47.15366460564258], [-121.53175731849191, 47.15359149461589], [-121.53162407329522, 47.15347815525318], [-121.53149525539914, 47.15336858155601], [-121.53116104575152, 47.15249894073858], [-121.53109764043528, 47.15165959627721], [-121.53109374875598, 47.15160804689015], [-121.53096025144588, 47.151196567281055], [-121.53005610387731, 47.150053684584734], [-121.52968784054536, 47.149869827866304], [-121.52938695217745, 47.149847142958116], [-121.52881696004803, 47.14993928547067], [-121.52848159485181, 47.14984767429606], [-121.52797980112393, 47.14998513066873], [-121.52794946188286, 47.150052266963336], [-121.5278457962172, 47.150281771255806], [-121.52784522391403, 47.15098955358375], [-121.52663969904458, 47.15091665732988], [-121.52556759989497, 47.15085181297491], [-121.52459552247643, 47.15098966207204], [-121.52426127987363, 47.15085140420114], [-121.52332337864647, 47.149457880030155], [-121.5224533707657, 47.14888530368237], [-121.52031116337925, 47.14703352871304], [-121.5203105825036, 47.146897469018235], [-121.52001055387274, 47.146599878842245], [-121.51977568271091, 47.14650700237276], [-121.51974184986435, 47.14641784346644], [-121.51913994624924, 47.14609720368809], [-121.51736430803601, 47.14550173920105], [-121.51488627381273, 47.14495219203748], [-121.51287634849609, 47.14460892826858], [-121.5118053950059, 47.14456176758056], [-121.50768375929422, 47.14508692183304], [-121.50760433891514, 47.145110718534994], [-121.50600917703687, 47.14558859608132], [-121.50517138956172, 47.14597668074866], [-121.50433340792235, 47.14613649007098], [-121.50388223040753, 47.146159867145585], [-121.50259181524434, 47.14622670023926], [-121.50121821018523, 47.14595207039531], [-121.50087208351039, 47.145816781983314], [-121.50030102931942, 47.145554203410356], [-121.4998179301991, 47.145320679517795], [-121.49941956540127, 47.14496767665365], [-121.49867478338273, 47.144736427119376], [-121.49780543774078, 47.14480340106538], [-121.49683944257221, 47.144951969720104], [-121.49637226597824, 47.14502381706697], [-121.49533357454271, 47.14535939650661], [-121.49524886226455, 47.14547907620075], [-121.49468827868141, 47.145780888171934], [-121.49404024070243, 47.14610830255608], [-121.49366354581623, 47.14616673400725], [-121.49339533280124, 47.14617006728092], [-121.4931501998127, 47.146116302058964], [-121.49306747003071, 47.14609816165641], [-121.49276614406031, 47.14604968036819], [-121.49245949113238, 47.145983084736656], [-121.49215962796545, 47.145959952593806], [-121.49193154876829, 47.145958825072164], [-121.49174810016159, 47.14598164567328], [-121.49151956258495, 47.14601103294396], [-121.49133239842388, 47.146050343797675], [-121.49102434476055, 47.146126675544146], [-121.49100717973234, 47.14613083669473], [-121.49081928624527, 47.14617641146519], [-121.49053266370669, 47.14621623333813], [-121.49029553923891, 47.146215526425756], [-121.49016252114701, 47.14620992420206], [-121.49002504540246, 47.14620412970256], [-121.48975311399442, 47.14616840603303], [-121.48950200448192, 47.14611812253742], [-121.48925138473535, 47.146039728171495], [-121.4890659935451, 47.14595664607035], [-121.48886683487105, 47.145834624496224], [-121.48873399592594, 47.1456595924314], [-121.48863492033453, 47.14551647168817], [-121.48848529400242, 47.14541114970589], [-121.48832948940233, 47.145353203702776], [-121.48819733650403, 47.145323143465596], [-121.48807766562165, 47.145317307821024], [-121.4878473191059, 47.145302835314155], [-121.48762761267601, 47.145321153552636], [-121.48748273844808, 47.14531039860016], [-121.48732260905555, 47.14529018044253], [-121.48702517168984, 47.14523239598757], [-121.48674378184454, 47.14517447469878], [-121.48655066965227, 47.145163102067336], [-121.48634280383571, 47.145169327880545], [-121.48608569887372, 47.14517494868843], [-121.48589960384939, 47.14521732005301], [-121.4856422965818, 47.14526784411395], [-121.48550681693204, 47.145339344960604], [-121.48544228301877, 47.14537340238991], [-121.48528933785907, 47.14547035663117], [-121.48508077347063, 47.145602357038996], [-121.48484806412009, 47.145734587038504], [-121.48467082547899, 47.14582212978999], [-121.48438987357086, 47.14600722074957], [-121.48410775148238, 47.1461837316059], [-121.48387437696822, 47.14633343091599], [-121.48373046840821, 47.146430635361895], [-121.48358688096765, 47.14654565250663], [-121.4834171657431, 47.1466601963332], [-121.48324845959345, 47.14677508755814], [-121.48312145189882, 47.14686356801418], [-121.48302412266936, 47.146925054558906], [-121.48294406895627, 47.14694219425232], [-121.48287099612128, 47.14695891740073], [-121.48276749977401, 47.146957757864044], [-121.48265376453004, 47.14694706497718], [-121.48258191244567, 47.14691922414124], [-121.48251694056388, 47.146882413384034], [-121.48247693297444, 47.146836828977285], [-121.48242820514629, 47.14675532309786], [-121.4824083441494, 47.146691669084724], [-121.48238873576263, 47.146628848645975], [-121.48236313100179, 47.146547492587864], [-121.48233989233958, 47.146430120850965], [-121.48232385105682, 47.14632194929838], [-121.4822838519927, 47.14622255266455], [-121.48221873347552, 47.14612267764722], [-121.48210704988671, 47.146004015178846], [-121.48201029991763, 47.14587699173961], [-121.48192223872279, 47.145785537348694], [-121.48183198069441, 47.14568553288695], [-121.48174459438333, 47.14557625341131], [-121.48168099535933, 47.14544963815305], [-121.48159228512073, 47.14526839214292], [-121.48148649276855, 47.14508694924036], [-121.48139793044862, 47.14496876447121], [-121.48128608954681, 47.14484153297114], [-121.48119684835957, 47.144741173028066], [-121.48119670853809, 47.14467811245336], [-121.4812121607016, 47.144588530753374], [-121.4811570917358, 47.14448856621827], [-121.4810691787617, 47.14440670051345], [-121.4808987203339, 47.144314237132946], [-121.48077062558818, 47.1442316973948], [-121.48065127373663, 47.14418747096464], [-121.48059259992044, 47.14416636844713], [-121.48036869090564, 47.144118233727085], [-121.48009518258974, 47.144105811195146], [-121.47984543576005, 47.14412953843921], [-121.47961261796125, 47.144144179691494], [-121.47934780628343, 47.14416767007768], [-121.47910775941985, 47.14422764107426], [-121.47896731026503, 47.14427598561056], [-121.47888112796326, 47.14430565723529], [-121.47870453985504, 47.144375006277976], [-121.47835860830112, 47.14452360526063], [-121.47816661842899, 47.144629082073834], [-121.47797279186028, 47.14468932887933], [-121.47782135949815, 47.14475950186538], [-121.47764412835619, 47.14479288612007], [-121.47747547044878, 47.14479979265165], [-121.47729824099953, 47.144833506510345], [-121.47707276705921, 47.14486626317382], [-121.47688064508056, 47.14490902985203], [-121.47665566172522, 47.14496884770919], [-121.47638178967492, 47.145046219850315], [-121.47610085764657, 47.145123317194404], [-121.47596348121819, 47.145193701875044], [-121.47573127861742, 47.14529849659372], [-121.47554747978418, 47.14541314407804], [-121.4753383986314, 47.14551843106138], [-121.4751202531008, 47.14562343787298], [-121.47495953930253, 47.14579205434083], [-121.47476650611824, 47.14595169883344], [-121.47460631583012, 47.14609356807501], [-121.47436515214275, 47.14631530198668], [-121.47420417127738, 47.14641194562942], [-121.47402082647272, 47.14655366638319], [-121.47382730073979, 47.14668588740055], [-121.47371503912284, 47.146756420292235], [-121.47356190708273, 47.14684441475749], [-121.47327977198806, 47.14696676216388], [-121.4730949794122, 47.14702727631223], [-121.47293400065593, 47.14707009352426], [-121.47272692173784, 47.14712119504871], [-121.47247651137306, 47.14716306381819], [-121.47226006707876, 47.147196070555765], [-121.47202639678287, 47.14721997478241], [-121.47182650070161, 47.14721094472675], [-121.47174483150226, 47.147207257387905], [-121.4715357937645, 47.147204219406305], [-121.47142475993502, 47.147176015454725], [-121.47125542748485, 47.14714658386286], [-121.47106165166196, 47.14709920621133], [-121.47095615142976, 47.14704354287427], [-121.4708200328837, 47.14696071600646], [-121.47069961398378, 47.14691407830794], [-121.47060368997556, 47.146831946425095], [-121.47046725101082, 47.14673129276124], [-121.47033815181949, 47.14664841000455], [-121.47016969495743, 47.14655625062127], [-121.4698715879469, 47.14646209763177], [-121.46964635319502, 47.14639612693118], [-121.4693077516421, 47.14628380026893], [-121.46904330065036, 47.14621712806628], [-121.46883465549016, 47.14612427537686], [-121.46860861013806, 47.14601341337585], [-121.46842525260081, 47.14592993776166], [-121.46812598350623, 47.14582689214615], [-121.46797412063577, 47.14576200668244], [-121.467885036769, 47.145724728469375], [-121.46767723447596, 47.14562294806667], [-121.4674992519636, 47.14550378135197], [-121.4673867774058, 47.145394018432356], [-121.46724261731445, 47.14531125197889], [-121.46713013516187, 47.145201821723745], [-121.46700087934494, 47.14511002249337], [-121.46687227939567, 47.14505418794184], [-121.46667916680963, 47.14504279565348], [-121.46654264863562, 47.14504975031201], [-121.46638970336829, 47.145092864612636], [-121.46626975075047, 47.145127110017015], [-121.46614915283584, 47.145125716038976], [-121.46608366463342, 47.14511564810746], [-121.46597999078674, 47.14510554298035], [-121.46576296288403, 47.145048400385036], [-121.46557137362626, 47.14500989952413], [-121.46549686414131, 47.144999900313415], [-121.46543406999704, 47.14497197324839], [-121.46534448953783, 47.14490794238919], [-121.46528893725868, 47.14483504519742], [-121.4652233635247, 47.1447084439724], [-121.4651435340763, 47.14462616872017], [-121.46503855954259, 47.144543765074225], [-121.46485458333379, 47.144424307907975], [-121.46462102633487, 47.144286395171434], [-121.46439615778134, 47.14418443286604], [-121.46425869624626, 47.14408344491782], [-121.46404160455559, 47.14390942966955], [-121.46378444515969, 47.143743974866695], [-121.46363128890526, 47.14360711792912], [-121.46350273886118, 47.143497482559994], [-121.46328526121437, 47.14335945741407], [-121.46318167280968, 47.143241048640036], [-121.46302888558287, 47.1430682094233], [-121.4629726877936, 47.14295932458952], [-121.46293126847621, 47.14277870614857], [-121.4628993900006, 47.14262542787581], [-121.46284319312882, 47.142516553755925], [-121.46281159250135, 47.14243523266211], [-121.46271588932126, 47.142307863481854], [-121.46258534416548, 47.14219822930678], [-121.4625306386135, 47.14211642942578], [-121.46248110548771, 47.14204383969003], [-121.46245806311063, 47.141935716658395], [-121.46237765151636, 47.14176364941717], [-121.46233755804877, 47.14160082896702], [-121.46226500504604, 47.14142011946849], [-121.46223988241968, 47.14119480178623], [-121.46222425482944, 47.141050638533514], [-121.46221553060177, 47.1408433498537], [-121.46219115997614, 47.14071706865405], [-121.46217564505041, 47.14063597419543], [-121.46215171616583, 47.140590584554445], [-121.46211960800632, 47.14053635788755], [-121.46206385240758, 47.1405083776201], [-121.46194211100234, 47.14049774101075], [-121.46186961195947, 47.140487711978906], [-121.46172490991425, 47.14048583844356], [-121.46157280398846, 47.14051999665133], [-121.4613558984733, 47.14058006848178], [-121.46119420945857, 47.140640714413514], [-121.4609305895217, 47.1407281752256], [-121.46088160583564, 47.140744426987354], [-121.46068878991498, 47.140804985492046], [-121.46050453986382, 47.14083838207751], [-121.4603192761604, 47.140871803880394], [-121.46019869846542, 47.14087040270602], [-121.46003774692522, 47.140859061544724], [-121.4598359223283, 47.14086552159783], [-121.45980976183769, 47.14086699734959], [-121.45970747630446, 47.14087277458123], [-121.45954753547169, 47.14086176709287], [-121.45941844248048, 47.14083302691926], [-121.45924111892198, 47.140749493970915], [-121.45906515572715, 47.14068411499434], [-121.45896973148645, 47.140628696352735], [-121.45890478220969, 47.14059188215274], [-121.45884855173618, 47.14053715661992], [-121.4588079329175, 47.140455570093216], [-121.45882271837651, 47.14038382346972], [-121.45886336527516, 47.14024055409318], [-121.45887968237174, 47.14014171153018], [-121.45885580758078, 47.14004250607445], [-121.45883984062515, 47.13993434071568], [-121.45874285312111, 47.139734985172254], [-121.45859828444465, 47.13957097342415], [-121.45851765334638, 47.13944379693093], [-121.45838211672948, 47.139280056356206], [-121.45830035409325, 47.13914399568521], [-121.45822093378926, 47.13897189932184], [-121.45815527591999, 47.13878221237234], [-121.45810855401015, 47.13858346692141], [-121.45803483556232, 47.13839350755021], [-121.45795421888387, 47.138266670565805], [-121.45785000631386, 47.138112272922584], [-121.45773105837858, 47.13797547462564], [-121.45761658097945, 47.13786605525546], [-121.45745696271848, 47.13770183477365], [-121.45736074696461, 47.13760152792068], [-121.45726383406043, 47.13751937521142], [-121.45717529522277, 47.13745499026703], [-121.45711104507782, 47.13740034377553], [-121.45703069602524, 47.13734514145253], [-121.45697415410224, 47.13727260106899], [-121.45694993324864, 47.137209049919555], [-121.45685255122396, 47.13709984179774], [-121.45674093751481, 47.136981479255326], [-121.45660475519293, 47.13683556829633], [-121.45643624188217, 47.13668033411229], [-121.45636245571785, 47.13659833562335], [-121.45632315522643, 47.13653491720093], [-121.45631384032379, 47.13646267482847], [-121.45632329349944, 47.13637279352031], [-121.45635452800838, 47.13626525463479], [-121.45636182849229, 47.13616648332492], [-121.45636239010896, 47.13608524422782], [-121.45631457221994, 47.135994812119556], [-121.45622656119342, 47.13590368427385], [-121.45611363500242, 47.13576717631196], [-121.45595169074747, 47.1355848002151], [-121.45585700105643, 47.135457738964945], [-121.45576019627346, 47.13526729695961], [-121.45566204791332, 47.13511318358874], [-121.45558280024856, 47.13494999886827], [-121.45546100032031, 47.13482247502205], [-121.4553028133609, 47.13473912782317], [-121.455156484046, 47.13470127127854], [-121.45502069341438, 47.134690390037335], [-121.45481889711294, 47.13469686918485], [-121.45457733130884, 47.13478350933236], [-121.45432033601652, 47.13490594266287], [-121.45421084902343, 47.13496444506182], [-121.45399194333764, 47.13508140129682], [-121.45373357928032, 47.135239826636436], [-121.45350085223937, 47.135371993880916], [-121.45325157103048, 47.13547652393817], [-121.45284232923176, 47.135623858895336], [-121.45219199054434, 47.13588524685283], [-121.45162873895134, 47.136129475798036], [-121.4512099251611, 47.136303614255354], [-121.45080868258052, 47.13645121878927], [-121.45059274624805, 47.136511258073604], [-121.45035927749039, 47.13654437497693], [-121.45020570137314, 47.136551100831866], [-121.45006137967069, 47.13651322764274], [-121.44990974089187, 47.13650535024246], [-121.449828120573, 47.136501095700524], [-121.44957980788953, 47.13643458317843], [-121.44932180758907, 47.136386315220435], [-121.44913781896965, 47.136320655214114], [-121.44889602849338, 47.13628151453613], [-121.44863092587413, 47.13628676809525], [-121.44809145908913, 47.13634261608489], [-121.44767472403502, 47.13640875696319], [-121.44738763700029, 47.1364571138854], [-121.44732818138102, 47.13646712880139], [-121.44701541437712, 47.136561884062], [-121.44675073999579, 47.13664837489957], [-121.44650851987623, 47.136699028510286], [-121.44629212152113, 47.13673198658823], [-121.44613119658604, 47.13672096870189], [-121.44601199776861, 47.13668322038241], [-121.44598755063606, 47.13667482123958], [-121.4459301333058, 47.13665509344053], [-121.44588202520771, 47.13654650032915], [-121.44587445360658, 47.1364025983344], [-121.445889386459, 47.136222877418454], [-121.44588214732197, 47.13609646621059], [-121.44580235162604, 47.13601451387993], [-121.44568158216059, 47.13588697241377], [-121.44554502600039, 47.13577703639691], [-121.44539226650002, 47.13565798581431], [-121.4452717543194, 47.135602414812055], [-121.44519041975512, 47.135547218703536], [-121.44506271486806, 47.13548245936626], [-121.44485430465, 47.135398819549465], [-121.44465928543171, 47.135333228241585], [-121.44446727605673, 47.13526761920959], [-121.44429937354019, 47.135202161956926], [-121.44404228554855, 47.13509082041757], [-121.44382420175845, 47.13497091952789], [-121.44364041686899, 47.13486034498671], [-121.44348815474933, 47.13476837465081], [-121.44340613696058, 47.1347313322026], [-121.44332696241898, 47.13468501505637], [-121.4432383879835, 47.13467476646343], [-121.44314912878372, 47.13468268891211], [-121.44288318610003, 47.13469720113484], [-121.4426585873072, 47.13472097244081], [-121.44238909388258, 47.13470535086598], [-121.44218639321284, 47.13465970808746], [-121.44207131718073, 47.1346277425085], [-121.44200348852257, 47.13459743743437], [-121.44194169334135, 47.134567789332735], [-121.44182079101428, 47.13448821944824], [-121.44175964991784, 47.13443935867016], [-121.44169324986619, 47.13437615528526], [-121.44163894597644, 47.134315938926186], [-121.44156209913531, 47.13422916122892], [-121.44151701115051, 47.13412121729289], [-121.44146684176046, 47.134009900764745], [-121.44139316153118, 47.1338747772126], [-121.44135674817782, 47.13380240090775], [-121.44132215949934, 47.13372008089938], [-121.44128625358258, 47.13361926963534], [-121.4412482038773, 47.13351195015338], [-121.44119131590394, 47.133418165539446], [-121.44116998870363, 47.13328944612], [-121.44116373251966, 47.13321889413788], [-121.44112079591977, 47.133061247861605], [-121.44110985329182, 47.13295268655112], [-121.44104563691774, 47.132783889401374], [-121.440966044304, 47.13254016955336], [-121.44086525486541, 47.132232847174585], [-121.44075659432409, 47.13182107194642], [-121.44064939876154, 47.131607384600265], [-121.44042813861151, 47.13113105370386], [-121.44030294236408, 47.13092093993797], [-121.44022552865643, 47.13074470921563], [-121.44012098348587, 47.13056697820975], [-121.44002927189548, 47.130434409485865], [-121.4399983841076, 47.13033422982778], [-121.43995890776782, 47.13025914317048], [-121.43994385831563, 47.130144787487694], [-121.43994026337391, 47.1300536570682], [-121.43994378737978, 47.12985311745426], [-121.43996775477532, 47.12967228453485], [-121.4399661749823, 47.12958181600709], [-121.43993878809019, 47.129508694675124], [-121.43991482293771, 47.129459866089185], [-121.43985506565913, 47.1293736471906], [-121.43975695262735, 47.129276758783966], [-121.43966615167984, 47.12919557446597], [-121.43960073446343, 47.12913235824862], [-121.43952233958784, 47.12906993388811], [-121.43944599158445, 47.12901262323322], [-121.43936567796717, 47.128957079182726], [-121.43926318993417, 47.12889687996585], [-121.43908240305633, 47.12884044121496], [-121.43895442177138, 47.128758193762685], [-121.43872179147712, 47.12866513567172], [-121.43847122010027, 47.12858080225616], [-121.43816555580258, 47.12850479870961], [-121.4377801300807, 47.12834649254374], [-121.4374750022443, 47.128243409483076], [-121.43726563604292, 47.128159417510055], [-121.43712087433126, 47.128094437842485], [-121.43700192375162, 47.12801177856802], [-121.43680915816739, 47.12790127321876], [-121.43666362163775, 47.12779138962134], [-121.43654251868284, 47.12769948957658], [-121.43634974450701, 47.12758897723846], [-121.43613395633975, 47.127424157062634], [-121.43589189049031, 47.12724993260913], [-121.43568289496208, 47.12712994913921], [-121.4355699702634, 47.12704724050951], [-121.43536973447048, 47.12690970550572], [-121.43513701997125, 47.126870462884455], [-121.4348397349684, 47.12681253126532], [-121.43454947549183, 47.12675456905978], [-121.43430891191417, 47.12672429605469], [-121.43406738043785, 47.1266398971715], [-121.4339077701603, 47.126585298817055], [-121.43387441948353, 47.126574250507446], [-121.43370609710465, 47.126482037293115], [-121.4335136685446, 47.12638934296777], [-121.4333615755832, 47.12630625589983], [-121.4332641895577, 47.12625083203299], [-121.43312090611705, 47.12621291600073], [-121.43298334474477, 47.12615713439406], [-121.43278186459243, 47.12606450473875], [-121.43259647794642, 47.1259717529578], [-121.43238898279296, 47.125879157669736], [-121.43222785067344, 47.12579581639679], [-121.43206703306538, 47.12573061092306], [-121.43188272519254, 47.12570125644553], [-121.4317826935823, 47.125724328049316], [-121.43166566772783, 47.12575202286023], [-121.43146328221626, 47.12583933454458], [-121.43131917027544, 47.12592755353906], [-121.43116734085642, 47.12603331458245], [-121.43116493136944, 47.12603453045982], [-121.43106278660974, 47.126085911650925], [-121.43097416761769, 47.12612981879521], [-121.43069179176814, 47.12617974214841], [-121.43032357977711, 47.1262019007279], [-121.43000226037098, 47.12620619352967], [-121.42995986689417, 47.126201369204814], [-121.4298251415619, 47.1261860392558], [-121.42965675341989, 47.12614762195219], [-121.4295275485387, 47.12610993457425], [-121.42937444377813, 47.12602684954591], [-121.42929530747713, 47.12598053333893], [-121.4291342749181, 47.12596058150559], [-121.42892391469688, 47.1259934589035], [-121.42874787999799, 47.12603599969065], [-121.42860377759325, 47.12612421607607], [-121.42845047117628, 47.126202912034394], [-121.42828046748092, 47.126252210884005], [-121.42824259096965, 47.12626319782207], [-121.42791974049345, 47.12629492129645], [-121.42751110876345, 47.12636126691103], [-121.42710865502289, 47.12643648009715], [-121.42660288206034, 47.126519707201915], [-121.42615250134989, 47.12661243859279], [-121.42550941739971, 47.12671150648994], [-121.42520493545433, 47.12676124705328], [-121.4249152254091, 47.12679338135851], [-121.42485676681521, 47.12679260507137], [-121.42460881915606, 47.12678931387949], [-121.42436051876079, 47.1267769156796], [-121.42409554662713, 47.1267283111266], [-121.42382206522552, 47.12665235164263], [-121.4235811048887, 47.12654116436408], [-121.4234370609146, 47.12645801082727], [-121.42328498461517, 47.126374909590815], [-121.42310640424694, 47.126210443705844], [-121.42295449083203, 47.12601938035132], [-121.42281856666085, 47.12588268117869], [-121.42264175774157, 47.125763100111165], [-121.42242477310391, 47.12564316476873], [-121.4221265707912, 47.12553107028465], [-121.42182998648461, 47.12545527697903], [-121.42141139665974, 47.12535031753795], [-121.42117124576956, 47.12528402569654], [-121.42083378267156, 47.12522535653101], [-121.42054369501673, 47.12517625583087], [-121.42016673248332, 47.1250990591503], [-121.4198452087387, 47.12503170864472], [-121.41966879122424, 47.12499335066636], [-121.41958781041777, 47.12495629308712], [-121.41945159456186, 47.12491830395438], [-121.41924325454461, 47.12483462044476], [-121.41883718675753, 47.124640078430154], [-121.41867696155764, 47.12454778633503], [-121.41854838021762, 47.124428850184714], [-121.41849979434411, 47.12434730666739], [-121.41844300301962, 47.12425659400269], [-121.41834780404527, 47.12356226144832], [-121.41832300734636, 47.12346306854373], [-121.41826684656513, 47.123408322873544], [-121.41820254497206, 47.12340745923885], [-121.41817147848339, 47.1234697529549], [-121.41814650461482, 47.1235953900164], [-121.41813820318835, 47.12375725623039], [-121.4181066405283, 47.124026881703536], [-121.41802539849407, 47.12426883085578], [-121.41795376064988, 47.124366726195184], [-121.41788073486146, 47.124383775135], [-121.41783305303423, 47.12435604511902], [-121.4178074806435, 47.12432882857629], [-121.41781785886602, 47.124230035414115], [-121.41773704174648, 47.12343687022909], [-121.41768102303855, 47.12339104083583], [-121.41763235801008, 47.12336333203731], [-121.41755159832138, 47.12339825507953], [-121.4175274047652, 47.123451904711295], [-121.41750342448437, 47.12357754093043], [-121.41747984962937, 47.12366719192226], [-121.41739908211844, 47.12381932672668], [-121.41731870056603, 47.123935121066346], [-121.41719883420376, 47.124032390327955], [-121.41718725785475, 47.12403934071977], [-121.41705270401184, 47.12412026561092], [-121.41698022623446, 47.124110212042844], [-121.41694112361233, 47.12405567942847], [-121.41694909320063, 47.12399289644614], [-121.41697315354685, 47.123813453172346], [-121.41701320274024, 47.12368803321573], [-121.41702893597247, 47.123573684104976], [-121.41702929267981, 47.12357102567015], [-121.41699763671338, 47.12348079832056], [-121.41695644954217, 47.12336320624685], [-121.41688461425045, 47.12327225954729], [-121.41678949364739, 47.12317191775457], [-121.41669268401289, 47.12308939496533], [-121.41656303840018, 47.12302460987594], [-121.41645116174183, 47.12294221988512], [-121.416298629438, 47.122832029929725], [-121.41619434629321, 47.12272283181975], [-121.41607351539204, 47.12258600599408], [-121.41595384674235, 47.122458427661364], [-121.4157757412683, 47.12232102725818], [-121.41556806909662, 47.12215610114178], [-121.41537422665616, 47.122036308439306], [-121.41527069027676, 47.12197199607442], [-121.41514979950739, 47.12188932718183], [-121.41503814272052, 47.12176168175016], [-121.41493284033554, 47.121652493268634], [-121.41485366604533, 47.1215431023323], [-121.41478853276294, 47.12143428567611], [-121.41467646693246, 47.12127989816045], [-121.41455561825764, 47.12114308077309], [-121.41450743967691, 47.121025550320574], [-121.41442712051486, 47.12079037592394], [-121.41440287256044, 47.120664094590104], [-121.41435517245128, 47.12045642890529], [-121.41430736818695, 47.12030290706972], [-121.41423421858647, 47.120193817056744], [-121.41415449451665, 47.1201118352446], [-121.41405081171685, 47.12003828319794], [-121.41390574041998, 47.119892395379736], [-121.41372990943879, 47.11971006331098], [-121.41360005864229, 47.1195733133852], [-121.413439054896, 47.119436115998234], [-121.41335865115101, 47.119371962696604], [-121.41322345905726, 47.11921709172886], [-121.41307877629234, 47.11903486872289], [-121.41292466939204, 47.11888904476882], [-121.41282061809626, 47.1187345992794], [-121.41269222923906, 47.11862457366337], [-121.41254868387195, 47.1185688151784], [-121.41235550479877, 47.11854805498301], [-121.41216259979628, 47.11848239977357], [-121.41194573822662, 47.118425498373455], [-121.41180952320249, 47.118387500315535], [-121.41164040183504, 47.11830417651008], [-121.41150474025173, 47.11823944314008], [-121.41131168598493, 47.11816452995756], [-121.4111906812745, 47.11813601079774], [-121.41099043393297, 47.11805223971167], [-121.41084518928947, 47.11801432520988], [-121.41073364360649, 47.11794973998203], [-121.41056376937479, 47.117821173577795], [-121.41045176713918, 47.11772985748955], [-121.41009071121044, 47.11740092017056], [-121.4099053270793, 47.11724540522411], [-121.40972912703377, 47.11709871917199], [-121.40948763496414, 47.11695153566087], [-121.40932812660441, 47.11684139503689], [-121.40915028753881, 47.116775959014134], [-121.40904691893512, 47.11672022641973], [-121.40879802625528, 47.116609077241115], [-121.40845166652909, 47.11649628838234], [-121.40816289202235, 47.11640224686341], [-121.40795435495741, 47.11636309899296], [-121.40774485939156, 47.11632429742594], [-121.4075438240017, 47.11631251316198], [-121.40738351066952, 47.11627436635623], [-121.40729582865171, 47.11625517564263], [-121.40717539786729, 47.11619956187262], [-121.40707001915472, 47.116143849603], [-121.406974396844, 47.11607055631742], [-121.40687777482302, 47.11599727799629], [-121.40678137748237, 47.115879107997486], [-121.40659616340355, 47.11573249514185], [-121.40623264965406, 47.11519448552189], [-121.4061716028244, 47.115267630088915], [-121.40600309370527, 47.115517104202006], [-121.40588975681548, 47.11570444310098], [-121.40577734477041, 47.115945942877964], [-121.4056892741374, 47.11614268485026], [-121.4056762931562, 47.116164046746206], [-121.40559154127321, 47.116303506049896], [-121.40542287644759, 47.11654407260892], [-121.40533516600043, 47.11664175337906], [-121.4052298535028, 47.11682937499229], [-121.40518999585301, 47.11702677329873], [-121.40513351401084, 47.117251026080964], [-121.40503644713766, 47.11751056307857], [-121.4049248666637, 47.11774279127599], [-121.40489962619218, 47.11791367991169], [-121.4049229379024, 47.11816576536517], [-121.40493952230493, 47.11843605550622], [-121.40497947488686, 47.11866161286943], [-121.40497084615279, 47.11898523589238], [-121.40496257945242, 47.119210129132945], [-121.40489895154441, 47.11948826211662], [-121.4048505245152, 47.11971280410577], [-121.40480100122622, 47.11987394312938], [-121.40468936493743, 47.12004343809414], [-121.40449635972004, 47.12021153411184], [-121.40429448050996, 47.120388936268455], [-121.40406313309359, 47.120547387465166], [-121.40390931852173, 47.12071652610655], [-121.40377319739004, 47.120804316195276], [-121.40360449407432, 47.12086526963851], [-121.40345112771679, 47.120880857844156], [-121.40322717351826, 47.120940888808185], [-121.40309865513059, 47.121001880927054], [-121.40293759741003, 47.12109876187734], [-121.40282514158321, 47.121160313659104], [-121.40265643022721, 47.12122091671425], [-121.40247994198845, 47.121236354084544], [-121.40224603505516, 47.12124229721723], [-121.40208574046973, 47.12120379025256], [-121.40195653495317, 47.12116606144263], [-121.4019208730527, 47.12115554017622], [-121.40173250407251, 47.12109995356261], [-121.40157087213285, 47.121043633575475], [-121.4013705301467, 47.12101400670584], [-121.40114551725925, 47.121010956070535], [-121.40091337691537, 47.12106145669604], [-121.40070424264132, 47.121166578963134], [-121.40058233373401, 47.121263854910296], [-121.40056847446729, 47.12127702771889], [-121.4004142877398, 47.12142350910579], [-121.40029384882429, 47.12154783304382], [-121.40019755186854, 47.12173538290426], [-121.40007635145012, 47.12199475405289], [-121.39991476376333, 47.12236138229298], [-121.39985905471794, 47.12251366292111], [-121.39979482514212, 47.12275579192702], [-121.39974644245487, 47.122926156615854], [-121.39967395357075, 47.12309605764852], [-121.39957767009072, 47.123283604051814], [-121.39944747173641, 47.12342582478441], [-121.3993366175791, 47.123523345189966], [-121.39918270399477, 47.12362908097452], [-121.39899851965593, 47.12372545429088], [-121.3987893822425, 47.123830597201255], [-121.39854807308147, 47.1239352900006], [-121.39828995129389, 47.12399453873256], [-121.39800974929071, 47.12405361212601], [-121.39775950129403, 47.12410423345731], [-121.39752679120225, 47.124181784059445], [-121.39739940646122, 47.1242520113632], [-121.39731822783973, 47.12432290797746], [-121.39726938099531, 47.12446621534295], [-121.39726978605073, 47.12461016221042], [-121.39735082879406, 47.12483265961855], [-121.39743362533443, 47.12491838558164], [-121.39742525059918, 47.1250802332212], [-121.39741831991232, 47.125206077868306], [-121.39739388604939, 47.12536769036086], [-121.39736053169239, 47.12547523197928], [-121.39733736823781, 47.12559193775653], [-121.39732193654521, 47.12569078236912], [-121.39728842793583, 47.1257894065987], [-121.39724859477913, 47.12586958251676], [-121.39719984314144, 47.12595906826302], [-121.39713606138656, 47.126047995072945], [-121.39705487965006, 47.126118887861004], [-121.39694302185941, 47.126216409996616], [-121.39683055364026, 47.12627794860083], [-121.39673328659056, 47.12634827779191], [-121.3966133832079, 47.126445858424354], [-121.39652402159288, 47.12650757368157], [-121.39640352317468, 47.12656883140725], [-121.39625860792572, 47.12661177107925], [-121.39609816297119, 47.12662739975155], [-121.39589854653295, 47.12664266438], [-121.39559963289176, 47.12666554951741], [-121.39531879189742, 47.12668863661113], [-121.39528698192673, 47.12669041145307], [-121.39506291808337, 47.126702946652216], [-121.39487619408455, 47.126709541051945], [-121.39474030192984, 47.126689343108296], [-121.39452370128475, 47.126650578776115], [-121.39422676276143, 47.12661037654661], [-121.39392105748938, 47.12658807126249], [-121.39351099667817, 47.12651034403107], [-121.39324603403597, 47.12646167339768], [-121.39265209893999, 47.12631819627101], [-121.39236100047752, 47.126269030112276], [-121.3920161003862, 47.12618327115224], [-121.39171941628867, 47.126098157470125], [-121.39159123167212, 47.12606041282005], [-121.39134192320647, 47.12598488572902], [-121.39108540750868, 47.12590015328968], [-121.39085216887726, 47.12582518042813], [-121.39059451343795, 47.125731533551196], [-121.39037878119832, 47.125683490812726], [-121.3902091278861, 47.12562688755932], [-121.3899519154967, 47.125560312628146], [-121.38977534686471, 47.12551301698626], [-121.3896055629524, 47.12544748182179], [-121.3893098712344, 47.12536235795225], [-121.38893942346168, 47.12524935974396], [-121.38868377607162, 47.125155700385726], [-121.38836987293084, 47.12506111733905], [-121.38816921443068, 47.12501330816123], [-121.38783898704828, 47.124963747712634], [-121.38765501545248, 47.124952134013384], [-121.38753431242594, 47.12494141409732], [-121.38740602712795, 47.12495781916249], [-121.38729280499314, 47.12497410932892], [-121.38726095262739, 47.124991497387114], [-121.38722925269458, 47.12501813565523], [-121.38722914620561, 47.12507229362287], [-121.38722773906964, 47.125171011996244], [-121.38724269885292, 47.12524930634902], [-121.38725192688374, 47.125297634366774], [-121.3873088136681, 47.12539727613361], [-121.38735736767788, 47.12547882901952], [-121.38742901430975, 47.12556087744749], [-121.3875019767366, 47.125661083853025], [-121.38760521230256, 47.12577031178327], [-121.38771060933459, 47.12588877710289], [-121.38777408117465, 47.125961636721634], [-121.38783021998815, 47.12601638451567], [-121.38799922300663, 47.12615390089612], [-121.38812771959986, 47.12627253467503], [-121.38829514784386, 47.12643713319518], [-121.38842496941966, 47.126573914686716], [-121.38856940107519, 47.12668385687177], [-121.38865672532789, 47.12680212833074], [-121.38870526231375, 47.12688364658324], [-121.38877838416595, 47.12699277667733], [-121.3888573606972, 47.12709293236171], [-121.3889146572995, 47.127156591955675], [-121.38899510018402, 47.12728381302743], [-121.389074244491, 47.12739287950825], [-121.38913836750376, 47.12756479351448], [-121.3891468649843, 47.12765486975472], [-121.38918667973587, 47.12775430906123], [-121.3892279313503, 47.12788079696136], [-121.38925130552818, 47.128079408486066], [-121.38931525075881, 47.12824207325025], [-121.38936409437808, 47.12834177225301], [-121.38941976474824, 47.12854972840345], [-121.389443238605, 47.1286938437395], [-121.38947560958482, 47.12882932109785], [-121.38949129206388, 47.12892859605966], [-121.3894984079654, 47.12905466825539], [-121.38951530500076, 47.1292259199161], [-121.38954621957345, 47.12933433529671], [-121.38955488075146, 47.129433301742566], [-121.3895479312685, 47.12955915562455], [-121.38957129659877, 47.12975743510505], [-121.38957810779377, 47.129865689642116], [-121.38960284931933, 47.12996489572795], [-121.38961023936467, 47.130109126673865], [-121.38962710968367, 47.13021730736502], [-121.38961797785511, 47.130334256790206], [-121.38959352884915, 47.13049587086685], [-121.38957023167141, 47.13066641168142], [-121.38953700536646, 47.13078284395301], [-121.38948940783919, 47.13088123130843], [-121.38943307122797, 47.13099752654265], [-121.38936956137205, 47.1311046012807], [-121.38929698033499, 47.13121140753127], [-121.3891763479579, 47.131326808362246], [-121.38910334078834, 47.131406899968006], [-121.38892626816448, 47.13151211054996], [-121.38881349973083, 47.13155548789395], [-121.38866038834358, 47.13158956232302], [-121.38852374729773, 47.1315875209829], [-121.38830731433633, 47.13162037430676], [-121.38807512150996, 47.131671170970826], [-121.38790562956073, 47.13168687561578], [-121.38786464863858, 47.131698497369726], [-121.38768866834059, 47.13174681214658], [-121.38748675238313, 47.13180697548031], [-121.38732704057028, 47.13186783907834], [-121.38718139317844, 47.131928594492464], [-121.38701363486803, 47.131989170374624], [-121.38678072326002, 47.132057796169235], [-121.38661126918038, 47.13213655615264], [-121.38642657694587, 47.132205843141605], [-121.38633875328044, 47.13224079728373], [-121.38617693125063, 47.13235547621676], [-121.38606431936722, 47.13247082298244], [-121.38593518585596, 47.132558866033996], [-121.38579872305036, 47.132629153264574], [-121.38571907957058, 47.13267294295344], [-121.38556584406138, 47.132760834731016], [-121.3854608196775, 47.13284937439333], [-121.3852758734654, 47.132963567969234], [-121.38517185652924, 47.13305209963967], [-121.38496178871668, 47.13316613154909], [-121.38483435699199, 47.133236338560735], [-121.38469774943046, 47.13329736790232], [-121.38457591852554, 47.13334080050267], [-121.38447903743577, 47.13337546987573], [-121.38437486156745, 47.13339203680726], [-121.38419127584613, 47.13340714030807], [-121.38388499102248, 47.13341190017949], [-121.3836432972366, 47.13343568648941], [-121.38355816448117, 47.13343443559355], [-121.38327456630162, 47.133430272826125], [-121.38295319925936, 47.133434788349135], [-121.38266327769405, 47.13345756375393], [-121.38220526534093, 47.133460378704655], [-121.38202803331943, 47.1334936163225], [-121.38177945358714, 47.1335263562879], [-121.38161024183297, 47.133559868518354], [-121.38144978132073, 47.133575487540476], [-121.38136109900091, 47.13361935660059], [-121.38135176595253, 47.13362355057735], [-121.38126438478886, 47.13366292339847], [-121.38116005492603, 47.13373330549242], [-121.38103136831008, 47.13384875625032], [-121.38096022002365, 47.13398263625207], [-121.38089524237654, 47.134062644186], [-121.38079020784352, 47.134151184062105], [-121.38067814722423, 47.134239437329114], [-121.38054067284286, 47.134309725034484], [-121.3803885433777, 47.13434344804615], [-121.38022807100712, 47.1343590690362], [-121.38005138615637, 47.134365555599224], [-121.37983350589163, 47.1343716601054], [-121.37956677734512, 47.13433267082765], [-121.37956164623502, 47.134331918238324], [-121.37938366672249, 47.13432024108224], [-121.37902222214443, 47.13427021804069], [-121.37874963049916, 47.13424830964487], [-121.37857970652801, 47.13423690555466], [-121.3782190008769, 47.134231763763424], [-121.37807446394388, 47.134238692117876], [-121.37797744110968, 47.134264456554234], [-121.37788057903417, 47.13429911299942], [-121.37776003159034, 47.13436036199553], [-121.37759914474107, 47.1344119740312], [-121.377591720715, 47.134417175135226], [-121.37748592353452, 47.134491328857465], [-121.377382315088, 47.13454385240226], [-121.37730913533868, 47.134615016414976], [-121.37726237104772, 47.13470414523718], [-121.37718043083746, 47.13479285191458], [-121.37710038458843, 47.13487297559801], [-121.37701168572964, 47.13491649864154], [-121.37685124930691, 47.13499517563795], [-121.37660208528648, 47.135054649904895], [-121.3762157168123, 47.135139152187094], [-121.37606258197064, 47.13517320902594], [-121.37597447252575, 47.13525270483309], [-121.37586143526394, 47.13540437523156], [-121.37577378020977, 47.13551094676506], [-121.37543623843153, 47.1357582190087], [-121.37511390026032, 47.13595157809466], [-121.3747375928595, 47.13609906011787], [-121.37440706432285, 47.1362204961287], [-121.37423024923235, 47.136281138762754], [-121.37412648805959, 47.136324419920506], [-121.37393385493166, 47.13633957903567], [-121.37338612993312, 47.136385879867234], [-121.37313853631046, 47.13641861161652], [-121.37296975286766, 47.13647916644331], [-121.37271326990457, 47.13658324484106], [-121.37250344774645, 47.13665234902049], [-121.37226159671025, 47.13672992662089], [-121.37201254164762, 47.13673557326449], [-121.37110613516676, 47.136902475426446], [-121.37093750294206, 47.13697195538613], [-121.37075191914047, 47.13705047408267], [-121.37056776611067, 47.137155701163984], [-121.37030885346581, 47.13729613296287], [-121.37006172037242, 47.13741863853603], [-121.36986938507602, 47.13751468642842], [-121.36957875779612, 47.13768173552496], [-121.3693459378213, 47.13775922639607], [-121.36908096915644, 47.13783662566401], [-121.36876807932906, 47.137994239691174], [-121.36858394452757, 47.13809948137908], [-121.36831710248629, 47.13818579432801], [-121.3681408507954, 47.138219003051994], [-121.36786726897897, 47.13832319802136], [-121.36764420148732, 47.13841363996058], [-121.36761077281395, 47.1384276032338], [-121.36737852973351, 47.1384783555112], [-121.36725738084448, 47.13850359197449], [-121.36699154769273, 47.13852683612408], [-121.36681469515905, 47.138587113991335], [-121.36655876431259, 47.13866443962368], [-121.36635610125454, 47.13874274001893], [-121.36623538686784, 47.1388577811778], [-121.36608369065148, 47.13898161657587], [-121.36593183076027, 47.13909655161157], [-121.36571379539264, 47.13921951158], [-121.36549692268287, 47.139351377290616], [-121.36532826505642, 47.13942085268542], [-121.3650797891632, 47.13952517863298], [-121.36477504869588, 47.13962892733441], [-121.36455672176292, 47.13973370576822], [-121.36443614697097, 47.13979493985382], [-121.36415655348341, 47.13989918162193], [-121.36390663291982, 47.1399764527424], [-121.36371300638672, 47.140054652980155], [-121.36346523819837, 47.14014117545228], [-121.36328839251172, 47.14020179411016], [-121.36311082772016, 47.14028024039702], [-121.3629592368471, 47.14034992038025], [-121.36276618484531, 47.14046412680744], [-121.36267746522884, 47.14050797071251], [-121.36257985725376, 47.140497392252044], [-121.3623800198712, 47.14037755295882], [-121.36230406101174, 47.14029172099109], [-121.3622429165108, 47.14022262765532], [-121.36201912048097, 47.1400484742254], [-121.36182576102938, 47.13995566131092], [-121.3615925078075, 47.13981756537427], [-121.36142223373587, 47.13972492335851], [-121.36126173584891, 47.13961471766604], [-121.36110829047249, 47.1395675343607], [-121.36087645179337, 47.13945616294929], [-121.36080352578651, 47.13941934366651], [-121.36080310581889, 47.13926614874225], [-121.360772232856, 47.13909466447028], [-121.36064274176965, 47.13891294406968], [-121.36053048066285, 47.13880341362384], [-121.36035276722477, 47.138683745274854], [-121.36013658512572, 47.13854586838526], [-121.35989385629068, 47.13844313827745], [-121.35967755612074, 47.13835905827332], [-121.35948446663174, 47.13828441193162], [-121.35930749831994, 47.13814691750412], [-121.35916321566907, 47.137982764508486], [-121.35908197819673, 47.137927867629365], [-121.35897789032853, 47.137890254169626], [-121.358711757508, 47.1378953099296], [-121.35859951867828, 47.137911909780065], [-121.35831846197546, 47.137988714672076], [-121.3581490790525, 47.138076339455196], [-121.3580448861013, 47.13809288982387], [-121.35798111703446, 47.13806490846718], [-121.35786113525316, 47.13797325889164], [-121.35773956012791, 47.13784563320199], [-121.35770712724536, 47.13776396504459], [-121.35761984846805, 47.13770874584492], [-121.35740956197449, 47.13768768856181], [-121.35723315807375, 47.1376492353728], [-121.35704784209945, 47.13755669850353], [-121.35695109705618, 47.137474136000804], [-121.356726167362, 47.13729106231065], [-121.35655795025768, 47.137198733469276], [-121.35645361230473, 47.13714329706664], [-121.3563081821185, 47.1370960480442], [-121.35606747598179, 47.13705669847316], [-121.35596326469204, 47.137073253414094], [-121.35573776406873, 47.13710576618299], [-121.35562537292259, 47.13717617462984], [-121.35554556064518, 47.13721104310201], [-121.35536958058442, 47.13719965419258], [-121.35521641235104, 47.13723336144414], [-121.35512622517085, 47.13726769286911], [-121.35507961407968, 47.137285435618125], [-121.35494282497088, 47.137337522153736], [-121.35485466861294, 47.137480062634], [-121.35478189406916, 47.137577939260794], [-121.354741683062, 47.13770334426073], [-121.35470162709989, 47.13777493416737], [-121.35450929284082, 47.13780822748246], [-121.35425134301266, 47.137885538009286], [-121.35413089644237, 47.13795565095376], [-121.35398678539764, 47.137989633259544], [-121.35379328330863, 47.137950964712836], [-121.35365648086271, 47.13793997287651], [-121.3535047902829, 47.137929638657276], [-121.35348856366791, 47.13792853144105], [-121.35331960263726, 47.137917103765076], [-121.35318281629225, 47.1379061175476], [-121.35303740668904, 47.13785886427659], [-121.35288453315434, 47.13784765008799], [-121.35274772598362, 47.13783666351102], [-121.35263677732263, 47.137934138476425], [-121.35255594223432, 47.13809513112122], [-121.35254382508775, 47.138112096653636], [-121.35243505421008, 47.138264308412], [-121.35238696803779, 47.13833561125638], [-121.3522749948404, 47.13830697109784], [-121.3520980137587, 47.13823253376453], [-121.35196151375237, 47.138176291412115], [-121.35169185962994, 47.138013261943904], [-121.35168764143779, 47.13801071212316], [-121.35146302094026, 47.13790818094156], [-121.3512785809821, 47.13786978148788], [-121.35103643596977, 47.137803359127], [-121.35075638894045, 47.13775401222736], [-121.35055472659546, 47.13770614523891], [-121.35045811878877, 47.13763281687478], [-121.35028043708304, 47.137513479292565], [-121.35009602011971, 47.137348609148034], [-121.3498879155812, 47.137210640362085], [-121.34971811323435, 47.137145393429094], [-121.34954143012992, 47.137151836839614], [-121.34938092588905, 47.13716741149615], [-121.34919601825897, 47.137290785811246], [-121.34897107579802, 47.13742233780648], [-121.34886872219329, 47.13749700456634], [-121.34877741673435, 47.13756361171386], [-121.34861746289829, 47.13767823061253], [-121.34846545901388, 47.13778421791148], [-121.34831241965139, 47.13782680648377], [-121.34812038770278, 47.137815201390296], [-121.34802275715556, 47.137804610851205], [-121.34781320168214, 47.13776570466253], [-121.34761238933292, 47.13777197574458], [-121.34747743104234, 47.13781477245971], [-121.34743782755763, 47.13782671329682], [-121.34742145483014, 47.137831637996], [-121.34730705434049, 47.13783933864639], [-121.34714644814547, 47.137783274543594], [-121.34709063101907, 47.1377463419748], [-121.34700210743668, 47.13754715491642], [-121.34684840363421, 47.137356010815495], [-121.34660733683278, 47.13703730971563], [-121.34648664025737, 47.136900751071686], [-121.34628673406513, 47.13670890553688], [-121.3460773597512, 47.13648971240276], [-121.3459235139531, 47.13635271032432], [-121.34575519074949, 47.13618840461181], [-121.34555543122246, 47.13600547518608], [-121.34532910140797, 47.13585804113239], [-121.34507951664784, 47.13570152356253], [-121.3448952931689, 47.135545880673824], [-121.34469448260128, 47.13542600734736], [-121.34437963375223, 47.13520554343421], [-121.34413149432227, 47.13507608888719], [-121.34387345542648, 47.134955265609804], [-121.3436082218419, 47.134888307271154], [-121.34333495778692, 47.13482141681571], [-121.34315107164713, 47.13481865896419], [-121.34283632617763, 47.13479627088488], [-121.34250691740381, 47.13480037897055], [-121.34217920125832, 47.134849729950666], [-121.34194508562864, 47.13490936502501], [-121.34174397694579, 47.13496052447911], [-121.34170901532089, 47.13496635559034], [-121.34144742576254, 47.1350099612596], [-121.3410928859345, 47.13501393340143], [-121.34099038011615, 47.13501243752125], [-121.34079549383861, 47.13500959492995], [-121.34056573792166, 47.1349632760346], [-121.34036218927233, 47.13492225539312], [-121.34007239438861, 47.13489110627129], [-121.33977561623063, 47.13479696268354], [-121.3395505650063, 47.1347307385387], [-121.3392204737081, 47.134626882530796], [-121.33893975826982, 47.134532953026536], [-121.33874585608844, 47.13446683947293], [-121.338480801524, 47.134346061448156], [-121.33823886526795, 47.13422580693895], [-121.33798944730628, 47.13407817702665], [-121.33780491299657, 47.133967445803464], [-121.3375720562351, 47.133720978453596], [-121.33737161580667, 47.133556204287075], [-121.3371535173508, 47.133354885321886], [-121.33698506389655, 47.13324471730075], [-121.33689739281373, 47.133162412505264], [-121.33671230962861, 47.133015684951516], [-121.33660787671074, 47.13288825141269], [-121.33651115687242, 47.13280566907984], [-121.33635752874, 47.132614499744776], [-121.33627706397665, 47.13247833833457], [-121.33618942519958, 47.13233330401539], [-121.33611759412128, 47.132169982814915], [-121.33605277065094, 47.13200731704511], [-121.33594781679194, 47.13178084177364], [-121.33589964744147, 47.13165402703635], [-121.33581072463102, 47.131490835530684], [-121.33570618770791, 47.13129142362896], [-121.33561838354345, 47.13119987470077], [-121.3354652709806, 47.131107749806766], [-121.3351931838893, 47.13104972948848], [-121.33500731824122, 47.13104731581932], [-121.33475068099432, 47.131079313778415], [-121.33455748581147, 47.131121508625974], [-121.33417924845918, 47.13121506281343], [-121.33411607935675, 47.13124104616388], [-121.33377802447819, 47.13138008514581], [-121.3336337428805, 47.13146817485999], [-121.33344826558032, 47.13155554403916], [-121.33322315621933, 47.1316781581859], [-121.33303034276324, 47.13181013584933], [-121.33284583492566, 47.13196055502486], [-121.33271743518127, 47.13216576078575], [-121.33262091671114, 47.132290189086504], [-121.3324930557815, 47.13253136134534], [-121.33242032676623, 47.132764266841605], [-121.33235647898307, 47.132988201556266], [-121.33231651572926, 47.1331317548594], [-121.33222693799485, 47.1331845000379], [-121.3321478359862, 47.13320117478073], [-121.3319460290432, 47.13320741603146], [-121.33153739492157, 47.13321928139644], [-121.33114223681633, 47.1332584613434], [-121.3311244943064, 47.13325988072728], [-121.33094961193989, 47.133273898708566], [-121.33072582218418, 47.13328853152989], [-121.3304684609582, 47.13333870379635], [-121.33023420677684, 47.13338940578202], [-121.32992229377118, 47.13342078150421], [-121.32954380971249, 47.13343342454402], [-121.32918164544111, 47.13346413878857], [-121.3289402110912, 47.13350563835934], [-121.32860359712917, 47.13356356966449], [-121.32845818817225, 47.133579339047024], [-121.3282658710793, 47.133549535206484], [-121.32741344529919, 47.13331230139041], [-121.32696307671962, 47.13322469484218], [-121.32680338365839, 47.13315934931593], [-121.32661033299577, 47.133147369571624], [-121.32644870728242, 47.13315400292367], [-121.32622422413054, 47.13318679361325], [-121.32600716853263, 47.133246618049824], [-121.32570137953493, 47.13335024057991], [-121.32568510242317, 47.13335817061651], [-121.32539630320487, 47.13349877954093], [-121.3251640220009, 47.13354945711935], [-121.32489784099367, 47.13368058094367], [-121.32464128229228, 47.13378454463297], [-121.32445605266668, 47.13389005900584], [-121.32434403551103, 47.13398717511409], [-121.3243044594567, 47.13415779643652], [-121.32419078954544, 47.13414694668951], [-121.32399113408309, 47.13416208340802], [-121.32384540496305, 47.13422309541543], [-121.32374027115291, 47.134311247015496], [-121.32343567216861, 47.13436106188634], [-121.32313089112368, 47.13446434736597], [-121.3228411760127, 47.134568197661785], [-121.3226557019074, 47.134592485074954], [-121.32241454020806, 47.13465178515999], [-121.32202885559727, 47.13485332506149], [-121.3218608882818, 47.13490490945825], [-121.32170785571245, 47.134947454611606], [-121.32152365747656, 47.13498989632814], [-121.32132213588172, 47.13501395649943], [-121.32113740115923, 47.13502005750408], [-121.32095983471379, 47.135035723802076], [-121.32074409388845, 47.13505027644942], [-121.32055019487126, 47.1350995584202], [-121.320542950036, 47.1351013991151], [-121.32011704858324, 47.135167153086], [-121.32001854165047, 47.13518175048501], [-121.31967504628595, 47.1352326634263], [-121.31939355583783, 47.13528265722306], [-121.31919573365128, 47.135288247874236], [-121.31918367396382, 47.13528858702652], [-121.31904690527456, 47.1352775630766], [-121.31890300080376, 47.13519427596488], [-121.31873344297318, 47.1350748327964], [-121.31864639453687, 47.1349657681915], [-121.31858158435274, 47.13486581169179], [-121.31841997362167, 47.13487243636206], [-121.31817138086207, 47.13503973953593], [-121.31801930499941, 47.13514535867876], [-121.31791430563446, 47.13524275159058], [-121.31775418653865, 47.13534841289231], [-121.31771880306728, 47.135369001798814], [-121.31764862524801, 47.13540982817345], [-121.31755377096503, 47.13525498084941], [-121.3175374077528, 47.135228283741874], [-121.31739157962558, 47.13501920586629], [-121.317174471435, 47.13474621562107], [-121.31700526401013, 47.13451845815143], [-121.31679749067844, 47.13426355649904], [-121.31666013916512, 47.13408150409348], [-121.31656438446193, 47.13392726590322], [-121.31645984258151, 47.13379055862904], [-121.31630809277097, 47.13365351269318], [-121.31620216222227, 47.133490088491], [-121.31613004688239, 47.133372008898014], [-121.31600201055977, 47.13320804521942], [-121.31572792064476, 47.13295190327742], [-121.31543070488158, 47.13275864161274], [-121.31526322641778, 47.132711146839036], [-121.3150705241569, 47.13265424019039], [-121.31483712767024, 47.13263293221134], [-121.31468338781781, 47.13269364998922], [-121.31452308107944, 47.132853464706436], [-121.31441778381745, 47.13299575909822], [-121.31439482749754, 47.133030986449015], [-121.31429012560766, 47.133191681004234], [-121.31407254304527, 47.13354863557619], [-121.31396790227137, 47.13373616560354], [-121.3138394469586, 47.133878286044975], [-121.31362253640098, 47.13408202946524], [-121.31340557143, 47.13421380474512], [-121.31313213059902, 47.13439874530771], [-121.31290047571335, 47.134557353025976], [-121.31261812646585, 47.13475093065968], [-121.31236810452425, 47.13489150481234], [-121.31212825985239, 47.135040918122655], [-121.3119276317457, 47.135190723834235], [-121.31161358064105, 47.13534821103912], [-121.31125183795473, 47.13554096452108], [-121.31096323169649, 47.135653351798375], [-121.31071397151663, 47.13577574455303], [-121.31046439330855, 47.135879981009374], [-121.31015856359058, 47.135983575788494], [-121.30992669493641, 47.136061288826276], [-121.30966835102028, 47.136183390294825], [-121.30946774830285, 47.13627049086739], [-121.3092905761241, 47.136312860168005], [-121.30904996832083, 47.13634504831728], [-121.30872068133516, 47.136358316729286], [-121.3085354120218, 47.136328423589084], [-121.30851534339789, 47.13632455095269], [-121.30833491632156, 47.13628973531789], [-121.30801259912506, 47.136230981383996], [-121.30778023497908, 47.1362096356834], [-121.30753881565612, 47.13618802623374], [-121.30722472942765, 47.136210095402255], [-121.3069603459543, 47.13619721089307], [-121.30647833503123, 47.136208108058916], [-121.30593088974766, 47.13620919169863], [-121.30533620088818, 47.136209227363736], [-121.30496659294977, 47.13621282297926], [-121.30472486228264, 47.13623643786231], [-121.30444467480027, 47.13624113731019], [-121.3041711647397, 47.136291031145575], [-121.30390643305594, 47.136323030064204], [-121.30355921273006, 47.136344976958576], [-121.30343113563619, 47.13637912013092], [-121.30327967990213, 47.136394906944815], [-121.30326408455343, 47.13640498533367], [-121.30323889723076, 47.13642124570004], [-121.30322248656579, 47.136465912178636], [-121.30339952310267, 47.136549677423695], [-121.30387359114708, 47.13674551983332], [-121.3042996694354, 47.13695882488567], [-121.30460495520232, 47.13715239414371], [-121.30483751256492, 47.13725497847179], [-121.30509575179636, 47.137393699371756], [-121.30535278191253, 47.137586235401024], [-121.30540155652908, 47.137623263977666], [-121.30544925394612, 47.1377226487976], [-121.30538421399955, 47.13773991327374], [-121.30521508009112, 47.13778222384103], [-121.30507152864585, 47.1377890467035], [-121.30483072241191, 47.13774068378635], [-121.30451669301206, 47.13770002394418], [-121.30432350319816, 47.13767910027833], [-121.3042759427156, 47.137858338084804], [-121.30428359665643, 47.1381016265477], [-121.30431523029513, 47.13833584323042], [-121.30434712623334, 47.13858820971174], [-121.30434867245877, 47.13875923987576], [-121.30430018445804, 47.13887576562545], [-121.30417071580962, 47.13901787825908], [-121.30400974869704, 47.13920442308886], [-121.30385795371275, 47.13940014793324], [-121.30374364129023, 47.13961446975128], [-121.30362406159604, 47.13974760175673], [-121.3035188365942, 47.139898795382344], [-121.30340690206631, 47.140005147605486], [-121.30324633353835, 47.14021877202257], [-121.3031172534611, 47.140387943499334], [-121.3029251229983, 47.14057401410757], [-121.3028036693455, 47.14071640494334], [-121.30250600122629, 47.14096387686717], [-121.30230569232896, 47.141140742928904], [-121.30216898396941, 47.1413367132682], [-121.3021132496728, 47.14150676887004], [-121.30211250460934, 47.1416599680728], [-121.30211365991522, 47.14180391364709], [-121.30212798706505, 47.14195701544809], [-121.3020240895066, 47.14233338440036], [-121.30199997611876, 47.14260328378913], [-121.30191195926194, 47.1428986499194], [-121.30184690287, 47.14318563367812], [-121.3017825330573, 47.14338281888362], [-121.30170221945414, 47.1437237118629], [-121.30165303935884, 47.14392970279412], [-121.30163836790959, 47.14422660915065], [-121.3016055413904, 47.144450988160195], [-121.30162973460924, 47.144523487997375], [-121.3016862071099, 47.144605349847836], [-121.30183037861231, 47.14484118263412], [-121.30201527444156, 47.14497904797714], [-121.30221639740674, 47.14512606153644], [-121.30223322957333, 47.14524316461622], [-121.30218405149684, 47.14531444986465], [-121.30210411854644, 47.1454123419735], [-121.3018878031911, 47.14552593130126], [-121.30161332701901, 47.14564812222428], [-121.30127653685818, 47.14576904510025], [-121.3010188768663, 47.14587331636839], [-121.30084937087767, 47.14596052142164], [-121.3006651992723, 47.14607491034912], [-121.3006573662246, 47.146155844349046], [-121.30069581183099, 47.14617443224541], [-121.30072838846611, 47.1462019575602], [-121.30092997582135, 47.14617794407978], [-121.30111421013041, 47.14613553547377], [-121.30129113090288, 47.14607501937006], [-121.30149218674744, 47.146015013948954], [-121.30162993087735, 47.14595408344098], [-121.30173345279334, 47.145955761138204], [-121.30182201343185, 47.14596611814578], [-121.30169405947758, 47.146009162239274], [-121.30156535684199, 47.14607038276663], [-121.30139553058235, 47.14620282229414], [-121.30129120448073, 47.14628202871989], [-121.30121116090643, 47.14637101334769], [-121.30119473504392, 47.146415683955496], [-121.30123531893726, 47.146443164430856], [-121.30130755945035, 47.14643546625661], [-121.30158136433079, 47.14640341354711], [-121.30174925412149, 47.14634294227477], [-121.30190275154855, 47.146327146254556], [-121.30205542829962, 47.14625753333641], [-121.30214413149196, 47.14627679668876], [-121.30202387969348, 47.14636502905192], [-121.30187011311116, 47.14649770688634], [-121.30170887525534, 47.14666643094698], [-121.30150123962657, 47.146825187120406], [-121.3013732139539, 47.14693130221125], [-121.30117035914526, 47.147072195981025], [-121.30092212694552, 47.14720348145914], [-121.30072013670015, 47.147335456350305], [-121.30053507734327, 47.147458753304775], [-121.30027920205494, 47.147616816597456], [-121.30006268630457, 47.14764984696833], [-121.29982000381571, 47.14768203334551], [-121.29957170484295, 47.14774134779114], [-121.29930620423688, 47.147791502432185], [-121.29916081243671, 47.14787921015203], [-121.29896757825583, 47.1479933062399], [-121.29890365875542, 47.14808594515373], [-121.29872766299437, 47.14814268819466], [-121.29856652819737, 47.14818527249558], [-121.29843754706297, 47.148228666327725]]]}}, {"type": "Feature", "properties": {"OBJECTID": 72, "GMU_Num": 485, "GMU_Name": "Green River", "WDFWReg_Num": 4, "LndH2O_Ind": 1, "Label_Ind": 1, "EastWest_Ind": 2, "In_Effect_Desc": "April 1 2025 to March 31 2026", "ShapeSTArea": 3787728866.031648, "ShapeSTLength": 403027.36452965374}, "geometry": {"type": "Polygon", "coordinates": [[[-121.85399736595018, 47.34360207946079], [-121.8554517070354, 47.34360453475499], [-121.85547672526567, 47.34290291341373], [-121.8552238665295, 47.34275812676108], [-121.85505881950314, 47.34267791245978], [-121.85479218066443, 47.34256593114356], [-121.85440705955048, 47.342422135487396], [-121.85418790291305, 47.342295459644596], [-121.85409597260404, 47.342139913320025], [-121.85402515549693, 47.342031232243485], [-121.85397823171326, 47.341817759359586], [-121.85376025925521, 47.34136085514553], [-121.85362088102703, 47.341125451830074], [-121.85350383763982, 47.34089126763366], [-121.85340114898847, 47.340727524977304], [-121.85335531645582, 47.34059561599701], [-121.85334944381161, 47.340516275560745], [-121.85336439314925, 47.34039558172096], [-121.8534134862972, 47.34025105518864], [-121.8534884714255, 47.34010335418906], [-121.85352988803928, 47.3400088859761], [-121.85357327857393, 47.33979383922518], [-121.85367936625875, 47.339466488806146], [-121.85384156143321, 47.33913275134358], [-121.85389907313301, 47.33897638746433], [-121.85388466349094, 47.33890300477221], [-121.85383184555762, 47.33885643286114], [-121.85377487360643, 47.33881872002274], [-121.8536706161617, 47.33879613677537], [-121.85354495946278, 47.33878550680279], [-121.85343660633659, 47.33877472162825], [-121.85334918856312, 47.33872846134566], [-121.85330917319851, 47.33867295172981], [-121.85323573042531, 47.338456017436066], [-121.85322143718983, 47.33838851574877], [-121.85323730486378, 47.33831485989876], [-121.85330455489549, 47.33821427809722], [-121.85337653284522, 47.33813423551901], [-121.85339228492204, 47.33805470123486], [-121.85336103567965, 47.33800499431073], [-121.85328653633144, 47.33795567670322], [-121.8531820487858, 47.33792133261562], [-121.85220106025874, 47.337747855416126], [-121.85202322405088, 47.33772299223265], [-121.85191475686358, 47.33770632544165], [-121.85183622010267, 47.33767174613838], [-121.85177043110144, 47.33762528934789], [-121.85169143787726, 47.337567189971686], [-121.8516385080495, 47.33751473862875], [-121.85161528093832, 47.33743261356051], [-121.8515478314529, 47.33730089802781], [-121.85152437694684, 47.337207013387115], [-121.85149516682496, 47.33703966831965], [-121.85147102437008, 47.336910504174725], [-121.85144756884625, 47.336816619519055], [-121.85144147050966, 47.33672551933038], [-121.85139252271296, 47.336655387630074], [-121.85132046523414, 47.33650901094325], [-121.85128687049189, 47.33637962398325], [-121.85129562385006, 47.33621872575161], [-121.85109316412542, 47.33564529161544], [-121.8511208800673, 47.335298248698024], [-121.85116178467969, 47.33509753862005], [-121.85126481096998, 47.33490095470158], [-121.85142966448711, 47.334693270948996], [-121.8515199830294, 47.33459770192705], [-121.85158635698659, 47.3345090921814], [-121.85163811660973, 47.334389315244366], [-121.85166024867021, 47.33432097149825], [-121.85168061942079, 47.33421651600621], [-121.85167948871617, 47.33411030312124], [-121.85162592848351, 47.333970032451504], [-121.85154160245814, 47.333909298993014], [-121.85144539632516, 47.33381911706021], [-121.851329469761, 47.333352691085686], [-121.85131534955347, 47.33315833322622], [-121.8511809996049, 47.33254210854727], [-121.85119916982214, 47.332413069342735], [-121.85121447627162, 47.332225475474765], [-121.85128448735354, 47.33201513052589], [-121.85148860049583, 47.33161143654107], [-121.85150105249618, 47.331454329859376], [-121.8514526614929, 47.33135869433524], [-121.85137103327972, 47.33126732952934], [-121.8512861270866, 47.33121374272897], [-121.85123880917281, 47.33117316252648], [-121.85118931082187, 47.33110916870906], [-121.85115897208225, 47.33105554896718], [-121.85113568471223, 47.33101006580622], [-121.85113431725433, 47.330939781845544], [-121.85115017033854, 47.33082204149565], [-121.85119879706738, 47.330533829927624], [-121.85127943946156, 47.33033861814863], [-121.85131411680196, 47.330260981107834], [-121.85132395836818, 47.33018068897954], [-121.85129366476475, 47.3300824298242], [-121.85119991904375, 47.3299714517737], [-121.85114808381462, 47.32987584720853], [-121.85114049973794, 47.32975172546225], [-121.85117990403019, 47.32956274420965], [-121.851225707921, 47.329436971457326], [-121.8512598882131, 47.32937549245878], [-121.8513894613942, 47.32935372773851], [-121.8515151141531, 47.329369664795166], [-121.85164900464954, 47.32944810421908], [-121.85174624952386, 47.32950940227219], [-121.85181925811793, 47.32955710908483], [-121.85190261822517, 47.32960303905895], [-121.85198029054588, 47.329604325271625], [-121.85219547073454, 47.32959226892559], [-121.85233663903506, 47.32958514118337], [-121.8524758542594, 47.329566313384156], [-121.85261748880632, 47.32949474258932], [-121.8527601339943, 47.32942590360247], [-121.85285421019341, 47.329312837193406], [-121.85281805609694, 47.32917543235623], [-121.85277199359807, 47.32902236770269], [-121.85267256562331, 47.328872127527774], [-121.85253965994727, 47.32877256692177], [-121.85236035267037, 47.32867928206012], [-121.8521397166744, 47.32858754018983], [-121.85187911314675, 47.32847858389368], [-121.85164812050616, 47.32838576263134], [-121.85125487806168, 47.328279169905095], [-121.85110247641123, 47.328242006874795], [-121.85085649965391, 47.32821092614521], [-121.85062937176917, 47.32816095248916], [-121.85039831791465, 47.32809098735705], [-121.85006202946008, 47.32798640120488], [-121.8499478738722, 47.327971070980304], [-121.84982020809258, 47.32797320161225], [-121.84957758835702, 47.327981425724474], [-121.84921350639537, 47.328013899301034], [-121.8488868674679, 47.327995826968085], [-121.84877792220844, 47.327973953410094], [-121.8487068448927, 47.32791829860166], [-121.84869072025117, 47.3278335631828], [-121.84864755280701, 47.32774022175896], [-121.8485288054311, 47.32765927561883], [-121.84844386887558, 47.3276391818243], [-121.8482553622403, 47.3275984612616], [-121.84809199941138, 47.32758659064819], [-121.84781840835431, 47.32759997757518], [-121.84767266676444, 47.32758493925471], [-121.84758389051883, 47.32753887129089], [-121.8475118904244, 47.32746922065122], [-121.84748271319867, 47.32738629915276], [-121.84740433459419, 47.32707652733882], [-121.84734140069747, 47.326941186127854], [-121.84726527667603, 47.3268364251623], [-121.8470200795043, 47.32654337892832], [-121.84691162927002, 47.32645999511416], [-121.84675902140476, 47.32640981166384], [-121.84652525649298, 47.32635098042039], [-121.84638605590683, 47.32630963862417], [-121.84624647308995, 47.32628083698992], [-121.84595051320798, 47.32621313579658], [-121.8458001453606, 47.3261566675071], [-121.84561422484525, 47.326057687163406], [-121.84527939973746, 47.32591787359357], [-121.84518870616841, 47.32587186833915], [-121.84508703374811, 47.325821692048514], [-121.84497555593958, 47.32578506305181], [-121.84476516787784, 47.3257592045657], [-121.84464917793161, 47.32575436086591], [-121.84450448647785, 47.32572360577669], [-121.84432981251668, 47.32566712946033], [-121.84417893895835, 47.32560803723166], [-121.8440062217102, 47.325558073333596], [-121.84389052206099, 47.325545047278055], [-121.84372839536334, 47.325537121697245], [-121.84356917750884, 47.32552441772178], [-121.84338317085782, 47.3254669530599], [-121.84320947175185, 47.32538687904371], [-121.84303250613847, 47.32528206588476], [-121.84278685597953, 47.325142493705435], [-121.84229062312814, 47.324786067410585], [-121.84183434549809, 47.324356643184316], [-121.84126687609243, 47.323789960483], [-121.84098465386853, 47.323629621909944], [-121.84071795115072, 47.32355935718467], [-121.84030736997092, 47.32352617073488], [-121.84002067623695, 47.32349878082834], [-121.83977963760421, 47.3234189120364], [-121.83957524666445, 47.323195060879], [-121.83929393064129, 47.32291455576375], [-121.83904099800706, 47.322748426365585], [-121.83882498441888, 47.32259392489115], [-121.83876141076782, 47.32253887464677], [-121.83867721914214, 47.322508235410915], [-121.83859032258758, 47.322500407835655], [-121.83776216944635, 47.32253236494773], [-121.83767701067211, 47.32255198224836], [-121.83745736972445, 47.322631140084574], [-121.83698918654054, 47.322835635579516], [-121.83665064767769, 47.322930187910764], [-121.83658191571621, 47.32290856199071], [-121.83650339951922, 47.32277160440585], [-121.83639896721837, 47.32260654958897], [-121.8357568710834, 47.322213247418816], [-121.83536144775763, 47.321980967262775], [-121.83489236079414, 47.32180136566288], [-121.83422583190402, 47.321599132725986], [-121.83334225258605, 47.321378684411904], [-121.83305690529455, 47.321212861705966], [-121.83284938356461, 47.321104881378545], [-121.83274266904382, 47.321071794312], [-121.832652647002, 47.32105486282943], [-121.83225021878053, 47.32106177179972], [-121.83179149905504, 47.32115468306259], [-121.83153987698414, 47.321151044514245], [-121.83128765241536, 47.321115778026524], [-121.8310669290204, 47.32101579595758], [-121.83091654745525, 47.32089996238567], [-121.83079765267695, 47.320708685229064], [-121.83071382815639, 47.32050283154169], [-121.83069515313262, 47.3202997270731], [-121.83072755390643, 47.32011431729259], [-121.83076856143826, 47.319913499397124], [-121.83080891800262, 47.319673664424144], [-121.83080688128484, 47.3195758566302], [-121.83075290288777, 47.31945565830596], [-121.8306645839198, 47.31934162126311], [-121.83056203240457, 47.31928619874478], [-121.83047930200793, 47.319217592767075], [-121.83044644533199, 47.31918209554558], [-121.8304316333007, 47.31913561685275], [-121.83044198071245, 47.31896164293228], [-121.8303952779725, 47.31877108444103], [-121.83030324751265, 47.318643019987675], [-121.83017027803973, 47.31853640449751], [-121.83000639173969, 47.318434748436935], [-121.82935549042855, 47.318080732899695], [-121.82880877342853, 47.317739021287466], [-121.82846187357629, 47.317492927084196], [-121.82816507222273, 47.3172793579263], [-121.82804950095736, 47.31711296766051], [-121.82793665149063, 47.31679953841252], [-121.82792296375965, 47.316687488354134], [-121.82795046478114, 47.31659351997693], [-121.82801977501208, 47.316523786590416], [-121.82814304870824, 47.31639265568061], [-121.82881099549502, 47.31591345875879], [-121.82894567488533, 47.315748250813066], [-121.82911127297515, 47.315673147432776], [-121.82925956659683, 47.31555608338423], [-121.82950498792522, 47.31546497192922], [-121.82964555209004, 47.315398754899384], [-121.82976626604236, 47.31532193233742], [-121.82983330759372, 47.31518107726794], [-121.82979085360331, 47.31507768924825], [-121.82980776013426, 47.31497662432558], [-121.8298607154107, 47.31490900061744], [-121.82997621846249, 47.31482480417701], [-121.830072357975, 47.31470620054839], [-121.83016036833429, 47.314638851139385], [-121.83024587914186, 47.31454646391425], [-121.82999697404368, 47.31437848491395], [-121.82992248997607, 47.31426606613242], [-121.8303260662642, 47.31394984331398], [-121.8303793074818, 47.31368299626287], [-121.83039571428682, 47.31345907777592], [-121.83059487482295, 47.31324292125508], [-121.83105857267753, 47.31232070938841], [-121.83113618918934, 47.31214510904489], [-121.83123358651788, 47.31207231271481], [-121.8313340865594, 47.31201464523047], [-121.8315456372563, 47.31169857987698], [-121.831647058605, 47.31150671449425], [-121.83166374702839, 47.311426193975294], [-121.83200522475167, 47.311047803720875], [-121.83206521407861, 47.310907789958634], [-121.83218723684975, 47.3107462701696], [-121.8323180363744, 47.310655100704025], [-121.83253521187993, 47.31057735736334], [-121.83260967910405, 47.31049650555964], [-121.83235584268867, 47.30985054667791], [-121.83239992743987, 47.30970740035827], [-121.83252909184213, 47.30960174600691], [-121.83257829433511, 47.30952354324921], [-121.83255013146109, 47.309488381226906], [-121.83246656336749, 47.309432724229445], [-121.83251844685908, 47.30930905004273], [-121.83267518873144, 47.30922430918106], [-121.83317629532604, 47.30885948861353], [-121.83324406953349, 47.30863916800595], [-121.8332353502447, 47.30822443147202], [-121.83343316430157, 47.30794166835736], [-121.83370624741902, 47.307683924288476], [-121.83385217463173, 47.30744520789805], [-121.83393306033497, 47.30729747680103], [-121.83420228703491, 47.30711538015213], [-121.83450713638356, 47.30684263288073], [-121.83461023418023, 47.306788108882856], [-121.83484140777058, 47.30679913085456], [-121.83518690966113, 47.30682293453319], [-121.83558056262527, 47.306815761632016], [-121.83583982966398, 47.3067922956267], [-121.83602171742996, 47.3066708498065], [-121.8365134842481, 47.306590216065665], [-121.83675293079953, 47.30665215713486], [-121.83711994418998, 47.30669519425752], [-121.83724802007636, 47.30664431650375], [-121.83749142935498, 47.30659662343999], [-121.83791723081058, 47.30661958988782], [-121.83807321730367, 47.30652902253881], [-121.83821604441349, 47.30641511370893], [-121.83844176945986, 47.30608951759104], [-121.8386161977765, 47.3058748989972], [-121.8387366458861, 47.30565432994987], [-121.83859977882352, 47.305408660367654], [-121.83843608065114, 47.3051807976208], [-121.83826641479972, 47.30501558713762], [-121.8381562285475, 47.304921229160094], [-121.83803576174996, 47.30483898682738], [-121.83794374591037, 47.3047660139515], [-121.83786343532827, 47.30465725915235], [-121.83785133516658, 47.30457616635778], [-121.83785978610354, 47.30449072254979], [-121.83789276722665, 47.304419050205816], [-121.83797346261959, 47.30432094926889], [-121.83805371131858, 47.30424530303648], [-121.83818648332948, 47.30417453725928], [-121.83831579048278, 47.30412643095699], [-121.83842838346209, 47.304095142125], [-121.83872998914471, 47.30412270735005], [-121.83895274834254, 47.304152360803705], [-121.83914489361325, 47.304202202778825], [-121.8393244663944, 47.30422520963851], [-121.8394879313925, 47.304216726346525], [-121.83960207637331, 47.30419533387766], [-121.83995922923438, 47.3041063176562], [-121.84034102535762, 47.30392652604787], [-121.84040455802804, 47.30393628998827], [-121.84061775751823, 47.304031120945154], [-121.84088159174999, 47.30417290375931], [-121.84099743477923, 47.30422899119068], [-121.8411573952327, 47.30425041383973], [-121.84131934861787, 47.30422993123085], [-121.84148428222089, 47.30421894162529], [-121.84170451920313, 47.30431788854126], [-121.84186786535571, 47.30436974334167], [-121.84205883090691, 47.30440231187464], [-121.84219555975862, 47.30438014986972], [-121.84237338736156, 47.30431192443564], [-121.84256542763518, 47.30425499691808], [-121.84264908854686, 47.3042115299593], [-121.8427705050718, 47.304148449732395], [-121.84286186729697, 47.3040869319182], [-121.84310818973331, 47.303951231520486], [-121.843182687206, 47.303895351404805], [-121.84325711035864, 47.303835664071464], [-121.84331466807521, 47.303772319974016], [-121.84347254174264, 47.30354053107739], [-121.84350480171994, 47.30347170002855], [-121.84357318708426, 47.30338921896686], [-121.84375745666564, 47.30322002504741], [-121.84388968889195, 47.30319758474885], [-121.8440338888393, 47.303185188203834], [-121.84434869201989, 47.30310812003633], [-121.84449547019874, 47.303026842613946], [-121.84458561535712, 47.30291179925798], [-121.84460278449835, 47.302799784577815], [-121.84463818001629, 47.30265229667446], [-121.8445521548157, 47.3023472340423], [-121.84448985986137, 47.30219952867525], [-121.84447562948297, 47.30207835036136], [-121.84445023278815, 47.30202659816062], [-121.84439471197345, 47.302036416128516], [-121.8443486837037, 47.30207139753131], [-121.84431822890048, 47.3023412374403], [-121.84422026751146, 47.30239872270823], [-121.84405025633353, 47.30241911125167], [-121.84354987682177, 47.30236427542552], [-121.84341109420073, 47.302360124257184], [-121.84308749352297, 47.30243040356751], [-121.84293761238345, 47.30232766759119], [-121.84277915454888, 47.30223800036407], [-121.84270656302623, 47.30219927999064], [-121.84255115404099, 47.30215483989609], [-121.84243917422938, 47.30210192536391], [-121.8422028607378, 47.30197194514792], [-121.8420593393487, 47.301927398273854], [-121.84190429514456, 47.30190182412274], [-121.84157245958934, 47.30195600073983], [-121.8414251422545, 47.301935956377385], [-121.84122617709923, 47.301846421950216], [-121.84105335009565, 47.30173609095642], [-121.84079256118643, 47.30150646643914], [-121.84088193897058, 47.30099809944577], [-121.84102121255738, 47.300492378443884], [-121.84128266337011, 47.3001441168679], [-121.84134643330526, 47.2995022946783], [-121.84152893774969, 47.29886398420006], [-121.84177423205267, 47.29869577184261], [-121.84212770857974, 47.29860703282542], [-121.84274236486682, 47.298624687265956], [-121.84288998825595, 47.298694919893336], [-121.84300083716406, 47.298808634408815], [-121.84311718939769, 47.29890788595907], [-121.84337110592664, 47.29904804633163], [-121.8435200706992, 47.29911108736259], [-121.84362928710854, 47.29915730831906], [-121.84384137862953, 47.29921671790298], [-121.84415692664962, 47.29923395780963], [-121.84450685689158, 47.299212950783016], [-121.8449587340485, 47.29917001065385], [-121.84517149850893, 47.29915571781031], [-121.84533701158784, 47.29916579628074], [-121.84549353845217, 47.29917923268238], [-121.845004335086, 47.29889211301117], [-121.84484691779456, 47.29882939681807], [-121.84468121074013, 47.29875576087398], [-121.84442094075128, 47.29866648231352], [-121.84419287340594, 47.29864154034628], [-121.84404678580304, 47.29860227221886], [-121.84391457377545, 47.29852443794613], [-121.84380789552839, 47.29843928163703], [-121.8436260404999, 47.298226548820516], [-121.84359819428421, 47.29817916177922], [-121.84359440578777, 47.298122400897746], [-121.84362627361914, 47.29807115609394], [-121.84368818317985, 47.29802845211829], [-121.84380394670653, 47.29802385468555], [-121.8438881606281, 47.29804687195527], [-121.84425525719485, 47.29830054067081], [-121.84437118289812, 47.2983425566404], [-121.84446984736064, 47.29835923732076], [-121.84470915659425, 47.29833863977061], [-121.84489272920021, 47.29828544241441], [-121.8450789283744, 47.29821644597219], [-121.84526279790668, 47.29817506901263], [-121.84537825063765, 47.29815796277689], [-121.84549042408086, 47.29815083604454], [-121.84575532664516, 47.29816644356332], [-121.84607655556266, 47.29819802125916], [-121.84651180673177, 47.29825586570112], [-121.84671457404285, 47.29828504537085], [-121.847150464036, 47.29832814173659], [-121.84829804668175, 47.29782958253525], [-121.84893984879076, 47.29731865005572], [-121.849461706448, 47.29683057106517], [-121.84969723809569, 47.2963866250976], [-121.84962314145727, 47.296031985672876], [-121.84976370646804, 47.295466626238614], [-121.85004395901481, 47.29490581924373], [-121.85093423848647, 47.294422408100246], [-121.85156588895082, 47.294023670249125], [-121.85186149019773, 47.29361835234625], [-121.8528937592107, 47.292997485030014], [-121.85392280588654, 47.2924851415227], [-121.85448413473947, 47.292133413186825], [-121.85507654199898, 47.291618731911335], [-121.85551240349982, 47.29104432300812], [-121.85599589002338, 47.29037286632302], [-121.85614358953381, 47.29004470784292], [-121.85628019190243, 47.28993168183197], [-121.85687488445484, 47.28951962839933], [-121.85713941966786, 47.28938285898461], [-121.85728390232208, 47.289339353295226], [-121.85764503194409, 47.289257321168755], [-121.85790241877565, 47.28918868221215], [-121.85831436664203, 47.28905257154646], [-121.85868330994741, 47.28892125911897], [-121.85885550665355, 47.288878111189085], [-121.85906258743518, 47.288848022111935], [-121.8594257198271, 47.2887578067739], [-121.85948866556551, 47.28867737808045], [-121.85928950370743, 47.28863035466351], [-121.85913731978646, 47.2885884368529], [-121.85866461347408, 47.28828223730823], [-121.85825051013542, 47.288062067417364], [-121.85787642789083, 47.28781092224872], [-121.85723739598987, 47.28720161175229], [-121.85661226258915, 47.28672306755735], [-121.856025689979, 47.28605572399253], [-121.8560668046799, 47.28566822822366], [-121.8563021208036, 47.285037790801844], [-121.85640565115179, 47.284567319796516], [-121.85601551245783, 47.28450699383663], [-121.85547889544307, 47.28438997673472], [-121.85509742120689, 47.284323312052905], [-121.85495510029902, 47.28427236287123], [-121.85410894430112, 47.283698312051406], [-121.85337093076751, 47.28303259828882], [-121.8530441960655, 47.282242196636254], [-121.85290776015819, 47.28176654922387], [-121.85290305834906, 47.28099212666937], [-121.85235949267629, 47.28104266955029], [-121.85181885971478, 47.28081740507746], [-121.85058619538039, 47.2805284109265], [-121.8495282458027, 47.28050936341753], [-121.84903179308075, 47.280447932084506], [-121.84868059086826, 47.27989904279008], [-121.84856668043484, 47.27960643008369], [-121.84830357178986, 47.279649680731204], [-121.84754341666303, 47.27996995383701], [-121.84675509933027, 47.28048401553712], [-121.84550833269205, 47.28126342179887], [-121.84550447223666, 47.28141085116645], [-121.84533005998875, 47.2816061892307], [-121.84480952024445, 47.28199851250326], [-121.84452551396777, 47.282148117872836], [-121.84433509435469, 47.28218597027722], [-121.84417940775326, 47.282199130002645], [-121.84380552019714, 47.282172787045845], [-121.84355447059666, 47.282033160234135], [-121.84288974466436, 47.281849674795104], [-121.84207382472037, 47.28162711833654], [-121.84124793570015, 47.2815115662125], [-121.84092602161147, 47.281428227548666], [-121.8402077134917, 47.281142960121215], [-121.8397893218397, 47.281028171561225], [-121.83856715353379, 47.28078036061196], [-121.83781180108383, 47.28051818467493], [-121.83751914269293, 47.28055737785292], [-121.83736444721549, 47.28059866948825], [-121.83721746474285, 47.2805985581417], [-121.83713270765017, 47.28057263044177], [-121.83707319354038, 47.280528928402454], [-121.8369551849252, 47.2803237658556], [-121.83679790340366, 47.27993326199489], [-121.83665772465709, 47.27982318476143], [-121.83654236312638, 47.279660334190424], [-121.83644614324776, 47.2794571616567], [-121.83630825998812, 47.279104330445406], [-121.83623547277452, 47.27886456297323], [-121.83615289971485, 47.27868351081799], [-121.83597649725094, 47.27853678815284], [-121.8358050482723, 47.27846764018372], [-121.8355552299758, 47.27838620051244], [-121.83516795644832, 47.278306340385434], [-121.83363290912783, 47.27784225847436], [-121.83350172992081, 47.27781257570966], [-121.83292664512544, 47.27777480014776], [-121.83255179472545, 47.27766589742754], [-121.83238576560966, 47.277532344581836], [-121.83235423385216, 47.2773970482869], [-121.83233520757277, 47.27666053045278], [-121.83229832592063, 47.276458945593674], [-121.83183681822193, 47.27533191431993], [-121.83177436308144, 47.27523878897461], [-121.83134319347731, 47.27442335390871], [-121.83126213186786, 47.27410243781109], [-121.83111651256391, 47.273872575372884], [-121.83087692156471, 47.27377592540765], [-121.8306821784478, 47.273660080402884], [-121.83058904791301, 47.27358025837948], [-121.83054811523766, 47.27339688972572], [-121.83060817171722, 47.27294988130202], [-121.83076778652175, 47.272725430058316], [-121.8309225499046, 47.27261002965996], [-121.83105025674817, 47.27258148625647], [-121.83127542296708, 47.27258404275527], [-121.83142891005858, 47.27255931668646], [-121.83150360149183, 47.272525211451736], [-121.83162416003219, 47.27239533609025], [-121.83177298379903, 47.27214239513288], [-121.83186944310563, 47.272051478045846], [-121.83195598265725, 47.27200798199357], [-121.832678045261, 47.27189938655198], [-121.83281649220632, 47.27190143407043], [-121.83304993005184, 47.271943277959295], [-121.83328187671783, 47.27194145956969], [-121.83342493204042, 47.271902453419344], [-121.83351420231686, 47.27182687959977], [-121.83358910622151, 47.27170368442902], [-121.8337829365529, 47.2707900747281], [-121.83376894523332, 47.27050320108851], [-121.83398598929828, 47.26985820480094], [-121.83404880265338, 47.269609604393146], [-121.83404242710418, 47.269474630259815], [-121.83393565251778, 47.26914955465938], [-121.83395401378911, 47.26891575455332], [-121.83446880269186, 47.26730127167161], [-121.83455017674012, 47.26713118412656], [-121.8348721631961, 47.26665351852984], [-121.83579572908066, 47.26572661682674], [-121.83617641609166, 47.264978960058635], [-121.83645710983988, 47.26468489616097], [-121.83660870265028, 47.26448400634409], [-121.83672044991512, 47.26438160373822], [-121.83683494404102, 47.26432886959275], [-121.83699077837375, 47.26429845279867], [-121.83738828012876, 47.264287528199056], [-121.83755653269938, 47.26431095155236], [-121.83780265118993, 47.26432713599628], [-121.83814903370452, 47.26430565816305], [-121.83839055713794, 47.26405676984222], [-121.83859881771973, 47.26376627740446], [-121.83905534137334, 47.26303315863966], [-121.8388761008264, 47.26297284697158], [-121.83878689876528, 47.26290892352359], [-121.83870832517292, 47.26282705485866], [-121.83866635196252, 47.26267826705335], [-121.83868720865095, 47.262484882470815], [-121.83882199303044, 47.26217587314949], [-121.83900909182957, 47.261844835479515], [-121.83902340821504, 47.26173241737686], [-121.8389486978776, 47.261583322464425], [-121.83876520316765, 47.26143291530238], [-121.83867521778255, 47.261337466471616], [-121.83864566786612, 47.26124269210048], [-121.83867497973193, 47.261085540825974], [-121.8387295332473, 47.26099168203529], [-121.8390011222122, 47.26069737177905], [-121.83912359348152, 47.26048145460269], [-121.83953383163741, 47.26012320023581], [-121.83970272555887, 47.26002404158934], [-121.83991218982473, 47.25996733881641], [-121.84052440329616, 47.259868809228315], [-121.84070495061623, 47.259857744453576], [-121.84086842406582, 47.25990417290044], [-121.84104110847126, 47.25993976023373], [-121.84125005813625, 47.25989791460139], [-121.8414081799504, 47.25983081823518], [-121.84147921314164, 47.25967108146338], [-121.84154084342006, 47.25915284782674], [-121.84165539599265, 47.25876065781192], [-121.8419868893068, 47.258527461839755], [-121.84224572087577, 47.25844905884682], [-121.8424878115449, 47.25842607877758], [-121.84289187759802, 47.25847808161747], [-121.84307049080442, 47.25854019356971], [-121.843416644829, 47.2586857500184], [-121.84388954354517, 47.25879199987982], [-121.84412146343121, 47.258846008795174], [-121.84427013527987, 47.25885199620543], [-121.84437101779515, 47.25883951552331], [-121.84446400280244, 47.258772970126444], [-121.84446656065444, 47.258674055006914], [-121.84433456587048, 47.25834876436983], [-121.84402586632658, 47.257962669045675], [-121.8437193665335, 47.25779704452379], [-121.84359323337209, 47.25765208605481], [-121.84356200137836, 47.257431472532645], [-121.84356479869692, 47.25716214296378], [-121.84373607401109, 47.256763634769506], [-121.84386824804037, 47.25659375896426], [-121.84456678431877, 47.256141958111535], [-121.84465750048355, 47.2560848928944], [-121.84472918823087, 47.25601308058091], [-121.84480340243928, 47.255920067186096], [-121.84486141122925, 47.25574453692207], [-121.84513176783527, 47.25516230751426], [-121.84515206068737, 47.25506798577387], [-121.84513905978135, 47.25489222008673], [-121.84517880407954, 47.25474890842388], [-121.84527018206914, 47.254616956697355], [-121.8453674433393, 47.25456231489377], [-121.84582497183172, 47.25445863098716], [-121.84598646578432, 47.254374055914525], [-121.84602074924102, 47.254356101416874], [-121.84629671904526, 47.254118963662876], [-121.84637603505121, 47.25404983240195], [-121.84652220448264, 47.25397667005067], [-121.84661222633808, 47.2539530016674], [-121.84669325313682, 47.2539520606068], [-121.8467568600935, 47.253956663079066], [-121.84686624980542, 47.25406538904876], [-121.84680509431443, 47.254236451799564], [-121.8464806854457, 47.25458747480663], [-121.84637634658161, 47.254724894036556], [-121.84632322656604, 47.254853220956655], [-121.84631654473917, 47.25503030295948], [-121.84638251174898, 47.255169928659924], [-121.84656701162623, 47.25542074178984], [-121.84659816512021, 47.25561917912074], [-121.84647296158722, 47.25600826554567], [-121.84627152897674, 47.25644593833684], [-121.84611985113101, 47.25666292382498], [-121.84595227180209, 47.25685291536014], [-121.84588388497966, 47.257030359642314], [-121.84592618847293, 47.257091222360415], [-121.84596758290014, 47.257115762599966], [-121.84602523583847, 47.25712623365103], [-121.84607398872832, 47.257122926024834], [-121.84623220806665, 47.25706813213154], [-121.84648377150579, 47.256881148496475], [-121.84682037085314, 47.25667226845611], [-121.8472808995414, 47.25647952655704], [-121.84859690941842, 47.25602135645797], [-121.84895971775528, 47.25591988748934], [-121.8493772207195, 47.25584596275876], [-121.84951475418637, 47.25580974224286], [-121.84963272540432, 47.255736219004014], [-121.84965718267858, 47.25556763798403], [-121.84983613495588, 47.25533659161558], [-121.85005934234921, 47.25524401826526], [-121.85029632180499, 47.25509849854163], [-121.85125488729196, 47.25423985397796], [-121.8514513726499, 47.254128350178256], [-121.85156892916844, 47.2540164472298], [-121.85161284205202, 47.25390181485849], [-121.851548943991, 47.25352463914758], [-121.85151777705057, 47.25320287076931], [-121.85153871071779, 47.25269171818894], [-121.85166280794616, 47.252267052642274], [-121.85197081487007, 47.25174541913104], [-121.85221254652066, 47.251443862618956], [-121.85257671936337, 47.25121602872926], [-121.85276619880688, 47.25112418725946], [-121.85320022808025, 47.25100480845982], [-121.85368950932396, 47.25092242623025], [-121.85388925932563, 47.250864630624704], [-121.8539757897296, 47.250822659236235], [-121.8540451751939, 47.250739586395156], [-121.85406190209792, 47.25064427524758], [-121.85403759523324, 47.250558696427156], [-121.85398038922256, 47.25046596241124], [-121.85371510185053, 47.25014870735498], [-121.8535125789199, 47.249958045004774], [-121.85319007682685, 47.249595121189806], [-121.85320090828355, 47.24883988105695], [-121.85328107409565, 47.24852279425369], [-121.85359324387845, 47.24810646635891], [-121.85368130894344, 47.247945712083215], [-121.85372237522974, 47.24775757184025], [-121.85370087926214, 47.2474171668892], [-121.85363575552712, 47.2470365591774], [-121.8535429392317, 47.24682873077464], [-121.85347087533212, 47.24644567965957], [-121.85349999329294, 47.24624276859278], [-121.85358882905668, 47.24603281812646], [-121.85372179964176, 47.24585645838636], [-121.85394797029518, 47.24562348039651], [-121.85412564455144, 47.24546356450964], [-121.85425300433049, 47.24530440578814], [-121.85431813837242, 47.24503286528931], [-121.8542873912408, 47.24481145763353], [-121.8542918918315, 47.24473034226087], [-121.85434556127473, 47.24462311779359], [-121.85554753488826, 47.24372630757807], [-121.85563736911945, 47.24365599730981], [-121.85570612826461, 47.24358835456897], [-121.85579189279892, 47.24345658871878], [-121.85582564866294, 47.24325842014155], [-121.85588428110226, 47.243085484558854], [-121.8559784199275, 47.2428501182205], [-121.85606421589985, 47.24271972277649], [-121.8561722539189, 47.24249343716901], [-121.85626604355248, 47.2418621722061], [-121.85631259713202, 47.241632663320644], [-121.85636806441309, 47.241537069548464], [-121.85663281698844, 47.24129849233108], [-121.8566958152021, 47.24122217737887], [-121.85656727633523, 47.24117498258874], [-121.85622310304008, 47.24114178697703], [-121.85607366639546, 47.24110624996817], [-121.855940980082, 47.24104145862744], [-121.85514947646647, 47.240365835449666], [-121.85505967862572, 47.24016862319707], [-121.85505467762644, 47.23999594208117], [-121.85514303452162, 47.23983588249334], [-121.85569785585254, 47.23946813441455], [-121.85678298955203, 47.23903986540994], [-121.857831744538, 47.23865286563701], [-121.85804645269853, 47.238591501310324], [-121.85844345698848, 47.23850177406015], [-121.85868311929508, 47.23835681810533], [-121.85884048830098, 47.23826095663726], [-121.85921025728555, 47.23790805069814], [-121.85926473813495, 47.23777821432857], [-121.85927152783533, 47.23756728451662], [-121.85934206550515, 47.23734872871543], [-121.85953212125766, 47.23709018725117], [-121.85975374571971, 47.23651547802449], [-121.85974675778816, 47.2363727444768], [-121.85964024670118, 47.236192107605454], [-121.85945676791145, 47.23610296624743], [-121.85884748721726, 47.235983229874286], [-121.8579323508041, 47.235639865607354], [-121.85759326480614, 47.23556926834943], [-121.85724830185515, 47.235550057559855], [-121.8569699853005, 47.235469757088026], [-121.85664666927913, 47.23544698290023], [-121.85610962187233, 47.23545512858107], [-121.85515910944163, 47.23528337830533], [-121.85432862742114, 47.235270895074734], [-121.85415137832327, 47.23521252180037], [-121.85409834549019, 47.23507306044749], [-121.85412010704938, 47.23489865182398], [-121.85488597067894, 47.23402560289107], [-121.85570846020988, 47.2332856030208], [-121.85591717217667, 47.23314091392792], [-121.85609278876468, 47.233054390899156], [-121.85638913294207, 47.23301885161776], [-121.85653767279514, 47.23302242475071], [-121.85616565429444, 47.23289721566501], [-121.85577770205984, 47.232878447493334], [-121.85556190353068, 47.232901709642086], [-121.85541465099408, 47.23293034770467], [-121.85511283832327, 47.23303378522206], [-121.85496834722397, 47.23305106942623], [-121.85478586734514, 47.233052331071725], [-121.85461923668501, 47.23301607590026], [-121.85428680580922, 47.23298397108153], [-121.85411022787743, 47.23298603437935], [-121.85388085382972, 47.23300979579612], [-121.85349870167775, 47.233101492585234], [-121.85316564528297, 47.233250563216075], [-121.85305892309692, 47.23328280892977], [-121.85292679234588, 47.23331142992832], [-121.85279931385661, 47.23332491410528], [-121.85267094996631, 47.23332332796699], [-121.85255506483054, 47.233297602762164], [-121.8520765270862, 47.23310179108194], [-121.85129684469902, 47.232830700730275], [-121.85050786886151, 47.232332783455895], [-121.85021352033374, 47.23197339946043], [-121.849789567164, 47.231502585029965], [-121.84969415544117, 47.23128998444107], [-121.84915837204325, 47.23075380313054], [-121.84887536683459, 47.23050205399645], [-121.84872889549375, 47.230403015928474], [-121.84841807436148, 47.23018846558967], [-121.84833500354205, 47.230106484272504], [-121.84815508161452, 47.229896022529346], [-121.84776323269041, 47.22957967867], [-121.84753487844213, 47.22947891491934], [-121.8473299138747, 47.22943125278498], [-121.84718096986722, 47.22940143940978], [-121.84619931608152, 47.229463256200276], [-121.84533452420095, 47.22958608636045], [-121.84524023508769, 47.22959849205481], [-121.84494283185454, 47.229603637449486], [-121.84433657822593, 47.22955041627347], [-121.84421637682456, 47.22954319246776], [-121.84397678680361, 47.22956687939191], [-121.84358242097589, 47.22965302225749], [-121.84341852346252, 47.229652018223675], [-121.84324357973038, 47.22960221390021], [-121.84286647107095, 47.22947487420088], [-121.84269656196587, 47.229401091291884], [-121.84237111403384, 47.229238077007366], [-121.84221861156492, 47.22915661746672], [-121.84203902398937, 47.229133760532974], [-121.841856912888, 47.229159398360395], [-121.84143164542621, 47.22916314583287], [-121.84138150684655, 47.229163531490975], [-121.84118824334955, 47.22924254748179], [-121.8411513084137, 47.22931501680658], [-121.84117515786781, 47.2295645732639], [-121.84131244687894, 47.230395030980795], [-121.8412961593524, 47.23076435938819], [-121.8412004182897, 47.23098757531791], [-121.84094745446099, 47.23122872261603], [-121.8408045747038, 47.231330806466616], [-121.84052574500424, 47.23148998837796], [-121.84021793722934, 47.231576839244745], [-121.84006184788804, 47.231593212616566], [-121.83991325189427, 47.2315872179459], [-121.83979642308266, 47.231563547543885], [-121.83954156429446, 47.231453039498106], [-121.83924724841184, 47.23132289945804], [-121.83894504988781, 47.23115627900589], [-121.83876065420301, 47.23095526319065], [-121.83867740362722, 47.230476903219014], [-121.83787168853803, 47.22970640352352], [-121.83757594484327, 47.22955634541464], [-121.83739719999316, 47.2294020473839], [-121.8372694587494, 47.229211291785624], [-121.83719644435551, 47.2291473680269], [-121.83704968299517, 47.22906552509274], [-121.83698387554567, 47.22903342154], [-121.83686558443684, 47.22902771902982], [-121.83660783199575, 47.2290430314362], [-121.83644873147621, 47.22906790839626], [-121.83629559580075, 47.22918313264575], [-121.83623824194946, 47.2292553492883], [-121.83619691554169, 47.229434919023035], [-121.8361986422416, 47.22953317729474], [-121.83626184237627, 47.22959749651567], [-121.83641434840355, 47.22968005680648], [-121.8365855295471, 47.22975321250841], [-121.83664279684814, 47.22978957296183], [-121.83666419033318, 47.22987819136501], [-121.8366420625552, 47.22997244546875], [-121.83647094630615, 47.230094487029284], [-121.83619921147367, 47.230235754078606], [-121.83589559904821, 47.2303091774975], [-121.83533452435866, 47.23048306060758], [-121.83511328691704, 47.23063490884095], [-121.83488194127195, 47.2309103633744], [-121.83475256162124, 47.23153619248663], [-121.83474758380615, 47.23180198925463], [-121.8346652554095, 47.232979358375296], [-121.8347483663786, 47.23333282042087], [-121.83482495060522, 47.23377338758112], [-121.83474498768852, 47.23385733235795], [-121.83463023987163, 47.23392044859664], [-121.83448875355428, 47.23397974987909], [-121.83370438971524, 47.23393517614006], [-121.83340433752721, 47.23386076447804], [-121.8331705044912, 47.23378633455601], [-121.83304131638636, 47.2337310940712], [-121.83253719384787, 47.23355487226597], [-121.83173064210196, 47.23322238012256], [-121.83076936711004, 47.232831640314046], [-121.83052872166377, 47.23270574378103], [-121.83033818365116, 47.23267781982462], [-121.8302246285567, 47.23265799217211], [-121.82994252500006, 47.232645798659206], [-121.82979756364324, 47.23264439221841], [-121.82968351635668, 47.232661870922385], [-121.82955387870008, 47.23266969830416], [-121.82942580655777, 47.23265934320006], [-121.82929673531724, 47.23256793674574], [-121.82920928375943, 47.232450171922764], [-121.82906197282537, 47.23231816391302], [-121.82879572422041, 47.23212590164289], [-121.82848322375538, 47.23198750111913], [-121.82820829963002, 47.23188261166038], [-121.82795820060943, 47.23173916042211], [-121.82788830906216, 47.231591268930856], [-121.82803519644378, 47.23138989320555], [-121.82837898482174, 47.2309028768172], [-121.82840130675507, 47.23084915047873], [-121.82842659707204, 47.23073232170446], [-121.82841033970693, 47.230624196689014], [-121.82839686395553, 47.230578568356925], [-121.82826435165964, 47.23039776377854], [-121.82824255423886, 47.23028007447158], [-121.82821962730783, 47.23012679175685], [-121.82841307651714, 47.22968789503329], [-121.82834978650493, 47.2293967153428], [-121.8282160292303, 47.22923653092281], [-121.82779802464314, 47.229079194390025], [-121.82671296445028, 47.22852311118107], [-121.82656713625408, 47.228373337850336], [-121.82646250166093, 47.2282195964537], [-121.82636494976781, 47.22803870761992], [-121.82635916414388, 47.227939055548056], [-121.82643907370156, 47.227750986903025], [-121.82651914780969, 47.22765272616299], [-121.82664095175176, 47.22756013887409], [-121.82734662747745, 47.227202954671796], [-121.82740536505851, 47.22714898998116], [-121.82745984336763, 47.226979034625415], [-121.82743650915599, 47.22672685832173], [-121.82744559366394, 47.226618294052265], [-121.827532956693, 47.226475882451695], [-121.82792605146737, 47.226198493707116], [-121.82845701701707, 47.22585551846266], [-121.82950462747975, 47.22530828207568], [-121.82955430138452, 47.22525425745769], [-121.82957750447157, 47.22518302192839], [-121.82957033976422, 47.224966498626884], [-121.82911656527044, 47.22469233531019], [-121.82904494878309, 47.224583644665685], [-121.82902192709699, 47.22446651268902], [-121.82902803274168, 47.224367557116736], [-121.82914884830046, 47.22412589435962], [-121.82929915900947, 47.22397027883246], [-121.82946476355313, 47.22383147247767], [-121.82990879311616, 47.223638207830156], [-121.83040718087436, 47.22352081142637], [-121.83061716979233, 47.223474449380895], [-121.83080028385872, 47.22344078019109], [-121.83101663326305, 47.22338002578204], [-121.83107560007258, 47.22333514989061], [-121.8310965502204, 47.223254857208666], [-121.83105972566092, 47.22318178619741], [-121.83095131806117, 47.22314234136876], [-121.83074900592715, 47.22306112019237], [-121.83062823024612, 47.22299745254337], [-121.83047591334447, 47.22272893167461], [-121.83017132692305, 47.222443630563006], [-121.8299663808805, 47.22200958073693], [-121.82996804720113, 47.2218942316542], [-121.8299525963554, 47.221743004023544], [-121.83007622972772, 47.221410626596246], [-121.8302007408101, 47.2209040307614], [-121.83022822607315, 47.220668240123295], [-121.83011901013116, 47.220520215665324], [-121.82996308053669, 47.22036067992333], [-121.8290120799815, 47.22003900443228], [-121.82813620700479, 47.220155569152226], [-121.82788121411865, 47.22037121023306], [-121.82758898708823, 47.22052791019585], [-121.82733695802267, 47.22058882275223], [-121.82713686072917, 47.22062280273441], [-121.82693428381867, 47.2206877094956], [-121.8267430729847, 47.22078924183036], [-121.82659877882806, 47.22086383296399], [-121.82645092055913, 47.220915381136855], [-121.82627959556613, 47.22089631250512], [-121.82614515099385, 47.22082439609629], [-121.82584633477798, 47.220386734577886], [-121.82554525738094, 47.2197571701124], [-121.82596954854102, 47.21876022615764], [-121.82599938808382, 47.21862234429272], [-121.8255810461394, 47.2177986536431], [-121.82527118769612, 47.21736896792551], [-121.82496233776494, 47.21698496299526], [-121.82481644138187, 47.21688258238925], [-121.82452740083046, 47.21678957282294], [-121.8237150576368, 47.21656474686384], [-121.82339222324454, 47.21642301186976], [-121.82314366278356, 47.216037272909986], [-121.82306987874998, 47.21580279343504], [-121.82281245880942, 47.215538928197944], [-121.82229767614092, 47.215389525425124], [-121.82191316208937, 47.215259551909234], [-121.82157245274375, 47.21517549438646], [-121.82052457915607, 47.21520261124656], [-121.82021407198988, 47.21526900673558], [-121.81983397000654, 47.21552642365805], [-121.81969793359053, 47.21559674424293], [-121.81946386305867, 47.21567562751966], [-121.81857190322751, 47.215881454688194], [-121.81749345634678, 47.2161678768136], [-121.81733709554665, 47.21625664968367], [-121.8167606379704, 47.21664614406368], [-121.81663101362467, 47.216717291226864], [-121.8164759039247, 47.21675161745571], [-121.81631573036557, 47.216722931618904], [-121.81616590764536, 47.21664605795979], [-121.81602265249333, 47.216471094787735], [-121.81589642661048, 47.21612755504642], [-121.81598405266662, 47.2156652070851], [-121.81606307209051, 47.215287378106936], [-121.81607806168176, 47.21506874779173], [-121.81620408822549, 47.21465801274834], [-121.81653547416889, 47.21402370209164], [-121.81657629562454, 47.2136506521356], [-121.81660657039039, 47.213108239705484], [-121.8165660677532, 47.21287413242239], [-121.81653178388032, 47.21260391065662], [-121.81617297786566, 47.21175412428319], [-121.8154692878674, 47.21103974702506], [-121.81542315553958, 47.210981532589614], [-121.8153896339706, 47.210927243852666], [-121.81535980986766, 47.21083689724088], [-121.81531691884946, 47.21072446202248], [-121.81529250860605, 47.21054885516203], [-121.81538204792099, 47.21037844598307], [-121.81551755055466, 47.210228759114926], [-121.8155961006434, 47.210135752105586], [-121.81569512818943, 47.2100517424837], [-121.81578448466718, 47.20987853446296], [-121.81578492211746, 47.20960860483566], [-121.81564831495005, 47.209247171543716], [-121.81553688480915, 47.20902339878406], [-121.81552964483512, 47.20886067465259], [-121.81572887193238, 47.20865379495927], [-121.81573685036845, 47.20838429047833], [-121.8156634526206, 47.20807749466556], [-121.81564971770415, 47.207474233982296], [-121.81554470626779, 47.207212184359655], [-121.8154696177872, 47.20709073188564], [-121.81541622133973, 47.206976793049854], [-121.81534097714932, 47.206697426117124], [-121.81527204075513, 47.206367272425005], [-121.81517598661263, 47.2061827571359], [-121.8133038311347, 47.20502507053952], [-121.81289936359032, 47.20458886381743], [-121.81258409534351, 47.204307225685], [-121.81243977455412, 47.204201781830115], [-121.8122710563561, 47.20410994790812], [-121.81197381031825, 47.20394484736184], [-121.81178769688036, 47.203860598633504], [-121.81167214128713, 47.20379143204761], [-121.81157905305813, 47.20372035449728], [-121.8114665290154, 47.20360217552723], [-121.811216698409, 47.20329823152966], [-121.81091090701129, 47.203133054182786], [-121.8099932601296, 47.20291796936805], [-121.80912344155725, 47.202764011543216], [-121.80842318105674, 47.20264539398421], [-121.80803565117915, 47.20259912010745], [-121.80721393731514, 47.20245572826066], [-121.80669164592734, 47.20246828406214], [-121.80596770483847, 47.20260465543778], [-121.80581191774819, 47.20259621245871], [-121.8055301703023, 47.20258200586205], [-121.80532966722738, 47.20258889261739], [-121.8048010910291, 47.202736420491306], [-121.80430752680472, 47.20283023102225], [-121.8032376653192, 47.202846046317646], [-121.80271891257739, 47.202839155424016], [-121.80198853216054, 47.20280527125916], [-121.80179804773404, 47.20284014725265], [-121.80162801694419, 47.20285626497], [-121.80020063892907, 47.202801406075054], [-121.79952363043309, 47.202872039414856], [-121.7991073844502, 47.202844002211776], [-121.7987846842183, 47.20283347848638], [-121.79848562518661, 47.202760189445506], [-121.7982460612371, 47.202820867382314], [-121.79788333616176, 47.20288932611513], [-121.79773966615166, 47.20299536103085], [-121.79759065380189, 47.20307237869678], [-121.79732710297358, 47.20310010658755], [-121.79548876241084, 47.203318249070506], [-121.79519454527446, 47.20324251963448], [-121.79455304883092, 47.20295287518014], [-121.79406125311796, 47.20281584980537], [-121.79339323631649, 47.20255383620973], [-121.79317791955387, 47.202488543504096], [-121.79296684416033, 47.20243228837808], [-121.79277351589144, 47.20235529696613], [-121.79250947619082, 47.20225641624367], [-121.79231522115211, 47.202209398401166], [-121.79193323081905, 47.2021867780514], [-121.79170551977852, 47.20220300331565], [-121.79145236002991, 47.2021809944819], [-121.79114036629416, 47.20212498598195], [-121.79045069014607, 47.20182998021467], [-121.79003097289193, 47.20170838412527], [-121.78802840439745, 47.20131849994237], [-121.78744968848164, 47.20116933264443], [-121.78698938075352, 47.20110932950464], [-121.7865953441709, 47.20104491008292], [-121.78644800353796, 47.201050954491265], [-121.78595161151675, 47.201071316409845], [-121.78484034351757, 47.20093066715028], [-121.78434109403487, 47.20087427866486], [-121.7830511789355, 47.20066864990969], [-121.78180789358773, 47.20038837447993], [-121.78052671609672, 47.200458180771605], [-121.77912681285633, 47.200575688046634], [-121.77866249711495, 47.200642707508415], [-121.77839576263696, 47.200739130294295], [-121.77821748926478, 47.200827032905835], [-121.7777991270896, 47.201083576815535], [-121.77726557414027, 47.20138467346059], [-121.7765896343191, 47.20174096242252], [-121.77582575474457, 47.202061292538005], [-121.77568754704276, 47.2020938451723], [-121.77551334631634, 47.20212094588195], [-121.77503009344782, 47.20225068871294], [-121.77456342667666, 47.202443657901576], [-121.77429020089973, 47.202598134197004], [-121.77420537701195, 47.202640997970114], [-121.77367854713891, 47.20286654194141], [-121.77350026224968, 47.20295424016448], [-121.77334624172204, 47.203267502470624], [-121.77325100269542, 47.203374750293975], [-121.77311426129901, 47.203517011032766], [-121.7729537685442, 47.20365050960144], [-121.77275802237098, 47.20376514185389], [-121.7719217312432, 47.203918117007454], [-121.77156741644325, 47.20395028578423], [-121.77129878515382, 47.20400350270754], [-121.77103010826156, 47.204092494004506], [-121.77084307346524, 47.20415857884036], [-121.77062543622917, 47.2042068962027], [-121.76933098031479, 47.204520464775335], [-121.76816139868684, 47.20481765184879], [-121.76800521514124, 47.20486578739712], [-121.76748462171395, 47.20495955431114], [-121.76723801849563, 47.204988952079205], [-121.76705935180894, 47.20500877394168], [-121.7668259476043, 47.204943289581934], [-121.76648119321183, 47.20484298529406], [-121.76613494858098, 47.20471074433798], [-121.76585416275404, 47.20467199594668], [-121.76514489684756, 47.204700139821206], [-121.7646570921554, 47.204642806240074], [-121.7641454595303, 47.20458023598817], [-121.76385905175066, 47.2045256271413], [-121.76377975885876, 47.204524495880634], [-121.76369635667531, 47.20453723665551], [-121.76356191289898, 47.20458149341397], [-121.76338589322849, 47.20467000656916], [-121.76239091501418, 47.20498537400106], [-121.76196514340322, 47.204962980204115], [-121.76166756714578, 47.2049294219633], [-121.76136223964006, 47.204863175962714], [-121.7595183572852, 47.20450439681923], [-121.75893042330792, 47.2044619452748], [-121.7587613107351, 47.20447817964085], [-121.75860143218435, 47.20452424649191], [-121.75844867551933, 47.20459462985098], [-121.75835061853996, 47.2046805853861], [-121.75822339009218, 47.204724297729264], [-121.75797529658931, 47.20473083700633], [-121.75780335549732, 47.204656709307706], [-121.75774805160835, 47.20459304220261], [-121.75754035166955, 47.204077905482926], [-121.75746366765972, 47.20386081315693], [-121.75734031683375, 47.20364435014023], [-121.75724589626631, 47.20355793797544], [-121.75706582975805, 47.20343413752384], [-121.75676908797432, 47.20330506544662], [-121.75659175548488, 47.20324906165495], [-121.75608496438883, 47.20312672332863], [-121.75550151075716, 47.20294238395756], [-121.75517489521094, 47.20276237051738], [-121.75501330160493, 47.20260163495389], [-121.75420167682371, 47.20198095243405], [-121.7540639964655, 47.201727431057364], [-121.753954490063, 47.20139033690828], [-121.7537889319558, 47.20115737046952], [-121.75353560685318, 47.201001878281865], [-121.75325373209101, 47.20092677919275], [-121.75287410436825, 47.200886671570764], [-121.75261931511955, 47.200915599797], [-121.75123524250564, 47.201129751382524], [-121.75071349942594, 47.20114207922772], [-121.74974423118654, 47.200814039022674], [-121.74886027237577, 47.200667341785035], [-121.74866265730415, 47.200597417187666], [-121.74837658546849, 47.20042264643739], [-121.74833708205973, 47.200400672882424], [-121.74825496453242, 47.200372940795894], [-121.74816959636492, 47.200348350109294], [-121.7480867178076, 47.200339453411395], [-121.74792897343534, 47.200346811437235], [-121.74781771686791, 47.200363609710834], [-121.7476338885575, 47.20046053790546], [-121.74748401957451, 47.20058197247799], [-121.74734370329622, 47.20064723762428], [-121.7467454734025, 47.200744192516765], [-121.74662876383253, 47.20075107247143], [-121.74639231747855, 47.20073942422098], [-121.74584616071719, 47.200661483038324], [-121.74573295622484, 47.2006376832335], [-121.74556490469809, 47.20059099443888], [-121.7451270277225, 47.20048091669665], [-121.74498849694682, 47.20043610901292], [-121.74487763885018, 47.20044844253467], [-121.74478934859374, 47.200501492976585], [-121.7446979512675, 47.20057239917398], [-121.7443437150747, 47.200838622088874], [-121.74424095359502, 47.200904824529566], [-121.74407621194078, 47.200970727011295], [-121.74397491692238, 47.20099200703633], [-121.74386988338348, 47.20099536441422], [-121.7436674786469, 47.200955919727235], [-121.74355517436587, 47.200927309543296], [-121.74342780249789, 47.20089954756224], [-121.74328936957036, 47.20087156602116], [-121.74316640455166, 47.20086123335353], [-121.74302473928033, 47.20086755909643], [-121.74278595456853, 47.20089308655677], [-121.74264501842114, 47.2009189095914], [-121.74247967096197, 47.20098906789368], [-121.74242869311456, 47.20102457719104], [-121.74210810085381, 47.20163798243222], [-121.74187717774304, 47.20204766063535], [-121.74182404998913, 47.202099302217114], [-121.74159012993236, 47.20225706055157], [-121.74070758973542, 47.20228585762124], [-121.74056839721588, 47.20230158002321], [-121.7404548486513, 47.202306900358835], [-121.74011427075813, 47.20239835430842], [-121.73996374531428, 47.20252267723049], [-121.73974549820032, 47.202916274646675], [-121.73967543056932, 47.20299654534843], [-121.73959748446482, 47.20304056923773], [-121.73944649556958, 47.20307954764462], [-121.73929458631764, 47.20310037328039], [-121.73916992837155, 47.203103422809605], [-121.73891879602613, 47.203096175258196], [-121.73826904045987, 47.2030979952118], [-121.73779680026712, 47.20315704409881], [-121.7376657166923, 47.203172324489096], [-121.73753110493244, 47.20317993631689], [-121.73738894442445, 47.203187285045836], [-121.73694972001618, 47.203194571384], [-121.73680802038115, 47.20320789874082], [-121.73659556724537, 47.20326415612703], [-121.73649135649825, 47.20330348723502], [-121.73641861052216, 47.20335013155237], [-121.73627367430322, 47.20340917279712], [-121.73615841164624, 47.20343472613983], [-121.73555277611148, 47.20353292151689], [-121.73546859844971, 47.20341386407185], [-121.73544247552718, 47.203314360785306], [-121.73531635771414, 47.203202106754546], [-121.73524154843686, 47.20315010121633], [-121.73513823044343, 47.203111815921346], [-121.73505355293752, 47.203067106240084], [-121.73496650629683, 47.20299195347624], [-121.73489089365961, 47.202795323602906], [-121.73490504123697, 47.20273244848338], [-121.73494442319083, 47.20260009456942], [-121.73493057240736, 47.20253029247082], [-121.73481741853283, 47.20242113368689], [-121.73472495157552, 47.20237245409736], [-121.73435240272444, 47.20226008777268], [-121.73408752149969, 47.20216640156739], [-121.73388546478242, 47.20204623575773], [-121.73373172300815, 47.20191655564014], [-121.73317621381716, 47.201467667656146], [-121.73291047342187, 47.20112137031989], [-121.73271914286079, 47.200960108756256], [-121.73245054063753, 47.200690941834985], [-121.73224186895966, 47.20049554728374], [-121.73157908167761, 47.200140515062124], [-121.73115946791467, 47.19968452601099], [-121.73047032319238, 47.199069265973066], [-121.72995092584065, 47.198845937033774], [-121.7295025486564, 47.198683447285475], [-121.729058715171, 47.198631991688586], [-121.72891353725663, 47.1986169112772], [-121.72869602640468, 47.19860551350403], [-121.72855126873405, 47.19863087507042], [-121.72837934163982, 47.19869943761407], [-121.72817098072956, 47.19882463259088], [-121.72796047503114, 47.198943748718115], [-121.72769484103486, 47.19907133359213], [-121.72736176762358, 47.19915520185353], [-121.72708248467356, 47.19919710459545], [-121.72670794023387, 47.199148473104614], [-121.7263161685714, 47.19915618618141], [-121.72608005913916, 47.19918666081194], [-121.72584576358616, 47.199222137414985], [-121.72552597172695, 47.19937687645444], [-121.72526975530589, 47.199507864434516], [-121.72473563522907, 47.19996973397179], [-121.72446288524732, 47.20038585904106], [-121.72424471157669, 47.200616049603326], [-121.72402684232436, 47.20069616492128], [-121.72380100026197, 47.20073519311878], [-121.7236422532722, 47.20077758850525], [-121.72347126124302, 47.20082853355376], [-121.72318965711212, 47.20095513861258], [-121.72308730668445, 47.2009952350256], [-121.72289267953654, 47.201032322994266], [-121.72275824103477, 47.20105458591499], [-121.72262424299382, 47.20108908062378], [-121.72231795038425, 47.20124313168625], [-121.7219383568869, 47.20151346769237], [-121.72183364341882, 47.20157524170816], [-121.72167826538274, 47.20161381948319], [-121.72112666462671, 47.20175123096704], [-121.72094791190946, 47.201763399638175], [-121.72076946840352, 47.201774830682965], [-121.72057741090421, 47.20179965280236], [-121.72010409647642, 47.201951864473855], [-121.71991639514232, 47.20205787136109], [-121.71971419611575, 47.2021455229174], [-121.71952144094429, 47.20218388984706], [-121.71862907916847, 47.20206814891812], [-121.71824909184936, 47.20198005771818], [-121.71809012204278, 47.20193339918663], [-121.7176544552783, 47.201794726409396], [-121.71747536063398, 47.201747600480736], [-121.7173756912046, 47.20175047431904], [-121.71725919623107, 47.20179579982912], [-121.71695500614932, 47.20198420847123], [-121.71645777942378, 47.20251714739895], [-121.71640381528974, 47.20257771541915], [-121.71633160114227, 47.202631601260286], [-121.7160994078016, 47.20269003534851], [-121.71598862946321, 47.202702513856195], [-121.71586815283774, 47.20268721055531], [-121.71573649002973, 47.20265443625214], [-121.71539315304662, 47.20249924325852], [-121.71515416175393, 47.20241522699785], [-121.71497017283528, 47.20237622264761], [-121.7147964981804, 47.2023200233338], [-121.7145551242264, 47.20229925316159], [-121.71421980372688, 47.20234956178676], [-121.71320833546964, 47.20223473550546], [-121.71301707242566, 47.20222800246752], [-121.71276362749101, 47.20218473246228], [-121.71264590050038, 47.20213832608977], [-121.71221294501791, 47.2017126280967], [-121.71214485675532, 47.2015974024332], [-121.71209291717489, 47.20146255430023], [-121.71229185056015, 47.20111309109249], [-121.71239414504225, 47.2009882826787], [-121.7124700776537, 47.2008541550644], [-121.7124847367256, 47.20072375327959], [-121.71220431161893, 47.20074552363731], [-121.71200616442366, 47.200790451364874], [-121.71172361079599, 47.200704118018024], [-121.71151151004536, 47.20042681636221], [-121.71121921806979, 47.19999709419648], [-121.71099957984784, 47.19971102905348], [-121.71095331222585, 47.199551898846494], [-121.71097057801752, 47.19940060155316], [-121.7110346479799, 47.199223040438], [-121.71099052832011, 47.198970697392525], [-121.71078961321405, 47.19864472499861], [-121.71070600193882, 47.19800545703879], [-121.7107350476949, 47.197384087490036], [-121.71071278334716, 47.19685527107055], [-121.71068433703826, 47.1964321126843], [-121.71064594670543, 47.195899441713266], [-121.7105736903262, 47.19546260403611], [-121.71063107068028, 47.19488527425197], [-121.71087955740025, 47.19423538754208], [-121.71106150914193, 47.19374076886333], [-121.71120627605491, 47.19295110799817], [-121.71134426608748, 47.19200706031727], [-121.71145867193958, 47.19126332708747], [-121.7108933713607, 47.190779371607626], [-121.70990950031327, 47.190457395475626], [-121.70934116549512, 47.190187396306186], [-121.70917283323206, 47.19009239445062], [-121.70882116663522, 47.1901673954322], [-121.7086628330124, 47.1903907282159], [-121.70754283201826, 47.19016406261572], [-121.70514324695382, 47.18934443468173], [-121.70417949858457, 47.18885572991081], [-121.70322783131493, 47.18858906311169], [-121.70206783185671, 47.18811239632185], [-121.70125616450709, 47.187675729722635], [-121.69976949703626, 47.18724573009306], [-121.69925318998067, 47.1868200131359], [-121.69892278188227, 47.186771343427324], [-121.69874184045437, 47.186756219192965], [-121.69837561835675, 47.18676519589046], [-121.69709609596474, 47.187038611878954], [-121.69660616329202, 47.18721739730046], [-121.69609283090693, 47.18725739743487], [-121.69569949838241, 47.18725906392022], [-121.69531783197635, 47.18739906504371], [-121.69505616540154, 47.18759906416019], [-121.6949211651529, 47.187892396905404], [-121.69491949834992, 47.18818406456688], [-121.6949344990544, 47.188407397879885], [-121.69475116537087, 47.18860906465433], [-121.69449616562808, 47.18869239776279], [-121.69423949750501, 47.18869073104312], [-121.69400616518487, 47.1888007307425], [-121.693689498793, 47.18891073153658], [-121.69334783236674, 47.18895906510842], [-121.69260949859962, 47.1891340652937], [-121.69231203716869, 47.18914375499799], [-121.69172610923617, 47.189227092126345], [-121.69135177364846, 47.18933184731467], [-121.69068446805683, 47.18962321206341], [-121.68983205694825, 47.189955862657854], [-121.6891211656299, 47.19048906464322], [-121.68892875776288, 47.19082517881914], [-121.68835783335767, 47.19131406625244], [-121.68787283323431, 47.19157739880816], [-121.68754283368324, 47.19164406517322], [-121.6872078339181, 47.19180239953419], [-121.68682234446815, 47.192230257073206], [-121.68664283304047, 47.19232739887169], [-121.68648283233566, 47.19233406672969], [-121.68635116618249, 47.19243239880992], [-121.6862178325239, 47.19274073304025], [-121.68600883134236, 47.19289491118542], [-121.68550163200844, 47.19301979985923], [-121.6851211002387, 47.19315442812668], [-121.68469283287986, 47.19341739965398], [-121.68428616626272, 47.193552399743155], [-121.6839961660412, 47.193575733015464], [-121.68358283346636, 47.193530733110315], [-121.68264450002046, 47.19372906639484], [-121.68176116723502, 47.19405240002507], [-121.68137616667133, 47.19435906734354], [-121.68043616747644, 47.19471240085726], [-121.68020616585785, 47.19489240065954], [-121.6797911672299, 47.19501740027447], [-121.67954450042029, 47.19522740065865], [-121.67962116656291, 47.19543740001452], [-121.67964783286284, 47.1955440668411], [-121.68004783387268, 47.19585573410022], [-121.6803811663056, 47.19613073359636], [-121.68045116673217, 47.19629073427652], [-121.68045283440694, 47.19642240064787], [-121.68037116813852, 47.196485733363005], [-121.68018526310266, 47.196528541222285], [-121.67992450047434, 47.19657740093148], [-121.6796124191894, 47.19660137727593], [-121.67901950047143, 47.19657740091343], [-121.67873783471093, 47.1967474011846], [-121.67871950146134, 47.19719740171152], [-121.67871283428917, 47.19743406738271], [-121.67885450073334, 47.197610735576326], [-121.67884783392986, 47.19781573401134], [-121.67863783495488, 47.19792240074926], [-121.67853450088288, 47.19804406765278], [-121.67846450089677, 47.19818406821126], [-121.678286168913, 47.19829740085367], [-121.67809450189716, 47.1983624006387], [-121.67786783551556, 47.19837406758414], [-121.67742424123236, 47.19861057084701], [-121.67735804857168, 47.198700267091475], [-121.67732700042917, 47.19873992204859], [-121.67720481428215, 47.19885547501074], [-121.67711031776518, 47.19892653032354], [-121.67683946136691, 47.19900363707342], [-121.67663484711836, 47.19906188582981], [-121.67613484357751, 47.199162679179224], [-121.67605232599308, 47.19920670451073], [-121.67599343833402, 47.19927345579571], [-121.67599217241066, 47.199399429371034], [-121.67604913993912, 47.19958976208854], [-121.67630290017615, 47.20013198312584], [-121.67627771339016, 47.20026868297495], [-121.67611858626574, 47.20035030713012], [-121.67568355084423, 47.20099310865926], [-121.67557809418406, 47.20109705662337], [-121.675466938846, 47.201206619254734], [-121.67530364920175, 47.201420787062176], [-121.67526473569737, 47.20157319284059], [-121.67500763262107, 47.202074168164124], [-121.67451346075731, 47.20273456942679], [-121.67429785498672, 47.20301092392399], [-121.67405790847789, 47.20337702065588], [-121.67402381973913, 47.20355165481472], [-121.67404126545541, 47.20404264149464], [-121.67461989354364, 47.20485936288242], [-121.67412077694179, 47.20478148997628], [-121.6737271967882, 47.20472293607224], [-121.67342043298507, 47.20470137322756], [-121.67300308017654, 47.204705608538], [-121.6722948729064, 47.20484132661907], [-121.67127058237793, 47.20524347558303], [-121.67084428859984, 47.20539157868244], [-121.67055387034239, 47.205451072888074], [-121.67034640606278, 47.20543963643584], [-121.67015244041316, 47.20540149773409], [-121.6683801183524, 47.20471532706213], [-121.66725681762702, 47.20426096865544], [-121.66676440017463, 47.20411797571184], [-121.66636250839134, 47.2040256176697], [-121.66580720842724, 47.20404630096488], [-121.66558211078451, 47.204079589384605], [-121.66515307274523, 47.20422949567324], [-121.66475259454491, 47.20430388600867], [-121.66427738690594, 47.20430730292841], [-121.66400391398876, 47.20431314212511], [-121.66383550017814, 47.20429324531329], [-121.66380283165002, 47.204247816251105], [-121.66382835625272, 47.20414919030289], [-121.66384386920151, 47.2041222997935], [-121.66399709427596, 47.20399822338974], [-121.66415819785418, 47.203820083923866], [-121.66432015230109, 47.20356768300951], [-121.66445503970087, 47.20333758644939], [-121.6647615797338, 47.202351316614646], [-121.66493892001098, 47.20211046006437], [-121.66501251654624, 47.20188624682669], [-121.66493925787553, 47.201615525942785], [-121.66478182561971, 47.201359363153884], [-121.66464047252329, 47.201288125390306], [-121.66453572569182, 47.20130477599385], [-121.66445715394485, 47.20136914639025], [-121.66441688194188, 47.201483347458], [-121.66434303515177, 47.201626504623896], [-121.6642469763446, 47.201742464262416], [-121.66385958462313, 47.20194481876706], [-121.6622828516959, 47.202592376288166], [-121.66188907523689, 47.20256977310983], [-121.66078694635503, 47.202350005687286], [-121.66053699781943, 47.20225705973157], [-121.66001387543392, 47.20192693030713], [-121.65978798733637, 47.20169030110226], [-121.65942445685131, 47.201406334140785], [-121.65880643550342, 47.201067087042446], [-121.65856643264665, 47.20087515342569], [-121.65832538864743, 47.20061142402789], [-121.65810651424317, 47.20030291474148], [-121.657962481718, 47.200013362948425], [-121.65784947284462, 47.19969586193601], [-121.65764726373533, 47.19922677696591], [-121.65738456721822, 47.198984159149425], [-121.65727143546872, 47.19888937987779], [-121.65706348893976, 47.19876087501461], [-121.65679580455277, 47.19861377385135], [-121.65673222835237, 47.19848707718374], [-121.65670769242621, 47.19823488726795], [-121.6566527392244, 47.197901256745816], [-121.65657140440976, 47.19772041198359], [-121.65628170091414, 47.19720404384946], [-121.65605251349116, 47.19679296319136], [-121.65590460026385, 47.19655179235856], [-121.65575788088195, 47.19639623316456], [-121.65507283308453, 47.195965738139535], [-121.65450655923321, 47.19561870360304], [-121.65390386897592, 47.19520811145232], [-121.65352868617074, 47.1948947504091], [-121.6530254369337, 47.19469109769977], [-121.65251295906988, 47.19451087686745], [-121.65198359647545, 47.19441761694002], [-121.65166655343612, 47.193968693945756], [-121.65110047558326, 47.193938525997794], [-121.65052624812378, 47.19365424588196], [-121.64996085174866, 47.19339845571686], [-121.6491647581239, 47.19343253360226], [-121.6488266952695, 47.193478049807126], [-121.64847449427589, 47.19346060238677], [-121.64833161799125, 47.19343307556301], [-121.64820831278254, 47.19331687706848], [-121.64791411689787, 47.1929877240085], [-121.64747908898387, 47.19276239624316], [-121.64721335792953, 47.19264722223269], [-121.64702325483431, 47.192545783405606], [-121.64668515827303, 47.192356879432005], [-121.64658801286713, 47.192306174079775], [-121.64641211598936, 47.19231029735873], [-121.64633116445013, 47.192359073661706], [-121.6461111647426, 47.19246573974668], [-121.64596116517296, 47.192527406478575], [-121.64579616494011, 47.19251240679253], [-121.64546949800825, 47.19245240689916], [-121.64499449815455, 47.19235907364074], [-121.6445544982613, 47.19227907345904], [-121.64370616440713, 47.19248907382913], [-121.64275491346811, 47.192453176515926], [-121.64193116366032, 47.19247907375416], [-121.6412512775973, 47.19262721873758], [-121.64033783079772, 47.19253907355793], [-121.63938762470181, 47.19262661552821], [-121.63901449726256, 47.19271740794475], [-121.63858616577511, 47.19280407522147], [-121.63790783027218, 47.19270240868399], [-121.63720201967753, 47.19249339647791], [-121.63591783077129, 47.192172408214205], [-121.63505283089326, 47.19202240802111], [-121.63477590572965, 47.19191657966782], [-121.63416449774762, 47.191534075240135], [-121.63408720790972, 47.19126177191088], [-121.63374782937632, 47.19091074227595], [-121.6333078300413, 47.19053574130713], [-121.63241782965564, 47.19004407494359], [-121.63191861207952, 47.189712143003476], [-121.63111616315055, 47.18940074311502], [-121.6306578286455, 47.18914407554982], [-121.63019282855964, 47.18875240896802], [-121.6300028299043, 47.188499075387135], [-121.63002466918293, 47.18830903621938], [-121.63019608042967, 47.18818677600622], [-121.63052616236229, 47.188172408581046], [-121.63073949664863, 47.18787074142521], [-121.63072449524275, 47.18711240917284], [-121.63089949397649, 47.18680240892465], [-121.6309761630359, 47.186529075027785], [-121.63089282841051, 47.18625240862618], [-121.63071256725435, 47.18596927133468], [-121.62990949482878, 47.18543907506886], [-121.62940335766378, 47.185056873163894], [-121.6291179429006, 47.18495578869951], [-121.6286446404717, 47.18480704480637], [-121.62821260943524, 47.184627666128485], [-121.62797354424877, 47.184344157956616], [-121.62761964025076, 47.18398704552622], [-121.62749440736275, 47.183710212861946], [-121.62740249301962, 47.1832685243896], [-121.6271324235821, 47.182806319919294], [-121.6268932068784, 47.1823306889788], [-121.6266713064078, 47.18203537891936], [-121.62636630509245, 47.18177704540412], [-121.62586963910672, 47.18156371278957], [-121.6250554950683, 47.18105876727252], [-121.62451105799191, 47.18063252904445], [-121.62420605775954, 47.180520862799774], [-121.62404439079079, 47.18053586224307], [-121.62389772348322, 47.180489195168306], [-121.62383439204618, 47.18041586180925], [-121.62379605665419, 47.18030586317585], [-121.62347272516207, 47.180190862830116], [-121.62303772486743, 47.180164196882224], [-121.62284105763447, 47.18019586321203], [-121.62261605742718, 47.18033419623837], [-121.62236772369666, 47.180319195825106], [-121.62188439003603, 47.180314196419424], [-121.62156272438429, 47.18030252959822], [-121.62085272352257, 47.17996919681602], [-121.62036272418027, 47.179814196693364], [-121.61978105729709, 47.17982086328887], [-121.61944439016528, 47.17999919518846], [-121.618562724388, 47.17985919603641], [-121.61839605652177, 47.17974086293116], [-121.61803605793244, 47.17978586333638], [-121.61779439015152, 47.179927529901825], [-121.61735031217205, 47.179934259858314], [-121.61663573735119, 47.18002039980667], [-121.61561939032023, 47.180024196619], [-121.61476938945927, 47.179760863695876], [-121.61449105700886, 47.17972586377698], [-121.61421105584415, 47.179835863403206], [-121.61362105602535, 47.1797341965315], [-121.61303772232736, 47.17961586389663], [-121.61243772271062, 47.179099196396784], [-121.61243105578572, 47.17865253045049], [-121.61225105534545, 47.17835919675411], [-121.61187438870118, 47.178055863199496], [-121.61150040105534, 47.17787268560425], [-121.61084727236495, 47.1773307421417], [-121.61026272106453, 47.17663919704036], [-121.61008105521904, 47.17646919669819], [-121.6097693886829, 47.17633419663311], [-121.60938105498379, 47.17626753020147], [-121.60817938674629, 47.1755958634763], [-121.60776438751401, 47.17543419679408], [-121.60733272065912, 47.17535253098308], [-121.6060777199112, 47.174779197114205], [-121.60591272114954, 47.174579197267], [-121.60443105342493, 47.17386919710145], [-121.60372771899833, 47.17374753147552], [-121.60319938644467, 47.17360919795025], [-121.60252771931081, 47.1732608640692], [-121.60246105185735, 47.17316253202645], [-121.60166938561501, 47.172962531429114], [-121.59940605271419, 47.17291586418452], [-121.59812384095075, 47.173150730439566], [-121.59737438618978, 47.173514198732484], [-121.59692271920245, 47.17366253146082], [-121.59582938574805, 47.17363253149965], [-121.59557438468201, 47.17349086455329], [-121.59460889078221, 47.173637930370475], [-121.59385559929484, 47.173872030652], [-121.5921390006126, 47.17430351823693], [-121.59199438439687, 47.1742875329542], [-121.5909105276327, 47.17375594128109], [-121.59059307052532, 47.17364166792803], [-121.59031975688885, 47.173628950460184], [-121.59012861144107, 47.1736913449808], [-121.5893557535612, 47.17425526458616], [-121.58904595679162, 47.174376653390986], [-121.58865938537326, 47.17441586547744], [-121.58765177623486, 47.174475673011166], [-121.58746438422347, 47.174567532958775], [-121.58722218120546, 47.174572188357274], [-121.58675698294337, 47.17449441816371], [-121.58655564196019, 47.17451843723817], [-121.58635177021276, 47.17458672942447], [-121.58616104946559, 47.17473919958737], [-121.5858627170388, 47.17484086614363], [-121.58487696595999, 47.17501270476694], [-121.58445106220225, 47.175073742431906], [-121.58416550278778, 47.174985971451825], [-121.5839689631086, 47.17483930969398], [-121.58383572318144, 47.1746637259898], [-121.58372650944119, 47.1745503278854], [-121.58352403384933, 47.17443591958339], [-121.58270530239085, 47.17402888092239], [-121.58244104902924, 47.17396086578519], [-121.58196438275803, 47.173542532848124], [-121.58176604881592, 47.17333253320974], [-121.58165126742786, 47.17321581081884], [-121.58138317897331, 47.17269098725868], [-121.58131879509133, 47.17243694117777], [-121.58118078374878, 47.17181733674921], [-121.58101082303368, 47.17142463543202], [-121.58086860156799, 47.17114230877239], [-121.58051034081566, 47.170663728625954], [-121.57996716153298, 47.169958124705424], [-121.5795817850963, 47.169588954575296], [-121.57903843541031, 47.16918828212864], [-121.57886554091404, 47.16899977363776], [-121.57863433313652, 47.16858766428338], [-121.57843135482545, 47.168160575487015], [-121.57824332741525, 47.16750596829936], [-121.57824013472856, 47.16733301132186], [-121.5782934186723, 47.16703346798946], [-121.57826500838995, 47.16688978263995], [-121.57818199933833, 47.166784061341005], [-121.57786304242602, 47.16643792666556], [-121.57751896525616, 47.16621164560302], [-121.57739632611492, 47.16586517819334], [-121.57730609830514, 47.16536473818818], [-121.57714439605765, 47.164541622296234], [-121.57704804071172, 47.16393466092393], [-121.57703616675775, 47.16360203624439], [-121.57704976261813, 47.16347802404461], [-121.5771247716552, 47.163199667553094], [-121.5771711877411, 47.1630832139713], [-121.5772052461713, 47.16292238007688], [-121.57730142504715, 47.16267149807785], [-121.57729175582733, 47.16257970241339], [-121.57717962215912, 47.16236493601942], [-121.57656001816949, 47.161593126085656], [-121.57618224701588, 47.16100076399017], [-121.57576953470551, 47.16047837229738], [-121.57538243430146, 47.160082503563864], [-121.57418911344197, 47.15931060460973], [-121.57385146981483, 47.159148579228265], [-121.57357279651977, 47.15909732178695], [-121.57316811630558, 47.158913087481984], [-121.57286967464044, 47.15874543723214], [-121.57274967600914, 47.158630822477804], [-121.57260779216796, 47.158432792190425], [-121.57253261087533, 47.1583418052569], [-121.57224093829986, 47.15817948195405], [-121.57198532253514, 47.158122106400036], [-121.57143562886377, 47.157962458901025], [-121.57116274459099, 47.15792569859883], [-121.57100199937865, 47.157909459921164], [-121.57076983632837, 47.15768564870263], [-121.57047366240022, 47.15743491516757], [-121.5701783965548, 47.15713799837201], [-121.56995656240558, 47.156895656988304], [-121.56979937804937, 47.15661586647021], [-121.56975404878285, 47.15650335103672], [-121.569653638651, 47.156085985347126], [-121.5695946402043, 47.15597445271394], [-121.56946229097231, 47.155863430284235], [-121.5685561659968, 47.15534981540739], [-121.56827017044121, 47.1552441544214], [-121.56810558276378, 47.15523008295142], [-121.56799281327848, 47.15526985718508], [-121.56788108331469, 47.15533669716856], [-121.5673895063907, 47.155708671456544], [-121.56690782058163, 47.15602245570228], [-121.56645239233522, 47.15621620322445], [-121.56607937625704, 47.156330866704145], [-121.56588087860509, 47.15629063737888], [-121.56576104215681, 47.15621253437587], [-121.56567270830264, 47.15602420094996], [-121.56535104256308, 47.15575253335639], [-121.56482937656229, 47.15553586732079], [-121.56393437592436, 47.155277534850526], [-121.56295437590448, 47.154879200295824], [-121.56233558440302, 47.15448467772728], [-121.56190934753451, 47.154136214732546], [-121.56139937442673, 47.1536258673925], [-121.56037437497335, 47.15299086813754], [-121.5592677067453, 47.15236753384705], [-121.55831437345292, 47.151797533852296], [-121.55812433975863, 47.15165705530986], [-121.55803104085157, 47.15160753477817], [-121.55778937507898, 47.151559200753056], [-121.55744104115146, 47.15155253465384], [-121.55727770700331, 47.151502534032204], [-121.55732104107408, 47.15143420038489], [-121.5572693731624, 47.151307534216414], [-121.55721437377063, 47.15125586807881], [-121.55704937240388, 47.151187534014284], [-121.5569227068446, 47.1511542011019], [-121.55672437385152, 47.15115586737514], [-121.55648937282051, 47.15113920065133], [-121.55621770635103, 47.15102753534253], [-121.55594770767257, 47.150959200795825], [-121.55563741355526, 47.150933857789674], [-121.5553310396762, 47.151009201670725], [-121.55495770669238, 47.150890867803], [-121.5544143734221, 47.150724201004394], [-121.5541610400549, 47.15054586752445], [-121.55387937329978, 47.15026753516429], [-121.55399270638338, 47.14973920053916], [-121.55412770567501, 47.149342534256746], [-121.55428103960674, 47.14883586757751], [-121.55434770635134, 47.14851753382317], [-121.5542893725282, 47.148295867425205], [-121.55382770556304, 47.14742586831546], [-121.55374603868493, 47.14727586826872], [-121.55362770482009, 47.14687086685539], [-121.55350770461786, 47.146735867884246], [-121.55336103848904, 47.14668753432211], [-121.5528727046385, 47.146629200989565], [-121.55243445309584, 47.146446524795365], [-121.5521243708, 47.14634420116359], [-121.55202740083942, 47.146335665651634], [-121.55194947233106, 47.1463820163446], [-121.55188995577288, 47.14642522535574], [-121.55173173687238, 47.14640629146105], [-121.55150937161454, 47.14642253520329], [-121.55132603805579, 47.1463908676475], [-121.5512417805054, 47.14632603091786], [-121.55089914246079, 47.145978338982815], [-121.55070692279487, 47.14585850608493], [-121.55050013953733, 47.145714385377204], [-121.55023899220484, 47.14554274443512], [-121.55001949488941, 47.14543787038513], [-121.54980536949189, 47.14537546886599], [-121.54961339219126, 47.14535543436937], [-121.54944812575015, 47.14536138871899], [-121.54926736179318, 47.14544252060895], [-121.54904973792884, 47.145531225835015], [-121.54850341107714, 47.145656518060974], [-121.54782793085273, 47.14586867759751], [-121.54764631379322, 47.14590579508641], [-121.54733561787546, 47.14596661869772], [-121.54726937013245, 47.14603086870909], [-121.54718270343099, 47.14628420208936], [-121.54695270371778, 47.14659753551298], [-121.54667770383152, 47.14685086819799], [-121.54652937139132, 47.146939202068026], [-121.54632191327981, 47.14701416836746], [-121.54596937164497, 47.147310868461076], [-121.54582598207027, 47.14738382558989], [-121.54572539950249, 47.147378471485766], [-121.54560491084895, 47.14733944426824], [-121.54536276047348, 47.147331163594174], [-121.54518362253516, 47.14737480294866], [-121.5449867988567, 47.147528091089335], [-121.54475937021367, 47.147929201704954], [-121.54434437158508, 47.148475868483665], [-121.54423270404227, 47.148637535842965], [-121.54404603689778, 47.14872753595215], [-121.54387603729703, 47.14876086936981], [-121.5436360374077, 47.14871753588972], [-121.54336824687888, 47.148805831037414], [-121.54279842368794, 47.14939213484095], [-121.54252585354638, 47.1494924070392], [-121.54214533989003, 47.14950027718184], [-121.54121770325231, 47.14988586992407], [-121.5398387948369, 47.15033980395332], [-121.53950770375569, 47.15040086962024], [-121.53926727926445, 47.15043330271503], [-121.53861364878378, 47.15047989960742], [-121.53786139286701, 47.150499314143204], [-121.53714454019526, 47.15057616883798], [-121.53688591807743, 47.150672163352255], [-121.53654342745881, 47.15086721877107], [-121.53576506363889, 47.15134994237343], [-121.53548345586765, 47.151470006951136], [-121.53522957284383, 47.15154408047761], [-121.53490864595784, 47.15162050599953], [-121.53445772031998, 47.151712371409815], [-121.53412978355709, 47.15174220227086], [-121.53393489902653, 47.15172448951084], [-121.53374325066886, 47.151728461197656], [-121.53357627778745, 47.15174758439096], [-121.53329972013914, 47.15180246720223], [-121.53293615101347, 47.15194003913969], [-121.53191124853619, 47.15246795475045], [-121.5317959260423, 47.15255912767589], [-121.53174943626733, 47.152650029014254], [-121.53170348809437, 47.152795592511204], [-121.53168675624931, 47.152971057140604], [-121.53169437018146, 47.15301587034149], [-121.5317015171613, 47.1531381848128], [-121.53168443587568, 47.153332776273565], [-121.53171396439664, 47.15350231172923], [-121.53175731849191, 47.15359149461589], [-121.53179286073448, 47.15366460564258], [-121.53213756556153, 47.154127136812996], [-121.53219572282599, 47.15420607586036], [-121.53222729289105, 47.15427961533285], [-121.53223075879085, 47.154386717044574], [-121.53216103688753, 47.15463087059034], [-121.5322060367282, 47.15471253772014], [-121.53231156641789, 47.154788277618124], [-121.53251437018447, 47.15489587092421], [-121.53259631355614, 47.15494108090245], [-121.53267827691316, 47.15502277847913], [-121.53276139693958, 47.15516478843915], [-121.53252193843423, 47.15561554738522], [-121.53192810402119, 47.15566491832117], [-121.53090411136453, 47.15579405389905], [-121.53048016236558, 47.155710999865576], [-121.53021144872669, 47.15565268928658], [-121.52993580113416, 47.155702939807476], [-121.52987732832328, 47.15602885971896], [-121.53008635787197, 47.156457984726124], [-121.52989437059512, 47.156884203778915], [-121.52956364031692, 47.15699890371674], [-121.52903270276316, 47.15681253773886], [-121.5286726452397, 47.156424676204914], [-121.52806461300337, 47.15635131665835], [-121.52781725191582, 47.156641271733704], [-121.52767436914536, 47.15716587147934], [-121.52801621931938, 47.15758889051292], [-121.52786223672702, 47.15800009458661], [-121.52804482557436, 47.158089900425495], [-121.52815083353543, 47.15816778713049], [-121.52832420099661, 47.15843101300078], [-121.52844398787059, 47.15875641150124], [-121.52843125928139, 47.15903079462967], [-121.52846890158634, 47.15915447503275], [-121.52854855453053, 47.15928564515107], [-121.52874423372931, 47.15952621967621], [-121.52941144413394, 47.16018166206286], [-121.5295840346409, 47.16037737166463], [-121.5296632763754, 47.160526787633685], [-121.52973428885063, 47.16079874106261], [-121.52980033982332, 47.16117643880588], [-121.5301960389172, 47.16192920450313], [-121.5308608807686, 47.16262980766091], [-121.53085116277413, 47.162836726430946], [-121.5306857012645, 47.162989106226775], [-121.53040603947686, 47.16313753758826], [-121.53008103754615, 47.16328587104536], [-121.52971386083978, 47.16338863481714], [-121.52943532192282, 47.16344917831089], [-121.52926709105687, 47.16354674473406], [-121.52898552267155, 47.16420645181339], [-121.52893157446098, 47.16434843137926], [-121.5289199520713, 47.16448253439286], [-121.52906948416907, 47.164915404687406], [-121.52910140222974, 47.16506591034181], [-121.52908890189276, 47.1652293993149], [-121.52922858493174, 47.16552698911446], [-121.52957316454955, 47.16591324802619], [-121.52978471059575, 47.166035312888546], [-121.53002103897208, 47.166145871198665], [-121.53028937238084, 47.1662692042698], [-121.53055228056222, 47.166386283387055], [-121.53076613876678, 47.166448098711584], [-121.530960683541, 47.166466696423946], [-121.53116328865384, 47.16641975102884], [-121.53127267051035, 47.166416028336755], [-121.53140543722706, 47.166491361438055], [-121.53162155808317, 47.166621008962274], [-121.53184201792864, 47.167076569455304], [-121.53222538374177, 47.16742774100005], [-121.53215937353153, 47.16775587084546], [-121.53236214520967, 47.1679495021358], [-121.5326610386109, 47.16808753795702], [-121.53313103928609, 47.16811587077311], [-121.53336437322444, 47.1683775373354], [-121.53358270583473, 47.168765871237255], [-121.53390770641799, 47.16963753758746], [-121.53395604035364, 47.16991587170865], [-121.53381937480113, 47.17033253799416], [-121.5342143739273, 47.17150753758775], [-121.53430437387976, 47.17173253869872], [-121.53391604114609, 47.17242753840356], [-121.53370937341974, 47.17272253787487], [-121.53369937374303, 47.17284753794154], [-121.53376371983165, 47.17291632620576], [-121.53381756180649, 47.17302928852011], [-121.53376270713854, 47.17323420476215], [-121.53363604043116, 47.17346420383832], [-121.53351104131083, 47.17362087170069], [-121.53347770724572, 47.173745870593244], [-121.53337104164747, 47.173875872383114], [-121.53328513757585, 47.17393614716524], [-121.53333770745392, 47.17422253784557], [-121.53337375736052, 47.17441957172478], [-121.53341913977518, 47.17464013747928], [-121.5334877080935, 47.17478753796474], [-121.53356104056577, 47.174877538540805], [-121.53362232804021, 47.174969385622106], [-121.53358657480648, 47.175135624651126], [-121.53344270888446, 47.17536420450582], [-121.5332574639871, 47.17558088331148], [-121.53317267224206, 47.17575504033143], [-121.53312104162796, 47.17592587126391], [-121.53308604169436, 47.176207537539035], [-121.53305604162999, 47.17734087094637], [-121.53299941624186, 47.17750309222014], [-121.53277485810831, 47.17774970063107], [-121.53257604252514, 47.177997538820605], [-121.53252270868869, 47.17803753855733], [-121.53236982458961, 47.17803093449205], [-121.53226959678996, 47.17805287854903], [-121.53225692201634, 47.178275327218564], [-121.53223077165094, 47.17886569236616], [-121.53230463211007, 47.17900611295756], [-121.53242287307124, 47.17916225813363], [-121.53252332432467, 47.17932460544494], [-121.53258854600097, 47.17952524888352], [-121.53320347708518, 47.18007431719126], [-121.53361771020738, 47.1807058709764], [-121.5338043754746, 47.18093587166391], [-121.5339103516731, 47.18115186058827], [-121.53395770879571, 47.18137253846492], [-121.5341527083427, 47.18184587149993], [-121.53437770964281, 47.18254420478169], [-121.53440271016933, 47.18268587223456], [-121.53439375763573, 47.18322276359942], [-121.53441937729976, 47.18368420457215], [-121.53499566106552, 47.18446338438326], [-121.53545872115377, 47.184842799115856], [-121.53619700926096, 47.18558756354065], [-121.53667338056265, 47.18613293780234], [-121.53704604516138, 47.18691420504102], [-121.53738437801384, 47.18741587171394], [-121.5376560456186, 47.18774284713652], [-121.53787771046805, 47.188255871526366], [-121.53830771148272, 47.18879087235025], [-121.53851104393195, 47.18897253891196], [-121.53909301444236, 47.18937718832271], [-121.5392527122662, 47.18947753826368], [-121.53987604587853, 47.18945753880408], [-121.54013771271399, 47.18952920514222], [-121.54055604671824, 47.18952253794131], [-121.54057937960998, 47.18948920513173], [-121.54058271305759, 47.189459204357014], [-121.54061437843505, 47.189419204391285], [-121.5406643793591, 47.18939920474626], [-121.54077266074744, 47.189412391238506], [-121.54086460754999, 47.18943770804039], [-121.54098437886469, 47.189465870825266], [-121.54105937882092, 47.18950753799428], [-121.5411127124564, 47.1895992050704], [-121.54112437894392, 47.18978420546506], [-121.54112636585579, 47.19301429352874], [-121.53033298666749, 47.19297549972277], [-121.53035310019708, 47.19835543311878], [-121.52955693403929, 47.19869070481941], [-121.5283811846364, 47.199346727018884], [-121.52726850724187, 47.19993636866751], [-121.52620219698203, 47.200427222901475], [-121.52446200252763, 47.20094529354079], [-121.52231760663734, 47.201313537818535], [-121.52026972095626, 47.20168071763231], [-121.51857417532923, 47.20201236814281], [-121.51689428220011, 47.202321748779795], [-121.51532493855274, 47.202520798717316], [-121.51345077095642, 47.20274409509477], [-121.51191152332846, 47.202833330503815], [-121.51038765074127, 47.202911442550736], [-121.50958491427969, 47.20290697836604], [-121.49838036250601, 47.20271290034066], [-121.49826368155084, 47.20522520683996], [-121.49834865924922, 47.209042565120484], [-121.50082245157785, 47.21277032154569], [-121.50134836189905, 47.21486076864644], [-121.50158659903776, 47.216979083907376], [-121.50181651576274, 47.21844321364439], [-121.50252654895887, 47.21990449982546], [-121.50313157212982, 47.22065982789852], [-121.50367665681671, 47.221232323570604], [-121.50414878374893, 47.222106197382196], [-121.50423280259812, 47.22266834197561], [-121.50432598472169, 47.2230745051366], [-121.50405939100621, 47.22314234612689], [-121.50383951721204, 47.223060828865734], [-121.50340400339437, 47.22322905912292], [-121.50294311447377, 47.22331461439776], [-121.50262852692995, 47.22343242989003], [-121.50243617127784, 47.223723628186235], [-121.50213196093854, 47.2239080873766], [-121.50135129826047, 47.223862926575045], [-121.50063889343654, 47.22388913835519], [-121.50011542307949, 47.22395672428049], [-121.49957958003853, 47.224251818907206], [-121.49883303230612, 47.224961897815916], [-121.4988557942399, 47.22548265898323], [-121.4988983074516, 47.226118751281334], [-121.49853893349055, 47.22662515434805], [-121.49758466328991, 47.22701278595291], [-121.49674626917928, 47.227490921976106], [-121.49655883189875, 47.22765705642924], [-121.49607569439384, 47.22841874006117], [-121.49555020124589, 47.22930347723683], [-121.49488055341746, 47.23001217889559], [-121.49399757212139, 47.230586298682645], [-121.49356242612099, 47.230944591161425], [-121.49343436717172, 47.231121341036285], [-121.49259325472757, 47.231539488936235], [-121.49211371505783, 47.2318654253575], [-121.49162016213818, 47.23244098902635], [-121.49106848739255, 47.23297609041393], [-121.49051951011874, 47.233303298710084], [-121.49030945587806, 47.23342745027561], [-121.49017735710717, 47.2337680568162], [-121.48930374463787, 47.2350424320168], [-121.48906032070039, 47.23562904494224], [-121.4891142417597, 47.235906541257656], [-121.48948183839315, 47.23622094419059], [-121.49004492675604, 47.236848647072534], [-121.49030686600365, 47.23732958455109], [-121.49023938738948, 47.23806395202353], [-121.48949880477056, 47.23910917959672], [-121.48852382126327, 47.240027630594476], [-121.48833195443791, 47.240704450822534], [-121.4887457876523, 47.24117783116612], [-121.48940355087132, 47.241506035900976], [-121.49034314183335, 47.24221586056361], [-121.49039723121098, 47.242747489048156], [-121.49013996870973, 47.24326138729249], [-121.48977811593805, 47.243616637008465], [-121.4904252535544, 47.24396703269212], [-121.49136270343813, 47.2443123720044], [-121.49247376335593, 47.24462845385861], [-121.4930953648615, 47.24482105373668], [-121.49354083196808, 47.24520486455901], [-121.4942319442575, 47.245834874377245], [-121.49456376102994, 47.246032695443894], [-121.49502898526633, 47.24625935931486], [-121.49519264255784, 47.24661696558519], [-121.49521222720033, 47.247049152982946], [-121.49540416674633, 47.247357505729944], [-121.49621653005936, 47.24751542375059], [-121.4964983625115, 47.24746413052365], [-121.49649592862913, 47.24727179098354], [-121.49623169916856, 47.24655356637114], [-121.49598695529905, 47.24593450628237], [-121.49605709959228, 47.245716921379625], [-121.49696736871304, 47.245643325187515], [-121.49748986041965, 47.245888453684096], [-121.49853808556503, 47.24663308841798], [-121.49858309080248, 47.24713066439518], [-121.49926459959399, 47.247793659461436], [-121.49957613537929, 47.2480459750444], [-121.49974802999093, 47.25007817865742], [-121.50016130369737, 47.250672445128664], [-121.50382230762202, 47.25210474371228], [-121.50366681797105, 47.252458260943676], [-121.50361673238699, 47.25276836300057], [-121.50344565092578, 47.25296075527945], [-121.50314333920889, 47.25310750008637], [-121.50302152653471, 47.25326981717342], [-121.50301833575215, 47.253422536036254], [-121.50316436339915, 47.253586813977], [-121.50348696416064, 47.25382565018858], [-121.50384059102107, 47.25408135246094], [-121.50402524105682, 47.25429190736778], [-121.5040677153549, 47.25457155930506], [-121.50384844332204, 47.25517583224062], [-121.50358204835693, 47.255602285774174], [-121.50344759714302, 47.25573489295501], [-121.50334944349422, 47.25581646008559], [-121.50312058117672, 47.255907558233034], [-121.50292478711559, 47.2560442968778], [-121.50274820952603, 47.25626655229838], [-121.50245480915657, 47.25667644453214], [-121.50224696011551, 47.25686880912446], [-121.50187469247474, 47.257207063408195], [-121.50164661029503, 47.25742153857196], [-121.50134152516999, 47.25766427024068], [-121.50094654310536, 47.257945304861046], [-121.50060428942238, 47.25832750538275], [-121.50030054155206, 47.25864219300028], [-121.49982635722438, 47.25886084087743], [-121.49930381220373, 47.25888831241596], [-121.4987571211507, 47.25883561835776], [-121.4981511378175, 47.25862628264682], [-121.49750204265041, 47.25821137189106], [-121.4970395464668, 47.25783726523797], [-121.49668157773563, 47.25764498295248], [-121.49604432786599, 47.2570576302749], [-121.49541324008499, 47.25659887118616], [-121.49487803724612, 47.256431068315635], [-121.49452536813077, 47.256633228960965], [-121.4940966108838, 47.25688590956327], [-121.49399201753248, 47.2573004959099], [-121.49384952433454, 47.25778909663872], [-121.49371246902311, 47.25838132943005], [-121.49350923886844, 47.258716387016875], [-121.49312027981502, 47.25877085927265], [-121.49271078776788, 47.25865330309792], [-121.49202984497761, 47.25842522199134], [-121.49113481266073, 47.25815420109666], [-121.48968121316196, 47.257829473926265], [-121.48865307371233, 47.258054308091644], [-121.48783246706586, 47.25821345166841], [-121.48793105533552, 47.267369853373566], [-121.48794983260856, 47.26933693379654], [-121.48794978763445, 47.2693444005045], [-121.48789422224898, 47.278456340463975], [-121.49058863028178, 47.278841877652695], [-121.49050548978231, 47.279358055243506], [-121.48966741423418, 47.28044824404347], [-121.49081617687916, 47.28156532693265], [-121.49182416816336, 47.28160331692111], [-121.49230607138158, 47.28195289027195], [-121.49335306901354, 47.282138591489556], [-121.4947931475659, 47.282227690397136], [-121.49600321204971, 47.281863599157276], [-121.49675751792448, 47.28190921061208], [-121.49802431201239, 47.28243022759699], [-121.49961682349503, 47.282265701937945], [-121.50017691158133, 47.28269956572971], [-121.49991394030316, 47.28307472594629], [-121.5008816093888, 47.28375731971991], [-121.50932597300633, 47.28369780270456], [-121.50930368135823, 47.28015552418418], [-121.53068356762701, 47.28003043213426], [-121.53061224130535, 47.28345016814612], [-121.53233294614485, 47.2834595312624], [-121.53364029870511, 47.283346431297645], [-121.53501873604321, 47.28315865256199], [-121.53601672587196, 47.282883775447125], [-121.53748408840588, 47.28312838585508], [-121.53818474676538, 47.28289727887399], [-121.53882799502095, 47.28282296809478], [-121.53953353523698, 47.283052443203445], [-121.54038857399811, 47.28351088838192], [-121.54100631109328, 47.283990651819366], [-121.55187811328865, 47.284028533897846], [-121.55186716364928, 47.28407630372716], [-121.55233459745611, 47.28407754547693], [-121.55308709811567, 47.28402684037707], [-121.55388326662728, 47.283942832768965], [-121.55556217501373, 47.285103817080305], [-121.55620222363632, 47.285890387070275], [-121.557231327987, 47.28678856386607], [-121.55752697981777, 47.287217174183255], [-121.55792439826774, 47.28798466417939], [-121.55827881449233, 47.28868956792838], [-121.55864287279384, 47.28924507694848], [-121.55914929556461, 47.28997176674606], [-121.55976495117865, 47.29102354810769], [-121.56001829908098, 47.292016527539275], [-121.56045518652026, 47.29271170667778], [-121.56096633110816, 47.29369684320785], [-121.56118755137531, 47.294489958758135], [-121.56104362841167, 47.29516029076535], [-121.56114760201369, 47.29552674868325], [-121.56128355816223, 47.295676305340706], [-121.56191227432691, 47.295676031972064], [-121.56222315991799, 47.295500447950666], [-121.56240340247872, 47.2954439574528], [-121.56449042507722, 47.29520820673747], [-121.5654803745462, 47.295336206662014], [-121.56595008239508, 47.295447046019675], [-121.5661849599084, 47.295533527916504], [-121.5671924387643, 47.295904476089405], [-121.56744064165383, 47.29602283373706], [-121.56789740706763, 47.29629281308522], [-121.56848552415562, 47.29657854765977], [-121.56900685198643, 47.296871720990424], [-121.56934505478375, 47.296977261675785], [-121.56952065152068, 47.29695979798492], [-121.56978485166601, 47.29695946630588], [-121.5704879578931, 47.29684878579767], [-121.57271982225413, 47.29639768381662], [-121.57272835672828, 47.295010221555], [-121.58300919558829, 47.294996891872366], [-121.58278037523141, 47.29823717833482], [-121.58283277031425, 47.298436844068995], [-121.58369905069384, 47.29842326641347], [-121.58370574503464, 47.29955285382344], [-121.58436671750141, 47.29994972847863], [-121.5864735090937, 47.300385892277525], [-121.58711364842858, 47.30005287360239], [-121.58769755881946, 47.30022561835696], [-121.5881804207974, 47.30018544239475], [-121.58895206905098, 47.300274163725234], [-121.59107044516776, 47.30078343009676], [-121.59166179601365, 47.301320753805655], [-121.59215208405479, 47.30164516024174], [-121.59281947508384, 47.301956928988126], [-121.59430273286914, 47.30195390711158], [-121.59431943161722, 47.29842496059577], [-121.60006340531703, 47.2984501170685], [-121.60150342183555, 47.297523399768686], [-121.60458140557226, 47.29687445108605], [-121.60565043504023, 47.29692184038866], [-121.60620546158476, 47.29666977624703], [-121.60732213529533, 47.29601806391832], [-121.60893757923736, 47.29489161185574], [-121.61039278029412, 47.294321080592056], [-121.61154842071144, 47.29407694614578], [-121.61338518325246, 47.29383448622584], [-121.61499678282651, 47.29342416427208], [-121.61543959398536, 47.293206037551755], [-121.6153987363652, 47.29124049464135], [-121.62042373082598, 47.29122219688755], [-121.62044699407106, 47.28770411942946], [-121.63071221375998, 47.28777718134015], [-121.63077286100854, 47.291420576822475], [-121.63589047946269, 47.29139796245559], [-121.63589838143365, 47.290819343998876], [-121.64055749503504, 47.290842144286174], [-121.64230349899637, 47.29126914092439], [-121.64414236414889, 47.291882838809364], [-121.64623125041977, 47.29384066476065], [-121.64920372557118, 47.29733184042169], [-121.64917240290691, 47.29869213381649], [-121.64647921491711, 47.2986557333066], [-121.64654642908413, 47.30576206123917], [-121.65702026606918, 47.30581157059676], [-121.65697686951934, 47.306042323350006], [-121.66034644815451, 47.30602236310564], [-121.66367699847785, 47.30643317487841], [-121.66468424290241, 47.306779509508345], [-121.66790678622236, 47.308521106791844], [-121.6696353139374, 47.30880981284379], [-121.67164947676228, 47.30914963325707], [-121.67296074471187, 47.31012572369669], [-121.67374750327102, 47.31070226797084], [-121.67463593835113, 47.31150761674301], [-121.67642451007768, 47.312177702968725], [-121.678015809775, 47.31340911409376], [-121.67909221660375, 47.313590107797715], [-121.68097022271901, 47.314654049880524], [-121.6808416937288, 47.31522567336612], [-121.68080262881777, 47.315832030324344], [-121.68125312662697, 47.31651565956284], [-121.68124956137099, 47.317086010241795], [-121.68151228356048, 47.31775549507042], [-121.68213084848999, 47.31828894962607], [-121.68268974238711, 47.3189495321342], [-121.68300494259216, 47.31989501324936], [-121.68370540434056, 47.320757047390536], [-121.68422303570311, 47.32119046667974], [-121.6845996510426, 47.32159807778035], [-121.68523956246696, 47.32212055323469], [-121.68568635610758, 47.32190211958576], [-121.68613475104765, 47.32157399132787], [-121.68672484726586, 47.32127183132496], [-121.68772251521831, 47.32062001537128], [-121.68847747079053, 47.32027446273545], [-121.68924950477133, 47.32024511622719], [-121.6906123271737, 47.32019829592887], [-121.69164646807583, 47.32028364205131], [-121.69243918692902, 47.320433560458056], [-121.69315965208773, 47.32069582210599], [-121.69397098219112, 47.32091505125861], [-121.69512382109407, 47.321078659562644], [-121.69559365570004, 47.320991560690935], [-121.6964594049711, 47.32057683112574], [-121.69704246263524, 47.32014307939212], [-121.69737338575165, 47.319975149824195], [-121.69816304568388, 47.31964331273617], [-121.69917637487639, 47.319641203649155], [-121.69918618690863, 47.31467002635846], [-121.70198720555098, 47.314621836387715], [-121.70194596975948, 47.31548048165102], [-121.70988208570272, 47.31554328334698], [-121.70975180212764, 47.31727478940045], [-121.71512996040735, 47.317251469636], [-121.7149555859923, 47.319877307347255], [-121.71763617313744, 47.319840971349905], [-121.7175940014002, 47.32064753655738], [-121.72017224414307, 47.320719151094245], [-121.7197728741241, 47.33879523604396], [-121.73067331921366, 47.33868835436769], [-121.73066617668498, 47.33538992430283], [-121.74138511519769, 47.335486855525396], [-121.74128298723049, 47.3321208826021], [-121.75166195026009, 47.33236581709791], [-121.75176532278537, 47.3290195592503], [-121.76264388520595, 47.329266339380794], [-121.76270740687833, 47.32562710783625], [-121.7734133255535, 47.32559232992893], [-121.7734104213721, 47.32648897606922], [-121.77874532439893, 47.32647141717697], [-121.7787093733608, 47.32919181490516], [-121.78409643000282, 47.329220675195906], [-121.78404295424228, 47.33634967498153], [-121.7945397755786, 47.33659451959177], [-121.79433448652595, 47.34301347196311], [-121.82671279281377, 47.343358749842665], [-121.83386276965281, 47.343395356598286], [-121.84877598488073, 47.34359561044005], [-121.8509150931017, 47.343596814360815], [-121.85399736595018, 47.34360207946079]]]}}]}