{"type": "FeatureCollection", "crs": {"type": "name", "properties": {"name": "EPSG:4326"}}, "features": [{"type": "Feature", "geometry": {"type": "Point", "coordinates": [-120.9703, 47.674]}, "properties": {"code": "W7W/CH-172", "name": "Frosty Mountain", "title": "CH-172 Frosty Mountain"}}, {"type": "Feature", "geometry": {"type": "Point", "coordinates": [-120.9956, 48.0056]}, "properties": {"code": "W7W/CH-173", "name": "6435 Resistance Mtn", "title": "CH-173 6435 Resistance Mtn"}}, {"type": "Feature", "geometry": {"type": "Point", "coordinates": [-121.0726, 47.9593]}, "properties": {"code": "W7W/CH-174", "name": "Bryant Peak", "title": "CH-174 Bryant Peak"}}, {"type": "Feature", "geometry": {"type": "Point", "coordinates": [-120.6591, 47.9302]}, "properties": {"code": "W7W/CH-175", "name": "6389 Mad Lake Point", "title": "CH-175 6389 Mad Lake Point"}}, {"type": "Feature", "geometry": {"type": "Point", "coordinates": [-121.0431, 47.8529]}, "properties": {"code": "W7W/CH-176", "name": "Labyrinth Mountain", "title": "CH-176 Labyrinth Mountain"}}, {"type": "Feature", "geometry": {"type": "Point", "coordinates": [-120.9664, 47.8982]}, "properties": {"code": "W7W/CH-177", "name": "6359 Single Lever Mtn", "title": "CH-177 6359 Single Lever Mtn"}}, {"type": "Feature", "geometry": {"type": "Point", "coordinates": [-121.1003, 47.6362]}, "properties": {"code": "W7W/CH-178", "name": "Swallow Tail", "title": "CH-178 Swallow Tail"}}, {"type": "Feature", "geometry": {"type": "Point", "coordinates": [-121.0285, 47.6948]}, "properties": {"code": "W7W/CH-179", "name": "Lemool Mountain", "title": "CH-179 Lemool Mountain"}}, {"type": "Feature", "geometry": {"type": "Point", "coordinates": [-120.8251, 47.8712]}, "properties": {"code": "W7W/CH-180", "name": "Dirtyface Peak", "title": "CH-180 Dirtyface Peak"}}, {"type": "Feature", "geometry": {"type": "Point", "coordinates": [-120.8644, 47.812]}, "properties": {"code": "W7W/CH-181", "name": "Alpine Lookout", "title": "CH-181 Alpine Lookout"}}, {"type": "Feature", "geometry": {"type": "Point", "coordinates": [-120.8154, 47.8677]}, "properties": {"code": "W7W/CH-182", "name": "Dirtyface Benchmark", "title": "CH-182 Dirtyface Benchmark"}}, {"type": "Feature", "geometry": {"type": "Point", "coordinates": [-120.2331, 48.0884]}, "properties": {"code": "W7W/CH-183", "name": "Fox Peak", "title": "CH-183 Fox Peak"}}, {"type": "Feature", "geometry": {"type": "Point", "coordinates": [-120.1831, 48.0739]}, "properties": {"code": "W7W/CH-184", "name": "6100Poison Peak", "title": "CH-184 6100Poison Peak"}}, {"type": "Feature", "geometry": {"type": "Point", "coordinates": [-120.9658, 47.7577]}, "properties": {"code": "W7W/CH-185", "name": "Arrowhead Mountain", "title": "CH-185 Arrowhead Mountain"}}, {"type": "Feature", "geometry": {"type": "Point", "coordinates": [-120.7131, 48.3773]}, "properties": {"code": "W7W/CH-186", "name": "Rainbow Mountain", "title": "CH-186 Rainbow Mountain"}}, {"type": "Feature", "geometry": {"type": "Point", "coordinates": [-120.7482, 47.9762]}, "properties": {"code": "W7W/CH-187", "name": "Basalt Peak", "title": "CH-187 Basalt Peak"}}, {"type": "Feature", "geometry": {"type": "Point", "coordinates": [-120.7952, 48.0213]}, "properties": {"code": "W7W/CH-188", "name": "Estes Butte", "title": "CH-188 Estes Butte"}}, {"type": "Feature", "geometry": {"type": "Point", "coordinates": [-121.015, 47.9054]}, "properties": {"code": "W7W/CH-189", "name": "5937 Irving Peak-North Peak", "title": "CH-189 5937 Irving Peak-North Peak"}}, {"type": "Feature", "geometry": {"type": "Point", "coordinates": [-121.061, 47.8428]}, "properties": {"code": "W7W/CH-190", "name": "5925 Daedalus", "title": "CH-190 5925 Daedalus"}}, {"type": "Feature", "geometry": {"type": "Point", "coordinates": [-120.9914, 47.8916]}, "properties": {"code": "W7W/CH-191", "name": "5882 Wenatchee Ridge-South Peak", "title": "CH-191 5882 Wenatchee Ridge-South Peak"}}, {"type": "Feature", "geometry": {"type": "Point", "coordinates": [-121.0669, 47.7463]}, "properties": {"code": "W7W/CH-192", "name": "Big Chief Mountain", "title": "CH-192 Big Chief Mountain"}}, {"type": "Feature", "geometry": {"type": "Point", "coordinates": [-121.0912, 47.7881]}, "properties": {"code": "W7W/CH-193", "name": "Lichtenberg Mountain", "title": "CH-193 Lichtenberg Mountain"}}, {"type": "Feature", "geometry": {"type": "Point", "coordinates": [-121.1319, 47.9557]}, "properties": {"code": "W7W/CH-194", "name": "Cady Ridge", "title": "CH-194 Cady Ridge"}}, {"type": "Feature", "geometry": {"type": "Point", "coordinates": [-120.5279, 47.7574]}, "properties": {"code": "W7W/CH-195", "name": "Sugarloaf Peak", "title": "CH-195 Sugarloaf Peak"}}, {"type": "Feature", "geometry": {"type": "Point", "coordinates": [-120.4511, 47.6505]}, "properties": {"code": "W7W/CH-196", "name": "Chumstick Mountain", "title": "CH-196 Chumstick Mountain"}}, {"type": "Feature", "geometry": {"type": "Point", "coordinates": [-120.4086, 47.6181]}, "properties": {"code": "W7W/CH-197", "name": "5774 Entiat Ridge Peak", "title": "CH-197 5774 Entiat Ridge Peak"}}, {"type": "Feature", "geometry": {"type": "Point", "coordinates": [-121.1462, 47.8566]}, "properties": {"code": "W7W/CH-198", "name": "5770 Contest Mtn", "title": "CH-198 5770 Contest Mtn"}}, {"type": "Feature", "geometry": {"type": "Point", "coordinates": [-121.0091, 47.8356]}, "properties": {"code": "W7W/CH-199", "name": "5754 Aegeus", "title": "CH-199 5754 Aegeus"}}, {"type": "Feature", "geometry": {"type": "Point", "coordinates": [-120.9352, 47.8866]}, "properties": {"code": "W7W/CH-200", "name": "5715 High Power Mtn", "title": "CH-200 5715 High Power Mtn"}}, {"type": "Feature", "geometry": {"type": "Point", "coordinates": [-120.8, 47.9376]}, "properties": {"code": "W7W/CH-201", "name": "5687 Low Power Mtn", "title": "CH-201 5687 Low Power Mtn"}}, {"type": "Feature", "geometry": {"type": "Point", "coordinates": [-120.2656, 47.914]}, "properties": {"code": "W7W/CH-202", "name": "Slide Peak", "title": "CH-202 Slide Peak"}}, {"type": "Feature", "geometry": {"type": "Point", "coordinates": [-121.1301, 47.8859]}, "properties": {"code": "W7W/CH-203", "name": "Fall Mountain", "title": "CH-203 Fall Mountain"}}, {"type": "Feature", "geometry": {"type": "Point", "coordinates": [-121.0461, 47.7984]}, "properties": {"code": "W7W/CH-204", "name": "Nason Ridge", "title": "CH-204 Nason Ridge"}}, {"type": "Feature", "geometry": {"type": "Point", "coordinates": [-120.7929, 47.9951]}, "properties": {"code": "W7W/CH-205", "name": "Estes Butte Lookout", "title": "CH-205 Estes Butte Lookout"}}, {"type": "Feature", "geometry": {"type": "Point", "coordinates": [-120.4879, 47.6861]}, "properties": {"code": "W7W/CH-206", "name": "5221 Twin Lead Mtn", "title": "CH-206 5221 Twin Lead Mtn"}}, {"type": "Feature", "geometry": {"type": "Point", "coordinates": [-120.4607, 47.3278]}, "properties": {"code": "W7W/CH-207", "name": "Mission Ridge", "title": "CH-207 Mission Ridge"}}, {"type": "Feature", "geometry": {"type": "Point", "coordinates": [-120.3937, 47.5821]}, "properties": {"code": "W7W/CH-208", "name": "Burch Mountain", "title": "CH-208 Burch Mountain"}}, {"type": "Feature", "geometry": {"type": "Point", "coordinates": [-120.0839, 48.0113]}, "properties": {"code": "W7W/CH-250", "name": "Cooper Mountain", "title": "CH-250 Cooper Mountain"}}, {"type": "Feature", "geometry": {"type": "Point", "coordinates": [-121.3005, 47.4317]}, "properties": {"code": "W7W/CW-026", "name": "Hibox Mountain", "title": "CW-026 Hibox Mountain"}}, {"type": "Feature", "geometry": {"type": "Point", "coordinates": [-121.0212, 47.3835]}, "properties": {"code": "W7W/CW-027", "name": "Jolly Mountain", "title": "CW-027 Jolly Mountain"}}, {"type": "Feature", "geometry": {"type": "Point", "coordinates": [-120.7441, 47.3941]}, "properties": {"code": "W7W/CW-028", "name": "Miller Peak", "title": "CW-028 Miller Peak"}}, {"type": "Feature", "geometry": {"type": "Point", "coordinates": [-121.0001, 47.408]}, "properties": {"code": "W7W/CW-029", "name": "The Louvre", "title": "CW-029 The Louvre"}}, {"type": "Feature", "geometry": {"type": "Point", "coordinates": [-120.5856, 47.2526]}, "properties": {"code": "W7W/CW-030", "name": "Lion Rock", "title": "CW-030 Lion Rock"}}, {"type": "Feature", "geometry": {"type": "Point", "coordinates": [-121.334, 47.4742]}, "properties": {"code": "W7W/CW-031", "name": "Huckleberry Mountain", "title": "CW-031 Huckleberry Mountain"}}, {"type": "Feature", "geometry": {"type": "Point", "coordinates": [-121.0295, 47.0145]}, "properties": {"code": "W7W/CW-032", "name": "Manastash Ridge", "title": "CW-032 Manastash Ridge"}}, {"type": "Feature", "geometry": {"type": "Point", "coordinates": [-121.0789, 47.0735]}, "properties": {"code": "W7W/CW-033", "name": "Quartz Mountain", "title": "CW-033 Quartz Mountain"}}, {"type": "Feature", "geometry": {"type": "Point", "coordinates": [-121.3318, 47.4411]}, "properties": {"code": "W7W/CW-034", "name": "Alta Mountain", "title": "CW-034 Alta Mountain"}}, {"type": "Feature", "geometry": {"type": "Point", "coordinates": [-121.1644, 47.1058]}, "properties": {"code": "W7W/CW-035", "name": "Mount Clifty", "title": "CW-035 Mount Clifty"}}, {"type": "Feature", "geometry": {"type": "Point", "coordinates": [-120.5141, 47.3094]}, "properties": {"code": "W7W/CW-036", "name": "Mount Lillian South", "title": "CW-036 Mount Lillian South"}}, {"type": "Feature", "geometry": {"type": "Point", "coordinates": [-121.1301, 47.1123]}, "properties": {"code": "W7W/CW-037", "name": "Lookout Mountain", "title": "CW-037 Lookout Mountain"}}, {"type": "Feature", "geometry": {"type": "Point", "coordinates": [-120.4893, 47.2899]}, "properties": {"code": "W7W/CW-038", "name": "Bentrim Hill", "title": "CW-038 Bentrim Hill"}}, {"type": "Feature", "geometry": {"type": "Point", "coordinates": [-121.2831, 47.4247]}, "properties": {"code": "W7W/CW-039", "name": "Box Ridge", "title": "CW-039 Box Ridge"}}, {"type": "Feature", "geometry": {"type": "Point", "coordinates": [-120.9591, 47.4071]}, "properties": {"code": "W7W/CW-040", "name": "Koppen Mountain", "title": "CW-040 Koppen Mountain"}}, {"type": "Feature", "geometry": {"type": "Point", "coordinates": [-121.1445, 47.3975]}, "properties": {"code": "W7W/CW-041", "name": "Red Mountain", "title": "CW-041 Red Mountain"}}, {"type": "Feature", "geometry": {"type": "Point", "coordinates": [-121.3445, 47.4109]}, "properties": {"code": "W7W/CW-042", "name": "Rampart Ridge", "title": "CW-042 Rampart Ridge"}}, {"type": "Feature", "geometry": {"type": "Point", "coordinates": [-121.2054, 47.35]}, "properties": {"code": "W7W/CW-043", "name": "Hard Knox", "title": "CW-043 Hard Knox"}}, {"type": "Feature", "geometry": {"type": "Point", "coordinates": [-121.2085, 47.3708]}, "properties": {"code": "W7W/CW-044", "name": "Thorp Mountain", "title": "CW-044 Thorp Mountain"}}, {"type": "Feature", "geometry": {"type": "Point", "coordinates": [-121.3029, 47.1398]}, "properties": {"code": "W7W/CW-045", "name": "Blowout Mountain", "title": "CW-045 Blowout Mountain"}}, {"type": "Feature", "geometry": {"type": "Point", "coordinates": [-121.0131, 47.3419]}, "properties": {"code": "W7W/CW-046", "name": "Elbow Peak", "title": "CW-046 Elbow Peak"}}, {"type": "Feature", "geometry": {"type": "Point", "coordinates": [-120.9966, 47.0637]}, "properties": {"code": "W7W/CW-047", "name": "Frost Mountain", "title": "CW-047 Frost Mountain"}}, {"type": "Feature", "geometry": {"type": "Point", "coordinates": [-121.0556, 47.3575]}, "properties": {"code": "W7W/CW-048", "name": "Sasse Mountain", "title": "CW-048 Sasse Mountain"}}, {"type": "Feature", "geometry": {"type": "Point", "coordinates": [-121.1816, 47.3205]}, "properties": {"code": "W7W/CW-049", "name": "French Cabin Mountain-West Peak", "title": "CW-049 French Cabin Mountain-West Peak"}}, {"type": "Feature", "geometry": {"type": "Point", "coordinates": [-121.4055, 47.1115]}, "properties": {"code": "W7W/CW-050", "name": "Pyramid Peak", "title": "CW-050 Pyramid Peak"}}, {"type": "Feature", "geometry": {"type": "Point", "coordinates": [-121.081, 47.1083]}, "properties": {"code": "W7W/CW-051", "name": "Taneum Ridge", "title": "CW-051 Taneum Ridge"}}, {"type": "Feature", "geometry": {"type": "Point", "coordinates": [-121.4613, 47.3615]}, "properties": {"code": "W7W/CW-052", "name": "Silver Peak", "title": "CW-052 Silver Peak"}}, {"type": "Feature", "geometry": {"type": "Point", "coordinates": [-121.1731, 47.4551]}, "properties": {"code": "W7W/CW-053", "name": "Polallie Ridge", "title": "CW-053 Polallie Ridge"}}, {"type": "Feature", "geometry": {"type": "Point", "coordinates": [-120.722, 47.372]}, "properties": {"code": "W7W/CW-054", "name": "Jester Mountain", "title": "CW-054 Jester Mountain"}}, {"type": "Feature", "geometry": {"type": "Point", "coordinates": [-121.2066, 47.3285]}, "properties": {"code": "W7W/CW-055", "name": "Kachess Ridge", "title": "CW-055 Kachess Ridge"}}, {"type": "Feature", "geometry": {"type": "Point", "coordinates": [-121.0955, 47.1433]}, "properties": {"code": "W7W/CW-056", "name": "Hicks Butte", "title": "CW-056 Hicks Butte"}}, {"type": "Feature", "geometry": {"type": "Point", "coordinates": [-121.2187, 47.1781]}, "properties": {"code": "W7W/CW-057", "name": "East Cole Butte", "title": "CW-057 East Cole Butte"}}, {"type": "Feature", "geometry": {"type": "Point", "coordinates": [-120.9478, 47.3716]}, "properties": {"code": "W7W/CW-058", "name": "Malcolm Mountain", "title": "CW-058 Malcolm Mountain"}}, {"type": "Feature", "geometry": {"type": "Point", "coordinates": [-121.1388, 47.0601]}, "properties": {"code": "W7W/CW-059", "name": "5434 Capacitor Mtn", "title": "CW-059 5434 Capacitor Mtn"}}, {"type": "Feature", "geometry": {"type": "Point", "coordinates": [-121.2521, 47.1319]}, "properties": {"code": "W7W/CW-060", "name": "5380 ReJoyce Peak", "title": "CW-060 5380 ReJoyce Peak"}}, {"type": "Feature", "geometry": {"type": "Point", "coordinates": [-120.7609, 47.3017]}, "properties": {"code": "W7W/CW-061", "name": "Red Top Mountain", "title": "CW-061 Red Top Mountain"}}, {"type": "Feature", "geometry": {"type": "Point", "coordinates": [-121.1563, 47.2919]}, "properties": {"code": "W7W/CW-062", "name": "Thomas Mountain", "title": "CW-062 Thomas Mountain"}}, {"type": "Feature", "geometry": {"type": "Point", "coordinates": [-121.2996, 47.343]}, "properties": {"code": "W7W/CW-063", "name": "Keechelus Ridge", "title": "CW-063 Keechelus Ridge"}}, {"type": "Feature", "geometry": {"type": "Point", "coordinates": [-121.3011, 47.3832]}, "properties": {"code": "W7W/CW-064", "name": "Ugly Duckling", "title": "CW-064 Ugly Duckling"}}, {"type": "Feature", "geometry": {"type": "Point", "coordinates": [-121.3657, 47.2271]}, "properties": {"code": "W7W/CW-065", "name": "Snowshoe Butte", "title": "CW-065 Snowshoe Butte"}}, {"type": "Feature", "geometry": {"type": "Point", "coordinates": [-121.4268, 47.3724]}, "properties": {"code": "W7W/CW-066", "name": "Mount Catherine", "title": "CW-066 Mount Catherine"}}, {"type": "Feature", "geometry": {"type": "Point", "coordinates": [-121.2577, 47.2302]}, "properties": {"code": "W7W/CW-067", "name": "Cabin Mountain", "title": "CW-067 Cabin Mountain"}}, {"type": "Feature", "geometry": {"type": "Point", "coordinates": [-121.0645, 47.3211]}, "properties": {"code": "W7W/CW-105", "name": "Hex Mountain", "title": "CW-105 Hex Mountain"}}, {"type": "Feature", "geometry": {"type": "Point", "coordinates": [-121.4051, 47.3519]}, "properties": {"code": "W7W/CW-106", "name": "Roaring Ridge", "title": "CW-106 Roaring Ridge"}}, {"type": "Feature", "geometry": {"type": "Point", "coordinates": [-118.4736, 48.768]}, "properties": {"code": "W7W/FR-012", "name": "Mount Leona", "title": "FR-012 Mount Leona"}}, {"type": "Feature", "geometry": {"type": "Point", "coordinates": [-118.4308, 48.7842]}, "properties": {"code": "W7W/FR-013", "name": "Profanity Peak", "title": "FR-013 Profanity Peak"}}, {"type": "Feature", "geometry": {"type": "Point", "coordinates": [-118.5002, 48.4273]}, "properties": {"code": "W7W/FR-014", "name": "Grizzly Mountain", "title": "FR-014 Grizzly Mountain"}}, {"type": "Feature", "geometry": {"type": "Point", "coordinates": [-118.4184, 48.7379]}, "properties": {"code": "W7W/FR-015", "name": "U S Mountain", "title": "FR-015 U S Mountain"}}, {"type": "Feature", "geometry": {"type": "Point", "coordinates": [-118.3782, 48.8064]}, "properties": {"code": "W7W/FR-016", "name": "Taylor Ridge", "title": "FR-016 Taylor Ridge"}}, {"type": "Feature", "geometry": {"type": "Point", "coordinates": [-118.3694, 48.9345]}, "properties": {"code": "W7W/FR-017", "name": "Togo Mountain", "title": "FR-017 Togo Mountain"}}, {"type": "Feature", "geometry": {"type": "Point", "coordinates": [-118.567, 48.4873]}, "properties": {"code": "W7W/FR-018", "name": "Seventeenmile Mountain", "title": "FR-018 Seventeenmile Mountain"}}, {"type": "Feature", "geometry": {"type": "Point", "coordinates": [-118.5569, 48.4225]}, "properties": {"code": "W7W/FR-019", "name": "6020 Wavelength Mtn", "title": "FR-019 6020 Wavelength Mtn"}}, {"type": "Feature", "geometry": {"type": "Point", "coordinates": [-118.3793, 48.9038]}, "properties": {"code": "W7W/FR-020", "name": "Marble Mountain", "title": "FR-020 Marble Mountain"}}, {"type": "Feature", "geometry": {"type": "Point", "coordinates": [-118.3591, 48.6373]}, "properties": {"code": "W7W/FR-021", "name": "Graves Mountain", "title": "FR-021 Graves Mountain"}}, {"type": "Feature", "geometry": {"type": "Point", "coordinates": [-118.5724, 48.5082]}, "properties": {"code": "W7W/FR-022", "name": "Fire Mountain", "title": "FR-022 Fire Mountain"}}, {"type": "Feature", "geometry": {"type": "Point", "coordinates": [-118.4186, 48.6005]}, "properties": {"code": "W7W/FR-023", "name": "Paradise Peak", "title": "FR-023 Paradise Peak"}}, {"type": "Feature", "geometry": {"type": "Point", "coordinates": [-118.5413, 48.5923]}, "properties": {"code": "W7W/FR-024", "name": "Mount Washington", "title": "FR-024 Mount Washington"}}, {"type": "Feature", "geometry": {"type": "Point", "coordinates": [-118.8326, 48.8273]}, "properties": {"code": "W7W/FR-025", "name": "Bodie Mountain", "title": "FR-025 Bodie Mountain"}}, {"type": "Feature", "geometry": {"type": "Point", "coordinates": [-118.4092, 48.8879]}, "properties": {"code": "W7W/FR-026", "name": "Rocky Mountain", "title": "FR-026 Rocky Mountain"}}, {"type": "Feature", "geometry": {"type": "Point", "coordinates": [-118.3995, 48.6454]}, "properties": {"code": "W7W/FR-027", "name": "5716 Uppersideband Pk", "title": "FR-027 5716 Uppersideband Pk"}}, {"type": "Feature", "geometry": {"type": "Point", "coordinates": [-118.4261, 48.3764]}, "properties": {"code": "W7W/FR-028", "name": "Lynx Mountain", "title": "FR-028 Lynx Mountain"}}, {"type": "Feature", "geometry": {"type": "Point", "coordinates": [-118.6749, 48.9814]}, "properties": {"code": "W7W/FR-029", "name": "White Mountain", "title": "FR-029 White Mountain"}}, {"type": "Feature", "geometry": {"type": "Point", "coordinates": [-118.3084, 48.7851]}, "properties": {"code": "W7W/FR-030", "name": "5598 Solder Summit", "title": "FR-030 5598 Solder Summit"}}, {"type": "Feature", "geometry": {"type": "Point", "coordinates": [-118.522, 48.374]}, "properties": {"code": "W7W/FR-031", "name": "5598 Mt Triode", "title": "FR-031 5598 Mt Triode"}}, {"type": "Feature", "geometry": {"type": "Point", "coordinates": [-118.34, 48.9566]}, "properties": {"code": "W7W/FR-032", "name": "Independent Mountain", "title": "FR-032 Independent Mountain"}}, {"type": "Feature", "geometry": {"type": "Point", "coordinates": [-118.5083, 48.3148]}, "properties": {"code": "W7W/FR-033", "name": "Oregon City Ridge", "title": "FR-033 Oregon City Ridge"}}, {"type": "Feature", "geometry": {"type": "Point", "coordinates": [-118.829, 48.7713]}, "properties": {"code": "W7W/FR-034", "name": "Horseshoe Mountain", "title": "FR-034 Horseshoe Mountain"}}, {"type": "Feature", "geometry": {"type": "Point", "coordinates": [-118.7947, 48.82]}, "properties": {"code": "W7W/FR-035", "name": "Kelly Mountain", "title": "FR-035 Kelly Mountain"}}, {"type": "Feature", "geometry": {"type": "Point", "coordinates": [-118.5111, 48.2859]}, "properties": {"code": "W7W/FR-036", "name": "5409 Sunspot Pk", "title": "FR-036 5409 Sunspot Pk"}}, {"type": "Feature", "geometry": {"type": "Point", "coordinates": [-118.3725, 48.8742]}, "properties": {"code": "W7W/FR-037", "name": "Dry Mountain", "title": "FR-037 Dry Mountain"}}, {"type": "Feature", "geometry": {"type": "Point", "coordinates": [-118.8014, 48.718]}, "properties": {"code": "W7W/FR-038", "name": "Storm King Mountain", "title": "FR-038 Storm King Mountain"}}, {"type": "Feature", "geometry": {"type": "Point", "coordinates": [-118.3136, 48.6799]}, "properties": {"code": "W7W/FR-039", "name": "C C MOUNTAIN", "title": "FR-039 C C MOUNTAIN"}}, {"type": "Feature", "geometry": {"type": "Point", "coordinates": [-118.304, 48.5346]}, "properties": {"code": "W7W/FR-040", "name": "South Huckleberry Mountain", "title": "FR-040 South Huckleberry Mountain"}}, {"type": "Feature", "geometry": {"type": "Point", "coordinates": [-118.3052, 48.9591]}, "properties": {"code": "W7W/FR-041", "name": "Huckleberry Ridge", "title": "FR-041 Huckleberry Ridge"}}, {"type": "Feature", "geometry": {"type": "Point", "coordinates": [-118.6785, 48.9554]}, "properties": {"code": "W7W/FR-042", "name": "5260 Sideswipper Mtn", "title": "FR-042 5260 Sideswipper Mtn"}}, {"type": "Feature", "geometry": {"type": "Point", "coordinates": [-118.4261, 48.9799]}, "properties": {"code": "W7W/FR-043", "name": "Boundary Mountain", "title": "FR-043 Boundary Mountain"}}, {"type": "Feature", "geometry": {"type": "Point", "coordinates": [-118.2393, 48.653]}, "properties": {"code": "W7W/FR-044", "name": "Hoodoo Mountain", "title": "FR-044 Hoodoo Mountain"}}, {"type": "Feature", "geometry": {"type": "Point", "coordinates": [-118.5661, 48.709]}, "properties": {"code": "W7W/FR-045", "name": "Cooke Mountain", "title": "FR-045 Cooke Mountain"}}, {"type": "Feature", "geometry": {"type": "Point", "coordinates": [-118.2651, 48.7236]}, "properties": {"code": "W7W/FR-046", "name": "Jackknife Mountain", "title": "FR-046 Jackknife Mountain"}}, {"type": "Feature", "geometry": {"type": "Point", "coordinates": [-118.734, 48.8146]}, "properties": {"code": "W7W/FR-047", "name": "Lake Butte", "title": "FR-047 Lake Butte"}}, {"type": "Feature", "geometry": {"type": "Point", "coordinates": [-118.5527, 48.6491]}, "properties": {"code": "W7W/FR-048", "name": "4982 Gigahertz Pk", "title": "FR-048 4982 Gigahertz Pk"}}, {"type": "Feature", "geometry": {"type": "Point", "coordinates": [-118.7938, 48.9064]}, "properties": {"code": "W7W/FR-049", "name": "Bamber Mountain", "title": "FR-049 Bamber Mountain"}}, {"type": "Feature", "geometry": {"type": "Point", "coordinates": [-118.3953, 48.3388]}, "properties": {"code": "W7W/FR-050", "name": "Carson Mountain", "title": "FR-050 Carson Mountain"}}, {"type": "Feature", "geometry": {"type": "Point", "coordinates": [-118.6133, 48.6184]}, "properties": {"code": "W7W/FR-051", "name": "4944 Rectifier Mtn", "title": "FR-051 4944 Rectifier Mtn"}}, {"type": "Feature", "geometry": {"type": "Point", "coordinates": [-118.622, 48.4179]}, "properties": {"code": "W7W/FR-052", "name": "4940 Regenerative Pk", "title": "FR-052 4940 Regenerative Pk"}}, {"type": "Feature", "geometry": {"type": "Point", "coordinates": [-118.3665, 48.677]}, "properties": {"code": "W7W/FR-133", "name": "Mack Mountain", "title": "FR-133 Mack Mountain"}}, {"type": "Feature", "geometry": {"type": "Point", "coordinates": [-121.3606, 47.4723]}, "properties": {"code": "W7W/KG-007", "name": "Mount Thomson", "title": "KG-007 Mount Thomson"}}, {"type": "Feature", "geometry": {"type": "Point", "coordinates": [-121.3274, 47.5009]}, "properties": {"code": "W7W/KG-008", "name": "Burnt Boot Peak", "title": "KG-008 Burnt Boot Peak"}}, {"type": "Feature", "geometry": {"type": "Point", "coordinates": [-121.1974, 47.6218]}, "properties": {"code": "W7W/KG-009", "name": "Terrace Mountain", "title": "KG-009 Terrace Mountain"}}, {"type": "Feature", "geometry": {"type": "Point", "coordinates": [-121.2714, 47.577]}, "properties": {"code": "W7W/KG-010", "name": "Otter Benchmark", "title": "KG-010 Otter Benchmark"}}, {"type": "Feature", "geometry": {"type": "Point", "coordinates": [-121.2853, 47.5537]}, "properties": {"code": "W7W/KG-011", "name": "Iron Cap Mountain", "title": "KG-011 Iron Cap Mountain"}}, {"type": "Feature", "geometry": {"type": "Point", "coordinates": [-121.1448, 47.6468]}, "properties": {"code": "W7W/KG-012", "name": "Surprise Mountain", "title": "KG-012 Surprise Mountain"}}, {"type": "Feature", "geometry": {"type": "Point", "coordinates": [-121.3343, 47.5523]}, "properties": {"code": "W7W/KG-013", "name": "Wild Goat Peak", "title": "KG-013 Wild Goat Peak"}}, {"type": "Feature", "geometry": {"type": "Point", "coordinates": [-121.3319, 47.5712]}, "properties": {"code": "W7W/KG-014", "name": "Camp Robber Peak", "title": "KG-014 Camp Robber Peak"}}, {"type": "Feature", "geometry": {"type": "Point", "coordinates": [-121.4165, 47.4587]}, "properties": {"code": "W7W/KG-015", "name": "Snoqualmie Mountain", "title": "KG-015 Snoqualmie Mountain"}}, {"type": "Feature", "geometry": {"type": "Point", "coordinates": [-121.341, 47.6238]}, "properties": {"code": "W7W/KG-016", "name": "Malachite Peak", "title": "KG-016 Malachite Peak"}}, {"type": "Feature", "geometry": {"type": "Point", "coordinates": [-121.2714, 47.6168]}, "properties": {"code": "W7W/KG-017", "name": "Silver Eagle Peak", "title": "KG-017 Silver Eagle Peak"}}, {"type": "Feature", "geometry": {"type": "Point", "coordinates": [-121.4781, 47.4625]}, "properties": {"code": "W7W/KG-018", "name": "Kaleetan Peak", "title": "KG-018 Kaleetan Peak"}}, {"type": "Feature", "geometry": {"type": "Point", "coordinates": [-121.2255, 47.6244]}, "properties": {"code": "W7W/KG-019", "name": "Terrace Mountain West", "title": "KG-019 Terrace Mountain West"}}, {"type": "Feature", "geometry": {"type": "Point", "coordinates": [-121.1141, 47.6871]}, "properties": {"code": "W7W/KG-020", "name": "K9", "title": "KG-020 K9"}}, {"type": "Feature", "geometry": {"type": "Point", "coordinates": [-121.291, 47.6079]}, "properties": {"code": "W7W/KG-021", "name": "Bald Eagle Peak", "title": "KG-021 Bald Eagle Peak"}}, {"type": "Feature", "geometry": {"type": "Point", "coordinates": [-121.4668, 47.4596]}, "properties": {"code": "W7W/KG-022", "name": "Chair Peak", "title": "KG-022 Chair Peak"}}, {"type": "Feature", "geometry": {"type": "Point", "coordinates": [-121.2307, 47.7551]}, "properties": {"code": "W7W/KG-023", "name": "Mount Fernow", "title": "KG-023 Mount Fernow"}}, {"type": "Feature", "geometry": {"type": "Point", "coordinates": [-121.4357, 47.7793]}, "properties": {"code": "W7W/KG-024", "name": "Baring Mountain", "title": "KG-024 Baring Mountain"}}, {"type": "Feature", "geometry": {"type": "Point", "coordinates": [-121.5804, 47.7743]}, "properties": {"code": "W7W/KG-025", "name": "Mount Index", "title": "KG-025 Mount Index"}}, {"type": "Feature", "geometry": {"type": "Point", "coordinates": [-121.351, 47.6143]}, "properties": {"code": "W7W/KG-026", "name": "Malachite Peak South", "title": "KG-026 Malachite Peak South"}}, {"type": "Feature", "geometry": {"type": "Point", "coordinates": [-121.519, 47.4987]}, "properties": {"code": "W7W/KG-027", "name": "Preacher Mountain", "title": "KG-027 Preacher Mountain"}}, {"type": "Feature", "geometry": {"type": "Point", "coordinates": [-121.473, 47.6678]}, "properties": {"code": "W7W/KG-028", "name": "Lennox Mountain", "title": "KG-028 Lennox Mountain"}}, {"type": "Feature", "geometry": {"type": "Point", "coordinates": [-121.389, 47.456]}, "properties": {"code": "W7W/KG-029", "name": "Red Mountain", "title": "KG-029 Red Mountain"}}, {"type": "Feature", "geometry": {"type": "Point", "coordinates": [-121.5037, 47.4811]}, "properties": {"code": "W7W/KG-030", "name": "Caroline Peak", "title": "KG-030 Caroline Peak"}}, {"type": "Feature", "geometry": {"type": "Point", "coordinates": [-121.102, 47.7322]}, "properties": {"code": "W7W/KG-031", "name": "Cowboy Mountain", "title": "KG-031 Cowboy Mountain"}}, {"type": "Feature", "geometry": {"type": "Point", "coordinates": [-121.4701, 47.5637]}, "properties": {"code": "W7W/KG-032", "name": "Treen Peak", "title": "KG-032 Treen Peak"}}, {"type": "Feature", "geometry": {"type": "Point", "coordinates": [-121.1938, 47.7669]}, "properties": {"code": "W7W/KG-033", "name": "Captain Point", "title": "KG-033 Captain Point"}}, {"type": "Feature", "geometry": {"type": "Point", "coordinates": [-121.0704, 47.718]}, "properties": {"code": "W7W/KG-035", "name": "Lumiere Ridge", "title": "KG-035 Lumiere Ridge"}}, {"type": "Feature", "geometry": {"type": "Point", "coordinates": [-121.1326, 47.7703]}, "properties": {"code": "W7W/KG-036", "name": "Spinnaker Peak", "title": "KG-036 Spinnaker Peak"}}, {"type": "Feature", "geometry": {"type": "Point", "coordinates": [-121.4814, 47.4177]}, "properties": {"code": "W7W/KG-037", "name": "Granite Mountain", "title": "KG-037 Granite Mountain"}}, {"type": "Feature", "geometry": {"type": "Point", "coordinates": [-121.4206, 47.7632]}, "properties": {"code": "W7W/KG-038", "name": "Klinger Ridge", "title": "KG-038 Klinger Ridge"}}, {"type": "Feature", "geometry": {"type": "Point", "coordinates": [-121.3554, 47.7759]}, "properties": {"code": "W7W/KG-039", "name": "Eagle Rock", "title": "KG-039 Eagle Rock"}}, {"type": "Feature", "geometry": {"type": "Point", "coordinates": [-121.1984, 47.6602]}, "properties": {"code": "W7W/KG-040", "name": "East Tonga Ridge", "title": "KG-040 East Tonga Ridge"}}, {"type": "Feature", "geometry": {"type": "Point", "coordinates": [-121.4276, 47.61]}, "properties": {"code": "W7W/KG-041", "name": "Cascade Mountain", "title": "KG-041 Cascade Mountain"}}, {"type": "Feature", "geometry": {"type": "Point", "coordinates": [-121.4084, 47.5037]}, "properties": {"code": "W7W/KG-042", "name": "Mount Price", "title": "KG-042 Mount Price"}}, {"type": "Feature", "geometry": {"type": "Point", "coordinates": [-121.5642, 47.4352]}, "properties": {"code": "W7W/KG-043", "name": "Mount Defiance", "title": "KG-043 Mount Defiance"}}, {"type": "Feature", "geometry": {"type": "Point", "coordinates": [-121.5484, 47.6149]}, "properties": {"code": "W7W/KG-044", "name": "Goat Mountain", "title": "KG-044 Goat Mountain"}}, {"type": "Feature", "geometry": {"type": "Point", "coordinates": [-121.5164, 47.7168]}, "properties": {"code": "W7W/KG-045", "name": "Red Mountain Benchmark", "title": "KG-045 Red Mountain Benchmark"}}, {"type": "Feature", "geometry": {"type": "Point", "coordinates": [-121.4172, 47.6295]}, "properties": {"code": "W7W/KG-046", "name": "Cascade Mountain North", "title": "KG-046 Cascade Mountain North"}}, {"type": "Feature", "geometry": {"type": "Point", "coordinates": [-121.2985, 47.5743]}, "properties": {"code": "W7W/KG-047", "name": "Otter-Angeline", "title": "KG-047 Otter-Angeline"}}, {"type": "Feature", "geometry": {"type": "Point", "coordinates": [-121.4935, 47.7195]}, "properties": {"code": "W7W/KG-048", "name": "Crosby Mountain", "title": "KG-048 Crosby Mountain"}}, {"type": "Feature", "geometry": {"type": "Point", "coordinates": [-121.5654, 47.6884]}, "properties": {"code": "W7W/KG-049", "name": "McClain Peaks", "title": "KG-049 McClain Peaks"}}, {"type": "Feature", "geometry": {"type": "Point", "coordinates": [-121.4934, 47.5528]}, "properties": {"code": "W7W/KG-050", "name": "Garfield Mountain", "title": "KG-050 Garfield Mountain"}}, {"type": "Feature", "geometry": {"type": "Point", "coordinates": [-121.4283, 47.1287]}, "properties": {"code": "W7W/KG-051", "name": "Pechugh Peak", "title": "KG-051 Pechugh Peak"}}, {"type": "Feature", "geometry": {"type": "Point", "coordinates": [-121.2243, 47.6669]}, "properties": {"code": "W7W/KG-052", "name": "Mount Sawyer", "title": "KG-052 Mount Sawyer"}}, {"type": "Feature", "geometry": {"type": "Point", "coordinates": [-121.4851, 47.552]}, "properties": {"code": "W7W/KG-053", "name": "East Peak", "title": "KG-053 East Peak"}}, {"type": "Feature", "geometry": {"type": "Point", "coordinates": [-121.1103, 47.7592]}, "properties": {"code": "W7W/KG-054", "name": "Sky Mountain", "title": "KG-054 Sky Mountain"}}, {"type": "Feature", "geometry": {"type": "Point", "coordinates": [-121.4484, 47.3043]}, "properties": {"code": "W7W/KG-055", "name": "Meadow Mountain", "title": "KG-055 Meadow Mountain"}}, {"type": "Feature", "geometry": {"type": "Point", "coordinates": [-121.4213, 47.6134]}, "properties": {"code": "W7W/KG-056", "name": "Middle Cascade Mountain", "title": "KG-056 Middle Cascade Mountain"}}, {"type": "Feature", "geometry": {"type": "Point", "coordinates": [-121.5852, 47.4722]}, "properties": {"code": "W7W/KG-057", "name": "Revolution Peak", "title": "KG-057 Revolution Peak"}}, {"type": "Feature", "geometry": {"type": "Point", "coordinates": [-121.5479, 47.7175]}, "properties": {"code": "W7W/KG-058", "name": "Red Mountain", "title": "KG-058 Red Mountain"}}, {"type": "Feature", "geometry": {"type": "Point", "coordinates": [-121.4605, 47.6035]}, "properties": {"code": "W7W/KG-059", "name": "Morpheus", "title": "KG-059 Morpheus"}}, {"type": "Feature", "geometry": {"type": "Point", "coordinates": [-121.4903, 47.1692]}, "properties": {"code": "W7W/KG-060", "name": "Kelly Butte", "title": "KG-060 Kelly Butte"}}, {"type": "Feature", "geometry": {"type": "Point", "coordinates": [-121.4689, 47.4351]}, "properties": {"code": "W7W/KG-061", "name": "Low Mountain", "title": "KG-061 Low Mountain"}}, {"type": "Feature", "geometry": {"type": "Point", "coordinates": [-121.5009, 47.6076]}, "properties": {"code": "W7W/KG-062", "name": "Dog Mountain", "title": "KG-062 Dog Mountain"}}, {"type": "Feature", "geometry": {"type": "Point", "coordinates": [-121.4546, 47.3492]}, "properties": {"code": "W7W/KG-063", "name": "Tinkham Peak West", "title": "KG-063 Tinkham Peak West"}}, {"type": "Feature", "geometry": {"type": "Point", "coordinates": [-121.4304, 47.4693]}, "properties": {"code": "W7W/KG-064", "name": "Avalanche Mountain", "title": "KG-064 Avalanche Mountain"}}, {"type": "Feature", "geometry": {"type": "Point", "coordinates": [-121.3122, 47.577]}, "properties": {"code": "W7W/KG-065", "name": "Angeline-Heart", "title": "KG-065 Angeline-Heart"}}, {"type": "Feature", "geometry": {"type": "Point", "coordinates": [-121.5407, 47.5888]}, "properties": {"code": "W7W/KG-066", "name": "The Ark", "title": "KG-066 The Ark"}}, {"type": "Feature", "geometry": {"type": "Point", "coordinates": [-121.6036, 47.6127]}, "properties": {"code": "W7W/KG-067", "name": "South Twin Peaks", "title": "KG-067 South Twin Peaks"}}, {"type": "Feature", "geometry": {"type": "Point", "coordinates": [-121.4822, 47.496]}, "properties": {"code": "W7W/KG-068", "name": "Wild Dare Mountain", "title": "KG-068 Wild Dare Mountain"}}, {"type": "Feature", "geometry": {"type": "Point", "coordinates": [-121.424, 47.5896]}, "properties": {"code": "W7W/KG-069", "name": "Mile High", "title": "KG-069 Mile High"}}, {"type": "Feature", "geometry": {"type": "Point", "coordinates": [-121.4245, 47.6809]}, "properties": {"code": "W7W/KG-070", "name": "Cleveland Mountain", "title": "KG-070 Cleveland Mountain"}}, {"type": "Feature", "geometry": {"type": "Point", "coordinates": [-121.4344, 47.5382]}, "properties": {"code": "W7W/KG-071", "name": "Galleon Mountain", "title": "KG-071 Galleon Mountain"}}, {"type": "Feature", "geometry": {"type": "Point", "coordinates": [-121.4102, 47.5353]}, "properties": {"code": "W7W/KG-072", "name": "Sorcery Mountain", "title": "KG-072 Sorcery Mountain"}}, {"type": "Feature", "geometry": {"type": "Point", "coordinates": [-121.5378, 47.4154]}, "properties": {"code": "W7W/KG-073", "name": "Bandera Mountain", "title": "KG-073 Bandera Mountain"}}, {"type": "Feature", "geometry": {"type": "Point", "coordinates": [-121.433, 47.151]}, "properties": {"code": "W7W/KG-074", "name": "Sawmill Ridge", "title": "KG-074 Sawmill Ridge"}}, {"type": "Feature", "geometry": {"type": "Point", "coordinates": [-121.6136, 47.5974]}, "properties": {"code": "W7W/KG-075", "name": "Boomerang Peak", "title": "KG-075 Boomerang Peak"}}, {"type": "Feature", "geometry": {"type": "Point", "coordinates": [-121.4956, 47.3733]}, "properties": {"code": "W7W/KG-076", "name": "Humpback Mountain", "title": "KG-076 Humpback Mountain"}}, {"type": "Feature", "geometry": {"type": "Point", "coordinates": [-121.4498, 47.5473]}, "properties": {"code": "W7W/KG-077", "name": "Floating Rock", "title": "KG-077 Floating Rock"}}, {"type": "Feature", "geometry": {"type": "Point", "coordinates": [-121.4086, 47.4419]}, "properties": {"code": "W7W/KG-078", "name": "Guye Peak", "title": "KG-078 Guye Peak"}}, {"type": "Feature", "geometry": {"type": "Point", "coordinates": [-121.6083, 47.5604]}, "properties": {"code": "W7W/KG-079", "name": "Bessemer Mountain", "title": "KG-079 Bessemer Mountain"}}, {"type": "Feature", "geometry": {"type": "Point", "coordinates": [-121.6223, 47.4068]}, "properties": {"code": "W7W/KG-080", "name": "McClellan Butte", "title": "KG-080 McClellan Butte"}}, {"type": "Feature", "geometry": {"type": "Point", "coordinates": [-121.5789, 47.6784]}, "properties": {"code": "W7W/KG-081", "name": "Mount Phelps", "title": "KG-081 Mount Phelps"}}, {"type": "Feature", "geometry": {"type": "Point", "coordinates": [-121.5893, 47.4956]}, "properties": {"code": "W7W/KG-082", "name": "Russian Butte", "title": "KG-082 Russian Butte"}}, {"type": "Feature", "geometry": {"type": "Point", "coordinates": [-121.39, 47.556]}, "properties": {"code": "W7W/KG-083", "name": "Little Bulger", "title": "KG-083 Little Bulger"}}, {"type": "Feature", "geometry": {"type": "Point", "coordinates": [-121.5264, 47.4269]}, "properties": {"code": "W7W/KG-084", "name": "Pratt Mountain", "title": "KG-084 Pratt Mountain"}}, {"type": "Feature", "geometry": {"type": "Point", "coordinates": [-121.6179, 47.3904]}, "properties": {"code": "W7W/KG-085", "name": "Mount Kent", "title": "KG-085 Mount Kent"}}, {"type": "Feature", "geometry": {"type": "Point", "coordinates": [-121.2816, 47.7357]}, "properties": {"code": "W7W/KG-086", "name": "Beckler Peak", "title": "KG-086 Beckler Peak"}}, {"type": "Feature", "geometry": {"type": "Point", "coordinates": [-121.5592, 47.7446]}, "properties": {"code": "W7W/KG-087", "name": "Frozen Mountain", "title": "KG-087 Frozen Mountain"}}, {"type": "Feature", "geometry": {"type": "Point", "coordinates": [-121.0897, 47.7085]}, "properties": {"code": "W7W/KG-088", "name": "Sopwith Camel Mountain", "title": "KG-088 Sopwith Camel Mountain"}}, {"type": "Feature", "geometry": {"type": "Point", "coordinates": [-121.4843, 47.7348]}, "properties": {"code": "W7W/KG-089", "name": "Palmer Mountain", "title": "KG-089 Palmer Mountain"}}, {"type": "Feature", "geometry": {"type": "Point", "coordinates": [-121.6043, 47.5869]}, "properties": {"code": "W7W/KG-090", "name": "Paperboy", "title": "KG-090 Paperboy"}}, {"type": "Feature", "geometry": {"type": "Point", "coordinates": [-121.6419, 47.5472]}, "properties": {"code": "W7W/KG-091", "name": "Moolock Mountain", "title": "KG-091 Moolock Mountain"}}, {"type": "Feature", "geometry": {"type": "Point", "coordinates": [-121.633, 47.4581]}, "properties": {"code": "W7W/KG-092", "name": "West Defiance", "title": "KG-092 West Defiance"}}, {"type": "Feature", "geometry": {"type": "Point", "coordinates": [-121.4799, 47.6512]}, "properties": {"code": "W7W/KG-145", "name": "Canoe Peak", "title": "KG-145 Canoe Peak"}}, {"type": "Feature", "geometry": {"type": "Point", "coordinates": [-121.4994, 47.349]}, "properties": {"code": "W7W/KG-146", "name": "Bearscout Peak", "title": "KG-146 Bearscout Peak"}}, {"type": "Feature", "geometry": {"type": "Point", "coordinates": [-121.4615, 47.129]}, "properties": {"code": "W7W/KG-147", "name": "Colquhoun Peak", "title": "KG-147 Colquhoun Peak"}}, {"type": "Feature", "geometry": {"type": "Point", "coordinates": [-121.4843, 47.3025]}, "properties": {"code": "W7W/KG-148", "name": "Psilocybin Hill", "title": "KG-148 Psilocybin Hill"}}, {"type": "Feature", "geometry": {"type": "Point", "coordinates": [-121.543, 47.2856]}, "properties": {"code": "W7W/KG-149", "name": "Paranoia Peak", "title": "KG-149 Paranoia Peak"}}, {"type": "Feature", "geometry": {"type": "Point", "coordinates": [-121.7599, 46.0185]}, "properties": {"code": "W7W/LC-002", "name": "Lemei Rock", "title": "LC-002 Lemei Rock"}}, {"type": "Feature", "geometry": {"type": "Point", "coordinates": [-121.759, 46.3327]}, "properties": {"code": "W7W/LC-003", "name": "Sunrise Peak", "title": "LC-003 Sunrise Peak"}}, {"type": "Feature", "geometry": {"type": "Point", "coordinates": [-122.1332, 46.3256]}, "properties": {"code": "W7W/LC-004", "name": "Mount Whittier", "title": "LC-004 Mount Whittier"}}, {"type": "Feature", "geometry": {"type": "Point", "coordinates": [-121.8242, 46.33]}, "properties": {"code": "W7W/LC-005", "name": "McCoy Peak", "title": "LC-005 McCoy Peak"}}, {"type": "Feature", "geometry": {"type": "Point", "coordinates": [-122.162, 46.3427]}, "properties": {"code": "W7W/LC-006", "name": "Mount Venus", "title": "LC-006 Mount Venus"}}, {"type": "Feature", "geometry": {"type": "Point", "coordinates": [-121.7683, 46.3092]}, "properties": {"code": "W7W/LC-007", "name": "Jumbo Peak", "title": "LC-007 Jumbo Peak"}}, {"type": "Feature", "geometry": {"type": "Point", "coordinates": [-122.1817, 46.3]}, "properties": {"code": "W7W/LC-008", "name": "Coldwater Peak", "title": "LC-008 Coldwater Peak"}}, {"type": "Feature", "geometry": {"type": "Point", "coordinates": [-122.036, 46.3838]}, "properties": {"code": "W7W/LC-009", "name": "Strawberry Mountain", "title": "LC-009 Strawberry Mountain"}}, {"type": "Feature", "geometry": {"type": "Point", "coordinates": [-121.6919, 46.3786]}, "properties": {"code": "W7W/LC-010", "name": "Blue Lake Ridge", "title": "LC-010 Blue Lake Ridge"}}, {"type": "Feature", "geometry": {"type": "Point", "coordinates": [-121.8572, 46.2634]}, "properties": {"code": "W7W/LC-011", "name": "Craggy Peak", "title": "LC-011 Craggy Peak"}}, {"type": "Feature", "geometry": {"type": "Point", "coordinates": [-121.7809, 46.0393]}, "properties": {"code": "W7W/LC-012", "name": "Bird Mountain", "title": "LC-012 Bird Mountain"}}, {"type": "Feature", "geometry": {"type": "Point", "coordinates": [-121.8942, 46.2833]}, "properties": {"code": "W7W/LC-013", "name": "Badger Peak", "title": "LC-013 Badger Peak"}}, {"type": "Feature", "geometry": {"type": "Point", "coordinates": [-121.7781, 46.3681]}, "properties": {"code": "W7W/LC-014", "name": "Juniper Peak", "title": "LC-014 Juniper Peak"}}, {"type": "Feature", "geometry": {"type": "Point", "coordinates": [-122.1897, 46.3277]}, "properties": {"code": "W7W/LC-015", "name": "Minnie Peak", "title": "LC-015 Minnie Peak"}}, {"type": "Feature", "geometry": {"type": "Point", "coordinates": [-121.8786, 46.2714]}, "properties": {"code": "W7W/LC-016", "name": "Kirk Rock", "title": "LC-016 Kirk Rock"}}, {"type": "Feature", "geometry": {"type": "Point", "coordinates": [-121.8192, 46.2668]}, "properties": {"code": "W7W/LC-017", "name": "Hat Rock", "title": "LC-017 Hat Rock"}}, {"type": "Feature", "geometry": {"type": "Point", "coordinates": [-122.0458, 46.3402]}, "properties": {"code": "W7W/LC-018", "name": "Strawberry Benchmark", "title": "LC-018 Strawberry Benchmark"}}, {"type": "Feature", "geometry": {"type": "Point", "coordinates": [-121.82, 46.2558]}, "properties": {"code": "W7W/LC-019", "name": "Snagtooth Mountain", "title": "LC-019 Snagtooth Mountain"}}, {"type": "Feature", "geometry": {"type": "Point", "coordinates": [-121.728, 46.1383]}, "properties": {"code": "W7W/LC-020", "name": "Steamboat Mountain", "title": "LC-020 Steamboat Mountain"}}, {"type": "Feature", "geometry": {"type": "Point", "coordinates": [-122.1021, 46.3637]}, "properties": {"code": "W7W/LC-021", "name": "Goat Mountain", "title": "LC-021 Goat Mountain"}}, {"type": "Feature", "geometry": {"type": "Point", "coordinates": [-121.8049, 45.9819]}, "properties": {"code": "W7W/LC-022", "name": "Gifford Peak", "title": "LC-022 Gifford Peak"}}, {"type": "Feature", "geometry": {"type": "Point", "coordinates": [-122.1863, 46.3585]}, "properties": {"code": "W7W/LC-023", "name": "Black Mountain", "title": "LC-023 Black Mountain"}}, {"type": "Feature", "geometry": {"type": "Point", "coordinates": [-121.9272, 46.3467]}, "properties": {"code": "W7W/LC-024", "name": "French Butte", "title": "LC-024 French Butte"}}, {"type": "Feature", "geometry": {"type": "Point", "coordinates": [-121.7862, 45.9982]}, "properties": {"code": "W7W/LC-025", "name": "East Crater", "title": "LC-025 East Crater"}}, {"type": "Feature", "geometry": {"type": "Point", "coordinates": [-121.7702, 46.2769]}, "properties": {"code": "W7W/LC-026", "name": "Dark Mountain", "title": "LC-026 Dark Mountain"}}, {"type": "Feature", "geometry": {"type": "Point", "coordinates": [-122.1004, 46.2994]}, "properties": {"code": "W7W/LC-027", "name": "5245 End Fed Pk", "title": "LC-027 5245 End Fed Pk"}}, {"type": "Feature", "geometry": {"type": "Point", "coordinates": [-121.7514, 46.2285]}, "properties": {"code": "W7W/LC-028", "name": "Quartz Creek Ridge", "title": "LC-028 Quartz Creek Ridge"}}, {"type": "Feature", "geometry": {"type": "Point", "coordinates": [-121.7275, 46.2567]}, "properties": {"code": "W7W/LC-029", "name": "North Quartz Creek Ridge", "title": "LC-029 North Quartz Creek Ridge"}}, {"type": "Feature", "geometry": {"type": "Point", "coordinates": [-121.6378, 46.2716]}, "properties": {"code": "W7W/LC-030", "name": "Council Bluff", "title": "LC-030 Council Bluff"}}, {"type": "Feature", "geometry": {"type": "Point", "coordinates": [-121.5924, 46.3322]}, "properties": {"code": "W7W/LC-031", "name": "Green Mountain", "title": "LC-031 Green Mountain"}}, {"type": "Feature", "geometry": {"type": "Point", "coordinates": [-121.6631, 46.099]}, "properties": {"code": "W7W/LC-032", "name": "5060 Full Quieting Mtn", "title": "LC-032 5060 Full Quieting Mtn"}}, {"type": "Feature", "geometry": {"type": "Point", "coordinates": [-121.6543, 46.3556]}, "properties": {"code": "W7W/LC-033", "name": "5042 Gray-Line Summit", "title": "LC-033 5042 Gray-Line Summit"}}, {"type": "Feature", "geometry": {"type": "Point", "coordinates": [-121.6452, 46.3035]}, "properties": {"code": "W7W/LC-034", "name": "East Canyon Ridge", "title": "LC-034 East Canyon Ridge"}}, {"type": "Feature", "geometry": {"type": "Point", "coordinates": [-122.3007, 46.1637]}, "properties": {"code": "W7W/LC-035", "name": "Goat Mountain", "title": "LC-035 Goat Mountain"}}, {"type": "Feature", "geometry": {"type": "Point", "coordinates": [-121.8209, 45.9349]}, "properties": {"code": "W7W/LC-036", "name": "Red Mountain", "title": "LC-036 Red Mountain"}}, {"type": "Feature", "geometry": {"type": "Point", "coordinates": [-121.7051, 46.3141]}, "properties": {"code": "W7W/LC-037", "name": "4946 High Pass Mtn", "title": "LC-037 4946 High Pass Mtn"}}, {"type": "Feature", "geometry": {"type": "Point", "coordinates": [-121.7717, 46.07]}, "properties": {"code": "W7W/LC-166", "name": "Sawtooth Mountain", "title": "LC-166 Sawtooth Mountain"}}, {"type": "Feature", "geometry": {"type": "Point", "coordinates": [-121.2848, 46.996]}, "properties": {"code": "W7W/MC-024", "name": "East Fifes Ridge", "title": "MC-024 East Fifes Ridge"}}, {"type": "Feature", "geometry": {"type": "Point", "coordinates": [-121.1962, 46.7078]}, "properties": {"code": "W7W/MC-025", "name": "Burnt Mountain", "title": "MC-025 Burnt Mountain"}}, {"type": "Feature", "geometry": {"type": "Point", "coordinates": [-121.265, 46.9395]}, "properties": {"code": "W7W/MC-026", "name": "Goat Peak", "title": "MC-026 Goat Peak"}}, {"type": "Feature", "geometry": {"type": "Point", "coordinates": [-121.2504, 46.6833]}, "properties": {"code": "W7W/MC-027", "name": "Ironstone Mountain", "title": "MC-027 Ironstone Mountain"}}, {"type": "Feature", "geometry": {"type": "Point", "coordinates": [-121.2022, 46.8766]}, "properties": {"code": "W7W/MC-028", "name": "Nile Ridge", "title": "MC-028 Nile Ridge"}}, {"type": "Feature", "geometry": {"type": "Point", "coordinates": [-121.2934, 46.7201]}, "properties": {"code": "W7W/MC-029", "name": "Arnesons Peak", "title": "MC-029 Arnesons Peak"}}, {"type": "Feature", "geometry": {"type": "Point", "coordinates": [-121.1453, 46.7658]}, "properties": {"code": "W7W/MC-030", "name": "Timberwolf Mountain", "title": "MC-030 Timberwolf Mountain"}}, {"type": "Feature", "geometry": {"type": "Point", "coordinates": [-121.3211, 46.7461]}, "properties": {"code": "W7W/MC-032", "name": "Pear Butte", "title": "MC-032 Pear Butte"}}, {"type": "Feature", "geometry": {"type": "Point", "coordinates": [-121.3088, 46.9096]}, "properties": {"code": "W7W/MC-033", "name": "6340 American Ridge #5", "title": "MC-033 6340 American Ridge #5"}}, {"type": "Feature", "geometry": {"type": "Point", "coordinates": [-121.3526, 46.7122]}, "properties": {"code": "W7W/MC-034", "name": "Tumac Mountain", "title": "MC-034 Tumac Mountain"}}, {"type": "Feature", "geometry": {"type": "Point", "coordinates": [-121.3625, 46.9613]}, "properties": {"code": "W7W/MC-035", "name": "6300 Tower Mtn", "title": "MC-035 6300 Tower Mtn"}}, {"type": "Feature", "geometry": {"type": "Point", "coordinates": [-121.1142, 46.7177]}, "properties": {"code": "W7W/MC-036", "name": "Bethel Ridge", "title": "MC-036 Bethel Ridge"}}, {"type": "Feature", "geometry": {"type": "Point", "coordinates": [-121.4241, 46.7791]}, "properties": {"code": "W7W/MC-037", "name": "Crag Mountain", "title": "MC-037 Crag Mountain"}}, {"type": "Feature", "geometry": {"type": "Point", "coordinates": [-121.3376, 47.0265]}, "properties": {"code": "W7W/MC-038", "name": "Raven Roost", "title": "MC-038 Raven Roost"}}, {"type": "Feature", "geometry": {"type": "Point", "coordinates": [-121.4328, 46.8455]}, "properties": {"code": "W7W/MC-039", "name": "6162 American Ridge #1", "title": "MC-039 6162 American Ridge #1"}}, {"type": "Feature", "geometry": {"type": "Point", "coordinates": [-121.3544, 46.809]}, "properties": {"code": "W7W/MC-040", "name": "Miners Ridge", "title": "MC-040 Miners Ridge"}}, {"type": "Feature", "geometry": {"type": "Point", "coordinates": [-121.3309, 46.6342]}, "properties": {"code": "W7W/MC-041", "name": "Round Mountain", "title": "MC-041 Round Mountain"}}, {"type": "Feature", "geometry": {"type": "Point", "coordinates": [-121.3512, 46.6651]}, "properties": {"code": "W7W/MC-042", "name": "Spiral Butte", "title": "MC-042 Spiral Butte"}}, {"type": "Feature", "geometry": {"type": "Point", "coordinates": [-121.3942, 46.7581]}, "properties": {"code": "W7W/MC-043", "name": "5934 Radio Mtn", "title": "MC-043 5934 Radio Mtn"}}, {"type": "Feature", "geometry": {"type": "Point", "coordinates": [-120.8232, 45.9938]}, "properties": {"code": "W7W/MC-045", "name": "Indian Rock", "title": "MC-045 Indian Rock"}}, {"type": "Feature", "geometry": {"type": "Point", "coordinates": [-121.338, 46.8014]}, "properties": {"code": "W7W/MC-046", "name": "5810 Callsign Pk", "title": "MC-046 5810 Callsign Pk"}}, {"type": "Feature", "geometry": {"type": "Point", "coordinates": [-121.0301, 46.6382]}, "properties": {"code": "W7W/MC-047", "name": "Jumpoff Lookout Peak", "title": "MC-047 Jumpoff Lookout Peak"}}, {"type": "Feature", "geometry": {"type": "Point", "coordinates": [-121.3375, 46.7389]}, "properties": {"code": "W7W/MC-048", "name": "5780 Repeater Mtn", "title": "MC-048 5780 Repeater Mtn"}}, {"type": "Feature", "geometry": {"type": "Point", "coordinates": [-120.8577, 46.8236]}, "properties": {"code": "W7W/MC-050", "name": "Cleman Mountain", "title": "MC-050 Cleman Mountain"}}, {"type": "Feature", "geometry": {"type": "Point", "coordinates": [-121.3106, 46.394]}, "properties": {"code": "W7W/MC-081", "name": "Jennies Butte", "title": "MC-081 Jennies Butte"}}, {"type": "Feature", "geometry": {"type": "Point", "coordinates": [-121.4106, 46.446]}, "properties": {"code": "W7W/MC-082", "name": "6402", "title": "MC-082 6402"}}, {"type": "Feature", "geometry": {"type": "Point", "coordinates": [-121.374, 46.4061]}, "properties": {"code": "W7W/MC-083", "name": "6349", "title": "MC-083 6349"}}, {"type": "Feature", "geometry": {"type": "Point", "coordinates": [-121.4155, 46.8632]}, "properties": {"code": "W7W/MC-084", "name": "American Ridge 2", "title": "MC-084 American Ridge 2"}}, {"type": "Feature", "geometry": {"type": "Point", "coordinates": [-121.2853, 46.9279]}, "properties": {"code": "W7W/MC-085", "name": "6197American Ridge #6", "title": "MC-085 6197American Ridge #6"}}, {"type": "Feature", "geometry": {"type": "Point", "coordinates": [-121.2568, 46.4413]}, "properties": {"code": "W7W/MC-086", "name": "Diamond Butte", "title": "MC-086 Diamond Butte"}}, {"type": "Feature", "geometry": {"type": "Point", "coordinates": [-121.3742, 46.4365]}, "properties": {"code": "W7W/MC-087", "name": "5580", "title": "MC-087 5580"}}, {"type": "Feature", "geometry": {"type": "Point", "coordinates": [-121.5011, 46.3331]}, "properties": {"code": "W7W/MC-088", "name": "Potato Hill", "title": "MC-088 Potato Hill"}}, {"type": "Feature", "geometry": {"type": "Point", "coordinates": [-121.1372, 46.2269]}, "properties": {"code": "W7W/MC-089", "name": "Signal Peak", "title": "MC-089 Signal Peak"}}, {"type": "Feature", "geometry": {"type": "Point", "coordinates": [-123.258, 47.6884]}, "properties": {"code": "W7W/NO-043", "name": "Mount Elk Lick", "title": "NO-043 Mount Elk Lick"}}, {"type": "Feature", "geometry": {"type": "Point", "coordinates": [-123.5952, 47.7623]}, "properties": {"code": "W7W/NO-044", "name": "Mount Queets", "title": "NO-044 Mount Queets"}}, {"type": "Feature", "geometry": {"type": "Point", "coordinates": [-123.4671, 47.9955]}, "properties": {"code": "W7W/NO-045", "name": "Mount Angeles", "title": "NO-045 Mount Angeles"}}, {"type": "Feature", "geometry": {"type": "Point", "coordinates": [-123.5957, 47.87]}, "properties": {"code": "W7W/NO-046", "name": "Stephen Peak", "title": "NO-046 Stephen Peak"}}, {"type": "Feature", "geometry": {"type": "Point", "coordinates": [-123.3123, 47.6848]}, "properties": {"code": "W7W/NO-047", "name": "Mount Lacrosse", "title": "NO-047 Mount Lacrosse"}}, {"type": "Feature", "geometry": {"type": "Point", "coordinates": [-123.3285, 47.6765]}, "properties": {"code": "W7W/NO-048", "name": "White Mountain", "title": "NO-048 White Mountain"}}, {"type": "Feature", "geometry": {"type": "Point", "coordinates": [-123.6791, 47.8407]}, "properties": {"code": "W7W/NO-049", "name": "6351 Bandpass Pk", "title": "NO-049 6351 Bandpass Pk"}}, {"type": "Feature", "geometry": {"type": "Point", "coordinates": [-123.7388, 47.8386]}, "properties": {"code": "W7W/NO-050", "name": "Atlas", "title": "NO-050 Atlas"}}, {"type": "Feature", "geometry": {"type": "Point", "coordinates": [-123.0942, 47.8088]}, "properties": {"code": "W7W/NO-051", "name": "Turret", "title": "NO-051 Turret"}}, {"type": "Feature", "geometry": {"type": "Point", "coordinates": [-123.4138, 47.7627]}, "properties": {"code": "W7W/NO-052", "name": "Mount Norton", "title": "NO-052 Mount Norton"}}, {"type": "Feature", "geometry": {"type": "Point", "coordinates": [-123.3188, 47.727]}, "properties": {"code": "W7W/NO-053", "name": "East Peak", "title": "NO-053 East Peak"}}, {"type": "Feature", "geometry": {"type": "Point", "coordinates": [-123.5741, 47.8356]}, "properties": {"code": "W7W/NO-054", "name": "Mount Pulitzer", "title": "NO-054 Mount Pulitzer"}}, {"type": "Feature", "geometry": {"type": "Point", "coordinates": [-123.0594, 47.8675]}, "properties": {"code": "W7W/NO-055", "name": "Mount Townsend", "title": "NO-055 Mount Townsend"}}, {"type": "Feature", "geometry": {"type": "Point", "coordinates": [-123.2607, 47.7445]}, "properties": {"code": "W7W/NO-056", "name": "Piros Spire", "title": "NO-056 Piros Spire"}}, {"type": "Feature", "geometry": {"type": "Point", "coordinates": [-123.4092, 47.9392]}, "properties": {"code": "W7W/NO-057", "name": "Eagle Point", "title": "NO-057 Eagle Point"}}, {"type": "Feature", "geometry": {"type": "Point", "coordinates": [-123.578, 47.7311]}, "properties": {"code": "W7W/NO-058", "name": "Mount Seattle", "title": "NO-058 Mount Seattle"}}, {"type": "Feature", "geometry": {"type": "Point", "coordinates": [-123.3576, 47.632]}, "properties": {"code": "W7W/NO-059", "name": "Mount Duckabush", "title": "NO-059 Mount Duckabush"}}, {"type": "Feature", "geometry": {"type": "Point", "coordinates": [-123.3361, 47.6397]}, "properties": {"code": "W7W/NO-060", "name": "Mount Steel", "title": "NO-060 Mount Steel"}}, {"type": "Feature", "geometry": {"type": "Point", "coordinates": [-123.4222, 47.9957]}, "properties": {"code": "W7W/NO-061", "name": "Rocky Peak", "title": "NO-061 Rocky Peak"}}, {"type": "Feature", "geometry": {"type": "Point", "coordinates": [-123.4857, 47.7913]}, "properties": {"code": "W7W/NO-062", "name": "Mount Dana", "title": "NO-062 Mount Dana"}}, {"type": "Feature", "geometry": {"type": "Point", "coordinates": [-123.2825, 47.6886]}, "properties": {"code": "W7W/NO-063", "name": "6206 Gray Line Pk", "title": "NO-063 6206 Gray Line Pk"}}, {"type": "Feature", "geometry": {"type": "Point", "coordinates": [-123.5863, 47.8122]}, "properties": {"code": "W7W/NO-064", "name": "Mount Childs", "title": "NO-064 Mount Childs"}}, {"type": "Feature", "geometry": {"type": "Point", "coordinates": [-123.5455, 47.6981]}, "properties": {"code": "W7W/NO-065", "name": "Mount Christie", "title": "NO-065 Mount Christie"}}, {"type": "Feature", "geometry": {"type": "Point", "coordinates": [-123.7346, 47.945]}, "properties": {"code": "W7W/NO-066", "name": "Cotleton", "title": "NO-066 Cotleton"}}, {"type": "Feature", "geometry": {"type": "Point", "coordinates": [-123.2968, 47.6295]}, "properties": {"code": "W7W/NO-067", "name": "Mount Hopper", "title": "NO-067 Mount Hopper"}}, {"type": "Feature", "geometry": {"type": "Point", "coordinates": [-123.4294, 47.6702]}, "properties": {"code": "W7W/NO-068", "name": "Pyrites Creek East", "title": "NO-068 Pyrites Creek East"}}, {"type": "Feature", "geometry": {"type": "Point", "coordinates": [-123.7448, 47.7511]}, "properties": {"code": "W7W/NO-069", "name": "Valhallas-Woden", "title": "NO-069 Valhallas-Woden"}}, {"type": "Feature", "geometry": {"type": "Point", "coordinates": [-123.5618, 47.7778]}, "properties": {"code": "W7W/NO-070", "name": "6024 Hexadecimal Pk", "title": "NO-070 6024 Hexadecimal Pk"}}, {"type": "Feature", "geometry": {"type": "Point", "coordinates": [-123.4934, 47.6862]}, "properties": {"code": "W7W/NO-071", "name": "Mount Delabarre", "title": "NO-071 Mount Delabarre"}}, {"type": "Feature", "geometry": {"type": "Point", "coordinates": [-123.4625, 47.6588]}, "properties": {"code": "W7W/NO-072", "name": "June 10 Peak", "title": "NO-072 June 10 Peak"}}, {"type": "Feature", "geometry": {"type": "Point", "coordinates": [-123.2594, 47.9548]}, "properties": {"code": "W7W/NO-073", "name": "Blue Mountain", "title": "NO-073 Blue Mountain"}}, {"type": "Feature", "geometry": {"type": "Point", "coordinates": [-123.2152, 47.6399]}, "properties": {"code": "W7W/NO-074", "name": "Mount Lena", "title": "NO-074 Mount Lena"}}, {"type": "Feature", "geometry": {"type": "Point", "coordinates": [-123.21, 47.6195]}, "properties": {"code": "W7W/NO-075", "name": "Mount Bretherton", "title": "NO-075 Mount Bretherton"}}, {"type": "Feature", "geometry": {"type": "Point", "coordinates": [-123.5196, 47.7676]}, "properties": {"code": "W7W/NO-076", "name": "Mount Wilder", "title": "NO-076 Mount Wilder"}}, {"type": "Feature", "geometry": {"type": "Point", "coordinates": [-123.6874, 47.9324]}, "properties": {"code": "W7W/NO-077", "name": "5925 Gigahertz Pk", "title": "NO-077 5925 Gigahertz Pk"}}, {"type": "Feature", "geometry": {"type": "Point", "coordinates": [-123.7014, 47.9223]}, "properties": {"code": "W7W/NO-078", "name": "5925 Dummy Load Mtn", "title": "NO-078 5925 Dummy Load Mtn"}}, {"type": "Feature", "geometry": {"type": "Point", "coordinates": [-123.6801, 47.9001]}, "properties": {"code": "W7W/NO-079", "name": "Cat Peak", "title": "NO-079 Cat Peak"}}, {"type": "Feature", "geometry": {"type": "Point", "coordinates": [-123.5297, 47.841]}, "properties": {"code": "W7W/NO-080", "name": "Mount Scott", "title": "NO-080 Mount Scott"}}, {"type": "Feature", "geometry": {"type": "Point", "coordinates": [-123.512, 47.6379]}, "properties": {"code": "W7W/NO-081", "name": "Muncaster Mountain", "title": "NO-081 Muncaster Mountain"}}, {"type": "Feature", "geometry": {"type": "Point", "coordinates": [-123.5402, 47.8562]}, "properties": {"code": "W7W/NO-082", "name": "Ludden Peak", "title": "NO-082 Ludden Peak"}}, {"type": "Feature", "geometry": {"type": "Point", "coordinates": [-123.1956, 47.6377]}, "properties": {"code": "W7W/NO-083", "name": "5820 Mount Lena-East Peak", "title": "NO-083 5820 Mount Lena-East Peak"}}, {"type": "Feature", "geometry": {"type": "Point", "coordinates": [-123.5099, 47.8742]}, "properties": {"code": "W7W/NO-084", "name": "Dodger Point", "title": "NO-084 Dodger Point"}}, {"type": "Feature", "geometry": {"type": "Point", "coordinates": [-123.396, 47.6251]}, "properties": {"code": "W7W/NO-085", "name": "ONeil Peak", "title": "NO-085 ONeil Peak"}}, {"type": "Feature", "geometry": {"type": "Point", "coordinates": [-123.5291, 47.9902]}, "properties": {"code": "W7W/NO-086", "name": "Hurricane Hill", "title": "NO-086 Hurricane Hill"}}, {"type": "Feature", "geometry": {"type": "Point", "coordinates": [-123.3756, 47.6108]}, "properties": {"code": "W7W/NO-087", "name": "Bumbershoot Peak", "title": "NO-087 Bumbershoot Peak"}}, {"type": "Feature", "geometry": {"type": "Point", "coordinates": [-123.376, 47.6399]}, "properties": {"code": "W7W/NO-088", "name": "Overlook Peak", "title": "NO-088 Overlook Peak"}}, {"type": "Feature", "geometry": {"type": "Point", "coordinates": [-123.0611, 47.7059]}, "properties": {"code": "W7W/NO-089", "name": "Mount Jupiter", "title": "NO-089 Mount Jupiter"}}, {"type": "Feature", "geometry": {"type": "Point", "coordinates": [-123.2634, 47.8919]}, "properties": {"code": "W7W/NO-090", "name": "5660 Harmonic Summit", "title": "NO-090 5660 Harmonic Summit"}}, {"type": "Feature", "geometry": {"type": "Point", "coordinates": [-123.4356, 47.9558]}, "properties": {"code": "W7W/NO-091", "name": "5645 Hurricane Ridge", "title": "NO-091 5645 Hurricane Ridge"}}, {"type": "Feature", "geometry": {"type": "Point", "coordinates": [-123.2766, 47.6497]}, "properties": {"code": "W7W/NO-092", "name": "5642 Fixed Control Mtn", "title": "NO-092 5642 Fixed Control Mtn"}}, {"type": "Feature", "geometry": {"type": "Point", "coordinates": [-123.7614, 47.7427]}, "properties": {"code": "W7W/NO-093", "name": "Vidar-North", "title": "NO-093 Vidar-North"}}, {"type": "Feature", "geometry": {"type": "Point", "coordinates": [-123.7578, 47.9718]}, "properties": {"code": "W7W/NO-094", "name": "Boulder Peak", "title": "NO-094 Boulder Peak"}}, {"type": "Feature", "geometry": {"type": "Point", "coordinates": [-123.5025, 47.6277]}, "properties": {"code": "W7W/NO-095", "name": "5624 Near Vertical Incidence Pk", "title": "NO-095 5624 Near Vertical Incidence Pk"}}, {"type": "Feature", "geometry": {"type": "Point", "coordinates": [-123.8248, 47.7866]}, "properties": {"code": "W7W/NO-096", "name": "Hoh Peak", "title": "NO-096 Hoh Peak"}}, {"type": "Feature", "geometry": {"type": "Point", "coordinates": [-123.6547, 47.6973]}, "properties": {"code": "W7W/NO-098", "name": "5565 Mt Moonbounce", "title": "NO-098 5565 Mt Moonbounce"}}, {"type": "Feature", "geometry": {"type": "Point", "coordinates": [-123.7719, 47.74]}, "properties": {"code": "W7W/NO-099", "name": "Sleipner", "title": "NO-099 Sleipner"}}, {"type": "Feature", "geometry": {"type": "Point", "coordinates": [-123.6246, 47.6871]}, "properties": {"code": "W7W/NO-100", "name": "Mount Zindorf", "title": "NO-100 Mount Zindorf"}}, {"type": "Feature", "geometry": {"type": "Point", "coordinates": [-123.5955, 47.8474]}, "properties": {"code": "W7W/NO-101", "name": "5518 Mt Multiband", "title": "NO-101 5518 Mt Multiband"}}, {"type": "Feature", "geometry": {"type": "Point", "coordinates": [-123.0879, 47.7854]}, "properties": {"code": "W7W/NO-102", "name": "5500 Lowband Pk", "title": "NO-102 5500 Lowband Pk"}}, {"type": "Feature", "geometry": {"type": "Point", "coordinates": [-123.4622, 47.7268]}, "properties": {"code": "W7W/NO-103", "name": "5451 Kilohertz Mtn", "title": "NO-103 5451 Kilohertz Mtn"}}, {"type": "Feature", "geometry": {"type": "Point", "coordinates": [-123.5885, 47.6563]}, "properties": {"code": "W7W/NO-105", "name": "Mount Lawson", "title": "NO-105 Mount Lawson"}}, {"type": "Feature", "geometry": {"type": "Point", "coordinates": [-123.7222, 48.0117]}, "properties": {"code": "W7W/NO-106", "name": "Lizard Head Peak", "title": "NO-106 Lizard Head Peak"}}, {"type": "Feature", "geometry": {"type": "Point", "coordinates": [-123.1662, 47.7086]}, "properties": {"code": "W7W/NO-107", "name": "5365 Potentiometer Pk", "title": "NO-107 5365 Potentiometer Pk"}}, {"type": "Feature", "geometry": {"type": "Point", "coordinates": [-123.5639, 47.6475]}, "properties": {"code": "W7W/NO-108", "name": "5345 Mt Rhombic", "title": "NO-108 5345 Mt Rhombic"}}, {"type": "Feature", "geometry": {"type": "Point", "coordinates": [-123.742, 47.9224]}, "properties": {"code": "W7W/NO-109", "name": "5325 Second Hop Summit", "title": "NO-109 5325 Second Hop Summit"}}, {"type": "Feature", "geometry": {"type": "Point", "coordinates": [-123.7912, 47.7254]}, "properties": {"code": "W7W/NO-110", "name": "Pelton Benchmark", "title": "NO-110 Pelton Benchmark"}}, {"type": "Feature", "geometry": {"type": "Point", "coordinates": [-123.0709, 47.7659]}, "properties": {"code": "W7W/NO-111", "name": "Twin Lakes Benchmark", "title": "NO-111 Twin Lakes Benchmark"}}, {"type": "Feature", "geometry": {"type": "Point", "coordinates": [-123.6331, 47.7107]}, "properties": {"code": "W7W/NO-112", "name": "5299 Precendence Pk", "title": "NO-112 5299 Precendence Pk"}}, {"type": "Feature", "geometry": {"type": "Point", "coordinates": [-123.7507, 48.0184]}, "properties": {"code": "W7W/NO-113", "name": "5225 Op Amp Mtn", "title": "NO-113 5225 Op Amp Mtn"}}, {"type": "Feature", "geometry": {"type": "Point", "coordinates": [-123.5222, 48.0109]}, "properties": {"code": "W7W/NO-114", "name": "Unicorn Peak", "title": "NO-114 Unicorn Peak"}}, {"type": "Feature", "geometry": {"type": "Point", "coordinates": [-123.1273, 47.9269]}, "properties": {"code": "W7W/NO-115", "name": "Maynard Peak", "title": "NO-115 Maynard Peak"}}, {"type": "Feature", "geometry": {"type": "Point", "coordinates": [-123.034, 47.8129]}, "properties": {"code": "W7W/NO-116", "name": "Hamilton Mountain", "title": "NO-116 Hamilton Mountain"}}, {"type": "Feature", "geometry": {"type": "Point", "coordinates": [-123.6841, 48.0452]}, "properties": {"code": "W7W/NO-117", "name": "Baldy Ridge", "title": "NO-117 Baldy Ridge"}}, {"type": "Feature", "geometry": {"type": "Point", "coordinates": [-123.8266, 47.7365]}, "properties": {"code": "W7W/NO-118", "name": "5060 RTTY Summit", "title": "NO-118 5060 RTTY Summit"}}, {"type": "Feature", "geometry": {"type": "Point", "coordinates": [-123.6067, 47.5258]}, "properties": {"code": "W7W/NO-120", "name": "No Name Peak", "title": "NO-120 No Name Peak"}}, {"type": "Feature", "geometry": {"type": "Point", "coordinates": [-123.3055, 47.9034]}, "properties": {"code": "W7W/NO-262", "name": "6434", "title": "NO-262 6434"}}, {"type": "Feature", "geometry": {"type": "Point", "coordinates": [-123.6903, 48.0138]}, "properties": {"code": "W7W/NO-263", "name": "5575", "title": "NO-263 5575"}}, {"type": "Feature", "geometry": {"type": "Point", "coordinates": [-123.7775, 47.9053]}, "properties": {"code": "W7W/NO-264", "name": "Bogachiel Peak", "title": "NO-264 Bogachiel Peak"}}, {"type": "Feature", "geometry": {"type": "Point", "coordinates": [-120.4439, 48.3071]}, "properties": {"code": "W7W/OK-124", "name": "6536 Duckhead Mountain", "title": "OK-124 6536 Duckhead Mountain"}}, {"type": "Feature", "geometry": {"type": "Point", "coordinates": [-120.4062, 48.5215]}, "properties": {"code": "W7W/OK-125", "name": "McKinney Mountain", "title": "OK-125 McKinney Mountain"}}, {"type": "Feature", "geometry": {"type": "Point", "coordinates": [-119.8458, 48.6901]}, "properties": {"code": "W7W/OK-126", "name": "Coxit Mountain", "title": "OK-126 Coxit Mountain"}}, {"type": "Feature", "geometry": {"type": "Point", "coordinates": [-120.0367, 48.6297]}, "properties": {"code": "W7W/OK-127", "name": "6382 Counterpoise Mtn", "title": "OK-127 6382 Counterpoise Mtn"}}, {"type": "Feature", "geometry": {"type": "Point", "coordinates": [-119.8703, 48.457]}, "properties": {"code": "W7W/OK-128", "name": "Beaver Mountain", "title": "OK-128 Beaver Mountain"}}, {"type": "Feature", "geometry": {"type": "Point", "coordinates": [-119.8565, 48.611]}, "properties": {"code": "W7W/OK-129", "name": "Muckamuck Mountain", "title": "OK-129 Muckamuck Mountain"}}, {"type": "Feature", "geometry": {"type": "Point", "coordinates": [-119.8694, 48.4877]}, "properties": {"code": "W7W/OK-130", "name": "McDaniel Mountain", "title": "OK-130 McDaniel Mountain"}}, {"type": "Feature", "geometry": {"type": "Point", "coordinates": [-120.6385, 48.6824]}, "properties": {"code": "W7W/OK-131", "name": "6323 Mt Wavelength", "title": "OK-131 6323 Mt Wavelength"}}, {"type": "Feature", "geometry": {"type": "Point", "coordinates": [-120.649, 48.944]}, "properties": {"code": "W7W/OK-132", "name": "Holdover Ridge", "title": "OK-132 Holdover Ridge"}}, {"type": "Feature", "geometry": {"type": "Point", "coordinates": [-119.7596, 48.8157]}, "properties": {"code": "W7W/OK-133", "name": "Tillman Mountain", "title": "OK-133 Tillman Mountain"}}, {"type": "Feature", "geometry": {"type": "Point", "coordinates": [-120.0511, 48.4901]}, "properties": {"code": "W7W/OK-134", "name": "Blue Buck Mountain", "title": "OK-134 Blue Buck Mountain"}}, {"type": "Feature", "geometry": {"type": "Point", "coordinates": [-119.8239, 48.4366]}, "properties": {"code": "W7W/OK-135", "name": "Buck Mountain", "title": "OK-135 Buck Mountain"}}, {"type": "Feature", "geometry": {"type": "Point", "coordinates": [-119.0539, 48.6613]}, "properties": {"code": "W7W/OK-136", "name": "Mount Annie", "title": "OK-136 Mount Annie"}}, {"type": "Feature", "geometry": {"type": "Point", "coordinates": [-119.2364, 48.5455]}, "properties": {"code": "W7W/OK-137", "name": "Tunk Mountain", "title": "OK-137 Tunk Mountain"}}, {"type": "Feature", "geometry": {"type": "Point", "coordinates": [-120.5324, 48.6341]}, "properties": {"code": "W7W/OK-138", "name": "Driveway Butte", "title": "OK-138 Driveway Butte"}}, {"type": "Feature", "geometry": {"type": "Point", "coordinates": [-120.0096, 48.8481]}, "properties": {"code": "W7W/OK-139", "name": "Thirtymile Peak", "title": "OK-139 Thirtymile Peak"}}, {"type": "Feature", "geometry": {"type": "Point", "coordinates": [-119.04, 48.4146]}, "properties": {"code": "W7W/OK-140", "name": "Little Moses Mountain", "title": "OK-140 Little Moses Mountain"}}, {"type": "Feature", "geometry": {"type": "Point", "coordinates": [-118.9374, 48.4518]}, "properties": {"code": "W7W/OK-141", "name": "Strawberry Mountain", "title": "OK-141 Strawberry Mountain"}}, {"type": "Feature", "geometry": {"type": "Point", "coordinates": [-119.8402, 48.7266]}, "properties": {"code": "W7W/OK-142", "name": "5853 Subaudible Mtn", "title": "OK-142 5853 Subaudible Mtn"}}, {"type": "Feature", "geometry": {"type": "Point", "coordinates": [-119.255, 48.4495]}, "properties": {"code": "W7W/OK-143", "name": "5814 Tuner Mtn", "title": "OK-143 5814 Tuner Mtn"}}, {"type": "Feature", "geometry": {"type": "Point", "coordinates": [-119.211, 48.7783]}, "properties": {"code": "W7W/OK-144", "name": "Mount Phoebe", "title": "OK-144 Mount Phoebe"}}, {"type": "Feature", "geometry": {"type": "Point", "coordinates": [-119.9475, 48.4735]}, "properties": {"code": "W7W/OK-145", "name": "5812 Lightning Creek Ridge", "title": "OK-145 5812 Lightning Creek Ridge"}}, {"type": "Feature", "geometry": {"type": "Point", "coordinates": [-120.2653, 48.7309]}, "properties": {"code": "W7W/OK-146", "name": "Eightmile Ridge", "title": "OK-146 Eightmile Ridge"}}, {"type": "Feature", "geometry": {"type": "Point", "coordinates": [-119.1189, 48.5053]}, "properties": {"code": "W7W/OK-147", "name": "Bailey Mountain", "title": "OK-147 Bailey Mountain"}}, {"type": "Feature", "geometry": {"type": "Point", "coordinates": [-119.8983, 48.4573]}, "properties": {"code": "W7W/OK-148", "name": "Bobcat Mountain", "title": "OK-148 Bobcat Mountain"}}, {"type": "Feature", "geometry": {"type": "Point", "coordinates": [-119.3088, 48.4493]}, "properties": {"code": "W7W/OK-149", "name": "Omak Mountain", "title": "OK-149 Omak Mountain"}}, {"type": "Feature", "geometry": {"type": "Point", "coordinates": [-120.2917, 48.2852]}, "properties": {"code": "W7W/OK-150", "name": "Mission Peak", "title": "OK-150 Mission Peak"}}, {"type": "Feature", "geometry": {"type": "Point", "coordinates": [-120.3846, 48.4031]}, "properties": {"code": "W7W/OK-151", "name": "5723 Timeless Mountain", "title": "OK-151 5723 Timeless Mountain"}}, {"type": "Feature", "geometry": {"type": "Point", "coordinates": [-118.9352, 48.6655]}, "properties": {"code": "W7W/OK-152", "name": "Fir Mountain", "title": "OK-152 Fir Mountain"}}, {"type": "Feature", "geometry": {"type": "Point", "coordinates": [-119.1986, 48.4457]}, "properties": {"code": "W7W/OK-153", "name": "5660 Monobound Mtn", "title": "OK-153 5660 Monobound Mtn"}}, {"type": "Feature", "geometry": {"type": "Point", "coordinates": [-119.749, 48.8858]}, "properties": {"code": "W7W/OK-154", "name": "Juniper Point", "title": "OK-154 Juniper Point"}}, {"type": "Feature", "geometry": {"type": "Point", "coordinates": [-119.9703, 48.4141]}, "properties": {"code": "W7W/OK-155", "name": "South Ridge", "title": "OK-155 South Ridge"}}, {"type": "Feature", "geometry": {"type": "Point", "coordinates": [-119.7265, 48.7704]}, "properties": {"code": "W7W/OK-156", "name": "Douglas Mountain", "title": "OK-156 Douglas Mountain"}}, {"type": "Feature", "geometry": {"type": "Point", "coordinates": [-118.9862, 48.9458]}, "properties": {"code": "W7W/OK-157", "name": "Buckhorn Mountain", "title": "OK-157 Buckhorn Mountain"}}, {"type": "Feature", "geometry": {"type": "Point", "coordinates": [-120.3498, 48.4633]}, "properties": {"code": "W7W/OK-158", "name": "5580 Thompson Ridge", "title": "OK-158 5580 Thompson Ridge"}}, {"type": "Feature", "geometry": {"type": "Point", "coordinates": [-120.5072, 48.6129]}, "properties": {"code": "W7W/OK-159", "name": "5545 Mt Groundplane", "title": "OK-159 5545 Mt Groundplane"}}, {"type": "Feature", "geometry": {"type": "Point", "coordinates": [-120.2117, 48.6613]}, "properties": {"code": "W7W/OK-160", "name": "Lamb Butte", "title": "OK-160 Lamb Butte"}}, {"type": "Feature", "geometry": {"type": "Point", "coordinates": [-120.1875, 48.3131]}, "properties": {"code": "W7W/OK-161", "name": "Lookout Mountain", "title": "OK-161 Lookout Mountain"}}, {"type": "Feature", "geometry": {"type": "Point", "coordinates": [-119.8012, 48.5772]}, "properties": {"code": "W7W/OK-162", "name": "Mineral Hill", "title": "OK-162 Mineral Hill"}}, {"type": "Feature", "geometry": {"type": "Point", "coordinates": [-120.1088, 48.6192]}, "properties": {"code": "W7W/OK-163", "name": "First Butte", "title": "OK-163 First Butte"}}, {"type": "Feature", "geometry": {"type": "Point", "coordinates": [-119.923, 48.4118]}, "properties": {"code": "W7W/OK-164", "name": "Bear Mountain", "title": "OK-164 Bear Mountain"}}, {"type": "Feature", "geometry": {"type": "Point", "coordinates": [-118.9051, 48.7215]}, "properties": {"code": "W7W/OK-165", "name": "Clackmas Mountain", "title": "OK-165 Clackmas Mountain"}}, {"type": "Feature", "geometry": {"type": "Point", "coordinates": [-119.7519, 48.7171]}, "properties": {"code": "W7W/OK-166", "name": "West Twin Peaks", "title": "OK-166 West Twin Peaks"}}, {"type": "Feature", "geometry": {"type": "Point", "coordinates": [-120.2734, 48.6337]}, "properties": {"code": "W7W/OK-167", "name": "5391 High Pass Mtn", "title": "OK-167 5391 High Pass Mtn"}}, {"type": "Feature", "geometry": {"type": "Point", "coordinates": [-119.784, 48.671]}, "properties": {"code": "W7W/OK-168", "name": "5379 Intermediate Frequency Pk", "title": "OK-168 5379 Intermediate Frequency Pk"}}, {"type": "Feature", "geometry": {"type": "Point", "coordinates": [-119.9274, 48.3877]}, "properties": {"code": "W7W/OK-169", "name": "Little Buck Mountain", "title": "OK-169 Little Buck Mountain"}}, {"type": "Feature", "geometry": {"type": "Point", "coordinates": [-118.9608, 48.4976]}, "properties": {"code": "W7W/OK-170", "name": "Dugout Mountain", "title": "OK-170 Dugout Mountain"}}, {"type": "Feature", "geometry": {"type": "Point", "coordinates": [-119.9862, 48.0147]}, "properties": {"code": "W7W/OK-171", "name": "Goat Mountain", "title": "OK-171 Goat Mountain"}}, {"type": "Feature", "geometry": {"type": "Point", "coordinates": [-119.0759, 48.3277]}, "properties": {"code": "W7W/OK-172", "name": "5322 Lowband Mtn", "title": "OK-172 5322 Lowband Mtn"}}, {"type": "Feature", "geometry": {"type": "Point", "coordinates": [-120.1115, 48.5613]}, "properties": {"code": "W7W/OK-173", "name": "Ramsey Peak", "title": "OK-173 Ramsey Peak"}}, {"type": "Feature", "geometry": {"type": "Point", "coordinates": [-118.8474, 48.7215]}, "properties": {"code": "W7W/OK-174", "name": "Maple Mountain", "title": "OK-174 Maple Mountain"}}, {"type": "Feature", "geometry": {"type": "Point", "coordinates": [-120.2193, 48.1813]}, "properties": {"code": "W7W/OK-175", "name": "Middle Fork Ridge", "title": "OK-175 Middle Fork Ridge"}}, {"type": "Feature", "geometry": {"type": "Point", "coordinates": [-119.317, 48.4232]}, "properties": {"code": "W7W/OK-177", "name": "Van Brunt Mountain", "title": "OK-177 Van Brunt Mountain"}}, {"type": "Feature", "geometry": {"type": "Point", "coordinates": [-119.6224, 48.7432]}, "properties": {"code": "W7W/OK-178", "name": "Aeneas Mountain", "title": "OK-178 Aeneas Mountain"}}, {"type": "Feature", "geometry": {"type": "Point", "coordinates": [-119.1151, 48.465]}, "properties": {"code": "W7W/OK-179", "name": "5163 Mt EME", "title": "OK-179 5163 Mt EME"}}, {"type": "Feature", "geometry": {"type": "Point", "coordinates": [-118.8778, 48.5707]}, "properties": {"code": "W7W/OK-180", "name": "Coco Mountain", "title": "OK-180 Coco Mountain"}}, {"type": "Feature", "geometry": {"type": "Point", "coordinates": [-119.7446, 48.5998]}, "properties": {"code": "W7W/OK-181", "name": "Funk Mountain", "title": "OK-181 Funk Mountain"}}, {"type": "Feature", "geometry": {"type": "Point", "coordinates": [-119.2854, 48.8732]}, "properties": {"code": "W7W/OK-182", "name": "Haley Mountain", "title": "OK-182 Haley Mountain"}}, {"type": "Feature", "geometry": {"type": "Point", "coordinates": [-118.8885, 48.5978]}, "properties": {"code": "W7W/OK-183", "name": "Cornell Butte", "title": "OK-183 Cornell Butte"}}, {"type": "Feature", "geometry": {"type": "Point", "coordinates": [-120.2395, 48.3072]}, "properties": {"code": "W7W/OK-184", "name": "5096 Lookout Ridge West", "title": "OK-184 5096 Lookout Ridge West"}}, {"type": "Feature", "geometry": {"type": "Point", "coordinates": [-119.7201, 48.6686]}, "properties": {"code": "W7W/OK-185", "name": "Blue Goat Mountain", "title": "OK-185 Blue Goat Mountain"}}, {"type": "Feature", "geometry": {"type": "Point", "coordinates": [-120.002, 48.2507]}, "properties": {"code": "W7W/OK-186", "name": "Mount Leecher", "title": "OK-186 Mount Leecher"}}, {"type": "Feature", "geometry": {"type": "Point", "coordinates": [-119.1611, 48.5725]}, "properties": {"code": "W7W/OK-187", "name": "Sneed Mountain", "title": "OK-187 Sneed Mountain"}}, {"type": "Feature", "geometry": {"type": "Point", "coordinates": [-119.7379, 48.4633]}, "properties": {"code": "W7W/OK-188", "name": "Ruby Hill", "title": "OK-188 Ruby Hill"}}, {"type": "Feature", "geometry": {"type": "Point", "coordinates": [-119.1826, 48.8795]}, "properties": {"code": "W7W/OK-189", "name": "4942 Gigahertz Pk", "title": "OK-189 4942 Gigahertz Pk"}}, {"type": "Feature", "geometry": {"type": "Point", "coordinates": [-120.1783, 48.1607]}, "properties": {"code": "W7W/OK-190", "name": "South Fork Ridge", "title": "OK-190 South Fork Ridge"}}, {"type": "Feature", "geometry": {"type": "Point", "coordinates": [-119.1501, 48.844]}, "properties": {"code": "W7W/OK-191", "name": "Bimetalic Mountain", "title": "OK-191 Bimetalic Mountain"}}, {"type": "Feature", "geometry": {"type": "Point", "coordinates": [-119.1653, 48.7076]}, "properties": {"code": "W7W/OK-344", "name": "5216", "title": "OK-344 5216"}}, {"type": "Feature", "geometry": {"type": "Point", "coordinates": [-121.5068, 46.6116]}, "properties": {"code": "W7W/PL-009", "name": "Coal Creek Mountain", "title": "PL-009 Coal Creek Mountain"}}, {"type": "Feature", "geometry": {"type": "Point", "coordinates": [-121.6646, 46.7063]}, "properties": {"code": "W7W/PL-010", "name": "Tatoosh Benchmark", "title": "PL-010 Tatoosh Benchmark"}}, {"type": "Feature", "geometry": {"type": "Point", "coordinates": [-121.7667, 46.7469]}, "properties": {"code": "W7W/PL-011", "name": "Wahpenayo Peak", "title": "PL-011 Wahpenayo Peak"}}, {"type": "Feature", "geometry": {"type": "Point", "coordinates": [-121.5541, 46.5236]}, "properties": {"code": "W7W/PL-012", "name": "Angry Mountain", "title": "PL-012 Angry Mountain"}}, {"type": "Feature", "geometry": {"type": "Point", "coordinates": [-121.7529, 46.7579]}, "properties": {"code": "W7W/PL-013", "name": "Lane Peak", "title": "PL-013 Lane Peak"}}, {"type": "Feature", "geometry": {"type": "Point", "coordinates": [-121.3838, 46.6861]}, "properties": {"code": "W7W/PL-014", "name": "Cramer Mountain", "title": "PL-014 Cramer Mountain"}}, {"type": "Feature", "geometry": {"type": "Point", "coordinates": [-121.6447, 46.5222]}, "properties": {"code": "W7W/PL-015", "name": "South Point", "title": "PL-015 South Point"}}, {"type": "Feature", "geometry": {"type": "Point", "coordinates": [-121.6115, 46.495]}, "properties": {"code": "W7W/PL-016", "name": "Stonewall Ridge", "title": "PL-016 Stonewall Ridge"}}, {"type": "Feature", "geometry": {"type": "Point", "coordinates": [-121.7448, 46.7343]}, "properties": {"code": "W7W/PL-017", "name": "5900 Whisper Mtn", "title": "PL-017 5900 Whisper Mtn"}}, {"type": "Feature", "geometry": {"type": "Point", "coordinates": [-121.4645, 46.3949]}, "properties": {"code": "W7W/PL-018", "name": "5900 Vee Beam Pk", "title": "PL-018 5900 Vee Beam Pk"}}, {"type": "Feature", "geometry": {"type": "Point", "coordinates": [-121.5362, 46.6123]}, "properties": {"code": "W7W/PL-019", "name": "Beargrass Butte", "title": "PL-019 Beargrass Butte"}}, {"type": "Feature", "geometry": {"type": "Point", "coordinates": [-121.7361, 46.4871]}, "properties": {"code": "W7W/PL-020", "name": "South Twin Sisters", "title": "PL-020 South Twin Sisters"}}, {"type": "Feature", "geometry": {"type": "Point", "coordinates": [-121.6774, 46.4651]}, "properties": {"code": "W7W/PL-021", "name": "5780 Shortwave Mtn", "title": "PL-021 5780 Shortwave Mtn"}}, {"type": "Feature", "geometry": {"type": "Point", "coordinates": [-121.6814, 46.4054]}, "properties": {"code": "W7W/PL-022", "name": "Yozoo Butte", "title": "PL-022 Yozoo Butte"}}, {"type": "Feature", "geometry": {"type": "Point", "coordinates": [-121.6062, 46.3899]}, "properties": {"code": "W7W/PL-023", "name": "Hamilton Buttes", "title": "PL-023 Hamilton Buttes"}}, {"type": "Feature", "geometry": {"type": "Point", "coordinates": [-121.4747, 46.5977]}, "properties": {"code": "W7W/PL-024", "name": "5756 SOTA Mtn", "title": "PL-024 5756 SOTA Mtn"}}, {"type": "Feature", "geometry": {"type": "Point", "coordinates": [-121.6366, 46.4659]}, "properties": {"code": "W7W/PL-025", "name": "Cold Springs Butte", "title": "PL-025 Cold Springs Butte"}}, {"type": "Feature", "geometry": {"type": "Point", "coordinates": [-121.4292, 46.7392]}, "properties": {"code": "W7W/PL-026", "name": "Fryingpan Mountain", "title": "PL-026 Fryingpan Mountain"}}, {"type": "Feature", "geometry": {"type": "Point", "coordinates": [-121.4487, 46.7407]}, "properties": {"code": "W7W/PL-027", "name": "5700 Carlton Ridge", "title": "PL-027 5700 Carlton Ridge"}}, {"type": "Feature", "geometry": {"type": "Point", "coordinates": [-121.5891, 46.4759]}, "properties": {"code": "W7W/PL-028", "name": "Mission Mountain", "title": "PL-028 Mission Mountain"}}, {"type": "Feature", "geometry": {"type": "Point", "coordinates": [-121.9013, 46.6844]}, "properties": {"code": "W7W/PL-029", "name": "High Rock", "title": "PL-029 High Rock"}}, {"type": "Feature", "geometry": {"type": "Point", "coordinates": [-121.4943, 46.7658]}, "properties": {"code": "W7W/PL-030", "name": "5556 Third Party Pk", "title": "PL-030 5556 Third Party Pk"}}, {"type": "Feature", "geometry": {"type": "Point", "coordinates": [-121.573, 46.4265]}, "properties": {"code": "W7W/PL-031", "name": "Elk Peak", "title": "PL-031 Elk Peak"}}, {"type": "Feature", "geometry": {"type": "Point", "coordinates": [-121.6957, 46.5192]}, "properties": {"code": "W7W/PL-032", "name": "Smith Ridge", "title": "PL-032 Smith Ridge"}}, {"type": "Feature", "geometry": {"type": "Point", "coordinates": [-121.4153, 46.5605]}, "properties": {"code": "W7W/PL-033", "name": "5535 Transceiver Mtn", "title": "PL-033 5535 Transceiver Mtn"}}, {"type": "Feature", "geometry": {"type": "Point", "coordinates": [-121.6264, 46.4142]}, "properties": {"code": "W7W/PL-034", "name": "Cozy Ridge", "title": "PL-034 Cozy Ridge"}}, {"type": "Feature", "geometry": {"type": "Point", "coordinates": [-121.7767, 46.7154]}, "properties": {"code": "W7W/PL-035", "name": "Lookout Mountain", "title": "PL-035 Lookout Mountain"}}, {"type": "Feature", "geometry": {"type": "Point", "coordinates": [-121.4617, 46.6672]}, "properties": {"code": "W7W/PL-036", "name": "Yellowjacket Point", "title": "PL-036 Yellowjacket Point"}}, {"type": "Feature", "geometry": {"type": "Point", "coordinates": [-121.8423, 46.5932]}, "properties": {"code": "W7W/PL-037", "name": "Purcell Mountain", "title": "PL-037 Purcell Mountain"}}, {"type": "Feature", "geometry": {"type": "Point", "coordinates": [-121.9243, 46.6913]}, "properties": {"code": "W7W/PL-038", "name": "Sawtooth Ridge", "title": "PL-038 Sawtooth Ridge"}}, {"type": "Feature", "geometry": {"type": "Point", "coordinates": [-121.8656, 46.4073]}, "properties": {"code": "W7W/PL-039", "name": "Burley Mountain", "title": "PL-039 Burley Mountain"}}, {"type": "Feature", "geometry": {"type": "Point", "coordinates": [-121.8625, 46.5804]}, "properties": {"code": "W7W/PL-040", "name": "Whalehead Ridge", "title": "PL-040 Whalehead Ridge"}}, {"type": "Feature", "geometry": {"type": "Point", "coordinates": [-121.526, 46.7376]}, "properties": {"code": "W7W/PL-041", "name": "Last Laugh Mountain", "title": "PL-041 Last Laugh Mountain"}}, {"type": "Feature", "geometry": {"type": "Point", "coordinates": [-121.9799, 46.6553]}, "properties": {"code": "W7W/PL-042", "name": "Griffin Mountain", "title": "PL-042 Griffin Mountain"}}, {"type": "Feature", "geometry": {"type": "Point", "coordinates": [-121.7991, 46.6557]}, "properties": {"code": "W7W/PL-043", "name": "Skate Mountain", "title": "PL-043 Skate Mountain"}}, {"type": "Feature", "geometry": {"type": "Point", "coordinates": [-122.1037, 46.4282]}, "properties": {"code": "W7W/PL-044", "name": "Tumwater Mountain", "title": "PL-044 Tumwater Mountain"}}, {"type": "Feature", "geometry": {"type": "Point", "coordinates": [-121.5879, 46.531]}, "properties": {"code": "W7W/PL-045", "name": "5245 Mt Tribander", "title": "PL-045 5245 Mt Tribander"}}, {"type": "Feature", "geometry": {"type": "Point", "coordinates": [-121.9262, 46.6631]}, "properties": {"code": "W7W/PL-046", "name": "5140 Twin Lead Mtn", "title": "PL-046 5140 Twin Lead Mtn"}}, {"type": "Feature", "geometry": {"type": "Point", "coordinates": [-121.8826, 46.678]}, "properties": {"code": "W7W/PL-047", "name": "East Rock", "title": "PL-047 East Rock"}}, {"type": "Feature", "geometry": {"type": "Point", "coordinates": [-121.7301, 46.6881]}, "properties": {"code": "W7W/PL-048", "name": "Dixon Mountain", "title": "PL-048 Dixon Mountain"}}, {"type": "Feature", "geometry": {"type": "Point", "coordinates": [-121.8717, 46.6544]}, "properties": {"code": "W7W/PL-049", "name": "Allen Mountain", "title": "PL-049 Allen Mountain"}}, {"type": "Feature", "geometry": {"type": "Point", "coordinates": [-121.8521, 46.5651]}, "properties": {"code": "W7W/PL-050", "name": "Prairie Mountain", "title": "PL-050 Prairie Mountain"}}, {"type": "Feature", "geometry": {"type": "Point", "coordinates": [-121.5142, 46.7475]}, "properties": {"code": "W7W/PL-051", "name": "5028 Second Hop Pk", "title": "PL-051 5028 Second Hop Pk"}}, {"type": "Feature", "geometry": {"type": "Point", "coordinates": [-121.7077, 46.4021]}, "properties": {"code": "W7W/PL-052", "name": "4940 Mt Rockbound", "title": "PL-052 4940 Mt Rockbound"}}, {"type": "Feature", "geometry": {"type": "Point", "coordinates": [-122.1516, 46.4101]}, "properties": {"code": "W7W/PL-053", "name": "Vanson Peak", "title": "PL-053 Vanson Peak"}}, {"type": "Feature", "geometry": {"type": "Point", "coordinates": [-121.6541, 46.5058]}, "properties": {"code": "W7W/PL-166", "name": "5718", "title": "PL-166 5718"}}, {"type": "Feature", "geometry": {"type": "Point", "coordinates": [-117.0704, 48.8759]}, "properties": {"code": "W7W/PO-008", "name": "Thunder Mountain", "title": "PO-008 Thunder Mountain"}}, {"type": "Feature", "geometry": {"type": "Point", "coordinates": [-117.1591, 48.7809]}, "properties": {"code": "W7W/PO-009", "name": "Grassy Top Northwest", "title": "PO-009 Grassy Top Northwest"}}, {"type": "Feature", "geometry": {"type": "Point", "coordinates": [-117.1183, 48.8944]}, "properties": {"code": "W7W/PO-010", "name": "Prouty Peak", "title": "PO-010 Prouty Peak"}}, {"type": "Feature", "geometry": {"type": "Point", "coordinates": [-117.2569, 48.8065]}, "properties": {"code": "W7W/PO-011", "name": "Hall Mountain", "title": "PO-011 Hall Mountain"}}, {"type": "Feature", "geometry": {"type": "Point", "coordinates": [-117.4457, 48.8706]}, "properties": {"code": "W7W/PO-012", "name": "Linton Mountain", "title": "PO-012 Linton Mountain"}}, {"type": "Feature", "geometry": {"type": "Point", "coordinates": [-117.1558, 48.5456]}, "properties": {"code": "W7W/PO-013", "name": "North Baldy", "title": "PO-013 North Baldy"}}, {"type": "Feature", "geometry": {"type": "Point", "coordinates": [-117.1379, 48.4261]}, "properties": {"code": "W7W/PO-014", "name": "South Baldy", "title": "PO-014 South Baldy"}}, {"type": "Feature", "geometry": {"type": "Point", "coordinates": [-117.2285, 48.7341]}, "properties": {"code": "W7W/PO-015", "name": "5921 Resonant Peak", "title": "PO-015 5921 Resonant Peak"}}, {"type": "Feature", "geometry": {"type": "Point", "coordinates": [-117.4912, 48.3844]}, "properties": {"code": "W7W/PO-016", "name": "Little Calispell Peak", "title": "PO-016 Little Calispell Peak"}}, {"type": "Feature", "geometry": {"type": "Point", "coordinates": [-117.1894, 48.7015]}, "properties": {"code": "W7W/PO-017", "name": "5747 Remote Base Mtn", "title": "PO-017 5747 Remote Base Mtn"}}, {"type": "Feature", "geometry": {"type": "Point", "coordinates": [-117.1539, 48.7291]}, "properties": {"code": "W7W/PO-018", "name": "Tillicum Peak", "title": "PO-018 Tillicum Peak"}}, {"type": "Feature", "geometry": {"type": "Point", "coordinates": [-117.1838, 48.6771]}, "properties": {"code": "W7W/PO-019", "name": "Monumental Mountain", "title": "PO-019 Monumental Mountain"}}, {"type": "Feature", "geometry": {"type": "Point", "coordinates": [-117.1955, 48.9768]}, "properties": {"code": "W7W/PO-020", "name": "Lead Hill", "title": "PO-020 Lead Hill"}}, {"type": "Feature", "geometry": {"type": "Point", "coordinates": [-117.4529, 48.5271]}, "properties": {"code": "W7W/PO-021", "name": "Timber Mountain", "title": "PO-021 Timber Mountain"}}, {"type": "Feature", "geometry": {"type": "Point", "coordinates": [-117.543, 48.7611]}, "properties": {"code": "W7W/PO-022", "name": "Huckleberry Mountain", "title": "PO-022 Huckleberry Mountain"}}, {"type": "Feature", "geometry": {"type": "Point", "coordinates": [-117.3204, 48.7766]}, "properties": {"code": "W7W/PO-023", "name": "Snyder Hill", "title": "PO-023 Snyder Hill"}}, {"type": "Feature", "geometry": {"type": "Point", "coordinates": [-117.0992, 48.5761]}, "properties": {"code": "W7W/PO-024", "name": "Gleason Mountain", "title": "PO-024 Gleason Mountain"}}, {"type": "Feature", "geometry": {"type": "Point", "coordinates": [-117.2137, 48.4711]}, "properties": {"code": "W7W/PO-025", "name": "Cee Cee Ah Peak", "title": "PO-025 Cee Cee Ah Peak"}}, {"type": "Feature", "geometry": {"type": "Point", "coordinates": [-117.1347, 48.6291]}, "properties": {"code": "W7W/PO-026", "name": "Kalispell Rock", "title": "PO-026 Kalispell Rock"}}, {"type": "Feature", "geometry": {"type": "Point", "coordinates": [-117.4343, 48.1971]}, "properties": {"code": "W7W/PO-027", "name": "Boyer Mountain", "title": "PO-027 Boyer Mountain"}}, {"type": "Feature", "geometry": {"type": "Point", "coordinates": [-117.5219, 48.7939]}, "properties": {"code": "W7W/PO-028", "name": "5238 Second Hop Mtn", "title": "PO-028 5238 Second Hop Mtn"}}, {"type": "Feature", "geometry": {"type": "Point", "coordinates": [-117.4338, 48.6139]}, "properties": {"code": "W7W/PO-029", "name": "Granite Peak", "title": "PO-029 Granite Peak"}}, {"type": "Feature", "geometry": {"type": "Point", "coordinates": [-117.2452, 48.9995]}, "properties": {"code": "W7W/PO-030", "name": "Boundary Mountain", "title": "PO-030 Boundary Mountain"}}, {"type": "Feature", "geometry": {"type": "Point", "coordinates": [-117.5722, 48.6992]}, "properties": {"code": "W7W/PO-031", "name": "Seldom Seen Mountain", "title": "PO-031 Seldom Seen Mountain"}}, {"type": "Feature", "geometry": {"type": "Point", "coordinates": [-117.1272, 48.3885]}, "properties": {"code": "W7W/PO-032", "name": "Ojibway Knoll", "title": "PO-032 Ojibway Knoll"}}, {"type": "Feature", "geometry": {"type": "Point", "coordinates": [-117.1753, 48.4773]}, "properties": {"code": "W7W/PO-033", "name": "5037 Ragchew Summit", "title": "PO-033 5037 Ragchew Summit"}}, {"type": "Feature", "geometry": {"type": "Point", "coordinates": [-117.472, 48.1969]}, "properties": {"code": "W7W/PO-034", "name": "5027 Product Detector Mtn", "title": "PO-034 5027 Product Detector Mtn"}}, {"type": "Feature", "geometry": {"type": "Point", "coordinates": [-117.0393, 48.6635]}, "properties": {"code": "W7W/PO-035", "name": "Indian Mountain", "title": "PO-035 Indian Mountain"}}, {"type": "Feature", "geometry": {"type": "Point", "coordinates": [-117.1887, 48.4259]}, "properties": {"code": "W7W/PO-036", "name": "4962 Olivia Mtn", "title": "PO-036 4962 Olivia Mtn"}}, {"type": "Feature", "geometry": {"type": "Point", "coordinates": [-117.1491, 48.5924]}, "properties": {"code": "W7W/PO-080", "name": "Hungry Mountain", "title": "PO-080 Hungry Mountain"}}, {"type": "Feature", "geometry": {"type": "Point", "coordinates": [-117.6105, 48.7282]}, "properties": {"code": "W7W/PO-081", "name": "Aladdin Mountain", "title": "PO-081 Aladdin Mountain"}}, {"type": "Feature", "geometry": {"type": "Point", "coordinates": [-121.8433, 46.9324]}, "properties": {"code": "W7W/RS-021", "name": "East Fay Peak", "title": "RS-021 East Fay Peak"}}, {"type": "Feature", "geometry": {"type": "Point", "coordinates": [-121.5076, 46.8678]}, "properties": {"code": "W7W/RS-022", "name": "Naches Peak", "title": "RS-022 Naches Peak"}}, {"type": "Feature", "geometry": {"type": "Point", "coordinates": [-121.4429, 46.7927]}, "properties": {"code": "W7W/RS-023", "name": "Hyas Pishpish", "title": "RS-023 Hyas Pishpish"}}, {"type": "Feature", "geometry": {"type": "Point", "coordinates": [-121.4142, 46.995]}, "properties": {"code": "W7W/RS-024", "name": "6373 Discriminator Mtn", "title": "RS-024 6373 Discriminator Mtn"}}, {"type": "Feature", "geometry": {"type": "Point", "coordinates": [-121.8276, 46.7976]}, "properties": {"code": "W7W/RS-025", "name": "Copper Mountain", "title": "RS-025 Copper Mountain"}}, {"type": "Feature", "geometry": {"type": "Point", "coordinates": [-121.5189, 46.8814]}, "properties": {"code": "W7W/RS-026", "name": "Deadwood Peak", "title": "RS-026 Deadwood Peak"}}, {"type": "Feature", "geometry": {"type": "Point", "coordinates": [-121.4539, 47.0292]}, "properties": {"code": "W7W/RS-027", "name": "6217 Current Mtn", "title": "RS-027 6217 Current Mtn"}}, {"type": "Feature", "geometry": {"type": "Point", "coordinates": [-121.5798, 46.8286]}, "properties": {"code": "W7W/RS-028", "name": "Double Peak", "title": "RS-028 Double Peak"}}, {"type": "Feature", "geometry": {"type": "Point", "coordinates": [-121.6701, 46.987]}, "properties": {"code": "W7W/RS-029", "name": "Scarface", "title": "RS-029 Scarface"}}, {"type": "Feature", "geometry": {"type": "Point", "coordinates": [-121.8161, 47.0236]}, "properties": {"code": "W7W/RS-030", "name": "Bearhead Mountain", "title": "RS-030 Bearhead Mountain"}}, {"type": "Feature", "geometry": {"type": "Point", "coordinates": [-121.8985, 46.7727]}, "properties": {"code": "W7W/RS-031", "name": "Mount Wow", "title": "RS-031 Mount Wow"}}, {"type": "Feature", "geometry": {"type": "Point", "coordinates": [-121.4798, 46.8207]}, "properties": {"code": "W7W/RS-032", "name": "6057 Binary Mtn", "title": "RS-032 6057 Binary Mtn"}}, {"type": "Feature", "geometry": {"type": "Point", "coordinates": [-121.8521, 46.7893]}, "properties": {"code": "W7W/RS-033", "name": "Mount Ararat", "title": "RS-033 Mount Ararat"}}, {"type": "Feature", "geometry": {"type": "Point", "coordinates": [-121.8565, 47.0375]}, "properties": {"code": "W7W/RS-034", "name": "Pitcher Mountain", "title": "RS-034 Pitcher Mountain"}}, {"type": "Feature", "geometry": {"type": "Point", "coordinates": [-121.8773, 46.9581]}, "properties": {"code": "W7W/RS-035", "name": "Tolmie Peak", "title": "RS-035 Tolmie Peak"}}, {"type": "Feature", "geometry": {"type": "Point", "coordinates": [-121.5303, 46.8136]}, "properties": {"code": "W7W/RS-036", "name": "Shriner Peak", "title": "RS-036 Shriner Peak"}}, {"type": "Feature", "geometry": {"type": "Point", "coordinates": [-121.8899, 47.0174]}, "properties": {"code": "W7W/RS-037", "name": "Old Baldy Mountain", "title": "RS-037 Old Baldy Mountain"}}, {"type": "Feature", "geometry": {"type": "Point", "coordinates": [-121.8362, 47.0388]}, "properties": {"code": "W7W/RS-038", "name": "5780 Summit Lake Peak", "title": "RS-038 5780 Summit Lake Peak"}}, {"type": "Feature", "geometry": {"type": "Point", "coordinates": [-121.7978, 46.9826]}, "properties": {"code": "W7W/RS-039", "name": "Wallace Peak", "title": "RS-039 Wallace Peak"}}, {"type": "Feature", "geometry": {"type": "Point", "coordinates": [-121.5025, 46.8148]}, "properties": {"code": "W7W/RS-040", "name": "5740 East Shriner", "title": "RS-040 5740 East Shriner"}}, {"type": "Feature", "geometry": {"type": "Point", "coordinates": [-121.7722, 47.02]}, "properties": {"code": "W7W/RS-041", "name": "North Independence Ridge", "title": "RS-041 North Independence Ridge"}}, {"type": "Feature", "geometry": {"type": "Point", "coordinates": [-121.7224, 47.0141]}, "properties": {"code": "W7W/RS-042", "name": "Clear West Peak", "title": "RS-042 Clear West Peak"}}, {"type": "Feature", "geometry": {"type": "Point", "coordinates": [-121.8721, 47.0254]}, "properties": {"code": "W7W/RS-043", "name": "5682 Carbon Ridge", "title": "RS-043 5682 Carbon Ridge"}}, {"type": "Feature", "geometry": {"type": "Point", "coordinates": [-121.7352, 46.9878]}, "properties": {"code": "W7W/RS-044", "name": "5608 Bandplan Mtn", "title": "RS-044 5608 Bandplan Mtn"}}, {"type": "Feature", "geometry": {"type": "Point", "coordinates": [-121.5928, 47.0169]}, "properties": {"code": "W7W/RS-045", "name": "5590 Mt Aurora", "title": "RS-045 5590 Mt Aurora"}}, {"type": "Feature", "geometry": {"type": "Point", "coordinates": [-121.9284, 46.7771]}, "properties": {"code": "W7W/RS-046", "name": "Glacier View Wilderness HP", "title": "RS-046 Glacier View Wilderness HP"}}, {"type": "Feature", "geometry": {"type": "Point", "coordinates": [-121.9502, 46.8124]}, "properties": {"code": "W7W/RS-047", "name": "5507 Contest Peak", "title": "RS-047 5507 Contest Peak"}}, {"type": "Feature", "geometry": {"type": "Point", "coordinates": [-121.9427, 46.8273]}, "properties": {"code": "W7W/RS-048", "name": "5500 Mt Bandwidth", "title": "RS-048 5500 Mt Bandwidth"}}, {"type": "Feature", "geometry": {"type": "Point", "coordinates": [-121.8713, 46.9329]}, "properties": {"code": "W7W/RS-049", "name": "Elizabeth Ridge", "title": "RS-049 Elizabeth Ridge"}}, {"type": "Feature", "geometry": {"type": "Point", "coordinates": [-121.9142, 46.7942]}, "properties": {"code": "W7W/RS-050", "name": "Gobblers Knob", "title": "RS-050 Gobblers Knob"}}, {"type": "Feature", "geometry": {"type": "Point", "coordinates": [-121.9431, 46.8381]}, "properties": {"code": "W7W/RS-051", "name": "Puyallup Point", "title": "RS-051 Puyallup Point"}}, {"type": "Feature", "geometry": {"type": "Point", "coordinates": [-121.7522, 47.0537]}, "properties": {"code": "W7W/RS-052", "name": "Frog Mountain", "title": "RS-052 Frog Mountain"}}, {"type": "Feature", "geometry": {"type": "Point", "coordinates": [-121.9313, 46.9514]}, "properties": {"code": "W7W/RS-053", "name": "Poch Peak", "title": "RS-053 Poch Peak"}}, {"type": "Feature", "geometry": {"type": "Point", "coordinates": [-121.9455, 46.9491]}, "properties": {"code": "W7W/RS-054", "name": "5020 West Poch Peak", "title": "RS-054 5020 West Poch Peak"}}, {"type": "Feature", "geometry": {"type": "Point", "coordinates": [-121.648, 47.0555]}, "properties": {"code": "W7W/RS-055", "name": "Huckleberry Ridge", "title": "RS-055 Huckleberry Ridge"}}, {"type": "Feature", "geometry": {"type": "Point", "coordinates": [-121.7132, 47.0871]}, "properties": {"code": "W7W/RS-056", "name": "5018 Mt Hertz", "title": "RS-056 5018 Mt Hertz"}}, {"type": "Feature", "geometry": {"type": "Point", "coordinates": [-121.2957, 48.4706]}, "properties": {"code": "W7W/SK-073", "name": "Whale Peak", "title": "SK-073 Whale Peak"}}, {"type": "Feature", "geometry": {"type": "Point", "coordinates": [-121.1196, 48.3152]}, "properties": {"code": "W7W/SK-074", "name": "Spinster Peak", "title": "SK-074 Spinster Peak"}}, {"type": "Feature", "geometry": {"type": "Point", "coordinates": [-121.2202, 48.5662]}, "properties": {"code": "W7W/SK-075", "name": "The Bat", "title": "SK-075 The Bat"}}, {"type": "Feature", "geometry": {"type": "Point", "coordinates": [-121.3173, 48.3351]}, "properties": {"code": "W7W/SK-076", "name": "Hurricane Peak", "title": "SK-076 Hurricane Peak"}}, {"type": "Feature", "geometry": {"type": "Point", "coordinates": [-121.3592, 48.4683]}, "properties": {"code": "W7W/SK-077", "name": "Jordan Benchmark", "title": "SK-077 Jordan Benchmark"}}, {"type": "Feature", "geometry": {"type": "Point", "coordinates": [-121.339, 48.4606]}, "properties": {"code": "W7W/SK-078", "name": "6377 Boulder Peak", "title": "SK-078 6377 Boulder Peak"}}, {"type": "Feature", "geometry": {"type": "Point", "coordinates": [-121.3238, 48.3221]}, "properties": {"code": "W7W/SK-079", "name": "Boulder Benchmark", "title": "SK-079 Boulder Benchmark"}}, {"type": "Feature", "geometry": {"type": "Point", "coordinates": [-121.4828, 48.6316]}, "properties": {"code": "W7W/SK-080", "name": "Logger Butte", "title": "SK-080 Logger Butte"}}, {"type": "Feature", "geometry": {"type": "Point", "coordinates": [-121.1546, 48.4373]}, "properties": {"code": "W7W/SK-081", "name": "Sunny Girl", "title": "SK-081 Sunny Girl"}}, {"type": "Feature", "geometry": {"type": "Point", "coordinates": [-121.3174, 48.4805]}, "properties": {"code": "W7W/SK-082", "name": "Razorback Mountain", "title": "SK-082 Razorback Mountain"}}, {"type": "Feature", "geometry": {"type": "Point", "coordinates": [-121.4022, 48.3856]}, "properties": {"code": "W7W/SK-083", "name": "Bettys Jugs", "title": "SK-083 Bettys Jugs"}}, {"type": "Feature", "geometry": {"type": "Point", "coordinates": [-121.3003, 48.4375]}, "properties": {"code": "W7W/SK-084", "name": "6095 Hertz Pk", "title": "SK-084 6095 Hertz Pk"}}, {"type": "Feature", "geometry": {"type": "Point", "coordinates": [-121.2077, 48.5331]}, "properties": {"code": "W7W/SK-085", "name": "ExSpire", "title": "SK-085 ExSpire"}}, {"type": "Feature", "geometry": {"type": "Point", "coordinates": [-121.3757, 48.3804]}, "properties": {"code": "W7W/SK-086", "name": "Mortons Neuroma", "title": "SK-086 Mortons Neuroma"}}, {"type": "Feature", "geometry": {"type": "Point", "coordinates": [-121.46, 48.4084]}, "properties": {"code": "W7W/SK-087", "name": "Illabot Peaks", "title": "SK-087 Illabot Peaks"}}, {"type": "Feature", "geometry": {"type": "Point", "coordinates": [-121.4767, 48.6189]}, "properties": {"code": "W7W/SK-088", "name": "North Diobsud Buttes", "title": "SK-088 North Diobsud Buttes"}}, {"type": "Feature", "geometry": {"type": "Point", "coordinates": [-121.3301, 48.4183]}, "properties": {"code": "W7W/SK-089", "name": "Ottobot Peak", "title": "SK-089 Ottobot Peak"}}, {"type": "Feature", "geometry": {"type": "Point", "coordinates": [-121.3698, 48.4422]}, "properties": {"code": "W7W/SK-090", "name": "5792 Sweet Chariot", "title": "SK-090 5792 Sweet Chariot"}}, {"type": "Feature", "geometry": {"type": "Point", "coordinates": [-121.2412, 48.4334]}, "properties": {"code": "W7W/SK-091", "name": "5791 Found Peak", "title": "SK-091 5791 Found Peak"}}, {"type": "Feature", "geometry": {"type": "Point", "coordinates": [-121.1952, 48.5307]}, "properties": {"code": "W7W/SK-092", "name": "5700 Per Spire", "title": "SK-092 5700 Per Spire"}}, {"type": "Feature", "geometry": {"type": "Point", "coordinates": [-121.3293, 48.5521]}, "properties": {"code": "W7W/SK-093", "name": "Lookout Mountain", "title": "SK-093 Lookout Mountain"}}, {"type": "Feature", "geometry": {"type": "Point", "coordinates": [-121.6338, 48.6381]}, "properties": {"code": "W7W/SK-094", "name": "Welker Peak", "title": "SK-094 Welker Peak"}}, {"type": "Feature", "geometry": {"type": "Point", "coordinates": [-121.4954, 48.5706]}, "properties": {"code": "W7W/SK-095", "name": "North Helen Buttes", "title": "SK-095 North Helen Buttes"}}, {"type": "Feature", "geometry": {"type": "Point", "coordinates": [-121.6009, 48.5229]}, "properties": {"code": "W7W/SK-096", "name": "Sauk Mountain", "title": "SK-096 Sauk Mountain"}}, {"type": "Feature", "geometry": {"type": "Point", "coordinates": [-121.5854, 48.5304]}, "properties": {"code": "W7W/SK-097", "name": "Bald Mountain", "title": "SK-097 Bald Mountain"}}, {"type": "Feature", "geometry": {"type": "Point", "coordinates": [-121.7506, 48.3264]}, "properties": {"code": "W7W/SK-098", "name": "Round Mountain", "title": "SK-098 Round Mountain"}}, {"type": "Feature", "geometry": {"type": "Point", "coordinates": [-121.4071, 48.4529]}, "properties": {"code": "W7W/SK-099", "name": "5323 Swing Low", "title": "SK-099 5323 Swing Low"}}, {"type": "Feature", "geometry": {"type": "Point", "coordinates": [-121.8064, 48.6393]}, "properties": {"code": "W7W/SK-100", "name": "Dock Butte", "title": "SK-100 Dock Butte"}}, {"type": "Feature", "geometry": {"type": "Point", "coordinates": [-121.5995, 48.5909]}, "properties": {"code": "W7W/SK-101", "name": "Jackman Peak", "title": "SK-101 Jackman Peak"}}, {"type": "Feature", "geometry": {"type": "Point", "coordinates": [-121.7622, 48.315]}, "properties": {"code": "W7W/SK-102", "name": "Mount Higgins", "title": "SK-102 Mount Higgins"}}, {"type": "Feature", "geometry": {"type": "Point", "coordinates": [-121.5439, 48.6113]}, "properties": {"code": "W7W/SK-103", "name": "5140 Multipath Mtn", "title": "SK-103 5140 Multipath Mtn"}}, {"type": "Feature", "geometry": {"type": "Point", "coordinates": [-121.8136, 48.4498]}, "properties": {"code": "W7W/SK-104", "name": "Big Gee", "title": "SK-104 Big Gee"}}, {"type": "Feature", "geometry": {"type": "Point", "coordinates": [-121.7457, 48.3807]}, "properties": {"code": "W7W/SK-105", "name": "Finney Peak", "title": "SK-105 Finney Peak"}}, {"type": "Feature", "geometry": {"type": "Point", "coordinates": [-121.5041, 48.4047]}, "properties": {"code": "W7W/SK-106", "name": "Suiattle Mountain", "title": "SK-106 Suiattle Mountain"}}, {"type": "Feature", "geometry": {"type": "Point", "coordinates": [-121.7668, 48.3321]}, "properties": {"code": "W7W/SK-107", "name": "Orbit Peak", "title": "SK-107 Orbit Peak"}}, {"type": "Feature", "geometry": {"type": "Point", "coordinates": [-121.5612, 48.6293]}, "properties": {"code": "W7W/SK-108", "name": "5046 Knife Edge Ridge", "title": "SK-108 5046 Knife Edge Ridge"}}, {"type": "Feature", "geometry": {"type": "Point", "coordinates": [-121.5615, 48.5475]}, "properties": {"code": "W7W/SK-109", "name": "5038 Near Vertical Incidence Pk", "title": "SK-109 5038 Near Vertical Incidence Pk"}}, {"type": "Feature", "geometry": {"type": "Point", "coordinates": [-121.8245, 48.434]}, "properties": {"code": "W7W/SK-110", "name": "Gee Peak", "title": "SK-110 Gee Peak"}}, {"type": "Feature", "geometry": {"type": "Point", "coordinates": [-121.8179, 48.4425]}, "properties": {"code": "W7W/SK-111", "name": "Golly Peak", "title": "SK-111 Golly Peak"}}, {"type": "Feature", "geometry": {"type": "Point", "coordinates": [-121.1578, 48.4112]}, "properties": {"code": "W7W/SK-180", "name": "Sonny Babe", "title": "SK-180 Sonny Babe"}}, {"type": "Feature", "geometry": {"type": "Point", "coordinates": [-121.3537, 48.0687]}, "properties": {"code": "W7W/SN-040", "name": "Bedal Peak", "title": "SN-040 Bedal Peak"}}, {"type": "Feature", "geometry": {"type": "Point", "coordinates": [-121.2386, 48.2916]}, "properties": {"code": "W7W/SN-041", "name": "Green Mountain", "title": "SN-041 Green Mountain"}}, {"type": "Feature", "geometry": {"type": "Point", "coordinates": [-121.3025, 48.124]}, "properties": {"code": "W7W/SN-042", "name": "Breccia Peak", "title": "SN-042 Breccia Peak"}}, {"type": "Feature", "geometry": {"type": "Point", "coordinates": [-121.1641, 47.9569]}, "properties": {"code": "W7W/SN-043", "name": "Skykomish Peak", "title": "SN-043 Skykomish Peak"}}, {"type": "Feature", "geometry": {"type": "Point", "coordinates": [-120.977, 48.146]}, "properties": {"code": "W7W/SN-044", "name": "Flower Dome", "title": "SN-044 Flower Dome"}}, {"type": "Feature", "geometry": {"type": "Point", "coordinates": [-121.2593, 48.1896]}, "properties": {"code": "W7W/SN-045", "name": "Meadow Mountain", "title": "SN-045 Meadow Mountain"}}, {"type": "Feature", "geometry": {"type": "Point", "coordinates": [-121.448, 47.8161]}, "properties": {"code": "W7W/SN-046", "name": "Gunn Peak", "title": "SN-046 Gunn Peak"}}, {"type": "Feature", "geometry": {"type": "Point", "coordinates": [-121.3283, 48.0112]}, "properties": {"code": "W7W/SN-047", "name": "6215 Heineken", "title": "SN-047 6215 Heineken"}}, {"type": "Feature", "geometry": {"type": "Point", "coordinates": [-121.5178, 48.0129]}, "properties": {"code": "W7W/SN-048", "name": "Vesper Peak", "title": "SN-048 Vesper Peak"}}, {"type": "Feature", "geometry": {"type": "Point", "coordinates": [-121.4768, 47.9837]}, "properties": {"code": "W7W/SN-049", "name": "Gothic Peak", "title": "SN-049 Gothic Peak"}}, {"type": "Feature", "geometry": {"type": "Point", "coordinates": [-121.406, 47.8656]}, "properties": {"code": "W7W/SN-050", "name": "Spire Mountain", "title": "SN-050 Spire Mountain"}}, {"type": "Feature", "geometry": {"type": "Point", "coordinates": [-121.5241, 48.043]}, "properties": {"code": "W7W/SN-051", "name": "Big Four Mountain", "title": "SN-051 Big Four Mountain"}}, {"type": "Feature", "geometry": {"type": "Point", "coordinates": [-121.418, 48.0249]}, "properties": {"code": "W7W/SN-052", "name": "Sheep Mountain", "title": "SN-052 Sheep Mountain"}}, {"type": "Feature", "geometry": {"type": "Point", "coordinates": [-121.42, 47.9754]}, "properties": {"code": "W7W/SN-053", "name": "Silvertip Peak", "title": "SN-053 Silvertip Peak"}}, {"type": "Feature", "geometry": {"type": "Point", "coordinates": [-121.5026, 48.0158]}, "properties": {"code": "W7W/SN-054", "name": "Sperry Peak", "title": "SN-054 Sperry Peak"}}, {"type": "Feature", "geometry": {"type": "Point", "coordinates": [-121.1298, 47.9874]}, "properties": {"code": "W7W/SN-055", "name": "Kodak Peak", "title": "SN-055 Kodak Peak"}}, {"type": "Feature", "geometry": {"type": "Point", "coordinates": [-121.4316, 47.8012]}, "properties": {"code": "W7W/SN-056", "name": "Merchant Peak", "title": "SN-056 Merchant Peak"}}, {"type": "Feature", "geometry": {"type": "Point", "coordinates": [-121.4909, 48.004]}, "properties": {"code": "W7W/SN-057", "name": "Morning Star Peak", "title": "SN-057 Morning Star Peak"}}, {"type": "Feature", "geometry": {"type": "Point", "coordinates": [-121.0741, 47.8224]}, "properties": {"code": "W7W/SN-058", "name": "Jove Peak", "title": "SN-058 Jove Peak"}}, {"type": "Feature", "geometry": {"type": "Point", "coordinates": [-121.4451, 48.0988]}, "properties": {"code": "W7W/SN-059", "name": "Mount Forgotten", "title": "SN-059 Mount Forgotten"}}, {"type": "Feature", "geometry": {"type": "Point", "coordinates": [-121.0903, 48.1706]}, "properties": {"code": "W7W/SN-060", "name": "Vista Ridge", "title": "SN-060 Vista Ridge"}}, {"type": "Feature", "geometry": {"type": "Point", "coordinates": [-121.3225, 48.2205]}, "properties": {"code": "W7W/SN-061", "name": "Circle Peak", "title": "SN-061 Circle Peak"}}, {"type": "Feature", "geometry": {"type": "Point", "coordinates": [-121.6987, 48.1957]}, "properties": {"code": "W7W/SN-062", "name": "Mount Bullon", "title": "SN-062 Mount Bullon"}}, {"type": "Feature", "geometry": {"type": "Point", "coordinates": [-121.4052, 47.9306]}, "properties": {"code": "W7W/SN-063", "name": "Hubbart Peak", "title": "SN-063 Hubbart Peak"}}, {"type": "Feature", "geometry": {"type": "Point", "coordinates": [-121.3926, 47.7987]}, "properties": {"code": "W7W/SN-064", "name": "Townsend Mountain", "title": "SN-064 Townsend Mountain"}}, {"type": "Feature", "geometry": {"type": "Point", "coordinates": [-121.1875, 47.8773]}, "properties": {"code": "W7W/SN-065", "name": "Fortune Mountain", "title": "SN-065 Fortune Mountain"}}, {"type": "Feature", "geometry": {"type": "Point", "coordinates": [-121.4054, 48.1982]}, "properties": {"code": "W7W/SN-066", "name": "5884 Straight Key Mtn", "title": "SN-066 5884 Straight Key Mtn"}}, {"type": "Feature", "geometry": {"type": "Point", "coordinates": [-121.5996, 48.1957]}, "properties": {"code": "W7W/SN-067", "name": "Jumbo Mountain", "title": "SN-067 Jumbo Mountain"}}, {"type": "Feature", "geometry": {"type": "Point", "coordinates": [-121.4544, 47.8101]}, "properties": {"code": "W7W/SN-068", "name": "Tailgunner", "title": "SN-068 Tailgunner"}}, {"type": "Feature", "geometry": {"type": "Point", "coordinates": [-121.4404, 48.0727]}, "properties": {"code": "W7W/SN-069", "name": "East Twin Peaks", "title": "SN-069 East Twin Peaks"}}, {"type": "Feature", "geometry": {"type": "Point", "coordinates": [-121.4642, 47.9634]}, "properties": {"code": "W7W/SN-070", "name": "Sheep Gap Mountain", "title": "SN-070 Sheep Gap Mountain"}}, {"type": "Feature", "geometry": {"type": "Point", "coordinates": [-121.2028, 47.9244]}, "properties": {"code": "W7W/SN-071", "name": "Bench Mark Mountain", "title": "SN-071 Bench Mark Mountain"}}, {"type": "Feature", "geometry": {"type": "Point", "coordinates": [-121.1733, 47.9083]}, "properties": {"code": "W7W/SN-073", "name": "5757 Little Fish Peak", "title": "SN-073 5757 Little Fish Peak"}}, {"type": "Feature", "geometry": {"type": "Point", "coordinates": [-121.1034, 47.7968]}, "properties": {"code": "W7W/SN-074", "name": "Mount McCausland", "title": "SN-074 Mount McCausland"}}, {"type": "Feature", "geometry": {"type": "Point", "coordinates": [-121.5056, 47.961]}, "properties": {"code": "W7W/SN-075", "name": "Red Mountain", "title": "SN-075 Red Mountain"}}, {"type": "Feature", "geometry": {"type": "Point", "coordinates": [-121.4852, 48.0939]}, "properties": {"code": "W7W/SN-076", "name": "Stillaguamish Peak", "title": "SN-076 Stillaguamish Peak"}}, {"type": "Feature", "geometry": {"type": "Point", "coordinates": [-121.2525, 47.979]}, "properties": {"code": "W7W/SN-077", "name": "5727 North Bowser Butte", "title": "SN-077 5727 North Bowser Butte"}}, {"type": "Feature", "geometry": {"type": "Point", "coordinates": [-121.4708, 48.0688]}, "properties": {"code": "W7W/SN-078", "name": "Mount Dickerman", "title": "SN-078 Mount Dickerman"}}, {"type": "Feature", "geometry": {"type": "Point", "coordinates": [-121.2512, 47.9575]}, "properties": {"code": "W7W/SN-079", "name": "Bald Eagle Mountain", "title": "SN-079 Bald Eagle Mountain"}}, {"type": "Feature", "geometry": {"type": "Point", "coordinates": [-121.6712, 48.1296]}, "properties": {"code": "W7W/SN-080", "name": "Liberty Mountain", "title": "SN-080 Liberty Mountain"}}, {"type": "Feature", "geometry": {"type": "Point", "coordinates": [-121.2245, 47.9765]}, "properties": {"code": "W7W/SN-081", "name": "Long John Mountain", "title": "SN-081 Long John Mountain"}}, {"type": "Feature", "geometry": {"type": "Point", "coordinates": [-121.0826, 47.8112]}, "properties": {"code": "W7W/SN-082", "name": "Union Peak", "title": "SN-082 Union Peak"}}, {"type": "Feature", "geometry": {"type": "Point", "coordinates": [-121.1496, 47.8227]}, "properties": {"code": "W7W/SN-083", "name": "Scrabble Mountain", "title": "SN-083 Scrabble Mountain"}}, {"type": "Feature", "geometry": {"type": "Point", "coordinates": [-121.4621, 47.9682]}, "properties": {"code": "W7W/SN-084", "name": "5683 Rams Horn", "title": "SN-084 5683 Rams Horn"}}, {"type": "Feature", "geometry": {"type": "Point", "coordinates": [-121.4713, 48.2753]}, "properties": {"code": "W7W/SN-085", "name": "Prairie Mountain", "title": "SN-085 Prairie Mountain"}}, {"type": "Feature", "geometry": {"type": "Point", "coordinates": [-121.1223, 47.8295]}, "properties": {"code": "W7W/SN-086", "name": "5660 Troposphere Pk", "title": "SN-086 5660 Troposphere Pk"}}, {"type": "Feature", "geometry": {"type": "Point", "coordinates": [-121.6797, 48.1511]}, "properties": {"code": "W7W/SN-087", "name": "Big Bear Mountain", "title": "SN-087 Big Bear Mountain"}}, {"type": "Feature", "geometry": {"type": "Point", "coordinates": [-121.4626, 48.0054]}, "properties": {"code": "W7W/SN-088", "name": "Lewis Peak", "title": "SN-088 Lewis Peak"}}, {"type": "Feature", "geometry": {"type": "Point", "coordinates": [-121.264, 47.8365]}, "properties": {"code": "W7W/SN-089", "name": "Evergreen Mountain", "title": "SN-089 Evergreen Mountain"}}, {"type": "Feature", "geometry": {"type": "Point", "coordinates": [-121.1972, 47.7922]}, "properties": {"code": "W7W/SN-090", "name": "Scorpion Mountain", "title": "SN-090 Scorpion Mountain"}}, {"type": "Feature", "geometry": {"type": "Point", "coordinates": [-121.3573, 47.8722]}, "properties": {"code": "W7W/SN-091", "name": "Bear Mountain", "title": "SN-091 Bear Mountain"}}, {"type": "Feature", "geometry": {"type": "Point", "coordinates": [-121.5815, 47.7796]}, "properties": {"code": "W7W/SN-092", "name": "Mount Index-Middle Peak", "title": "SN-092 Mount Index-Middle Peak"}}, {"type": "Feature", "geometry": {"type": "Point", "coordinates": [-121.5404, 48.0598]}, "properties": {"code": "W7W/SN-093", "name": "Hall Peak", "title": "SN-093 Hall Peak"}}, {"type": "Feature", "geometry": {"type": "Point", "coordinates": [-121.6118, 47.7904]}, "properties": {"code": "W7W/SN-094", "name": "Mount Persis", "title": "SN-094 Mount Persis"}}, {"type": "Feature", "geometry": {"type": "Point", "coordinates": [-121.5614, 48.1204]}, "properties": {"code": "W7W/SN-095", "name": "Devils Peak", "title": "SN-095 Devils Peak"}}, {"type": "Feature", "geometry": {"type": "Point", "coordinates": [-121.365, 47.9095]}, "properties": {"code": "W7W/SN-096", "name": "Troublesome Mountain", "title": "SN-096 Troublesome Mountain"}}, {"type": "Feature", "geometry": {"type": "Point", "coordinates": [-121.344, 47.912]}, "properties": {"code": "W7W/SN-097", "name": "Double Toil Peak", "title": "SN-097 Double Toil Peak"}}, {"type": "Feature", "geometry": {"type": "Point", "coordinates": [-121.5228, 48.1286]}, "properties": {"code": "W7W/SN-098", "name": "Independence Peak", "title": "SN-098 Independence Peak"}}, {"type": "Feature", "geometry": {"type": "Point", "coordinates": [-121.3673, 48.2101]}, "properties": {"code": "W7W/SN-099", "name": "Rat Trap Mountain", "title": "SN-099 Rat Trap Mountain"}}, {"type": "Feature", "geometry": {"type": "Point", "coordinates": [-121.5791, 48.1318]}, "properties": {"code": "W7W/SN-100", "name": "Helena Peak", "title": "SN-100 Helena Peak"}}, {"type": "Feature", "geometry": {"type": "Point", "coordinates": [-121.251, 47.8652]}, "properties": {"code": "W7W/SN-101", "name": "Silica Mountain", "title": "SN-101 Silica Mountain"}}, {"type": "Feature", "geometry": {"type": "Point", "coordinates": [-121.1596, 47.7862]}, "properties": {"code": "W7W/SN-102", "name": "Tall Halla Mountain", "title": "SN-102 Tall Halla Mountain"}}, {"type": "Feature", "geometry": {"type": "Point", "coordinates": [-121.3902, 47.8108]}, "properties": {"code": "W7W/SN-103", "name": "Burley Mountain", "title": "SN-103 Burley Mountain"}}, {"type": "Feature", "geometry": {"type": "Point", "coordinates": [-121.5087, 47.9748]}, "properties": {"code": "W7W/SN-104", "name": "Rouge Peak", "title": "SN-104 Rouge Peak"}}, {"type": "Feature", "geometry": {"type": "Point", "coordinates": [-121.7976, 48.0579]}, "properties": {"code": "W7W/SN-105", "name": "Mount Pilchuck", "title": "SN-105 Mount Pilchuck"}}, {"type": "Feature", "geometry": {"type": "Point", "coordinates": [-121.4637, 47.9465]}, "properties": {"code": "W7W/SN-106", "name": "South Crested Buttes", "title": "SN-106 South Crested Buttes"}}, {"type": "Feature", "geometry": {"type": "Point", "coordinates": [-121.2328, 47.8546]}, "properties": {"code": "W7W/SN-107", "name": "5327 SOTA Summit", "title": "SN-107 5327 SOTA Summit"}}, {"type": "Feature", "geometry": {"type": "Point", "coordinates": [-121.4611, 47.9541]}, "properties": {"code": "W7W/SN-108", "name": "North Crested Buttes", "title": "SN-108 North Crested Buttes"}}, {"type": "Feature", "geometry": {"type": "Point", "coordinates": [-121.5177, 48.1416]}, "properties": {"code": "W7W/SN-109", "name": "Bluegrass Butte", "title": "SN-109 Bluegrass Butte"}}, {"type": "Feature", "geometry": {"type": "Point", "coordinates": [-121.6087, 47.9023]}, "properties": {"code": "W7W/SN-110", "name": "Mount Stickney", "title": "SN-110 Mount Stickney"}}, {"type": "Feature", "geometry": {"type": "Point", "coordinates": [-121.3603, 47.8525]}, "properties": {"code": "W7W/SN-112", "name": "Quarter Dome", "title": "SN-112 Quarter Dome"}}, {"type": "Feature", "geometry": {"type": "Point", "coordinates": [-121.6582, 48.1108]}, "properties": {"code": "W7W/SN-113", "name": "Canyon Peak", "title": "SN-113 Canyon Peak"}}, {"type": "Feature", "geometry": {"type": "Point", "coordinates": [-121.5268, 47.9339]}, "properties": {"code": "W7W/SN-114", "name": "Frostbite Peak", "title": "SN-114 Frostbite Peak"}}, {"type": "Feature", "geometry": {"type": "Point", "coordinates": [-121.469, 47.9265]}, "properties": {"code": "W7W/SN-115", "name": "Mineral Butte", "title": "SN-115 Mineral Butte"}}, {"type": "Feature", "geometry": {"type": "Point", "coordinates": [-121.4311, 47.8584]}, "properties": {"code": "W7W/SN-116", "name": "Iron Mountain", "title": "SN-116 Iron Mountain"}}, {"type": "Feature", "geometry": {"type": "Point", "coordinates": [-121.5786, 48.1526]}, "properties": {"code": "W7W/SN-117", "name": "Voodoo Peak", "title": "SN-117 Voodoo Peak"}}, {"type": "Feature", "geometry": {"type": "Point", "coordinates": [-121.5674, 48.0564]}, "properties": {"code": "W7W/SN-118", "name": "Marble Peak", "title": "SN-118 Marble Peak"}}, {"type": "Feature", "geometry": {"type": "Point", "coordinates": [-121.5485, 48.1288]}, "properties": {"code": "W7W/SN-119", "name": "Devils Thumb", "title": "SN-119 Devils Thumb"}}, {"type": "Feature", "geometry": {"type": "Point", "coordinates": [-121.5352, 47.9803]}, "properties": {"code": "W7W/SN-120", "name": "Rojo Peak", "title": "SN-120 Rojo Peak"}}, {"type": "Feature", "geometry": {"type": "Point", "coordinates": [-121.5453, 47.868]}, "properties": {"code": "W7W/SN-121", "name": "Ragged Ridge", "title": "SN-121 Ragged Ridge"}}, {"type": "Feature", "geometry": {"type": "Point", "coordinates": [-121.5404, 47.9176]}, "properties": {"code": "W7W/SN-122", "name": "Bushwhack Peak", "title": "SN-122 Bushwhack Peak"}}, {"type": "Feature", "geometry": {"type": "Point", "coordinates": [-121.5082, 48.0984]}, "properties": {"code": "W7W/SN-123", "name": "Beaver Peak", "title": "SN-123 Beaver Peak"}}, {"type": "Feature", "geometry": {"type": "Point", "coordinates": [-121.5935, 48.0913]}, "properties": {"code": "W7W/SN-124", "name": "Long Mountain", "title": "SN-124 Long Mountain"}}, {"type": "Feature", "geometry": {"type": "Point", "coordinates": [-121.6315, 48.0959]}, "properties": {"code": "W7W/SN-125", "name": "Anaconda Peak", "title": "SN-125 Anaconda Peak"}}, {"type": "Feature", "geometry": {"type": "Point", "coordinates": [-121.3291, 47.7945]}, "properties": {"code": "W7W/SN-126", "name": "Hawk Rock", "title": "SN-126 Hawk Rock"}}, {"type": "Feature", "geometry": {"type": "Point", "coordinates": [-121.5287, 47.8921]}, "properties": {"code": "W7W/SN-127", "name": "Snowslide Peak", "title": "SN-127 Snowslide Peak"}}, {"type": "Feature", "geometry": {"type": "Point", "coordinates": [-121.2794, 48.0025]}, "properties": {"code": "W7W/SN-128", "name": "5003 Relic Trail Mountain", "title": "SN-128 5003 Relic Trail Mountain"}}, {"type": "Feature", "geometry": {"type": "Point", "coordinates": [-121.1324, 48.2463]}, "properties": {"code": "W7W/SN-187", "name": "6438", "title": "SN-187 6438"}}, {"type": "Feature", "geometry": {"type": "Point", "coordinates": [-123.2942, 47.5911]}, "properties": {"code": "W7W/SO-002", "name": "Mount Skokomish", "title": "SO-002 Mount Skokomish"}}, {"type": "Feature", "geometry": {"type": "Point", "coordinates": [-123.2461, 47.5311]}, "properties": {"code": "W7W/SO-003", "name": "Mount Washington", "title": "SO-003 Mount Washington"}}, {"type": "Feature", "geometry": {"type": "Point", "coordinates": [-123.2561, 47.5521]}, "properties": {"code": "W7W/SO-004", "name": "Mount Pershing", "title": "SO-004 Mount Pershing"}}, {"type": "Feature", "geometry": {"type": "Point", "coordinates": [-123.3157, 47.5643]}, "properties": {"code": "W7W/SO-005", "name": "Mount Cruiser", "title": "SO-005 Mount Cruiser"}}, {"type": "Feature", "geometry": {"type": "Point", "coordinates": [-123.328, 47.5503]}, "properties": {"code": "W7W/SO-006", "name": "Mount Lincoln", "title": "SO-006 Mount Lincoln"}}, {"type": "Feature", "geometry": {"type": "Point", "coordinates": [-123.2319, 47.5614]}, "properties": {"code": "W7W/SO-007", "name": "Jefferson Peak", "title": "SO-007 Jefferson Peak"}}, {"type": "Feature", "geometry": {"type": "Point", "coordinates": [-123.3267, 47.5691]}, "properties": {"code": "W7W/SO-008", "name": "Mount Gladys", "title": "SO-008 Mount Gladys"}}, {"type": "Feature", "geometry": {"type": "Point", "coordinates": [-123.2964, 47.5227]}, "properties": {"code": "W7W/SO-009", "name": "Copper Mountain", "title": "SO-009 Copper Mountain"}}, {"type": "Feature", "geometry": {"type": "Point", "coordinates": [-123.4712, 47.5786]}, "properties": {"code": "W7W/SO-010", "name": "Mount Olson", "title": "SO-010 Mount Olson"}}, {"type": "Feature", "geometry": {"type": "Point", "coordinates": [-123.4728, 47.5535]}, "properties": {"code": "W7W/SO-011", "name": "5122 Six Ridge", "title": "SO-011 5122 Six Ridge"}}, {"type": "Feature", "geometry": {"type": "Point", "coordinates": [-123.4416, 47.5271]}, "properties": {"code": "W7W/SO-012", "name": "Five Ridge Peaks HP", "title": "SO-012 Five Ridge Peaks HP"}}, {"type": "Feature", "geometry": {"type": "Point", "coordinates": [-123.493, 47.4918]}, "properties": {"code": "W7W/SO-013", "name": "Capitol Peak", "title": "SO-013 Capitol Peak"}}, {"type": "Feature", "geometry": {"type": "Point", "coordinates": [-123.42, 47.5316]}, "properties": {"code": "W7W/SO-014", "name": "4970 Lowpass Peak", "title": "SO-014 4970 Lowpass Peak"}}, {"type": "Feature", "geometry": {"type": "Point", "coordinates": [-117.5034, 48.8698]}, "properties": {"code": "W7W/ST-003", "name": "Sherlock Peak", "title": "ST-003 Sherlock Peak"}}, {"type": "Feature", "geometry": {"type": "Point", "coordinates": [-117.9772, 48.211]}, "properties": {"code": "W7W/ST-004", "name": "Huckleberry Mountain", "title": "ST-004 Huckleberry Mountain"}}, {"type": "Feature", "geometry": {"type": "Point", "coordinates": [-117.742, 48.7407]}, "properties": {"code": "W7W/ST-005", "name": "Rogers Benchmark", "title": "ST-005 Rogers Benchmark"}}, {"type": "Feature", "geometry": {"type": "Point", "coordinates": [-117.5719, 48.2844]}, "properties": {"code": "W7W/ST-006", "name": "Chewelah Mountain", "title": "ST-006 Chewelah Mountain"}}, {"type": "Feature", "geometry": {"type": "Point", "coordinates": [-117.7475, 48.5803]}, "properties": {"code": "W7W/ST-007", "name": "Old Dominion Mountain", "title": "ST-007 Old Dominion Mountain"}}, {"type": "Feature", "geometry": {"type": "Point", "coordinates": [-117.8153, 48.6888]}, "properties": {"code": "W7W/ST-008", "name": "Gillette Mountain", "title": "ST-008 Gillette Mountain"}}, {"type": "Feature", "geometry": {"type": "Point", "coordinates": [-117.7671, 48.7263]}, "properties": {"code": "W7W/ST-009", "name": "Mount Rogers", "title": "ST-009 Mount Rogers"}}, {"type": "Feature", "geometry": {"type": "Point", "coordinates": [-117.535, 48.3286]}, "properties": {"code": "W7W/ST-010", "name": "Goddards Peak", "title": "ST-010 Goddards Peak"}}, {"type": "Feature", "geometry": {"type": "Point", "coordinates": [-118.0657, 48.4902]}, "properties": {"code": "W7W/ST-011", "name": "Monumental Mountain", "title": "ST-011 Monumental Mountain"}}, {"type": "Feature", "geometry": {"type": "Point", "coordinates": [-117.5088, 48.3573]}, "properties": {"code": "W7W/ST-012", "name": "5434 Olivia Mtn", "title": "ST-012 5434 Olivia Mtn"}}, {"type": "Feature", "geometry": {"type": "Point", "coordinates": [-117.6567, 48.6781]}, "properties": {"code": "W7W/ST-013", "name": "Blacktail Butte", "title": "ST-013 Blacktail Butte"}}, {"type": "Feature", "geometry": {"type": "Point", "coordinates": [-117.9591, 48.3471]}, "properties": {"code": "W7W/ST-014", "name": "Dunn Mountain", "title": "ST-014 Dunn Mountain"}}, {"type": "Feature", "geometry": {"type": "Point", "coordinates": [-117.5059, 48.5038]}, "properties": {"code": "W7W/ST-015", "name": "5339 Transponder Mtn", "title": "ST-015 5339 Transponder Mtn"}}, {"type": "Feature", "geometry": {"type": "Point", "coordinates": [-117.8496, 48.6389]}, "properties": {"code": "W7W/ST-016", "name": "Old Douglas", "title": "ST-016 Old Douglas"}}, {"type": "Feature", "geometry": {"type": "Point", "coordinates": [-117.5303, 48.2531]}, "properties": {"code": "W7W/ST-017", "name": "5201 Inductor Mtn", "title": "ST-017 5201 Inductor Mtn"}}, {"type": "Feature", "geometry": {"type": "Point", "coordinates": [-117.5289, 48.2056]}, "properties": {"code": "W7W/ST-018", "name": "5170 Longwire Mtn", "title": "ST-018 5170 Longwire Mtn"}}, {"type": "Feature", "geometry": {"type": "Point", "coordinates": [-117.8289, 48.7282]}, "properties": {"code": "W7W/ST-019", "name": "Uncle Sam Mountain", "title": "ST-019 Uncle Sam Mountain"}}, {"type": "Feature", "geometry": {"type": "Point", "coordinates": [-117.6096, 48.6305]}, "properties": {"code": "W7W/ST-020", "name": "Green Mountain", "title": "ST-020 Green Mountain"}}, {"type": "Feature", "geometry": {"type": "Point", "coordinates": [-117.6795, 46.1103]}, "properties": {"code": "W7W/WE-001", "name": "Oregon Butte", "title": "WE-001 Oregon Butte"}}, {"type": "Feature", "geometry": {"type": "Point", "coordinates": [-117.5498, 46.1199]}, "properties": {"code": "W7W/WE-002", "name": "Garfield County HP", "title": "WE-002 Garfield County HP"}}, {"type": "Feature", "geometry": {"type": "Point", "coordinates": [-117.5146, 46.1229]}, "properties": {"code": "W7W/WE-003", "name": "Mount Misery", "title": "WE-003 Mount Misery"}}, {"type": "Feature", "geometry": {"type": "Point", "coordinates": [-117.9114, 46.0306]}, "properties": {"code": "W7W/WE-004", "name": "Table Rock", "title": "WE-004 Table Rock"}}, {"type": "Feature", "geometry": {"type": "Point", "coordinates": [-117.8316, 46.0377]}, "properties": {"code": "W7W/WE-005", "name": "Burnt Flat", "title": "WE-005 Burnt Flat"}}, {"type": "Feature", "geometry": {"type": "Point", "coordinates": [-117.1123, 47.9236]}, "properties": {"code": "W7W/WE-006", "name": "Mount Spokane", "title": "WE-006 Mount Spokane"}}, {"type": "Feature", "geometry": {"type": "Point", "coordinates": [-117.8581, 46.1123]}, "properties": {"code": "W7W/WE-007", "name": "Chase Mountain", "title": "WE-007 Chase Mountain"}}, {"type": "Feature", "geometry": {"type": "Point", "coordinates": [-117.6732, 46.0352]}, "properties": {"code": "W7W/WE-008", "name": "Weller Butte", "title": "WE-008 Weller Butte"}}, {"type": "Feature", "geometry": {"type": "Point", "coordinates": [-117.6088, 46.0874]}, "properties": {"code": "W7W/WE-009", "name": "Bald Butte", "title": "WE-009 Bald Butte"}}, {"type": "Feature", "geometry": {"type": "Point", "coordinates": [-117.5439, 46.0752]}, "properties": {"code": "W7W/WE-010", "name": "Halsey Butte", "title": "WE-010 Halsey Butte"}}, {"type": "Feature", "geometry": {"type": "Point", "coordinates": [-117.0817, 47.5734]}, "properties": {"code": "W7W/WE-011", "name": "Mica Peak", "title": "WE-011 Mica Peak"}}, {"type": "Feature", "geometry": {"type": "Point", "coordinates": [-117.082, 47.8852]}, "properties": {"code": "W7W/WE-012", "name": "Quartz Mountain", "title": "WE-012 Quartz Mountain"}}, {"type": "Feature", "geometry": {"type": "Point", "coordinates": [-117.5777, 46.0848]}, "properties": {"code": "W7W/WE-013", "name": "Prominencians Peak", "title": "WE-013 Prominencians Peak"}}, {"type": "Feature", "geometry": {"type": "Point", "coordinates": [-117.0545, 47.8696]}, "properties": {"code": "W7W/WE-014", "name": "Ragged Mountain", "title": "WE-014 Ragged Mountain"}}, {"type": "Feature", "geometry": {"type": "Point", "coordinates": [-117.4618, 46.0704]}, "properties": {"code": "W7W/WE-049", "name": "Saddle Butte", "title": "WE-049 Saddle Butte"}}, {"type": "Feature", "geometry": {"type": "Point", "coordinates": [-120.7959, 48.7355]}, "properties": {"code": "W7W/WH-120", "name": "Cady Point", "title": "WH-120 Cady Point"}}, {"type": "Feature", "geometry": {"type": "Point", "coordinates": [-121.757, 48.8295]}, "properties": {"code": "W7W/WH-121", "name": "Lasiocarpa Ridge", "title": "WH-121 Lasiocarpa Ridge"}}, {"type": "Feature", "geometry": {"type": "Point", "coordinates": [-121.643, 48.9565]}, "properties": {"code": "W7W/WH-122", "name": "Winchester Mountain", "title": "WH-122 Winchester Mountain"}}, {"type": "Feature", "geometry": {"type": "Point", "coordinates": [-121.6264, 48.9422]}, "properties": {"code": "W7W/WH-123", "name": "30.06 Peak", "title": "WH-123 30.06 Peak"}}, {"type": "Feature", "geometry": {"type": "Point", "coordinates": [-120.9903, 48.8006]}, "properties": {"code": "W7W/WH-124", "name": "Angel Wing", "title": "WH-124 Angel Wing"}}, {"type": "Feature", "geometry": {"type": "Point", "coordinates": [-121.3728, 48.7111]}, "properties": {"code": "W7W/WH-125", "name": "Mamook Mountain", "title": "WH-125 Mamook Mountain"}}, {"type": "Feature", "geometry": {"type": "Point", "coordinates": [-121.5127, 48.9071]}, "properties": {"code": "W7W/WH-126", "name": "Silesia Mountain", "title": "WH-126 Silesia Mountain"}}, {"type": "Feature", "geometry": {"type": "Point", "coordinates": [-120.97, 48.8356]}, "properties": {"code": "W7W/WH-127", "name": "Barnett Butte", "title": "WH-127 Barnett Butte"}}, {"type": "Feature", "geometry": {"type": "Point", "coordinates": [-121.4583, 48.7254]}, "properties": {"code": "W7W/WH-128", "name": "Native Knoll", "title": "WH-128 Native Knoll"}}, {"type": "Feature", "geometry": {"type": "Point", "coordinates": [-121.1605, 48.9938]}, "properties": {"code": "W7W/WH-129", "name": "Silver Ridge", "title": "WH-129 Silver Ridge"}}, {"type": "Feature", "geometry": {"type": "Point", "coordinates": [-121.4832, 48.6473]}, "properties": {"code": "W7W/WH-130", "name": "Electric Butte", "title": "WH-130 Electric Butte"}}, {"type": "Feature", "geometry": {"type": "Point", "coordinates": [-121.4569, 48.7067]}, "properties": {"code": "W7W/WH-131", "name": "Interloper Peak", "title": "WH-131 Interloper Peak"}}, {"type": "Feature", "geometry": {"type": "Point", "coordinates": [-121.5881, 48.9594]}, "properties": {"code": "W7W/WH-132", "name": "North Big Bosom Butte", "title": "WH-132 North Big Bosom Butte"}}, {"type": "Feature", "geometry": {"type": "Point", "coordinates": [-120.8748, 48.8395]}, "properties": {"code": "W7W/WH-133", "name": "6362 Vee Beam Pk", "title": "WH-133 6362 Vee Beam Pk"}}, {"type": "Feature", "geometry": {"type": "Point", "coordinates": [-120.9575, 48.9275]}, "properties": {"code": "W7W/WH-134", "name": "Ti-gaks Peak", "title": "WH-134 Ti-gaks Peak"}}, {"type": "Feature", "geometry": {"type": "Point", "coordinates": [-121.8828, 48.9283]}, "properties": {"code": "W7W/WH-135", "name": "Church Mountain", "title": "WH-135 Church Mountain"}}, {"type": "Feature", "geometry": {"type": "Point", "coordinates": [-121.7024, 48.8662]}, "properties": {"code": "W7W/WH-136", "name": "Mount Herman", "title": "WH-136 Mount Herman"}}, {"type": "Feature", "geometry": {"type": "Point", "coordinates": [-121.6819, 48.9544]}, "properties": {"code": "W7W/WH-137", "name": "Yellow Aster Butte", "title": "WH-137 Yellow Aster Butte"}}, {"type": "Feature", "geometry": {"type": "Point", "coordinates": [-121.5767, 48.6556]}, "properties": {"code": "W7W/WH-138", "name": "Mount Watson", "title": "WH-138 Mount Watson"}}, {"type": "Feature", "geometry": {"type": "Point", "coordinates": [-121.1075, 48.9317]}, "properties": {"code": "W7W/WH-139", "name": "Burgler Bear", "title": "WH-139 Burgler Bear"}}, {"type": "Feature", "geometry": {"type": "Point", "coordinates": [-120.865, 48.8744]}, "properties": {"code": "W7W/WH-140", "name": "Foolish Mountain", "title": "WH-140 Foolish Mountain"}}, {"type": "Feature", "geometry": {"type": "Point", "coordinates": [-121.7358, 48.95]}, "properties": {"code": "W7W/WH-141", "name": "Damfino Peak", "title": "WH-141 Damfino Peak"}}, {"type": "Feature", "geometry": {"type": "Point", "coordinates": [-121.2269, 48.8239]}, "properties": {"code": "W7W/WH-142", "name": "Lunatic Peak", "title": "WH-142 Lunatic Peak"}}, {"type": "Feature", "geometry": {"type": "Point", "coordinates": [-121.0166, 48.9112]}, "properties": {"code": "W7W/WH-143", "name": "Desolation Peak", "title": "WH-143 Desolation Peak"}}, {"type": "Feature", "geometry": {"type": "Point", "coordinates": [-121.9569, 48.6627]}, "properties": {"code": "W7W/WH-144", "name": "Barbara Peak", "title": "WH-144 Barbara Peak"}}, {"type": "Feature", "geometry": {"type": "Point", "coordinates": [-121.3308, 48.6925]}, "properties": {"code": "W7W/WH-145", "name": "X Mountain", "title": "WH-145 X Mountain"}}, {"type": "Feature", "geometry": {"type": "Point", "coordinates": [-121.7678, 48.9327]}, "properties": {"code": "W7W/WH-146", "name": "5930 Shortwave Mtn", "title": "WH-146 5930 Shortwave Mtn"}}, {"type": "Feature", "geometry": {"type": "Point", "coordinates": [-121.6665, 48.8165]}, "properties": {"code": "W7W/WH-147", "name": "Mount Ann", "title": "WH-147 Mount Ann"}}, {"type": "Feature", "geometry": {"type": "Point", "coordinates": [-121.7421, 48.8668]}, "properties": {"code": "W7W/WH-148", "name": "Barometer Mountain", "title": "WH-148 Barometer Mountain"}}, {"type": "Feature", "geometry": {"type": "Point", "coordinates": [-121.5937, 48.6716]}, "properties": {"code": "W7W/WH-149", "name": "Anderson Butte", "title": "WH-149 Anderson Butte"}}, {"type": "Feature", "geometry": {"type": "Point", "coordinates": [-121.5342, 48.693]}, "properties": {"code": "W7W/WH-150", "name": "5725 Twin Lead Pk", "title": "WH-150 5725 Twin Lead Pk"}}, {"type": "Feature", "geometry": {"type": "Point", "coordinates": [-121.4332, 48.8909]}, "properties": {"code": "W7W/WH-151", "name": "North Easy Ridge", "title": "WH-151 North Easy Ridge"}}, {"type": "Feature", "geometry": {"type": "Point", "coordinates": [-121.3919, 48.6528]}, "properties": {"code": "W7W/WH-152", "name": "Oakes Peak", "title": "WH-152 Oakes Peak"}}, {"type": "Feature", "geometry": {"type": "Point", "coordinates": [-121.8004, 48.9697]}, "properties": {"code": "W7W/WH-153", "name": "Cowap Peak", "title": "WH-153 Cowap Peak"}}, {"type": "Feature", "geometry": {"type": "Point", "coordinates": [-121.3853, 48.6708]}, "properties": {"code": "W7W/WH-154", "name": "Damnation Peak", "title": "WH-154 Damnation Peak"}}, {"type": "Feature", "geometry": {"type": "Point", "coordinates": [-121.5473, 48.7155]}, "properties": {"code": "W7W/WH-155", "name": "5622 Ipsoot Peak", "title": "WH-155 5622 Ipsoot Peak"}}, {"type": "Feature", "geometry": {"type": "Point", "coordinates": [-121.9094, 48.9267]}, "properties": {"code": "W7W/WH-156", "name": "West Church Benchmark", "title": "WH-156 West Church Benchmark"}}, {"type": "Feature", "geometry": {"type": "Point", "coordinates": [-121.8456, 48.68]}, "properties": {"code": "W7W/WH-157", "name": "Loomis Mountain", "title": "WH-157 Loomis Mountain"}}, {"type": "Feature", "geometry": {"type": "Point", "coordinates": [-121.967, 48.7849]}, "properties": {"code": "W7W/WH-158", "name": "Groat Mountain", "title": "WH-158 Groat Mountain"}}, {"type": "Feature", "geometry": {"type": "Point", "coordinates": [-121.5129, 48.6997]}, "properties": {"code": "W7W/WH-159", "name": "5580 Tribander Mtn", "title": "WH-159 5580 Tribander Mtn"}}, {"type": "Feature", "geometry": {"type": "Point", "coordinates": [-121.4006, 48.6761]}, "properties": {"code": "W7W/WH-160", "name": "Salvation Peak", "title": "WH-160 Salvation Peak"}}, {"type": "Feature", "geometry": {"type": "Point", "coordinates": [-121.9611, 48.9672]}, "properties": {"code": "W7W/WH-161", "name": "Bald Mountain", "title": "WH-161 Bald Mountain"}}, {"type": "Feature", "geometry": {"type": "Point", "coordinates": [-121.8564, 48.7167]}, "properties": {"code": "W7W/WH-162", "name": "Park Butte", "title": "WH-162 Park Butte"}}, {"type": "Feature", "geometry": {"type": "Point", "coordinates": [-121.4906, 48.8085]}, "properties": {"code": "W7W/WH-163", "name": "Blister Mountain", "title": "WH-163 Blister Mountain"}}, {"type": "Feature", "geometry": {"type": "Point", "coordinates": [-121.4175, 48.9664]}, "properties": {"code": "W7W/WH-164", "name": "Little Chilly Hill", "title": "WH-164 Little Chilly Hill"}}, {"type": "Feature", "geometry": {"type": "Point", "coordinates": [-121.9189, 48.8017]}, "properties": {"code": "W7W/WH-165", "name": "5365 Skywave Pk", "title": "WH-165 5365 Skywave Pk"}}, {"type": "Feature", "geometry": {"type": "Point", "coordinates": [-121.9152, 48.9795]}, "properties": {"code": "W7W/WH-166", "name": "West Canyon Ridge", "title": "WH-166 West Canyon Ridge"}}, {"type": "Feature", "geometry": {"type": "Point", "coordinates": [-121.6237, 48.6503]}, "properties": {"code": "W7W/WH-167", "name": "Wobegon Peak", "title": "WH-167 Wobegon Peak"}}, {"type": "Feature", "geometry": {"type": "Point", "coordinates": [-121.924, 48.8307]}, "properties": {"code": "W7W/WH-168", "name": "North Lookout Mountain", "title": "WH-168 North Lookout Mountain"}}, {"type": "Feature", "geometry": {"type": "Point", "coordinates": [-121.9428, 48.8065]}, "properties": {"code": "W7W/WH-169", "name": "Grouse Butte", "title": "WH-169 Grouse Butte"}}, {"type": "Feature", "geometry": {"type": "Point", "coordinates": [-121.6046, 48.6842]}, "properties": {"code": "W7W/WH-170", "name": "5060 Space Station Pk", "title": "WH-170 5060 Space Station Pk"}}, {"type": "Feature", "geometry": {"type": "Point", "coordinates": [-122.0356, 48.8385]}, "properties": {"code": "W7W/WH-171", "name": "Toboggan Mountain", "title": "WH-171 Toboggan Mountain"}}, {"type": "Feature", "geometry": {"type": "Point", "coordinates": [-122.0192, 48.9854]}, "properties": {"code": "W7W/WH-172", "name": "Black Mountain", "title": "WH-172 Black Mountain"}}, {"type": "Feature", "geometry": {"type": "Point", "coordinates": [-121.9625, 48.8108]}, "properties": {"code": "W7W/WH-174", "name": "4926 Mt Toroid", "title": "WH-174 4926 Mt Toroid"}}, {"type": "Feature", "geometry": {"type": "Point", "coordinates": [-120.8071, 48.8299]}, "properties": {"code": "W7W/WH-205", "name": "6234 Eccentric Mountain", "title": "WH-205 6234 Eccentric Mountain"}}, {"type": "Feature", "geometry": {"type": "Point", "coordinates": [-121.9315, 48.8223]}, "properties": {"code": "W7W/WH-206", "name": "South Lookout Mountain", "title": "WH-206 South Lookout Mountain"}}]}