SummitCode,AssociationName,RegionName,SummitName,AltM,AltFt,GridRef1,GridRef2,Longitude,Latitude,Points,BonusPoints,ValidFrom,ValidTo,ActivationCount,ActivationDate,ActivationCall
W7W/CH-001,USA - Washington,WA-Chelan,Bonanza Peak,2899,9511,-120.8664,48.2382,-120.8664,48.2382,10,3,01/12/2010,31/12/2099,1,16/07/2022,KJ7RTO
W7W/CH-002,USA - Washington,WA-Chelan,Mount Stuart,2870,9415,-120.9022,47.4751,-120.9022,47.4751,10,3,01/12/2010,31/12/2099,4,25/06/2022,KI7QIV
W7W/CH-003,USA - Washington,WA-Chelan,Mount Fernow,2819,9249,-120.8075,48.1626,-120.8075,48.1626,10,3,01/12/2010,31/12/2099,1,03/09/2022,KJ7RTO
W7W/CH-004,USA - Washington,WA-Chelan,Goode Mountain,2810,9220,-120.9113,48.483,-120.9113,48.483,10,3,01/12/2010,31/12/2099,0,,
W7W/CH-005,USA - Washington,WA-Chelan,Mount Maude,2761,9060,-120.8037,48.1376,-120.8037,48.1376,10,3,01/12/2010,31/12/2099,2,03/08/2022,KJ7RTO
W7W/CH-006,USA - Washington,WA-Chelan,Copper Peak,2732,8964,-120.8035,48.1749,-120.8035,48.1749,10,3,01/12/2010,31/12/2099,0,,
W7W/CH-007,USA - Washington,WA-Chelan,Dragontail Peak,2701,8860,-120.833,47.479,-120.833,47.479,10,3,01/12/2010,31/12/2099,5,22/06/2022,KJ7RTO
W7W/CH-008,USA - Washington,WA-Chelan,Colchuck Peak,2653,8705,-120.8464,47.4783,-120.8464,47.4783,10,3,01/12/2010,31/12/2099,2,17/06/2022,WX7EMT
W7W/CH-009,USA - Washington,WA-Chelan,Star Peak,2649,8690,-120.4284,48.2507,-120.4284,48.2507,10,3,01/12/2010,31/12/2099,1,25/09/2021,KJ7RTO
W7W/CH-010,USA - Washington,WA-Chelan,Cannon Mountain,2633,8638,-120.8024,47.5026,-120.8024,47.5026,10,3,01/12/2010,31/12/2099,3,01/06/2024,KI7QIV
W7W/CH-011,USA - Washington,WA-Chelan,Sherpa Pk,2623,8606,-120.8886,47.4717,-120.8886,47.4717,10,3,01/12/2010,30/11/2016,0,,
W7W/CH-012,USA - Washington,WA-Chelan,Clark Mountain,2622,8602,-120.9686,48.05,-120.9686,48.05,10,3,01/12/2010,31/12/2099,0,,
W7W/CH-013,USA - Washington,WA-Chelan,Cardinal Peak,2618,8590,-120.6125,48.1031,-120.6125,48.1031,10,3,01/12/2010,31/12/2099,1,18/07/2019,KJ7DDK
W7W/CH-014,USA - Washington,WA-Chelan,Buck Mountain,2599,8528,-120.912,48.0936,-120.912,48.0936,10,3,01/12/2010,31/12/2099,0,,
W7W/CH-015,USA - Washington,WA-Chelan,Enchantment Peaks (HP),2603,8540,-120.8074,47.4862,-120.8074,47.4862,10,3,01/12/2010,31/12/2099,2,21/06/2022,KJ7LLS
W7W/CH-016,USA - Washington,WA-Chelan,Storm King,2603,8540,-120.9236,48.4916,-120.9236,48.4916,10,3,01/12/2010,31/12/2099,0,,
W7W/CH-017,USA - Washington,WA-Chelan,Reynolds Peak,2594,8512,-120.5632,48.3723,-120.5632,48.3723,10,3,01/12/2010,31/12/2099,0,,
W7W/CH-018,USA - Washington,WA-Chelan,Martin Peak,2594,8511,-120.8158,48.2417,-120.8158,48.2417,10,3,01/12/2010,31/12/2099,1,17/07/2022,KJ7RTO
W7W/CH-019,USA - Washington,WA-Chelan,Cashmere Mountain,2591,8501,-120.8473,47.5586,-120.8473,47.5586,10,3,01/12/2010,31/12/2099,2,08/04/2023,KI7QIV
W7W/CH-020,USA - Washington,WA-Chelan,Mount Bigelow,2579,8460,-120.3541,48.2182,-120.3541,48.2182,10,3,01/12/2010,31/12/2099,1,28/08/2022,KJ7RTO
W7W/CH-021,USA - Washington,WA-Chelan,Argonaut Peak,2576,8453,-120.8613,47.4702,-120.8613,47.4702,10,3,01/12/2010,31/12/2099,0,,
W7W/CH-022,USA - Washington,WA-Chelan,Emerald Peak,2567,8422,-120.629,48.1151,-120.629,48.1151,10,3,01/12/2010,31/12/2099,0,,
W7W/CH-023,USA - Washington,WA-Chelan,Dumbell Mountain,2567,8421,-120.8587,48.1801,-120.8587,48.1801,10,3,01/12/2010,31/12/2099,0,,
W7W/CH-024,USA - Washington,WA-Chelan,Luahna Peak,2566,8420,-120.9848,48.0607,-120.9848,48.0607,10,3,01/12/2010,31/12/2099,0,,
W7W/CH-025,USA - Washington,WA-Chelan,Pinnacle Mountain,2566,8420,-120.6702,48.1319,-120.6702,48.1319,10,3,01/12/2010,31/12/2099,0,,
W7W/CH-026,USA - Washington,WA-Chelan,Greenwood Mountain,2565,8415,-120.8508,48.1854,-120.8508,48.1854,10,3,01/12/2010,31/12/2099,0,,
W7W/CH-027,USA - Washington,WA-Chelan,Saska Peak,2562,8404,-120.6424,48.1122,-120.6424,48.1122,10,3,01/12/2010,31/12/2099,0,,
W7W/CH-028,USA - Washington,WA-Chelan,South Spectacle Butte,2558,8392,-120.7597,48.1265,-120.7597,48.1265,10,3,01/12/2010,31/12/2099,0,,
W7W/CH-029,USA - Washington,WA-Chelan,Courtney Peak,2558,8392,-120.4434,48.2607,-120.4434,48.2607,10,3,01/12/2010,31/12/2099,1,26/09/2021,KJ7RTO
W7W/CH-030,USA - Washington,WA-Chelan,Devore Peak,2554,8380,-120.7649,48.2765,-120.7649,48.2765,10,3,01/12/2010,31/12/2099,0,,
W7W/CH-031,USA - Washington,WA-Chelan,Martin Peak,2553,8375,-120.3509,48.1885,-120.3509,48.1885,10,3,01/12/2010,31/12/2099,1,27/08/2022,KJ7RTO
W7W/CH-032,USA - Washington,WA-Chelan,McClellan Peak,2549,8364,-120.7858,47.4702,-120.7858,47.4702,10,3,01/12/2010,31/12/2099,0,,
W7W/CH-033,USA - Washington,WA-Chelan,Tupshin Peak,2542,8340,-120.7507,48.297,-120.7507,48.297,10,3,01/12/2010,31/12/2099,0,,
W7W/CH-034,USA - Washington,WA-Chelan,Flora Mountain,2536,8320,-120.6956,48.2432,-120.6956,48.2432,10,3,01/12/2010,31/12/2099,0,,
W7W/CH-035,USA - Washington,WA-Chelan,Booker Mountain,2530,8300,-120.9766,48.475,-120.9766,48.475,10,3,01/12/2010,31/12/2099,0,,
W7W/CH-036,USA - Washington,WA-Chelan,Spider Mountain,2530,8300,-121.0376,48.4101,-121.0376,48.4101,10,3,01/12/2010,31/12/2099,0,,
W7W/CH-037,USA - Washington,WA-Chelan,The Temple,2527,8292,-120.7696,47.4904,-120.7696,47.4904,10,3,01/12/2010,31/12/2099,0,,
W7W/CH-038,USA - Washington,WA-Chelan,Wy East Mountain,2530,8300,-120.7686,48.2551,-120.7686,48.2551,10,3,01/12/2010,31/12/2099,0,,
W7W/CH-039,USA - Washington,WA-Chelan,Cheops,2521,8270,-120.3489,48.1967,-120.3489,48.1967,10,3,01/12/2010,31/12/2099,0,,
W7W/CH-040,USA - Washington,WA-Chelan,Pyramid Mountain,2512,8243,-120.5679,48.0796,-120.5679,48.0796,10,3,01/12/2010,31/12/2099,3,14/07/2019,KJ7DDK
W7W/CH-041,USA - Washington,WA-Chelan,West Riddle Peaks,2505,8220,-120.7385,48.2277,-120.7385,48.2277,10,3,01/12/2010,31/12/2099,0,,
W7W/CH-042,USA - Washington,WA-Chelan,Gunsight Peak,2499,8198,-120.9943,48.3067,-120.9943,48.3067,8,3,01/12/2010,31/12/2099,0,,
W7W/CH-043,USA - Washington,WA-Chelan,Castle Rock,2498,8197,-120.6928,48.2574,-120.6928,48.2574,8,3,01/12/2010,31/12/2099,0,,
W7W/CH-044,USA - Washington,WA-Chelan,Mount Gibbs,2482,8142,-120.6104,48.3941,-120.6104,48.3941,8,3,01/12/2010,31/12/2099,0,,
W7W/CH-045,USA - Washington,WA-Chelan,Buckskin Mountain,2476,8124,-120.7656,48.1651,-120.7656,48.1651,8,3,01/12/2010,31/12/2099,0,,
W7W/CH-046,USA - Washington,WA-Chelan,McGregor Mountain,2476,8122,-120.7982,48.4082,-120.7982,48.4082,8,3,01/12/2010,31/12/2099,0,,
W7W/CH-047,USA - Washington,WA-Chelan,Agnes Mountain,2473,8115,-120.9684,48.3176,-120.9684,48.3176,8,3,01/12/2010,31/12/2099,0,,
W7W/CH-048,USA - Washington,WA-Chelan,Finney Peak,2472,8110,-120.4649,48.2136,-120.4649,48.2136,8,3,01/12/2010,31/12/2099,0,,
W7W/CH-049,USA - Washington,WA-Chelan,Big Chiwaukum,2469,8100,-120.9349,47.7031,-120.9349,47.7031,8,3,01/12/2010,31/12/2099,0,,
W7W/CH-050,USA - Washington,WA-Chelan,North Spectacle Butte,2469,8100,-120.7675,48.1331,-120.7675,48.1331,8,3,01/12/2010,31/12/2099,0,,
W7W/CH-051,USA - Washington,WA-Chelan,Corteo Peak,2469,8100,-120.7885,48.5045,-120.7885,48.5045,8,3,01/12/2010,31/12/2099,0,,
W7W/CH-052,USA - Washington,WA-Chelan,North Star Mountain,2468,8096,-120.9006,48.2228,-120.9006,48.2228,8,3,01/12/2010,31/12/2099,0,,
W7W/CH-053,USA - Washington,WA-Chelan,Bearcat Ridge,2452,8045,-120.6172,48.1285,-120.6172,48.1285,8,3,01/12/2010,31/12/2099,0,,
W7W/CH-054,USA - Washington,WA-Chelan,Gopher Mountain,2450,8037,-120.6559,48.0971,-120.6559,48.0971,8,3,01/12/2010,31/12/2099,0,,
W7W/CH-055,USA - Washington,WA-Chelan,Beefhide Butte,2448,8030,-120.3913,48.2275,-120.3913,48.2275,8,3,01/12/2010,31/12/2099,0,,
W7W/CH-056,USA - Washington,WA-Chelan,Enigma Peak,2443,8015,-120.7239,48.2516,-120.7239,48.2516,8,3,01/12/2010,31/12/2099,0,,
W7W/CH-057,USA - Washington,WA-Chelan,Camels Hump,2443,8015,-120.5653,48.3592,-120.5653,48.3592,8,3,01/12/2010,31/12/2099,0,,
W7W/CH-058,USA - Washington,WA-Chelan,Eightmile Mountain,2437,7996,-120.8973,47.5321,-120.8973,47.5321,8,3,01/12/2010,31/12/2099,0,,
W7W/CH-059,USA - Washington,WA-Chelan,Chilly Peak,2432,7980,-120.7767,48.0981,-120.7767,48.0981,8,3,01/12/2010,31/12/2099,0,,
W7W/CH-060,USA - Washington,WA-Chelan,Mount Berge,2432,7980,-120.9462,48.1033,-120.9462,48.1033,8,3,01/12/2010,31/12/2099,0,,
W7W/CH-061,USA - Washington,WA-Chelan,Choral Peak,2432,7980,-120.6609,48.0849,-120.6609,48.0849,8,3,01/12/2010,31/12/2099,0,,
W7W/CH-062,USA - Washington,WA-Chelan,North Navarre Peak,2427,7963,-120.3262,48.1315,-120.3262,48.1315,8,3,01/12/2010,31/12/2099,1,10/08/2023,WW7D
W7W/CH-063,USA - Washington,WA-Chelan,7942 Mirror Mountain,2421,7942,-120.6634,48.1511,-120.6634,48.1511,8,3,01/12/2010,31/12/2099,0,,
W7W/CH-064,USA - Washington,WA-Chelan,Heather Ridge,2416,7928,-120.8519,48.3221,-120.8519,48.3221,8,3,01/12/2010,31/12/2099,0,,
W7W/CH-065,USA - Washington,WA-Chelan,McAlester Mountain,2416,7928,-120.6537,48.3982,-120.6537,48.3982,8,3,01/12/2010,31/12/2099,0,,
W7W/CH-066,USA - Washington,WA-Chelan,Needle Peak,2408,7900,-120.9027,48.2796,-120.9027,48.2796,8,3,01/12/2010,31/12/2099,0,,
W7W/CH-067,USA - Washington,WA-Chelan,Bowan Mountain,2406,7895,-120.7303,48.4082,-120.7303,48.4082,8,3,01/12/2010,31/12/2099,0,,
W7W/CH-068,USA - Washington,WA-Chelan,Mount Lyall,2405,7892,-120.857,48.2818,-120.857,48.2818,8,3,01/12/2010,31/12/2099,0,,
W7W/CH-069,USA - Washington,WA-Chelan,Old Maid Mountain,2402,7882,-120.3987,48.1793,-120.3987,48.1793,8,3,01/12/2010,31/12/2099,0,,
W7W/CH-070,USA - Washington,WA-Chelan,Black Tower,2402,7880,-120.7818,48.2448,-120.7818,48.2448,8,3,01/12/2010,31/12/2099,0,,
W7W/CH-071,USA - Washington,WA-Chelan,Bryan Butte,2394,7855,-120.2981,48.1296,-120.2981,48.1296,8,3,01/12/2010,31/12/2099,1,10/08/2023,WW7D
W7W/CH-072,USA - Washington,WA-Chelan,Copper Benchmark,2390,7840,-120.6283,48.4968,-120.6283,48.4968,8,3,01/12/2010,31/12/2099,0,,
W7W/CH-073,USA - Washington,WA-Chelan,Jack Ridge,2384,7820,-120.9217,47.5254,-120.9217,47.5254,8,3,01/12/2010,31/12/2099,0,,
W7W/CH-074,USA - Washington,WA-Chelan,Sable Ridge,2384,7820,-120.8068,48.2566,-120.8068,48.2566,8,3,01/12/2010,31/12/2099,0,,
W7W/CH-075,USA - Washington,WA-Chelan,Cornice Peak,2384,7820,-120.6571,48.5067,-120.6571,48.5067,8,3,01/12/2010,31/12/2099,0,,
W7W/CH-076,USA - Washington,WA-Chelan,Switchblade Peak,2379,7805,-120.6531,48.4854,-120.6531,48.4854,8,3,01/12/2010,31/12/2099,0,,
W7W/CH-077,USA - Washington,WA-Chelan,Whistler Mountain,2374,7790,-120.708,48.5156,-120.708,48.5156,8,3,01/12/2010,31/12/2099,1,15/06/2023,K7JRO
W7W/CH-078,USA - Washington,WA-Chelan,7782 West Level Peak,2372,7782,-120.6377,48.3822,-120.6377,48.3822,8,3,01/12/2010,31/12/2099,0,,
W7W/CH-079,USA - Washington,WA-Chelan,Frisco Mountain,2371,7780,-120.7566,48.4888,-120.7566,48.4888,8,3,01/12/2010,31/12/2099,0,,
W7W/CH-080,USA - Washington,WA-Chelan,Lyall Ridge,2371,7780,-120.8813,48.3057,-120.8813,48.3057,8,3,01/12/2010,31/12/2099,0,,
W7W/CH-081,USA - Washington,WA-Chelan,7780 Big Lou,2371,7780,-120.8474,47.6392,-120.8474,47.6392,8,3,01/12/2010,31/12/2099,0,,
W7W/CH-082,USA - Washington,WA-Chelan,Receiver Mtn,2371,7780,-120.4697,48.2256,-120.4697,48.2256,8,3,01/12/2010,30/11/2016,0,,
W7W/CH-083,USA - Washington,WA-Chelan,Ferry Peak,2370,7777,-120.4015,48.1338,-120.4015,48.1338,8,3,01/12/2010,31/12/2099,0,,
W7W/CH-084,USA - Washington,WA-Chelan,Big Jim Mountain,2366,7763,-120.8322,47.6623,-120.8322,47.6623,8,3,01/12/2010,31/12/2099,1,16/05/2024,KJ7RTO
W7W/CH-085,USA - Washington,WA-Chelan,Hock Mountain,2362,7750,-120.6669,48.4515,-120.6669,48.4515,8,3,01/12/2010,31/12/2099,0,,
W7W/CH-086,USA - Washington,WA-Chelan,Mount Benzarino,2359,7740,-120.8171,48.4897,-120.8171,48.4897,8,3,01/12/2010,31/12/2099,0,,
W7W/CH-087,USA - Washington,WA-Chelan,7738 Sideswiper Mtn,2359,7738,-120.6387,48.1502,-120.6387,48.1502,8,3,01/12/2010,31/12/2099,0,,
W7W/CH-088,USA - Washington,WA-Chelan,Three Musketeers Ridge,2347,7700,-120.7526,47.5017,-120.7526,47.5017,8,3,01/12/2010,31/12/2099,0,,
W7W/CH-089,USA - Washington,WA-Chelan,7730 Mt Microphone,2356,7730,-120.8066,48.2718,-120.8066,48.2718,8,3,01/12/2010,31/12/2099,0,,
W7W/CH-090,USA - Washington,WA-Chelan,Fifth of July Mountain,2346,7696,-120.7415,48.0483,-120.7415,48.0483,8,3,01/12/2010,31/12/2099,1,24/09/2018,KE7JWP
W7W/CH-091,USA - Washington,WA-Chelan,Rampart Mountain,2345,7693,-120.7295,48.0354,-120.7295,48.0354,8,3,01/12/2010,31/12/2099,0,,
W7W/CH-092,USA - Washington,WA-Chelan,Moore Mountain,2343,7686,-120.5565,48.2865,-120.5565,48.2865,8,3,01/12/2010,31/12/2099,0,,
W7W/CH-093,USA - Washington,WA-Chelan,Uno Peak,2335,7660,-120.387,48.1188,-120.387,48.1188,8,3,01/12/2010,31/12/2099,0,,
W7W/CH-094,USA - Washington,WA-Chelan,7628 Radioteletype Pk,2325,7628,-120.6513,48.4314,-120.6513,48.4314,8,3,01/12/2010,31/12/2099,0,,
W7W/CH-095,USA - Washington,WA-Chelan,Bandit Peak,2324,7625,-120.8719,47.9867,-120.8719,47.9867,8,3,01/12/2010,31/12/2099,0,,
W7W/CH-096,USA - Washington,WA-Chelan,Hinkhouse Peak,2310,7580,-120.6554,48.5373,-120.6554,48.5373,8,3,01/12/2010,31/12/2099,0,,
W7W/CH-097,USA - Washington,WA-Chelan,Garland Peak,2294,7525,-120.7111,48.0158,-120.7111,48.0158,8,3,01/12/2010,31/12/2099,0,,
W7W/CH-098,USA - Washington,WA-Chelan,Axis Peak,2301,7550,-120.8737,47.5082,-120.8737,47.5082,8,3,01/12/2010,31/12/2099,0,,
W7W/CH-099,USA - Washington,WA-Chelan,Grindstone Mountain,2296,7533,-120.9131,47.6366,-120.9131,47.6366,8,3,01/12/2010,31/12/2099,0,,
W7W/CH-100,USA - Washington,WA-Chelan,Trapper Mountain,2295,7530,-121.0181,48.4317,-121.0181,48.4317,8,3,01/12/2010,31/12/2099,0,,
W7W/CH-101,USA - Washington,WA-Chelan,7492 Graham Harbor Mountain,2284,7492,-120.5474,48.0728,-120.5474,48.0728,8,3,01/12/2010,31/12/2099,2,24/07/2016,KG7EJT
W7W/CH-102,USA - Washington,WA-Chelan,7484 Camels Butte,2281,7484,-120.5815,48.3403,-120.5815,48.3403,8,3,01/12/2010,31/12/2099,1,09/10/2017,KE7JWP
W7W/CH-103,USA - Washington,WA-Chelan,The Cradle,2276,7467,-121.0329,47.5608,-121.0329,47.5608,8,3,01/12/2010,31/12/2099,0,,
W7W/CH-104,USA - Washington,WA-Chelan,Three Wives,2271,7450,-120.7302,48.4362,-120.7302,48.4362,8,3,01/12/2010,31/12/2099,0,,
W7W/CH-105,USA - Washington,WA-Chelan,Splawn Mtn,2271,7450,-120.5617,48.3156,-120.5617,48.3156,8,3,01/12/2010,30/11/2016,0,,
W7W/CH-106,USA - Washington,WA-Chelan,Sisi Ridge,2269,7444,-120.8004,48.3386,-120.8004,48.3386,8,3,01/12/2010,31/12/2099,0,,
W7W/CH-107,USA - Washington,WA-Chelan,Indian Head Peak,2262,7420,-121.1017,48.0063,-121.1017,48.0063,8,3,01/12/2010,31/12/2099,0,,
W7W/CH-108,USA - Washington,WA-Chelan,7437 Phase Shift Mtn,2267,7437,-120.7014,48.1582,-120.7014,48.1582,8,3,01/12/2010,31/12/2099,0,,
W7W/CH-109,USA - Washington,WA-Chelan,McGregor Benchmark,2263,7424,-120.7599,48.4031,-120.7599,48.4031,8,3,01/12/2010,31/12/2099,0,,
W7W/CH-110,USA - Washington,WA-Chelan,South Goode Ridge,2262,7420,-120.8982,48.4629,-120.8982,48.4629,8,3,01/12/2010,31/12/2099,0,,
W7W/CH-111,USA - Washington,WA-Chelan,Mount David,2262,7420,-120.9895,47.963,-120.9895,47.963,8,3,01/12/2010,31/12/2099,0,,
W7W/CH-112,USA - Washington,WA-Chelan,Saddle Bow Mountain,2259,7410,-120.9576,48.2626,-120.9576,48.2626,8,3,01/12/2010,31/12/2099,0,,
W7W/CH-113,USA - Washington,WA-Chelan,Vie Mountain,2249,7380,-120.4265,48.1401,-120.4265,48.1401,8,3,01/12/2010,31/12/2099,0,,
W7W/CH-114,USA - Washington,WA-Chelan,7377 Rectifier Mtn,2249,7377,-120.9244,47.7286,-120.9244,47.7286,8,3,01/12/2010,30/11/2016,0,,
W7W/CH-115,USA - Washington,WA-Chelan,Crow Hill,2245,7366,-120.5237,48.0296,-120.5237,48.0296,8,3,01/12/2010,31/12/2099,2,23/07/2016,KG7EJT
W7W/CH-116,USA - Washington,WA-Chelan,7363 Good Copy Mtn,2244,7363,-120.6754,48.075,-120.6754,48.075,8,3,01/12/2010,31/12/2099,0,,
W7W/CH-117,USA - Washington,WA-Chelan,Boulder Butte,2240,7350,-120.5992,48.3229,-120.5992,48.3229,8,3,01/12/2010,31/12/2099,0,,
W7W/CH-118,USA - Washington,WA-Chelan,Tinpan Mountain,2262,7422,-120.7344,48.1685,-120.7344,48.1685,8,3,01/12/2010,31/12/2099,0,,
W7W/CH-119,USA - Washington,WA-Chelan,Cape Horn,2230,7316,-120.9178,47.6571,-120.9178,47.6571,8,3,01/12/2010,31/12/2099,2,05/07/2019,KG7EJT
W7W/CH-120,USA - Washington,WA-Chelan,West Three Brothers,2226,7303,-120.7757,47.4233,-120.7757,47.4233,8,3,01/12/2010,31/12/2099,7,07/09/2023,K7JRO
W7W/CH-121,USA - Washington,WA-Chelan,Edward Peak,2225,7300,-120.7607,47.5174,-120.7607,47.5174,8,3,01/12/2010,31/12/2099,0,,
W7W/CH-122,USA - Washington,WA-Chelan,Mount Saul,2225,7300,-121.0231,48.0018,-121.0231,48.0018,8,3,01/12/2010,31/12/2099,0,,
W7W/CH-123,USA - Washington,WA-Chelan,Graham Mountain,2224,7297,-120.5311,48.0573,-120.5311,48.0573,8,3,01/12/2010,31/12/2099,3,14/07/2019,KJ7DDK
W7W/CH-124,USA - Washington,WA-Chelan,Whittier Peak,2219,7281,-121.0315,47.9471,-121.0315,47.9471,8,3,01/12/2010,31/12/2099,0,,
W7W/CH-125,USA - Washington,WA-Chelan,7277 Static Mtn,2218,7277,-120.7487,48.0781,-120.7487,48.0781,8,3,01/12/2010,30/11/2016,0,,
W7W/CH-126,USA - Washington,WA-Chelan,Rainbow Ridge,2206,7237,-120.7046,48.4089,-120.7046,48.4089,8,3,01/12/2010,31/12/2099,0,,
W7W/CH-127,USA - Washington,WA-Chelan,7235 Sopa Peak,2205,7235,-120.9302,47.9919,-120.9302,47.9919,8,3,01/12/2010,31/12/2099,0,,
W7W/CH-128,USA - Washington,WA-Chelan,Glory Mountain,2203,7228,-120.9801,48.4321,-120.9801,48.4321,8,3,01/12/2010,31/12/2099,0,,
W7W/CH-129,USA - Washington,WA-Chelan,Rimrock Ridge East,2202,7224,-120.9766,48.3748,-120.9766,48.3748,8,3,01/12/2010,30/11/2016,0,,
W7W/CH-130,USA - Washington,WA-Chelan,7220 Circuit Mtn,2201,7220,-120.8326,48.3031,-120.8326,48.3031,8,3,01/12/2010,31/12/2099,0,,
W7W/CH-131,USA - Washington,WA-Chelan,Seven Sisters (HP),2195,7203,-120.9342,48.3774,-120.9342,48.3774,8,3,01/12/2010,31/12/2099,0,,
W7W/CH-132,USA - Washington,WA-Chelan,Stormy Mountain,2194,7198,-120.3522,47.8979,-120.3522,47.8979,8,3,01/12/2010,31/12/2099,8,17/08/2024,K7NCM
W7W/CH-133,USA - Washington,WA-Chelan,Rimrock Ridge West,2188,7180,-121.0006,48.3722,-121.0006,48.3722,8,3,01/12/2010,31/12/2099,0,,
W7W/CH-134,USA - Washington,WA-Chelan,Harding Mountain,2186,7173,-120.9859,47.5276,-120.9859,47.5276,8,3,01/12/2010,31/12/2099,0,,
W7W/CH-135,USA - Washington,WA-Chelan,Twisp Mountain,2183,7161,-120.6509,48.4612,-120.6509,48.4612,8,3,01/12/2010,31/12/2099,0,,
W7W/CH-136,USA - Washington,WA-Chelan,Lucerne Mountain,2179,7150,-120.6903,48.2103,-120.6903,48.2103,8,3,01/12/2010,31/12/2099,0,,
W7W/CH-137,USA - Washington,WA-Chelan,Pelton Peak,2176,7140,-121.0326,48.4487,-121.0326,48.4487,8,3,01/12/2010,31/12/2099,0,,
W7W/CH-138,USA - Washington,WA-Chelan,7140 Halleluja Peak,2176,7140,-120.987,48.4337,-120.987,48.4337,8,3,01/12/2010,31/12/2099,0,,
W7W/CH-139,USA - Washington,WA-Chelan,7140 Circuitboard Mtn,2176,7140,-120.818,48.3143,-120.818,48.3143,8,3,01/12/2010,30/11/2016,0,,
W7W/CH-140,USA - Washington,WA-Chelan,Fourmile Ridge,2173,7128,-120.4491,47.9452,-120.4491,47.9452,8,3,01/12/2010,31/12/2099,0,,
W7W/CH-141,USA - Washington,WA-Chelan,Big Goat Mountain,2170,7120,-120.4144,48.1033,-120.4144,48.1033,8,3,01/12/2010,31/12/2099,0,,
W7W/CH-142,USA - Washington,WA-Chelan,Carne Mountain,2164,7100,-120.803,48.0885,-120.803,48.0885,8,3,01/12/2010,31/12/2099,10,12/10/2024,KK7UKE
W7W/CH-143,USA - Washington,WA-Chelan,7100 Capacitor Mtn,2164,7100,-121.0132,48.4118,-121.0132,48.4118,8,3,01/12/2010,31/12/2099,0,,
W7W/CH-144,USA - Washington,WA-Chelan,7100 Resistor Mtn,2164,7100,-120.969,48.3827,-120.969,48.3827,8,3,01/12/2010,31/12/2099,0,,
W7W/CH-145,USA - Washington,WA-Chelan,Old Gib Mountain,2155,7071,-120.7942,48.0579,-120.7942,48.0579,8,3,01/12/2010,31/12/2099,0,,
W7W/CH-146,USA - Washington,WA-Chelan,Mount Howard,2153,7063,-120.9545,47.8145,-120.9545,47.8145,8,3,01/12/2010,31/12/2099,1,31/08/2023,KJ7RTO
W7W/CH-147,USA - Washington,WA-Chelan,Icicle Ridge,2142,7029,-120.7671,47.591,-120.7671,47.591,8,3,01/12/2010,31/12/2099,7,22/05/2021,KG7EJT
W7W/CH-148,USA - Washington,WA-Chelan,Highchair Mountain,2138,7016,-120.993,47.5678,-120.993,47.5678,8,3,01/12/2010,31/12/2099,0,,
W7W/CH-149,USA - Washington,WA-Chelan,Tyee Ridge,2133,6998,-120.5239,47.8853,-120.5239,47.8853,8,3,01/12/2010,31/12/2099,12,17/07/2023,WW7D
W7W/CH-150,USA - Washington,WA-Chelan,6980 Integrated Circuit Mtn,2128,6980,-120.8059,48.4359,-120.8059,48.4359,8,3,01/12/2010,31/12/2099,0,,
W7W/CH-151,USA - Washington,WA-Chelan,The Trap,2128,6980,-121.0082,48.4308,-121.0082,48.4308,8,3,01/12/2010,31/12/2099,0,,
W7W/CH-152,USA - Washington,WA-Chelan,Tolo Mountain,2113,6931,-120.8962,48.3953,-120.8962,48.3953,8,3,01/12/2010,31/12/2099,0,,
W7W/CH-153,USA - Washington,WA-Chelan,Crook Mountain,2112,6930,-120.8395,47.9399,-120.8395,47.9399,8,3,01/12/2010,31/12/2099,0,,
W7W/CH-154,USA - Washington,WA-Chelan,6913 Mount Sylvester,2107,6913,-120.8516,47.9551,-120.8516,47.9551,8,3,01/12/2010,31/12/2099,0,,
W7W/CH-155,USA - Washington,WA-Chelan,6907 Tyee Ridge Middle Peak,2105,6907,-120.5079,47.8842,-120.5079,47.8842,8,3,01/12/2010,31/12/2099,14,25/10/2024,KG7EJT
W7W/CH-156,USA - Washington,WA-Chelan,Rock Mountain,2091,6860,-120.9744,47.7998,-120.9744,47.7998,8,3,01/12/2010,31/12/2099,12,31/08/2023,KJ7RTO
W7W/CH-157,USA - Washington,WA-Chelan,Klone Peak,2079,6820,-120.6209,47.9618,-120.6209,47.9618,8,3,01/12/2010,31/12/2099,1,13/09/2017,NU7A
W7W/CH-158,USA - Washington,WA-Chelan,Bulls Tooth,2091,6860,-121.0034,47.6829,-121.0034,47.6829,8,3,01/12/2010,31/12/2099,0,,
W7W/CH-159,USA - Washington,WA-Chelan,Bootjack Mountain,2069,6789,-120.9635,47.5788,-120.9635,47.5788,8,3,01/12/2010,31/12/2099,6,01/09/2023,K7JRO
W7W/CH-160,USA - Washington,WA-Chelan,Kelly Mountain,2067,6780,-120.6099,47.9532,-120.6099,47.9532,8,3,01/12/2010,31/12/2099,0,,
W7W/CH-161,USA - Washington,WA-Chelan,French Ridge,2063,6767,-121.0756,47.6022,-121.0756,47.6022,8,3,01/12/2010,31/12/2099,0,,
W7W/CH-162,USA - Washington,WA-Chelan,Jim Hill Mountain,2062,6765,-121.0096,47.7379,-121.0096,47.7379,8,3,01/12/2010,31/12/2099,0,,
W7W/CH-163,USA - Washington,WA-Chelan,Dad-DY Peak,2062,6764,-120.8473,47.9751,-120.8473,47.9751,8,3,01/12/2010,31/12/2099,0,,
W7W/CH-164,USA - Washington,WA-Chelan,Painters Thumb,2056,6744,-120.8509,47.6752,-120.8509,47.6752,8,3,01/12/2010,31/12/2099,0,,
W7W/CH-165,USA - Washington,WA-Chelan,6716 Shetipo Point,2047,6716,-120.6816,47.9969,-120.6816,47.9969,8,3,01/12/2010,31/12/2099,0,,
W7W/CH-166,USA - Washington,WA-Chelan,Thor Peak,2074,6804,-121.1076,47.6583,-121.1076,47.6583,8,3,01/12/2010,31/12/2099,0,,
W7W/CH-167,USA - Washington,WA-Chelan,Cougar Mountain,2042,6701,-120.5809,47.8913,-120.5809,47.8913,8,3,01/12/2010,31/12/2099,2,11/09/2021,WU7H
W7W/CH-168,USA - Washington,WA-Chelan,Tyee Mountain,2028,6654,-120.4713,47.8641,-120.4713,47.8641,8,3,01/12/2010,31/12/2099,14,25/10/2024,KG7EJT
W7W/CH-169,USA - Washington,WA-Chelan,Bolt Peak,2016,6613,-121.0426,48.0439,-121.0426,48.0439,8,3,01/12/2010,31/12/2099,0,,
W7W/CH-170,USA - Washington,WA-Chelan,Chikamin Ridge,2012,6602,-120.6796,47.9717,-120.6796,47.9717,8,3,01/12/2010,31/12/2099,2,18/07/2024,WW7D
W7W/CH-171,USA - Washington,WA-Chelan,Longfellow Mountain,2005,6577,-121.0598,47.9387,-121.0598,47.9387,8,3,01/12/2010,31/12/2099,0,,
W7W/CH-172,USA - Washington,WA-Chelan,Frosty Mountain,1981,6500,-120.9703,47.674,-120.9703,47.674,6,3,01/12/2010,31/12/2099,0,,
W7W/CH-173,USA - Washington,WA-Chelan,6435 Resistance Mtn,1961,6435,-120.9956,48.0056,-120.9956,48.0056,6,3,01/12/2010,31/12/2099,0,,
W7W/CH-174,USA - Washington,WA-Chelan,Bryant Peak,1951,6401,-121.0726,47.9593,-121.0726,47.9593,6,3,01/12/2010,31/12/2099,0,,
W7W/CH-175,USA - Washington,WA-Chelan,6389 Mad Lake Point,1947,6389,-120.6591,47.9302,-120.6591,47.9302,6,3,01/12/2010,31/12/2099,2,11/09/2021,WU7H
W7W/CH-176,USA - Washington,WA-Chelan,Labyrinth Mountain,1943,6376,-121.0431,47.8529,-121.0431,47.8529,6,3,01/12/2010,31/12/2099,15,19/09/2024,WW7D
W7W/CH-177,USA - Washington,WA-Chelan,6359 Single Lever Mtn,1938,6359,-120.9664,47.8982,-120.9664,47.8982,6,3,01/12/2010,31/12/2099,0,,
W7W/CH-178,USA - Washington,WA-Chelan,Swallow Tail,1925,6317,-121.1003,47.6362,-121.1003,47.6362,6,3,01/12/2010,31/12/2099,0,,
W7W/CH-179,USA - Washington,WA-Chelan,Lemool Mountain,1915,6284,-121.0285,47.6948,-121.0285,47.6948,6,3,01/12/2010,31/12/2099,1,16/08/2018,WU7H
W7W/CH-180,USA - Washington,WA-Chelan,Dirtyface Peak,1908,6260,-120.8251,47.8712,-120.8251,47.8712,6,3,01/12/2010,31/12/2099,0,,
W7W/CH-181,USA - Washington,WA-Chelan,Alpine Lookout,1900,6235,-120.8644,47.812,-120.8644,47.812,6,3,01/12/2010,31/12/2099,9,30/07/2023,K7JRO
W7W/CH-182,USA - Washington,WA-Chelan,Dirtyface Benchmark,1897,6223,-120.8154,47.8677,-120.8154,47.8677,6,3,01/12/2010,31/12/2099,0,,
W7W/CH-183,USA - Washington,WA-Chelan,Fox Peak,1894,6213,-120.2331,48.0884,-120.2331,48.0884,6,3,01/12/2010,31/12/2099,9,01/01/2025,WU7H
W7W/CH-184,USA - Washington,WA-Chelan,6100Poison Peak,1859,6100,-120.1831,48.0739,-120.1831,48.0739,6,3,01/12/2010,31/12/2099,10,01/01/2025,WU7H
W7W/CH-185,USA - Washington,WA-Chelan,Arrowhead Mountain,1838,6030,-120.9658,47.7577,-120.9658,47.7577,6,3,01/12/2010,31/12/2099,1,23/01/2022,WX7EMT
W7W/CH-186,USA - Washington,WA-Chelan,Rainbow Mountain,1847,6060,-120.7131,48.3773,-120.7131,48.3773,6,3,01/12/2010,31/12/2099,0,,
W7W/CH-187,USA - Washington,WA-Chelan,Basalt Peak,1830,6004,-120.7482,47.9762,-120.7482,47.9762,6,3,01/12/2010,31/12/2099,1,22/09/2023,K7HO
W7W/CH-188,USA - Washington,WA-Chelan,Estes Butte,1816,5957,-120.7952,48.0213,-120.7952,48.0213,6,3,01/12/2010,31/12/2099,0,,
W7W/CH-189,USA - Washington,WA-Chelan,5937 Irving Peak-North Peak,1810,5937,-121.015,47.9054,-121.015,47.9054,6,3,01/12/2010,31/12/2099,0,,
W7W/CH-190,USA - Washington,WA-Chelan,5925 Daedalus,1806,5925,-121.061,47.8428,-121.061,47.8428,6,3,01/12/2010,31/12/2099,0,,
W7W/CH-191,USA - Washington,WA-Chelan,5882 Wenatchee Ridge-South Peak,1793,5882,-120.9914,47.8916,-120.9914,47.8916,6,3,01/12/2010,31/12/2099,0,,
W7W/CH-192,USA - Washington,WA-Chelan,Big Chief Mountain,1786,5858,-121.0669,47.7463,-121.0669,47.7463,6,3,01/12/2010,31/12/2099,17,21/09/2024,AC7PB
W7W/CH-193,USA - Washington,WA-Chelan,Lichtenberg Mountain,1781,5844,-121.0912,47.7881,-121.0912,47.7881,6,3,01/12/2010,31/12/2099,3,19/07/2022,AC7MA
W7W/CH-194,USA - Washington,WA-Chelan,Cady Ridge,1773,5816,-121.1319,47.9557,-121.1319,47.9557,6,3,01/12/2010,31/12/2099,0,,
W7W/CH-195,USA - Washington,WA-Chelan,Sugarloaf Peak,1772,5814,-120.5279,47.7574,-120.5279,47.7574,6,3,01/12/2010,31/12/2099,58,03/09/2024,W7MDN
W7W/CH-196,USA - Washington,WA-Chelan,Chumstick Mountain,1771,5810,-120.4511,47.6505,-120.4511,47.6505,6,3,01/12/2010,31/12/2099,52,04/09/2024,KA7GPP
W7W/CH-197,USA - Washington,WA-Chelan,5774 Entiat Ridge Peak,1760,5774,-120.4086,47.6181,-120.4086,47.6181,6,3,01/12/2010,31/12/2099,40,04/09/2024,KA7GPP
W7W/CH-198,USA - Washington,WA-Chelan,5770 Contest Mtn,1759,5770,-121.1462,47.8566,-121.1462,47.8566,6,3,01/12/2010,31/12/2099,1,13/08/2018,WU7H
W7W/CH-199,USA - Washington,WA-Chelan,5754 Aegeus,1754,5754,-121.0091,47.8356,-121.0091,47.8356,6,3,01/12/2010,31/12/2099,2,19/09/2024,WW7D
W7W/CH-200,USA - Washington,WA-Chelan,5715 High Power Mtn,1742,5715,-120.9352,47.8866,-120.9352,47.8866,6,3,01/12/2010,31/12/2099,0,,
W7W/CH-201,USA - Washington,WA-Chelan,5687 Low Power Mtn,1733,5687,-120.8,47.9376,-120.8,47.9376,6,3,01/12/2010,31/12/2099,0,,
W7W/CH-202,USA - Washington,WA-Chelan,Slide Peak,1706,5598,-120.2656,47.914,-120.2656,47.914,6,3,01/12/2010,31/12/2099,3,09/08/2023,WW7D
W7W/CH-203,USA - Washington,WA-Chelan,Fall Mountain,1705,5594,-121.1301,47.8859,-121.1301,47.8859,6,3,01/12/2010,31/12/2099,1,12/08/2018,WU7H
W7W/CH-204,USA - Washington,WA-Chelan,Nason Ridge,1700,5576,-121.0461,47.7984,-121.0461,47.7984,6,3,01/12/2010,31/12/2099,29,27/08/2024,AI7OV
W7W/CH-205,USA - Washington,WA-Chelan,Estes Butte Lookout,1645,5397,-120.7929,47.9951,-120.7929,47.9951,6,3,01/12/2010,31/12/2099,6,11/10/2022,N0FN
W7W/CH-206,USA - Washington,WA-Chelan,5221 Twin Lead Mtn,1591,5221,-120.4879,47.6861,-120.4879,47.6861,6,3,01/12/2010,31/12/2099,44,03/09/2024,W7MDN
W7W/CH-207,USA - Washington,WA-Chelan,Mission Ridge,1513,4963,-120.4607,47.3278,-120.4607,47.3278,6,3,01/12/2010,31/12/2099,12,06/06/2024,nu7a
W7W/CH-208,USA - Washington,WA-Chelan,Burch Mountain,1509,4951,-120.3937,47.5821,-120.3937,47.5821,6,3,01/12/2010,31/12/2099,30,04/09/2024,W7MDN
W7W/CH-209,USA - Washington,WA-Chelan,Roughhouse Mountain,1457,4780,-120.6744,47.3559,-120.6744,47.3559,4,0,01/12/2010,31/12/2099,35,24/07/2024,KA7GPP
W7W/CH-210,USA - Washington,WA-Chelan,Tiptop,1457,4780,-120.6086,47.4403,-120.6086,47.4403,4,0,01/12/2010,31/12/2099,1,27/04/2019,WX7EMT
W7W/CH-211,USA - Washington,WA-Chelan,Blag Mountain,1429,4687,-120.5097,47.6019,-120.5097,47.6019,4,0,01/12/2010,31/12/2099,13,18/05/2024,KG7EJT
W7W/CH-212,USA - Washington,WA-Chelan,Horse Lake Mountain,1420,4660,-120.4438,47.4195,-120.4438,47.4195,4,0,01/12/2010,31/12/2099,11,28/06/2024,nu7a
W7W/CH-213,USA - Washington,WA-Chelan,4523 Pant-Leg Peak,1379,4523,-120.3047,48.0467,-120.3047,48.0467,4,0,01/12/2010,31/12/2099,1,19/10/2024,WA7BEN
W7W/CH-214,USA - Washington,WA-Chelan,Tumwater Mountain,1372,4500,-120.7013,47.6164,-120.7013,47.6164,4,0,01/12/2010,31/12/2099,15,28/08/2024,nu7a
W7W/CH-215,USA - Washington,WA-Chelan,Round Mountain,1335,4379,-120.5724,48.229,-120.5724,48.229,4,0,01/12/2010,31/12/2099,0,,
W7W/CH-216,USA - Washington,WA-Chelan,Humility Hill,1328,4358,-120.5217,47.6229,-120.5217,47.6229,4,0,01/12/2010,31/12/2099,2,19/05/2017,K7MAS
W7W/CH-217,USA - Washington,WA-Chelan,4218 Sideband Mtn,1286,4218,-120.7935,47.7254,-120.7935,47.7254,4,0,01/12/2010,31/12/2099,0,,
W7W/CH-218,USA - Washington,WA-Chelan,Natapoc Mountain,1286,4220,-120.7095,47.7442,-120.7095,47.7442,4,0,01/12/2010,31/12/2099,1,19/07/2020,K7HO
W7W/CH-219,USA - Washington,WA-Chelan,4133 Windy Hill,1260,4133,-120.4424,47.8072,-120.4424,47.8072,4,0,01/12/2010,31/12/2099,7,18/07/2023,WW7D
W7W/CH-220,USA - Washington,WA-Chelan,Domke Mountain,1240,4067,-120.5636,48.1761,-120.5636,48.1761,4,0,01/12/2010,31/12/2099,0,,
W7W/CH-221,USA - Washington,WA-Chelan,Tibbetts Mountain,1254,4115,-120.4887,47.5729,-120.4887,47.5729,4,0,01/12/2010,31/12/2099,30,21/06/2024,N7NWT
W7W/CH-222,USA - Washington,WA-Chelan,3855 Spectrum Mtn,1175,3855,-120.5609,47.6728,-120.5609,47.6728,4,0,01/12/2010,31/12/2099,14,05/09/2024,KA7GPP
W7W/CH-223,USA - Washington,WA-Chelan,Chelan Butte,1169,3835,-120.034,47.807,-120.034,47.807,4,0,01/12/2010,31/12/2099,26,23/07/2024,KA7GPP
W7W/CH-224,USA - Washington,WA-Chelan,3755 Frequency Mtn,1145,3755,-120.2691,47.7644,-120.2691,47.7644,4,0,01/12/2010,31/12/2099,0,,
W7W/CH-225,USA - Washington,WA-Chelan,Bear Mountain,1103,3620,-120.1662,47.8323,-120.1662,47.8323,4,0,01/12/2010,31/12/2099,1,07/11/2021,K7NCM
W7W/CH-226,USA - Washington,WA-Chelan,Sheep Rock,1067,3500,-120.4806,47.4029,-120.4806,47.4029,4,0,01/12/2010,31/12/2099,0,,
W7W/CH-227,USA - Washington,WA-Chelan,Fourth of July Mountain,1078,3537,-120.1634,47.9622,-120.1634,47.9622,4,0,01/12/2010,31/12/2099,8,04/07/2024,K7NCM
W7W/CH-228,USA - Washington,WA-Chelan,3500 Camas Mountain,1067,3500,-120.5956,47.4892,-120.5956,47.4892,4,0,01/12/2010,31/12/2099,16,09/05/2024,nu7a
W7W/CH-229,USA - Washington,WA-Chelan,3380 Full Wave Mtn,1030,3380,-120.7474,47.6805,-120.7474,47.6805,4,0,01/12/2010,31/12/2099,2,28/04/2019,KG7EJT
W7W/CH-230,USA - Washington,WA-Chelan,3380 Half Wave Mtn,1030,3380,-120.1317,47.938,-120.1317,47.938,4,0,01/12/2010,31/12/2099,1,08/12/2021,K7NCM
W7W/CH-231,USA - Washington,WA-Chelan,Dick Mesa,1011,3318,-120.2703,47.691,-120.2703,47.691,4,0,01/12/2010,31/12/2099,4,19/04/2020,KD7JB
W7W/CH-232,USA - Washington,WA-Chelan,3276 Keyboard Hill,999,3276,-120.517,47.4511,-120.517,47.4511,2,0,01/12/2010,31/12/2099,0,,
W7W/CH-233,USA - Washington,WA-Chelan,3271 Natapoc Mountain,997,3271,-120.7271,47.709,-120.7271,47.709,2,0,01/12/2010,31/12/2099,0,,
W7W/CH-234,USA - Washington,WA-Chelan,3100 Plain Ridge,945,3100,-120.6338,47.7598,-120.6338,47.7598,2,0,01/12/2010,31/12/2099,2,14/05/2021,KA7GPP
W7W/CH-235,USA - Washington,WA-Chelan,2860 Beaver Hill,872,2860,-120.6487,47.7462,-120.6487,47.7462,2,0,01/12/2010,31/12/2099,8,30/11/2024,K1ZMA
W7W/CH-236,USA - Washington,WA-Chelan,2854 Activator Hill,870,2854,-120.6345,47.8313,-120.6345,47.8313,2,0,01/12/2010,30/11/2016,0,,
W7W/CH-237,USA - Washington,WA-Chelan,Loop Hill,835,2740,-120.6867,47.829,-120.6867,47.829,2,0,01/12/2010,31/12/2099,9,29/11/2024,K1ZMA
W7W/CH-238,USA - Washington,WA-Chelan,Bee Sting Hill,812,2665,-120.6443,47.7771,-120.6443,47.7771,2,0,01/12/2010,31/12/2099,4,28/04/2024,KA7GPP
W7W/CH-239,USA - Washington,WA-Chelan,2562 Didahdit Hill,781,2562,-119.9514,47.8957,-119.9514,47.8957,2,0,01/12/2010,31/12/2099,0,,
W7W/CH-240,USA - Washington,WA-Chelan,2220 Ice Cave Mountain,677,2220,-119.9301,47.9107,-119.9301,47.9107,2,0,01/12/2010,31/12/2099,1,29/11/2021,K7NCM
W7W/CH-241,USA - Washington,WA-Chelan,Eleven Bits Hill,624,2048,-120.5283,47.5253,-120.5283,47.5253,2,0,01/12/2010,31/12/2099,5,27/04/2024,WW7D
W7W/CH-242,USA - Washington,WA-Chelan,1820 Bug Hill,555,1820,-119.9407,47.8739,-119.9407,47.8739,2,0,01/12/2010,31/12/2099,0,,
W7W/CH-243,USA - Washington,WA-Chelan,Ice Box,2473,8112,-120.7952,48.112,-120.7952,48.112,8,3,01/12/2016,31/12/2099,0,,
W7W/CH-244,USA - Washington,WA-Chelan,Genius Peak,2450,8039,-120.8501,48.1671,-120.8501,48.1671,8,3,01/12/2016,31/12/2099,0,,
W7W/CH-245,USA - Washington,WA-Chelan,7340,2237,7340,-120.7487,48.0781,-120.7487,48.0781,8,3,01/12/2016,31/12/2099,0,,
W7W/CH-246,USA - Washington,WA-Chelan,Rainy Benchmark,2368,7768,-120.7464,48.4852,-120.7464,48.4852,8,3,01/12/2016,31/12/2099,0,,
W7W/CH-247,USA - Washington,WA-Chelan,Rimrock Ridge,2213,7260,-120.9783,48.3755,-120.9783,48.3755,8,3,01/12/2016,31/12/2099,0,,
W7W/CH-248,USA - Washington,WA-Chelan,Big Sister,2188,7180,-120.9245,48.3927,-120.9245,48.3927,8,3,01/12/2016,31/12/2099,0,,
W7W/CH-249,USA - Washington,WA-Chelan,6748French Ridge-West Peak,2057,6748,-121.0896,47.5975,-121.0896,47.5975,8,3,01/12/2016,31/12/2099,0,,
W7W/CH-250,USA - Washington,WA-Chelan,Cooper Mountain,1788,5867,-120.0839,48.0113,-120.0839,48.0113,6,3,01/12/2016,31/12/2099,16,01/01/2025,WU7H
W7W/CH-251,USA - Washington,WA-Chelan,3273,998,3273,-120.4666,47.5601,-120.4666,47.5601,2,0,01/12/2016,31/12/2099,1,16/11/2021,K7NCM
W7W/CH-252,USA - Washington,WA-Chelan,2779,847,2779,-120.6254,47.8171,-120.6254,47.8171,2,0,01/12/2016,31/12/2099,1,21/06/2020,K7HO
W7W/CW-001,USA - Washington,WA-Central Washington,Mount Daniel,2432,7980,-121.1782,47.5657,-121.1782,47.5657,8,3,01/12/2010,31/12/2099,2,15/08/2023,KJ7RTO
W7W/CW-002,USA - Washington,WA-Central Washington,Chimney Rock,2355,7727,-121.2899,47.507,-121.2899,47.507,8,3,01/12/2010,31/12/2099,0,,
W7W/CW-003,USA - Washington,WA-Central Washington,Ingalls Peak,2335,7662,-120.9463,47.4725,-120.9463,47.4725,8,3,01/12/2010,31/12/2099,2,09/10/2024,KK7RTO
W7W/CW-004,USA - Washington,WA-Central Washington,Mount Hinman,2286,7500,-121.2122,47.5682,-121.2122,47.5682,8,3,01/12/2010,31/12/2099,1,04/07/2021,KI7QIV
W7W/CW-005,USA - Washington,WA-Central Washington,Lemah Mountain,2286,7500,-121.3008,47.4939,-121.3008,47.4939,8,3,01/12/2010,31/12/2099,2,13/07/2024,KJ7RTO
W7W/CW-006,USA - Washington,WA-Central Washington,Summit Chief Mountain,2275,7464,-121.2685,47.5236,-121.2685,47.5236,8,3,01/12/2010,31/12/2099,2,14/07/2024,KJ7RTO
W7W/CW-007,USA - Washington,WA-Central Washington,Lynch Peak,2225,7300,-121.1719,47.5838,-121.1719,47.5838,8,3,01/12/2010,31/12/2099,0,,
W7W/CW-008,USA - Washington,WA-Central Washington,Navaho Peak,2202,7223,-120.8035,47.4229,-120.8035,47.4229,8,3,01/12/2010,31/12/2099,20,05/07/2024,K2VFZ
W7W/CW-009,USA - Washington,WA-Central Washington,Bears Breast Mountain,2194,7197,-121.2255,47.54,-121.2255,47.54,8,3,01/12/2010,31/12/2099,0,,
W7W/CW-010,USA - Washington,WA-Central Washington,Hawkins Mountain,2188,7180,-121.0009,47.4502,-121.0009,47.4502,8,3,01/12/2010,31/12/2099,5,01/07/2023,WU7H
W7W/CW-011,USA - Washington,WA-Central Washington,Granite Mountain,2177,7144,-121.0907,47.5809,-121.0907,47.5809,8,3,01/12/2010,31/12/2099,0,,
W7W/CW-012,USA - Washington,WA-Central Washington,Solomon Mountain,2163,7095,-120.9964,47.5183,-120.9964,47.5183,8,3,01/12/2010,31/12/2099,2,12/08/2018,WX7EMT
W7W/CW-013,USA - Washington,WA-Central Washington,Earl Peak,2145,7036,-120.8429,47.4099,-120.8429,47.4099,8,3,01/12/2010,31/12/2099,21,12/06/2024,WW7D
W7W/CW-014,USA - Washington,WA-Central Washington,Scatter Peaks,2143,7031,-120.9945,47.5043,-120.9945,47.5043,8,3,01/12/2010,31/12/2099,0,,
W7W/CW-015,USA - Washington,WA-Central Washington,Chikamin Peak,2140,7020,-121.3109,47.4755,-121.3109,47.4755,8,3,01/12/2010,31/12/2099,3,12/07/2024,KJ7RTO
W7W/CW-016,USA - Washington,WA-Central Washington,Bills Peak,2108,6917,-120.8919,47.4278,-120.8919,47.4278,8,3,01/12/2010,31/12/2099,4,14/08/2024,K7JRO
W7W/CW-017,USA - Washington,WA-Central Washington,Mission Peak,2096,6876,-120.441,47.2848,-120.441,47.2848,8,3,01/12/2010,31/12/2099,48,15/08/2024,nu7a
W7W/CW-018,USA - Washington,WA-Central Washington,Tucquala Peak,2079,6821,-121.0402,47.5356,-121.0402,47.5356,8,3,01/12/2010,31/12/2099,7,05/08/2022,K7JRO
W7W/CW-019,USA - Washington,WA-Central Washington,Teanaway Peak,2066,6779,-120.9069,47.4252,-120.9069,47.4252,8,3,01/12/2010,31/12/2099,5,25/08/2024,KK7LHY
W7W/CW-020,USA - Washington,WA-Central Washington,High Esmeralda,2062,6765,-120.968,47.4407,-120.968,47.4407,8,3,01/12/2010,31/12/2099,3,17/10/2022,K7JRO
W7W/CW-021,USA - Washington,WA-Central Washington,Sherpani Peak,2054,6740,-121.0786,47.5592,-121.0786,47.5592,8,3,01/12/2010,31/12/2099,3,31/07/2024,K7JRO
W7W/CW-022,USA - Washington,WA-Central Washington,Cathedral Rock,2049,6724,-121.1355,47.5552,-121.1355,47.5552,8,3,01/12/2010,31/12/2099,1,19/08/2018,KE7JWP
W7W/CW-023,USA - Washington,WA-Central Washington,East Three Queens,2038,6687,-121.2706,47.4463,-121.2706,47.4463,8,3,01/12/2010,31/12/2099,0,,
W7W/CW-024,USA - Washington,WA-Central Washington,Goat Mountain,2018,6620,-121.0634,47.4686,-121.0634,47.4686,8,3,01/12/2010,31/12/2099,0,,
W7W/CW-025,USA - Washington,WA-Central Washington,Mons Venus,2010,6596,-121.1888,47.5488,-121.1888,47.5488,8,3,01/12/2010,31/12/2099,0,,
W7W/CW-026,USA - Washington,WA-Central Washington,Hibox Mountain,1996,6547,-121.3005,47.4317,-121.3005,47.4317,6,3,01/12/2010,31/12/2099,4,26/09/2024,KJ7RTO
W7W/CW-027,USA - Washington,WA-Central Washington,Jolly Mountain,1964,6443,-121.0212,47.3835,-121.0212,47.3835,6,3,01/12/2010,31/12/2099,15,13/08/2024,WA7NCL
W7W/CW-028,USA - Washington,WA-Central Washington,Miller Peak,1951,6402,-120.7441,47.3941,-120.7441,47.3941,6,3,01/12/2010,31/12/2099,23,06/06/2024,WW7D
W7W/CW-029,USA - Washington,WA-Central Washington,The Louvre,1949,6394,-121.0001,47.408,-121.0001,47.408,6,3,01/12/2010,31/12/2099,3,25/08/2022,K7JRO
W7W/CW-030,USA - Washington,WA-Central Washington,Lion Rock,1945,6380,-120.5856,47.2526,-120.5856,47.2526,6,3,01/12/2010,31/12/2099,71,31/10/2024,KK7MJD
W7W/CW-031,USA - Washington,WA-Central Washington,Huckleberry Mountain,1932,6340,-121.334,47.4742,-121.334,47.4742,6,3,01/12/2010,31/12/2099,0,,
W7W/CW-032,USA - Washington,WA-Central Washington,Manastash Ridge,1931,6335,-121.0295,47.0145,-121.0295,47.0145,6,3,01/12/2010,31/12/2099,1,23/06/2018,WW7D
W7W/CW-033,USA - Washington,WA-Central Washington,Quartz Mountain,1920,6300,-121.0789,47.0735,-121.0789,47.0735,6,3,01/12/2010,31/12/2099,27,08/03/2024,WU7H
W7W/CW-034,USA - Washington,WA-Central Washington,Alta Mountain,1908,6260,-121.3318,47.4411,-121.3318,47.4411,6,3,01/12/2010,31/12/2099,5,02/08/2024,KK7RTO
W7W/CW-035,USA - Washington,WA-Central Washington,Mount Clifty,1903,6245,-121.1644,47.1058,-121.1644,47.1058,6,3,01/12/2010,31/12/2099,6,28/07/2023,WW7D
W7W/CW-036,USA - Washington,WA-Central Washington,Mount Lillian South,1887,6191,-120.5141,47.3094,-120.5141,47.3094,6,3,01/12/2010,31/12/2099,49,24/10/2024,WA7NCL
W7W/CW-037,USA - Washington,WA-Central Washington,Lookout Mountain,1886,6188,-121.1301,47.1123,-121.1301,47.1123,6,3,01/12/2010,31/12/2099,5,22/07/2022,K7JRO
W7W/CW-038,USA - Washington,WA-Central Washington,Bentrim Hill,1853,6078,-120.4893,47.2899,-120.4893,47.2899,6,3,01/12/2010,31/12/2099,37,24/10/2024,WA7NCL
W7W/CW-039,USA - Washington,WA-Central Washington,Box Ridge,1839,6032,-121.2831,47.4247,-121.2831,47.4247,6,3,01/12/2010,31/12/2099,0,,
W7W/CW-040,USA - Washington,WA-Central Washington,Koppen Mountain,1838,6031,-120.9591,47.4071,-120.9591,47.4071,6,3,01/12/2010,31/12/2099,10,13/11/2021,WX7EMT
W7W/CW-041,USA - Washington,WA-Central Washington,Red Mountain,1798,5900,-121.1445,47.3975,-121.1445,47.3975,6,3,01/12/2010,31/12/2099,3,22/10/2024,K7JRO
W7W/CW-042,USA - Washington,WA-Central Washington,Rampart Ridge,1789,5870,-121.3445,47.4109,-121.3445,47.4109,6,3,01/12/2010,31/12/2099,9,23/10/2022,AC7MA
W7W/CW-043,USA - Washington,WA-Central Washington,Hard Knox,1786,5860,-121.2054,47.35,-121.2054,47.35,6,3,01/12/2010,31/12/2099,26,05/07/2024,WA7NCL
W7W/CW-044,USA - Washington,WA-Central Washington,Thorp Mountain,1784,5854,-121.2085,47.3708,-121.2085,47.3708,6,3,01/12/2010,31/12/2099,33,12/07/2024,WA7NCL
W7W/CW-045,USA - Washington,WA-Central Washington,Blowout Mountain,1753,5750,-121.3029,47.1398,-121.3029,47.1398,6,3,01/12/2010,31/12/2099,14,21/10/2023,WW7D
W7W/CW-046,USA - Washington,WA-Central Washington,Elbow Peak,1750,5740,-121.0131,47.3419,-121.0131,47.3419,6,3,01/12/2010,31/12/2099,5,31/05/2024,K7JRO
W7W/CW-047,USA - Washington,WA-Central Washington,Frost Mountain,1750,5740,-120.9966,47.0637,-120.9966,47.0637,6,3,01/12/2010,31/12/2099,22,08/03/2024,WU7H
W7W/CW-048,USA - Washington,WA-Central Washington,Sasse Mountain,1747,5730,-121.0556,47.3575,-121.0556,47.3575,6,3,01/12/2010,31/12/2099,10,01/10/2024,WA7NCL
W7W/CW-049,USA - Washington,WA-Central Washington,French Cabin Mountain-West Peak,1745,5724,-121.1816,47.3205,-121.1816,47.3205,6,3,01/12/2010,31/12/2099,6,16/10/2021,WW7D
W7W/CW-050,USA - Washington,WA-Central Washington,Pyramid Peak,1742,5715,-121.4055,47.1115,-121.4055,47.1115,6,3,01/12/2010,31/12/2099,25,12/10/2024,WA7OOO
W7W/CW-051,USA - Washington,WA-Central Washington,Taneum Ridge,1737,5700,-121.081,47.1083,-121.081,47.1083,6,3,01/12/2010,31/12/2099,5,19/07/2020,WW7D
W7W/CW-052,USA - Washington,WA-Central Washington,Silver Peak,1708,5605,-121.4613,47.3615,-121.4613,47.3615,6,3,01/12/2010,31/12/2099,59,07/10/2024,K7MAS/P
W7W/CW-053,USA - Washington,WA-Central Washington,Polallie Ridge,1701,5580,-121.1731,47.4551,-121.1731,47.4551,6,3,01/12/2010,31/12/2099,2,23/07/2024,K7JRO
W7W/CW-054,USA - Washington,WA-Central Washington,Jester Mountain,1689,5540,-120.722,47.372,-120.722,47.372,6,3,01/12/2010,31/12/2099,38,06/06/2024,WW7D
W7W/CW-055,USA - Washington,WA-Central Washington,Kachess Ridge,1684,5525,-121.2066,47.3285,-121.2066,47.3285,6,3,01/12/2010,31/12/2099,13,10/09/2023,KK7LHY/P
W7W/CW-056,USA - Washington,WA-Central Washington,Hicks Butte,1682,5518,-121.0955,47.1433,-121.0955,47.1433,6,3,01/12/2010,31/12/2099,31,10/04/2024,K7JRO
W7W/CW-057,USA - Washington,WA-Central Washington,East Cole Butte,1678,5504,-121.2187,47.1781,-121.2187,47.1781,6,3,01/12/2010,31/12/2099,18,14/09/2024,W7MTB
W7W/CW-058,USA - Washington,WA-Central Washington,Malcolm Mountain,1676,5500,-120.9478,47.3716,-120.9478,47.3716,6,3,01/12/2010,31/12/2099,2,21/09/2020,AC7MA
W7W/CW-059,USA - Washington,WA-Central Washington,5434 Capacitor Mtn,1656,5434,-121.1388,47.0601,-121.1388,47.0601,6,3,01/12/2010,31/12/2099,1,24/07/2024,WW7D
W7W/CW-060,USA - Washington,WA-Central Washington,5380 ReJoyce Peak,1640,5380,-121.2521,47.1319,-121.2521,47.1319,6,3,01/12/2010,31/12/2099,4,21/10/2023,WW7D
W7W/CW-061,USA - Washington,WA-Central Washington,Red Top Mountain,1634,5361,-120.7609,47.3017,-120.7609,47.3017,6,3,01/12/2010,31/12/2099,78,02/11/2024,KK7ULL
W7W/CW-062,USA - Washington,WA-Central Washington,Thomas Mountain,1606,5269,-121.1563,47.2919,-121.1563,47.2919,6,3,01/12/2010,31/12/2099,6,03/07/2024,K7JRO
W7W/CW-063,USA - Washington,WA-Central Washington,Keechelus Ridge,1570,5151,-121.2996,47.343,-121.2996,47.343,6,3,01/12/2010,31/12/2099,47,16/11/2024,KK7UKE
W7W/CW-064,USA - Washington,WA-Central Washington,Ugly Duckling,1567,5140,-121.3011,47.3832,-121.3011,47.3832,6,3,01/12/2010,31/12/2099,22,20/03/2024,WU7H
W7W/CW-065,USA - Washington,WA-Central Washington,Snowshoe Butte,1565,5135,-121.3657,47.2271,-121.3657,47.2271,6,3,01/12/2010,31/12/2099,25,30/03/2024,WW7D
W7W/CW-066,USA - Washington,WA-Central Washington,Mount Catherine,1540,5052,-121.4268,47.3724,-121.4268,47.3724,6,3,01/12/2010,31/12/2099,95,05/10/2024,KK7UKE
W7W/CW-067,USA - Washington,WA-Central Washington,Cabin Mountain,1518,4980,-121.2577,47.2302,-121.2577,47.2302,6,3,01/12/2010,31/12/2099,20,17/09/2024,AI7OV
W7W/CW-068,USA - Washington,WA-Central Washington,4907 Counterpoise Peak,1496,4907,-121.3703,47.1099,-121.3703,47.1099,4,0,01/12/2010,31/12/2099,4,10/02/2024,WW7D
W7W/CW-069,USA - Washington,WA-Central Washington,Sleepover Peak,1494,4900,-121.3098,47.1852,-121.3098,47.1852,4,0,01/12/2010,31/12/2099,11,09/07/2023,WU7H
W7W/CW-070,USA - Washington,WA-Central Washington,Snaggle Tree Peak,1493,4898,-121.3395,47.2471,-121.3395,47.2471,4,0,01/12/2010,31/12/2099,10,20/08/2022,WW7D
W7W/CW-071,USA - Washington,WA-Central Washington,Old Pass Hill,1489,4885,-120.6447,47.343,-120.6447,47.343,4,0,01/12/2010,31/12/2099,22,30/10/2021,KG7EJT
W7W/CW-072,USA - Washington,WA-Central Washington,Bearjack Ridge East,1469,4820,-120.7552,47.3593,-120.7552,47.3593,4,0,01/12/2010,31/12/2099,1,29/06/2019,WX7EMT
W7W/CW-073,USA - Washington,WA-Central Washington,Teanaway Butte,1457,4780,-120.9374,47.3316,-120.9374,47.3316,4,0,01/12/2010,31/12/2099,10,05/06/2023,K3OG
W7W/CW-074,USA - Washington,WA-Central Washington,Loser Ridge,1408,4620,-121.4027,47.3225,-121.4027,47.3225,4,0,01/12/2010,31/12/2099,34,11/06/2024,AI7OV
W7W/CW-075,USA - Washington,WA-Central Washington,Big Muffin,1408,4620,-121.4193,47.2867,-121.4193,47.2867,4,0,01/12/2010,31/12/2099,25,17/02/2024,WU7H
W7W/CW-076,USA - Washington,WA-Central Washington,Amabilis Mountain,1396,4580,-121.2613,47.2935,-121.2613,47.2935,4,0,01/12/2010,31/12/2099,78,14/09/2024,W7MTB
W7W/CW-077,USA - Washington,WA-Central Washington,Easton Ridge,1377,4517,-121.1404,47.2517,-121.1404,47.2517,4,0,01/12/2010,31/12/2099,18,20/05/2024,WA7NCL
W7W/CW-078,USA - Washington,WA-Central Washington,Island Mountain,1364,4475,-121.2389,47.4653,-121.2389,47.4653,4,0,01/12/2010,31/12/2099,3,10/10/2024,K7JRO
W7W/CW-079,USA - Washington,WA-Central Washington,Tarzan Butte,1337,4385,-120.896,47.3331,-120.896,47.3331,4,0,01/12/2010,31/12/2099,6,05/06/2023,K3OG
W7W/CW-080,USA - Washington,WA-Central Washington,Little Muffin,1311,4300,-121.3943,47.2888,-121.3943,47.2888,4,0,01/12/2010,31/12/2099,21,03/02/2024,WW7D
W7W/CW-081,USA - Washington,WA-Central Washington,4340 South Cle Elum Ridge-East Peak #1,1323,4340,-120.9653,47.1363,-120.9653,47.1363,4,0,01/12/2010,31/12/2099,14,25/02/2023,WW7D
W7W/CW-082,USA - Washington,WA-Central Washington,Badger Mountain,1297,4254,-120.1794,47.5837,-120.1794,47.5837,4,0,01/12/2010,31/12/2099,5,30/05/2021,KA7GPP
W7W/CW-083,USA - Washington,WA-Central Washington,4235 Inductance Mtn,1291,4235,-121.1567,47.1914,-121.1567,47.1914,4,0,01/12/2010,31/12/2099,11,03/08/2024,WW7D
W7W/CW-084,USA - Washington,WA-Central Washington,Ski Acres Hill,1286,4220,-121.4337,47.3991,-121.4337,47.3991,4,0,01/12/2010,31/12/2099,29,21/07/2024,WW7D
W7W/CW-085,USA - Washington,WA-Central Washington,4100 Snooze Peak,1250,4100,-121.2788,47.3711,-121.2788,47.3711,4,0,01/12/2010,31/12/2099,21,13/07/2024,WW7D
W7W/CW-086,USA - Washington,WA-Central Washington,3942 Mt Transistor,1202,3942,-120.6747,47.191,-120.6747,47.191,4,0,01/12/2010,31/12/2099,11,18/04/2024,WA7NCL
W7W/CW-087,USA - Washington,WA-Central Washington,Cle Elum Ridge,1152,3780,-120.9906,47.2532,-120.9906,47.2532,4,0,01/12/2010,31/12/2099,23,26/10/2024,KC7EPG
W7W/CW-088,USA - Washington,WA-Central Washington,Monahan Mountain,1151,3775,-121.2012,47.2285,-121.2012,47.2285,4,0,01/12/2010,31/12/2099,7,15/04/2024,NN7M
W7W/CW-089,USA - Washington,WA-Central Washington,Saddle Mountains (HP),1143,3750,-120.1848,46.8601,-120.1848,46.8601,4,0,01/12/2010,31/12/2099,1,20/04/2019,WX7EMT
W7W/CW-090,USA - Washington,WA-Central Washington,3460 Little Peak,1055,3460,-121.1306,47.1874,-121.1306,47.1874,4,0,01/12/2010,31/12/2099,20,12/11/2024,K7CL
W7W/CW-091,USA - Washington,WA-Central Washington,Boylston Mountains (HP),1106,3630,-120.243,46.8877,-120.243,46.8877,4,0,01/12/2010,31/12/2099,1,20/04/2019,WX7EMT
W7W/CW-092,USA - Washington,WA-Central Washington,Lookout Mountain,1056,3465,-120.7819,47.1768,-120.7819,47.1768,4,0,01/12/2010,31/12/2099,11,09/06/2023,WW7D
W7W/CW-093,USA - Washington,WA-Central Washington,3366 Radial Peak,1026,3366,-121.1545,47.2055,-121.1545,47.2055,4,0,01/12/2010,31/12/2099,8,22/04/2023,WW7D
W7W/CW-094,USA - Washington,WA-Central Washington,East Manastash Ridge,984,3229,-120.3751,46.8629,-120.3751,46.8629,2,0,01/12/2010,31/12/2099,1,06/07/2019,WX7EMT
W7W/CW-095,USA - Washington,WA-Central Washington,Baldy,983,3225,-120.4273,46.799,-120.4273,46.799,2,0,01/12/2010,31/12/2099,19,24/02/2024,KG7EJT
W7W/CW-096,USA - Washington,WA-Central Washington,3208 Gracie Point,978,3208,-120.4804,46.7589,-120.4804,46.7589,2,0,01/12/2010,31/12/2099,16,17/03/2024,KG7EJT
W7W/CW-097,USA - Washington,WA-Central Washington,Ulysses S. Hill,884,2899,-119.8124,47.3822,-119.8124,47.3822,2,0,01/12/2010,31/12/2099,1,05/02/2021,N7KWO
W7W/CW-098,USA - Washington,WA-Central Washington,Wilson Butte,832,2730,-119.1385,48.0183,-119.1385,48.0183,2,0,01/12/2010,31/12/2099,0,,
W7W/CW-099,USA - Washington,WA-Central Washington,Wahatis Peak,821,2692,-119.558,46.8065,-119.558,46.8065,2,0,01/12/2010,31/12/2099,10,14/03/2022,VA6MPM/W7
W7W/CW-100,USA - Washington,WA-Central Washington,Sentinel Mountain,733,2405,-119.8619,46.8182,-119.8619,46.8182,2,0,01/12/2010,31/12/2099,8,07/11/2021,WW7D
W7W/CW-101,USA - Washington,WA-Central Washington,Steamboat Rock,705,2312,-119.1241,47.8713,-119.1241,47.8713,2,0,01/12/2010,31/12/2099,25,13/06/2024,nu7a
W7W/CW-102,USA - Washington,WA-Central Washington,High Hill,632,2074,-119.446,47.4909,-119.446,47.4909,2,0,01/12/2010,31/12/2099,4,08/06/2021,VA6MPM/W7
W7W/CW-103,USA - Washington,WA-Central Washington,Pinto Ridge,608,1996,-119.3305,47.4832,-119.3305,47.4832,2,0,01/12/2010,31/12/2099,1,03/01/2020,K7DJL
W7W/CW-104,USA - Washington,WA-Central Washington,Frenchman Hills,583,1912,-119.9087,46.9924,-119.9087,46.9924,2,0,01/12/2010,31/12/2099,5,05/08/2021,KJ7OKW
W7W/CW-105,USA - Washington,WA-Central Washington,Hex Mountain,1534,5034,-121.0645,47.3211,-121.0645,47.3211,6,3,01/12/2016,31/12/2099,40,14/03/2024,K7JRO
W7W/CW-106,USA - Washington,WA-Central Washington,Roaring Ridge,1523,4998,-121.4051,47.3519,-121.4051,47.3519,6,3,01/12/2016,31/12/2099,38,15/10/2024,K7CL
W7W/CW-107,USA - Washington,WA-Central Washington,2540,774,2540,-119.1234,48.1364,-119.1234,48.1364,2,0,01/12/2016,31/12/2099,0,,
W7W/CW-108,USA - Washington,WA-Central Washington,2098,639,2098,-119.1187,47.9024,-119.1187,47.9024,2,0,01/12/2016,31/12/2099,1,08/02/2021,W7MDN
W7W/FR-001,USA - Washington,WA-Ferry,Copper Butte,2176,7140,-118.4655,48.7025,-118.4655,48.7025,8,3,01/12/2010,31/12/2099,5,16/07/2021,AF7QD
W7W/FR-002,USA - Washington,WA-Ferry,Snow Peak,2165,7103,-118.4829,48.5818,-118.4829,48.5818,8,3,01/12/2010,31/12/2099,8,11/02/2023,AF7QD
W7W/FR-003,USA - Washington,WA-Ferry,Scar Mountain,2148,7046,-118.4604,48.6815,-118.4604,48.6815,8,3,01/12/2010,31/12/2099,1,16/08/2020,K7DJL
W7W/FR-004,USA - Washington,WA-Ferry,Wapaloosie Mountain,2139,7018,-118.4642,48.6646,-118.4642,48.6646,8,3,01/12/2010,31/12/2099,5,20/07/2022,nu7a
W7W/FR-005,USA - Washington,WA-Ferry,Sherman Peak,2137,7011,-118.479,48.5967,-118.479,48.5967,8,3,01/12/2010,31/12/2099,13,15/01/2023,AF7QD
W7W/FR-006,USA - Washington,WA-Ferry,Bald Mountain,2115,6940,-118.5023,48.5591,-118.5023,48.5591,8,3,01/12/2010,31/12/2099,5,26/08/2024,W7MDN
W7W/FR-007,USA - Washington,WA-Ferry,White Mountain,2110,6923,-118.4533,48.5113,-118.4533,48.5113,8,3,01/12/2010,31/12/2099,3,13/09/2020,K7DJL
W7W/FR-008,USA - Washington,WA-Ferry,Columbia Mountain,2067,6782,-118.4825,48.6207,-118.4825,48.6207,8,3,01/12/2010,31/12/2099,14,14/01/2023,AF7QD
W7W/FR-009,USA - Washington,WA-Ferry,Midnight Mountain,2030,6660,-118.4659,48.7261,-118.4659,48.7261,8,3,01/12/2010,31/12/2099,3,23/08/2020,K7DJL
W7W/FR-010,USA - Washington,WA-Ferry,King Mountain,2022,6634,-118.4023,48.6768,-118.4023,48.6768,8,3,01/12/2010,31/12/2099,4,17/07/2021,AF7QD
W7W/FR-011,USA - Washington,WA-Ferry,Edds Mountain,2006,6580,-118.5374,48.5577,-118.5374,48.5577,8,3,01/12/2010,31/12/2099,3,26/08/2024,W7MDN
W7W/FR-012,USA - Washington,WA-Ferry,Mount Leona,1969,6460,-118.4736,48.768,-118.4736,48.768,6,3,01/12/2010,31/12/2099,0,,
W7W/FR-013,USA - Washington,WA-Ferry,Profanity Peak,1958,6423,-118.4308,48.7842,-118.4308,48.7842,6,3,01/12/2010,31/12/2099,0,,
W7W/FR-014,USA - Washington,WA-Ferry,Grizzly Mountain,1950,6397,-118.5002,48.4273,-118.5002,48.4273,6,3,01/12/2010,31/12/2099,0,,
W7W/FR-015,USA - Washington,WA-Ferry,U S Mountain,1900,6232,-118.4184,48.7379,-118.4184,48.7379,6,3,01/12/2010,31/12/2099,0,,
W7W/FR-016,USA - Washington,WA-Ferry,Taylor Ridge,1887,6190,-118.3782,48.8064,-118.3782,48.8064,6,3,01/12/2010,31/12/2099,0,,
W7W/FR-017,USA - Washington,WA-Ferry,Togo Mountain,1884,6180,-118.3694,48.9345,-118.3694,48.9345,6,3,01/12/2010,31/12/2099,0,,
W7W/FR-018,USA - Washington,WA-Ferry,Seventeenmile Mountain,1878,6161,-118.567,48.4873,-118.567,48.4873,6,3,01/12/2010,31/12/2099,0,,
W7W/FR-019,USA - Washington,WA-Ferry,6020 Wavelength Mtn,1835,6020,-118.5569,48.4225,-118.5569,48.4225,6,3,01/12/2010,31/12/2099,0,,
W7W/FR-020,USA - Washington,WA-Ferry,Marble Mountain,1827,5994,-118.3793,48.9038,-118.3793,48.9038,6,3,01/12/2010,31/12/2099,0,,
W7W/FR-021,USA - Washington,WA-Ferry,Graves Mountain,1813,5947,-118.3591,48.6373,-118.3591,48.6373,6,3,01/12/2010,31/12/2099,3,10/08/2020,N7RR
W7W/FR-022,USA - Washington,WA-Ferry,Fire Mountain,1796,5893,-118.5724,48.5082,-118.5724,48.5082,6,3,01/12/2010,31/12/2099,0,,
W7W/FR-023,USA - Washington,WA-Ferry,Paradise Peak,1779,5838,-118.4186,48.6005,-118.4186,48.6005,6,3,01/12/2010,31/12/2099,0,,
W7W/FR-024,USA - Washington,WA-Ferry,Mount Washington,1774,5819,-118.5413,48.5923,-118.5413,48.5923,6,3,01/12/2010,31/12/2099,0,,
W7W/FR-025,USA - Washington,WA-Ferry,Bodie Mountain,1750,5740,-118.8326,48.8273,-118.8326,48.8273,6,3,01/12/2010,31/12/2099,1,13/08/2020,N7RR
W7W/FR-026,USA - Washington,WA-Ferry,Rocky Mountain,1747,5730,-118.4092,48.8879,-118.4092,48.8879,6,3,01/12/2010,31/12/2099,0,,
W7W/FR-027,USA - Washington,WA-Ferry,5716 Uppersideband Pk,1742,5716,-118.3995,48.6454,-118.3995,48.6454,6,3,01/12/2010,31/12/2099,0,,
W7W/FR-028,USA - Washington,WA-Ferry,Lynx Mountain,1750,5740,-118.4261,48.3764,-118.4261,48.3764,6,3,01/12/2010,31/12/2099,0,,
W7W/FR-029,USA - Washington,WA-Ferry,White Mountain,1713,5620,-118.6749,48.9814,-118.6749,48.9814,6,3,01/12/2010,31/12/2099,0,,
W7W/FR-030,USA - Washington,WA-Ferry,5598 Solder Summit,1706,5598,-118.3084,48.7851,-118.3084,48.7851,6,3,01/12/2010,31/12/2099,0,,
W7W/FR-031,USA - Washington,WA-Ferry,5598 Mt Triode,1706,5598,-118.522,48.374,-118.522,48.374,6,3,01/12/2010,31/12/2099,0,,
W7W/FR-032,USA - Washington,WA-Ferry,Independent Mountain,1701,5580,-118.34,48.9566,-118.34,48.9566,6,3,01/12/2010,31/12/2099,0,,
W7W/FR-033,USA - Washington,WA-Ferry,Oregon City Ridge,1677,5502,-118.5083,48.3148,-118.5083,48.3148,6,3,01/12/2010,31/12/2099,0,,
W7W/FR-034,USA - Washington,WA-Ferry,Horseshoe Mountain,1676,5500,-118.829,48.7713,-118.829,48.7713,6,3,01/12/2010,31/12/2099,0,,
W7W/FR-035,USA - Washington,WA-Ferry,Kelly Mountain,1652,5420,-118.7947,48.82,-118.7947,48.82,6,3,01/12/2010,31/12/2099,0,,
W7W/FR-036,USA - Washington,WA-Ferry,5409 Sunspot Pk,1649,5409,-118.5111,48.2859,-118.5111,48.2859,6,3,01/12/2010,31/12/2099,0,,
W7W/FR-037,USA - Washington,WA-Ferry,Dry Mountain,1640,5380,-118.3725,48.8742,-118.3725,48.8742,6,3,01/12/2010,31/12/2099,0,,
W7W/FR-038,USA - Washington,WA-Ferry,Storm King Mountain,1640,5380,-118.8014,48.718,-118.8014,48.718,6,3,01/12/2010,31/12/2099,0,,
W7W/FR-039,USA - Washington,WA-Ferry,C C MOUNTAIN,1618,5308,-118.3136,48.6799,-118.3136,48.6799,6,3,01/12/2010,31/12/2099,0,,
W7W/FR-040,USA - Washington,WA-Ferry,South Huckleberry Mountain,1607,5273,-118.304,48.5346,-118.304,48.5346,6,3,01/12/2010,31/12/2099,1,22/05/2021,W7MDN
W7W/FR-041,USA - Washington,WA-Ferry,Huckleberry Ridge,1603,5260,-118.3052,48.9591,-118.3052,48.9591,6,3,01/12/2010,31/12/2099,0,,
W7W/FR-042,USA - Washington,WA-Ferry,5260 Sideswipper Mtn,1603,5260,-118.6785,48.9554,-118.6785,48.9554,6,3,01/12/2010,31/12/2099,0,,
W7W/FR-043,USA - Washington,WA-Ferry,Boundary Mountain,1580,5184,-118.4261,48.9799,-118.4261,48.9799,6,3,01/12/2010,31/12/2099,0,,
W7W/FR-044,USA - Washington,WA-Ferry,Hoodoo Mountain,1572,5158,-118.2393,48.653,-118.2393,48.653,6,3,01/12/2010,31/12/2099,1,21/05/2021,W7MDN
W7W/FR-045,USA - Washington,WA-Ferry,Cooke Mountain,1554,5100,-118.5661,48.709,-118.5661,48.709,6,3,01/12/2010,31/12/2099,0,,
W7W/FR-046,USA - Washington,WA-Ferry,Jackknife Mountain,1548,5080,-118.2651,48.7236,-118.2651,48.7236,6,3,01/12/2010,31/12/2099,2,12/08/2020,N7RR
W7W/FR-047,USA - Washington,WA-Ferry,Lake Butte,1534,5033,-118.734,48.8146,-118.734,48.8146,6,3,01/12/2010,31/12/2099,0,,
W7W/FR-048,USA - Washington,WA-Ferry,4982 Gigahertz Pk,1519,4982,-118.5527,48.6491,-118.5527,48.6491,6,3,01/12/2010,31/12/2099,0,,
W7W/FR-049,USA - Washington,WA-Ferry,Bamber Mountain,1518,4980,-118.7938,48.9064,-118.7938,48.9064,6,3,01/12/2010,31/12/2099,0,,
W7W/FR-050,USA - Washington,WA-Ferry,Carson Mountain,1508,4946,-118.3953,48.3388,-118.3953,48.3388,6,3,01/12/2010,31/12/2099,0,,
W7W/FR-051,USA - Washington,WA-Ferry,4944 Rectifier Mtn,1507,4944,-118.6133,48.6184,-118.6133,48.6184,6,3,01/12/2010,31/12/2099,0,,
W7W/FR-052,USA - Washington,WA-Ferry,4940 Regenerative Pk,1506,4940,-118.622,48.4179,-118.622,48.4179,6,3,01/12/2010,31/12/2099,0,,
W7W/FR-053,USA - Washington,WA-Ferry,4900 Sensitivity Summit,1494,4900,-118.4047,48.5298,-118.4047,48.5298,4,0,01/12/2010,31/12/2099,0,,
W7W/FR-054,USA - Washington,WA-Ferry,Cedar Ridge,1494,4900,-118.3777,48.5295,-118.3777,48.5295,4,0,01/12/2010,31/12/2099,0,,
W7W/FR-055,USA - Washington,WA-Ferry,North Boulder Ridge,1490,4890,-118.2906,48.8485,-118.2906,48.8485,4,0,01/12/2010,31/12/2099,0,,
W7W/FR-056,USA - Washington,WA-Ferry,Thirteenmile Mountain,1489,4885,-118.6423,48.5088,-118.6423,48.5088,4,0,01/12/2010,31/12/2099,0,,
W7W/FR-057,USA - Washington,WA-Ferry,Alligator Ridge,1485,4871,-118.3203,48.7266,-118.3203,48.7266,4,0,01/12/2010,31/12/2099,0,,
W7W/FR-058,USA - Washington,WA-Ferry,Iron Mountain,1479,4851,-118.5983,48.5559,-118.5983,48.5559,4,0,01/12/2010,31/12/2099,0,,
W7W/FR-059,USA - Washington,WA-Ferry,Keller Butte,1466,4811,-118.7955,48.0615,-118.7955,48.0615,4,0,01/12/2010,31/12/2099,1,20/07/2011,WR5J
W7W/FR-060,USA - Washington,WA-Ferry,Quartz Mountain,1463,4800,-118.67,48.5696,-118.67,48.5696,4,0,01/12/2010,31/12/2099,0,,
W7W/FR-061,USA - Washington,WA-Ferry,Sitdown Mountain,1458,4782,-118.4063,48.4217,-118.4063,48.4217,4,0,01/12/2010,31/12/2099,0,,
W7W/FR-062,USA - Washington,WA-Ferry,Central Peak,1457,4780,-118.8447,48.369,-118.8447,48.369,4,0,01/12/2010,31/12/2099,0,,
W7W/FR-063,USA - Washington,WA-Ferry,Whitestone Ridge,1457,4780,-118.5093,48.0218,-118.5093,48.0218,4,0,01/12/2010,31/12/2099,0,,
W7W/FR-064,USA - Washington,WA-Ferry,Cody Butte,1452,4764,-118.6623,48.3414,-118.6623,48.3414,4,0,01/12/2010,31/12/2099,0,,
W7W/FR-065,USA - Washington,WA-Ferry,Murphy Hill,1444,4737,-118.6081,48.5907,-118.6081,48.5907,4,0,01/12/2010,31/12/2099,0,,
W7W/FR-066,USA - Washington,WA-Ferry,Jasper Mountain,1433,4700,-118.2883,48.8922,-118.2883,48.8922,4,0,01/12/2010,31/12/2099,0,,
W7W/FR-067,USA - Washington,WA-Ferry,Dollar Mountain,1433,4700,-118.3558,48.493,-118.3558,48.493,4,0,01/12/2010,31/12/2099,0,,
W7W/FR-068,USA - Washington,WA-Ferry,Gold Mountain,1428,4686,-118.467,48.1805,-118.467,48.1805,4,0,01/12/2010,31/12/2099,0,,
W7W/FR-069,USA - Washington,WA-Ferry,4639 Rotator Mtn,1414,4639,-118.6396,48.3826,-118.6396,48.3826,4,0,01/12/2010,31/12/2099,0,,
W7W/FR-070,USA - Washington,WA-Ferry,4622 Preamplifier Pk,1409,4622,-118.4926,47.9868,-118.4926,47.9868,4,0,01/12/2010,31/12/2099,0,,
W7W/FR-071,USA - Washington,WA-Ferry,4464 Modulator Mtn,1361,4464,-118.7046,48.8073,-118.7046,48.8073,4,0,01/12/2010,31/12/2099,0,,
W7W/FR-072,USA - Washington,WA-Ferry,4455 Mt J-Pole,1358,4455,-118.2063,48.6688,-118.2063,48.6688,4,0,01/12/2010,31/12/2099,0,,
W7W/FR-073,USA - Washington,WA-Ferry,Copper Mountain,1347,4420,-118.7909,48.6223,-118.7909,48.6223,4,0,01/12/2010,31/12/2099,0,,
W7W/FR-074,USA - Washington,WA-Ferry,4393 Lower Sideband Mtn,1339,4393,-118.7945,48.1454,-118.7945,48.1454,4,0,01/12/2010,31/12/2099,0,,
W7W/FR-075,USA - Washington,WA-Ferry,4353 Meteor Scatter Pk,1327,4353,-118.5228,48.8139,-118.5228,48.8139,4,0,01/12/2010,31/12/2099,1,24/05/2020,KJ7LSM
W7W/FR-076,USA - Washington,WA-Ferry,Graphite Mountain,1323,4340,-118.8345,48.9742,-118.8345,48.9742,4,0,01/12/2010,31/12/2099,0,,
W7W/FR-077,USA - Washington,WA-Ferry,4339 Keyer Summit,1323,4339,-118.6009,48.2872,-118.6009,48.2872,4,0,01/12/2010,31/12/2099,0,,
W7W/FR-078,USA - Washington,WA-Ferry,4337 Mt Inductance,1322,4337,-118.4769,48.2283,-118.4769,48.2283,4,0,01/12/2010,31/12/2099,0,,
W7W/FR-079,USA - Washington,WA-Ferry,4288 Multiband Mtn,1307,4288,-118.4485,47.9652,-118.4485,47.9652,4,0,01/12/2010,31/12/2099,0,,
W7W/FR-080,USA - Washington,WA-Ferry,4180 Transponder Mtn,1274,4180,-118.7949,48.9641,-118.7949,48.9641,4,0,01/12/2010,31/12/2099,0,,
W7W/FR-081,USA - Washington,WA-Ferry,4180 Mt Telescope,1274,4180,-118.3501,48.3261,-118.3501,48.3261,4,0,01/12/2010,31/12/2099,0,,
W7W/FR-082,USA - Washington,WA-Ferry,4180 Steam Peak,1274,4180,-118.6069,48.1704,-118.6069,48.1704,4,0,01/12/2010,31/12/2099,0,,
W7W/FR-083,USA - Washington,WA-Ferry,Louie Benchmark,1272,4174,-118.6278,48.208,-118.6278,48.208,4,0,01/12/2010,31/12/2099,0,,
W7W/FR-084,USA - Washington,WA-Ferry,4156 Mt Conversion,1267,4156,-118.6591,48.1777,-118.6591,48.1777,4,0,01/12/2010,31/12/2099,0,,
W7W/FR-085,USA - Washington,WA-Ferry,4140 Bug Mtn,1262,4140,-118.7839,48.4975,-118.7839,48.4975,4,0,01/12/2010,31/12/2099,0,,
W7W/FR-086,USA - Washington,WA-Ferry,4125 Mt Backscatter,1257,4125,-118.6702,48.4183,-118.6702,48.4183,4,0,01/12/2010,31/12/2099,0,,
W7W/FR-087,USA - Washington,WA-Ferry,4123 Amateur Radio Pk,1257,4123,-118.6577,48.8396,-118.6577,48.8396,4,0,01/12/2010,31/12/2099,0,,
W7W/FR-088,USA - Washington,WA-Ferry,4116 Mt Clarifier,1255,4116,-118.7729,48.21,-118.7729,48.21,4,0,01/12/2010,31/12/2099,0,,
W7W/FR-089,USA - Washington,WA-Ferry,4105 Bear Hide Peak,1251,4105,-118.3486,48.184,-118.3486,48.184,4,0,01/12/2010,31/12/2099,0,,
W7W/FR-090,USA - Washington,WA-Ferry,Klondike Mountain,1250,4100,-118.7249,48.6875,-118.7249,48.6875,4,0,01/12/2010,31/12/2099,2,09/08/2020,N7RR
W7W/FR-091,USA - Washington,WA-Ferry,4099 Coaxial Summit,1249,4099,-118.6939,48.412,-118.6939,48.412,4,0,01/12/2010,31/12/2099,0,,
W7W/FR-092,USA - Washington,WA-Ferry,Johnny George Mountain,1247,4090,-118.4436,47.9111,-118.4436,47.9111,4,0,01/12/2010,31/12/2099,0,,
W7W/FR-093,USA - Washington,WA-Ferry,4083 Mt Bandwidth,1244,4083,-118.3538,48.2239,-118.3538,48.2239,4,0,01/12/2010,31/12/2099,0,,
W7W/FR-094,USA - Washington,WA-Ferry,Cougar Mountain,1244,4081,-118.6811,48.5134,-118.6811,48.5134,4,0,01/12/2010,31/12/2099,0,,
W7W/FR-095,USA - Washington,WA-Ferry,4074 Capacitance Pk,1242,4074,-118.6948,48.4674,-118.6948,48.4674,4,0,01/12/2010,31/12/2099,0,,
W7W/FR-096,USA - Washington,WA-Ferry,Mica Mountain,1238,4063,-118.7635,47.9976,-118.7635,47.9976,4,0,01/12/2010,31/12/2099,0,,
W7W/FR-097,USA - Washington,WA-Ferry,Bangs Mountain,1226,4023,-118.2211,48.5668,-118.2211,48.5668,4,0,01/12/2010,31/12/2099,0,,
W7W/FR-098,USA - Washington,WA-Ferry,4012 Nanamkin Peak,1223,4012,-118.7871,48.3073,-118.7871,48.3073,4,0,01/12/2010,31/12/2099,0,,
W7W/FR-099,USA - Washington,WA-Ferry,4008 Near Vertical Incidence Pk,1222,4008,-118.3896,48.2176,-118.3896,48.2176,4,0,01/12/2010,31/12/2099,0,,
W7W/FR-100,USA - Washington,WA-Ferry,4003 Monoband Mtn,1220,4003,-118.6759,48.3936,-118.6759,48.3936,4,0,01/12/2010,31/12/2099,0,,
W7W/FR-101,USA - Washington,WA-Ferry,3978 Intermediate Frequency Pk,1212,3978,-118.6422,48.2479,-118.6422,48.2479,4,0,01/12/2010,31/12/2099,0,,
W7W/FR-102,USA - Washington,WA-Ferry,3962 Megahertz Mtn,1208,3962,-118.3192,48.1805,-118.3192,48.1805,4,0,01/12/2010,31/12/2099,0,,
W7W/FR-103,USA - Washington,WA-Ferry,3953 Mt Rhombic,1205,3953,-118.4278,48.2493,-118.4278,48.2493,4,0,01/12/2010,31/12/2099,0,,
W7W/FR-104,USA - Washington,WA-Ferry,Cub Benchmark,1201,3940,-118.7294,48.2607,-118.7294,48.2607,4,0,01/12/2010,31/12/2099,0,,
W7W/FR-105,USA - Washington,WA-Ferry,3926 Scanner Summit,1197,3926,-118.7085,48.3874,-118.7085,48.3874,4,0,01/12/2010,31/12/2099,0,,
W7W/FR-106,USA - Washington,WA-Ferry,Bald Peak,1189,3900,-118.726,48.7246,-118.726,48.7246,4,0,01/12/2010,31/12/2099,0,,
W7W/FR-107,USA - Washington,WA-Ferry,3892 Quarter Wave Pk,1186,3892,-118.5773,48.2194,-118.5773,48.2194,4,0,01/12/2010,31/12/2099,0,,
W7W/FR-108,USA - Washington,WA-Ferry,Moon Mountain,1185,3888,-118.3214,48.2791,-118.3214,48.2791,4,0,01/12/2010,31/12/2099,1,07/07/2023,W7MDN
W7W/FR-109,USA - Washington,WA-Ferry,3860 Pentode Pk,1177,3860,-118.8191,48.2293,-118.8191,48.2293,4,0,01/12/2010,31/12/2099,0,,
W7W/FR-110,USA - Washington,WA-Ferry,3820 Middle Mountain South,1164,3820,-118.3189,48.1189,-118.3189,48.1189,4,0,01/12/2010,31/12/2099,0,,
W7W/FR-111,USA - Washington,WA-Ferry,3820 Aurora Mtn,1164,3820,-118.5894,47.9843,-118.5894,47.9843,4,0,01/12/2010,31/12/2099,0,,
W7W/FR-112,USA - Washington,WA-Ferry,3794 CW Ops Pk,1156,3794,-118.5934,48.767,-118.5934,48.767,4,0,01/12/2010,31/12/2099,0,,
W7W/FR-113,USA - Washington,WA-Ferry,3780 Mt Deviation,1152,3780,-118.7838,48.571,-118.7838,48.571,4,0,01/12/2010,31/12/2099,0,,
W7W/FR-114,USA - Washington,WA-Ferry,Mount Tolman,1082,3549,-118.7078,48.0557,-118.7078,48.0557,4,0,01/12/2010,31/12/2099,1,21/07/2011,WR5J
W7W/FR-115,USA - Washington,WA-Ferry,3540 D-Layer Pk,1079,3540,-118.3226,48.4814,-118.3226,48.4814,4,0,01/12/2010,31/12/2099,0,,
W7W/FR-116,USA - Washington,WA-Ferry,Brush Mountain,1067,3500,-118.2885,48.4334,-118.2885,48.4334,4,0,01/12/2010,31/12/2099,0,,
W7W/FR-117,USA - Washington,WA-Ferry,Sclome Mountain,1059,3473,-118.534,48.0885,-118.534,48.0885,4,0,01/12/2010,31/12/2099,0,,
W7W/FR-118,USA - Washington,WA-Ferry,Rainy Ridge,1058,3470,-118.2554,48.381,-118.2554,48.381,4,0,01/12/2010,31/12/2099,0,,
W7W/FR-119,USA - Washington,WA-Ferry,Staehly Mountain,1032,3386,-118.2496,48.4831,-118.2496,48.4831,4,0,01/12/2010,31/12/2099,0,,
W7W/FR-120,USA - Washington,WA-Ferry,3354 Break In Butte,1022,3354,-118.3184,48.3395,-118.3184,48.3395,4,0,01/12/2010,31/12/2099,0,,
W7W/FR-121,USA - Washington,WA-Ferry,3311 Critical Frequency Pk,1009,3311,-118.2708,48.2265,-118.2708,48.2265,4,0,01/12/2010,31/12/2099,0,,
W7W/FR-122,USA - Washington,WA-Ferry,Ant Mountain,1006,3300,-118.2972,48.4735,-118.2972,48.4735,4,0,01/12/2010,31/12/2099,0,,
W7W/FR-123,USA - Washington,WA-Ferry,Johnnys Hill,989,3246,-118.2911,48.3168,-118.2911,48.3168,2,0,01/12/2010,31/12/2099,0,,
W7W/FR-124,USA - Washington,WA-Ferry,3236 Halfwave Hill,986,3236,-118.3669,48.0808,-118.3669,48.0808,2,0,01/12/2010,31/12/2099,0,,
W7W/FR-125,USA - Washington,WA-Ferry,3230 Attenuator Hill,985,3230,-118.2799,48.3922,-118.2799,48.3922,2,0,01/12/2010,31/12/2099,0,,
W7W/FR-126,USA - Washington,WA-Ferry,3205 Circuit Hill,977,3205,-118.6309,48.8743,-118.6309,48.8743,2,0,01/12/2010,31/12/2099,0,,
W7W/FR-127,USA - Washington,WA-Ferry,3135 Rainy Ridge-North Peak,956,3135,-118.3089,48.456,-118.3089,48.456,2,0,01/12/2010,31/12/2099,0,,
W7W/FR-128,USA - Washington,WA-Ferry,Bald Hill,948,3110,-118.2286,48.513,-118.2286,48.513,2,0,01/12/2010,31/12/2099,0,,
W7W/FR-129,USA - Washington,WA-Ferry,Stranger Mountain,929,3047,-118.2396,48.2634,-118.2396,48.2634,2,0,01/12/2010,31/12/2099,0,,
W7W/FR-130,USA - Washington,WA-Ferry,2922 Diode Mtn,891,2922,-118.4248,47.8696,-118.4248,47.8696,2,0,01/12/2010,31/12/2099,0,,
W7W/FR-131,USA - Washington,WA-Ferry,2540 Continuity Hill,774,2540,-118.1516,48.7578,-118.1516,48.7578,2,0,01/12/2010,31/12/2099,0,,
W7W/FR-132,USA - Washington,WA-Ferry,Rattlesnake Mountain,745,2443,-118.1934,48.2462,-118.1934,48.2462,2,0,01/12/2010,31/12/2099,0,,
W7W/FR-133,USA - Washington,WA-Ferry,Mack Mountain,1889,6196,-118.3665,48.677,-118.3665,48.677,6,3,01/12/2016,31/12/2099,1,17/07/2021,AF7QD
W7W/FR-134,USA - Washington,WA-Ferry,4192,1278,4192,-118.7016,48.5981,-118.7016,48.5981,4,0,01/12/2016,31/12/2099,0,,
W7W/FR-135,USA - Washington,WA-Ferry,Brown Mountain,1232,4042,-118.7146,48.5543,-118.7146,48.5543,4,0,01/12/2016,31/12/2099,0,,
W7W/FR-136,USA - Washington,WA-Ferry,3872,1180,3872,-118.7799,48.5259,-118.7799,48.5259,4,0,01/12/2016,31/12/2099,0,,
W7W/FR-137,USA - Washington,WA-Ferry,3598,1097,3598,-118.6442,48.1175,-118.6442,48.1175,4,0,01/12/2016,31/12/2099,0,,
W7W/KG-001,USA - Washington,WA-King,Dip Top Peak,2222,7291,-121.1827,47.583,-121.1827,47.583,8,3,01/12/2010,31/12/2099,0,,
W7W/KG-002,USA - Washington,WA-King,Little Big Chief Mountain,2202,7225,-121.2566,47.5296,-121.2566,47.5296,8,3,01/12/2010,31/12/2099,0,,
W7W/KG-003,USA - Washington,WA-King,Mac Peak,2091,6859,-121.1248,47.6276,-121.1248,47.6276,8,3,01/12/2010,31/12/2099,0,,
W7W/KG-004,USA - Washington,WA-King,Nimbus Mountain,2046,6711,-121.1238,47.6618,-121.1238,47.6618,8,3,01/12/2010,31/12/2099,2,07/10/2020,K7JRO
W7W/KG-005,USA - Washington,WA-King,Big Snow Mountain,2036,6680,-121.3659,47.5348,-121.3659,47.5348,8,3,01/12/2010,31/12/2099,2,05/07/2024,KJ7RTO
W7W/KG-006,USA - Washington,WA-King,La Bohn Peak,2007,6585,-121.2496,47.5624,-121.2496,47.5624,8,3,01/12/2010,31/12/2099,0,,
W7W/KG-007,USA - Washington,WA-King,Mount Thomson,1998,6554,-121.3606,47.4723,-121.3606,47.4723,6,3,01/12/2010,31/12/2099,2,30/07/2023,KI7QIV
W7W/KG-008,USA - Washington,WA-King,Burnt Boot Peak,1993,6540,-121.3274,47.5009,-121.3274,47.5009,6,3,01/12/2010,31/12/2099,0,,
W7W/KG-009,USA - Washington,WA-King,Terrace Mountain,1939,6361,-121.1974,47.6218,-121.1974,47.6218,6,3,01/12/2010,31/12/2099,1,21/08/2022,KI7QIV
W7W/KG-010,USA - Washington,WA-King,Otter Benchmark,1938,6359,-121.2714,47.577,-121.2714,47.577,6,3,01/12/2010,31/12/2099,0,,
W7W/KG-011,USA - Washington,WA-King,Iron Cap Mountain,1935,6347,-121.2853,47.5537,-121.2853,47.5537,6,3,01/12/2010,31/12/2099,0,,
W7W/KG-012,USA - Washington,WA-King,Surprise Mountain,1929,6330,-121.1448,47.6468,-121.1448,47.6468,6,3,01/12/2010,31/12/2099,5,22/08/2023,K7JRO
W7W/KG-013,USA - Washington,WA-King,Wild Goat Peak,1922,6305,-121.3343,47.5523,-121.3343,47.5523,6,3,01/12/2010,31/12/2099,0,,
W7W/KG-014,USA - Washington,WA-King,Camp Robber Peak,1916,6286,-121.3319,47.5712,-121.3319,47.5712,6,3,01/12/2010,31/12/2099,0,,
W7W/KG-015,USA - Washington,WA-King,Snoqualmie Mountain,1914,6278,-121.4165,47.4587,-121.4165,47.4587,6,3,01/12/2010,31/12/2099,42,14/10/2024,WX7EMT
W7W/KG-016,USA - Washington,WA-King,Malachite Peak,1908,6261,-121.341,47.6238,-121.341,47.6238,6,3,01/12/2010,31/12/2099,0,,
W7W/KG-017,USA - Washington,WA-King,Silver Eagle Peak,1908,6259,-121.2714,47.6168,-121.2714,47.6168,6,3,01/12/2010,31/12/2099,0,,
W7W/KG-018,USA - Washington,WA-King,Kaleetan Peak,1908,6259,-121.4781,47.4625,-121.4781,47.4625,6,3,01/12/2010,31/12/2099,4,08/07/2024,KJ7RTO
W7W/KG-019,USA - Washington,WA-King,Terrace Mountain West,1903,6243,-121.2255,47.6244,-121.2255,47.6244,6,3,01/12/2010,31/12/2099,0,,
W7W/KG-020,USA - Washington,WA-King,K9,1903,6242,-121.1141,47.6871,-121.1141,47.6871,6,3,01/12/2010,31/12/2099,0,,
W7W/KG-021,USA - Washington,WA-King,Bald Eagle Peak,1902,6241,-121.291,47.6079,-121.291,47.6079,6,3,01/12/2010,31/12/2099,0,,
W7W/KG-022,USA - Washington,WA-King,Chair Peak,1901,6238,-121.4668,47.4596,-121.4668,47.4596,6,3,01/12/2010,31/12/2099,5,31/07/2024,KJ7RTO
W7W/KG-023,USA - Washington,WA-King,Mount Fernow,1887,6190,-121.2307,47.7551,-121.2307,47.7551,6,3,01/12/2010,31/12/2099,0,,
W7W/KG-024,USA - Washington,WA-King,Baring Mountain,1867,6125,-121.4357,47.7793,-121.4357,47.7793,6,3,01/12/2010,31/12/2099,2,26/11/2023,KI7QIV
W7W/KG-025,USA - Washington,WA-King,Mount Index,1826,5991,-121.5804,47.7743,-121.5804,47.7743,6,3,01/12/2010,31/12/2099,1,27/07/2024,KJ7RTO
W7W/KG-026,USA - Washington,WA-King,Malachite Peak South,1812,5945,-121.351,47.6143,-121.351,47.6143,6,3,01/12/2010,31/12/2099,0,,
W7W/KG-027,USA - Washington,WA-King,Preacher Mountain,1806,5924,-121.519,47.4987,-121.519,47.4987,6,3,01/12/2010,31/12/2099,0,,
W7W/KG-028,USA - Washington,WA-King,Lennox Mountain,1796,5894,-121.473,47.6678,-121.473,47.6678,6,3,01/12/2010,31/12/2099,1,09/06/2021,N7AKD
W7W/KG-029,USA - Washington,WA-King,Red Mountain,1795,5890,-121.389,47.456,-121.389,47.456,6,3,01/12/2010,31/12/2099,9,13/05/2023,KJ7RTO
W7W/KG-030,USA - Washington,WA-King,Caroline Peak,1794,5885,-121.5037,47.4811,-121.5037,47.4811,6,3,01/12/2010,31/12/2099,1,26/07/2017,KE7JWP
W7W/KG-031,USA - Washington,WA-King,Cowboy Mountain,1784,5853,-121.102,47.7322,-121.102,47.7322,6,3,01/12/2010,31/12/2099,26,05/10/2024,WU7H
W7W/KG-032,USA - Washington,WA-King,Treen Peak,1757,5763,-121.4701,47.5637,-121.4701,47.5637,6,3,01/12/2010,31/12/2099,0,,
W7W/KG-033,USA - Washington,WA-King,Captain Point,1745,5724,-121.1938,47.7669,-121.1938,47.7669,6,3,01/12/2010,31/12/2099,5,01/09/2024,WU7H
W7W/KG-034,USA - Washington,WA-King,5660 Display Pk,1725,5660,-121.4757,47.6371,-121.4757,47.6371,6,3,01/12/2010,30/11/2016,0,,
W7W/KG-035,USA - Washington,WA-King,Lumiere Ridge,1722,5651,-121.0704,47.718,-121.0704,47.718,6,3,01/12/2010,31/12/2099,3,22/08/2020,WU7H
W7W/KG-036,USA - Washington,WA-King,Spinnaker Peak,1721,5645,-121.1326,47.7703,-121.1326,47.7703,6,3,01/12/2010,31/12/2099,2,04/07/2021,WW7D
W7W/KG-037,USA - Washington,WA-King,Granite Mountain,1716,5629,-121.4814,47.4177,-121.4814,47.4177,6,3,01/12/2010,31/12/2099,39,23/09/2024,KG7EJT
W7W/KG-038,USA - Washington,WA-King,Klinger Ridge,1713,5620,-121.4206,47.7632,-121.4206,47.7632,6,3,01/12/2010,31/12/2099,0,,
W7W/KG-039,USA - Washington,WA-King,Eagle Rock,1711,5615,-121.3554,47.7759,-121.3554,47.7759,6,3,01/12/2010,31/12/2099,1,30/09/2024,KI7QIV
W7W/KG-040,USA - Washington,WA-King,East Tonga Ridge,1706,5596,-121.1984,47.6602,-121.1984,47.6602,6,3,01/12/2010,31/12/2099,11,28/06/2024,AC7MA
W7W/KG-041,USA - Washington,WA-King,Cascade Mountain,1704,5591,-121.4276,47.61,-121.4276,47.61,6,3,01/12/2010,31/12/2099,0,,
W7W/KG-042,USA - Washington,WA-King,Mount Price,1703,5587,-121.4084,47.5037,-121.4084,47.5037,6,3,01/12/2010,31/12/2099,0,,
W7W/KG-043,USA - Washington,WA-King,Mount Defiance,1702,5584,-121.5642,47.4352,-121.5642,47.4352,6,3,01/12/2010,31/12/2099,36,09/08/2024,WA7BEN
W7W/KG-044,USA - Washington,WA-King,Goat Mountain,1701,5580,-121.5484,47.6149,-121.5484,47.6149,6,3,01/12/2010,31/12/2099,1,06/08/2023,KK7LHY/P
W7W/KG-045,USA - Washington,WA-King,Red Mountain Benchmark,1700,5576,-121.5164,47.7168,-121.5164,47.7168,6,3,01/12/2010,31/12/2099,1,28/12/2023,KI7QIV
W7W/KG-046,USA - Washington,WA-King,Cascade Mountain North,1693,5553,-121.4172,47.6295,-121.4172,47.6295,6,3,01/12/2010,31/12/2099,0,,
W7W/KG-047,USA - Washington,WA-King,Otter-Angeline,1691,5547,-121.2985,47.5743,-121.2985,47.5743,6,3,01/12/2010,31/12/2099,0,,
W7W/KG-048,USA - Washington,WA-King,Crosby Mountain,1689,5540,-121.4935,47.7195,-121.4935,47.7195,6,3,01/12/2010,31/12/2099,0,,
W7W/KG-049,USA - Washington,WA-King,McClain Peaks,1687,5535,-121.5654,47.6884,-121.5654,47.6884,6,3,01/12/2010,31/12/2099,2,07/06/2023,K7JRO
W7W/KG-050,USA - Washington,WA-King,Garfield Mountain,1682,5519,-121.4934,47.5528,-121.4934,47.5528,6,3,01/12/2010,31/12/2099,0,,
W7W/KG-051,USA - Washington,WA-King,Pechugh Peak,1678,5505,-121.4283,47.1287,-121.4283,47.1287,6,3,01/12/2010,31/12/2099,26,12/10/2024,WA7OOO
W7W/KG-052,USA - Washington,WA-King,Mount Sawyer,1677,5501,-121.2243,47.6669,-121.2243,47.6669,6,3,01/12/2010,31/12/2099,23,22/10/2024,K7CL
W7W/KG-053,USA - Washington,WA-King,East Peak,1676,5500,-121.4851,47.552,-121.4851,47.552,6,3,01/12/2010,31/12/2099,0,,
W7W/KG-054,USA - Washington,WA-King,Sky Mountain,1671,5482,-121.1103,47.7592,-121.1103,47.7592,6,3,01/12/2010,31/12/2099,19,01/04/2024,AC7MA
W7W/KG-055,USA - Washington,WA-King,Meadow Mountain,1664,5460,-121.4484,47.3043,-121.4484,47.3043,6,3,01/12/2010,31/12/2099,28,16/07/2024,AI7OV
W7W/KG-056,USA - Washington,WA-King,Middle Cascade Mountain,1664,5460,-121.4213,47.6134,-121.4213,47.6134,6,3,01/12/2010,31/12/2099,0,,
W7W/KG-057,USA - Washington,WA-King,Revolution Peak,1662,5454,-121.5852,47.4722,-121.5852,47.4722,6,3,01/12/2010,31/12/2099,1,11/11/2018,K3OG
W7W/KG-058,USA - Washington,WA-King,Red Mountain,1660,5447,-121.5479,47.7175,-121.5479,47.7175,6,3,01/12/2010,31/12/2099,0,,
W7W/KG-059,USA - Washington,WA-King,Morpheus,1656,5432,-121.4605,47.6035,-121.4605,47.6035,6,3,01/12/2010,31/12/2099,0,,
W7W/KG-060,USA - Washington,WA-King,Kelly Butte,1652,5420,-121.4903,47.1692,-121.4903,47.1692,6,3,01/12/2010,31/12/2099,52,20/08/2024,AI7OV
W7W/KG-061,USA - Washington,WA-King,Low Mountain,1652,5420,-121.4689,47.4351,-121.4689,47.4351,6,3,01/12/2010,31/12/2099,2,30/05/2021,AC7MA
W7W/KG-062,USA - Washington,WA-King,Dog Mountain,1648,5408,-121.5009,47.6076,-121.5009,47.6076,6,3,01/12/2010,31/12/2099,5,13/07/2023,WW7D
W7W/KG-063,USA - Washington,WA-King,Tinkham Peak West,1645,5397,-121.4546,47.3492,-121.4546,47.3492,6,3,01/12/2010,31/12/2099,26,17/08/2024,KK7LHY
W7W/KG-064,USA - Washington,WA-King,Avalanche Mountain,1640,5380,-121.4304,47.4693,-121.4304,47.4693,6,3,01/12/2010,31/12/2099,2,12/06/2018,KE7JWP
W7W/KG-065,USA - Washington,WA-King,Angeline-Heart,1633,5359,-121.3122,47.577,-121.3122,47.577,6,3,01/12/2010,31/12/2099,2,24/07/2021,K7XH
W7W/KG-066,USA - Washington,WA-King,The Ark,1627,5339,-121.5407,47.5888,-121.5407,47.5888,6,3,01/12/2010,31/12/2099,2,02/06/2023,K7JRO
W7W/KG-067,USA - Washington,WA-King,South Twin Peaks,1623,5325,-121.6036,47.6127,-121.6036,47.6127,6,3,01/12/2010,31/12/2099,0,,
W7W/KG-068,USA - Washington,WA-King,Wild Dare Mountain,1619,5311,-121.4822,47.496,-121.4822,47.496,6,3,01/12/2010,31/12/2099,0,,
W7W/KG-069,USA - Washington,WA-King,Mile High,1615,5300,-121.424,47.5896,-121.424,47.5896,6,3,01/12/2010,31/12/2099,0,,
W7W/KG-070,USA - Washington,WA-King,Cleveland Mountain,1615,5300,-121.4245,47.6809,-121.4245,47.6809,6,3,01/12/2010,31/12/2099,0,,
W7W/KG-071,USA - Washington,WA-King,Galleon Mountain,1610,5283,-121.4344,47.5382,-121.4344,47.5382,6,3,01/12/2010,31/12/2099,0,,
W7W/KG-072,USA - Washington,WA-King,Sorcery Mountain,1607,5273,-121.4102,47.5353,-121.4102,47.5353,6,3,01/12/2010,31/12/2099,1,25/07/2021,K3OG
W7W/KG-073,USA - Washington,WA-King,Bandera Mountain,1597,5241,-121.5378,47.4154,-121.5378,47.4154,6,3,01/12/2010,31/12/2099,31,30/07/2024,AI7OV
W7W/KG-074,USA - Washington,WA-King,Sawmill Ridge,1587,5207,-121.433,47.151,-121.433,47.151,6,3,01/12/2010,31/12/2099,49,20/08/2024,AI7OV
W7W/KG-075,USA - Washington,WA-King,Boomerang Peak,1580,5185,-121.6136,47.5974,-121.6136,47.5974,6,3,01/12/2010,31/12/2099,1,23/06/2021,N7AKD
W7W/KG-076,USA - Washington,WA-King,Humpback Mountain,1577,5174,-121.4956,47.3733,-121.4956,47.3733,6,3,01/12/2010,31/12/2099,42,06/08/2023,KG7EJT
W7W/KG-077,USA - Washington,WA-King,Floating Rock,1577,5174,-121.4498,47.5473,-121.4498,47.5473,6,3,01/12/2010,31/12/2099,0,,
W7W/KG-078,USA - Washington,WA-King,Guye Peak,1575,5168,-121.4086,47.4419,-121.4086,47.4419,6,3,01/12/2010,31/12/2099,29,28/09/2024,WA7BEN
W7W/KG-079,USA - Washington,WA-King,Bessemer Mountain,1575,5166,-121.6083,47.5604,-121.6083,47.5604,6,3,01/12/2010,31/12/2099,0,,
W7W/KG-080,USA - Washington,WA-King,McClellan Butte,1573,5162,-121.6223,47.4068,-121.6223,47.4068,6,3,01/12/2010,31/12/2099,25,14/10/2024,K7JRO
W7W/KG-081,USA - Washington,WA-King,Mount Phelps,1573,5162,-121.5789,47.6784,-121.5789,47.6784,6,3,01/12/2010,31/12/2099,0,,
W7W/KG-082,USA - Washington,WA-King,Russian Butte,1561,5123,-121.5893,47.4956,-121.5893,47.4956,6,3,01/12/2010,31/12/2099,0,,
W7W/KG-083,USA - Washington,WA-King,Little Bulger,1558,5111,-121.39,47.556,-121.39,47.556,6,3,01/12/2010,31/12/2099,0,,
W7W/KG-084,USA - Washington,WA-King,Pratt Mountain,1554,5099,-121.5264,47.4269,-121.5264,47.4269,6,3,01/12/2010,31/12/2099,15,21/09/2024,KK7LHY
W7W/KG-085,USA - Washington,WA-King,Mount Kent,1551,5087,-121.6179,47.3904,-121.6179,47.3904,6,3,01/12/2010,31/12/2099,5,13/07/2024,KK7LHY
W7W/KG-086,USA - Washington,WA-King,Beckler Peak,1543,5062,-121.2816,47.7357,-121.2816,47.7357,6,3,01/12/2010,31/12/2099,37,11/12/2024,WW7D
W7W/KG-087,USA - Washington,WA-King,Frozen Mountain,1542,5060,-121.5592,47.7446,-121.5592,47.7446,6,3,01/12/2010,31/12/2099,0,,
W7W/KG-088,USA - Washington,WA-King,Sopwith Camel Mountain,1542,5060,-121.0897,47.7085,-121.0897,47.7085,6,3,01/12/2010,31/12/2099,7,16/11/2023,K7JRO
W7W/KG-089,USA - Washington,WA-King,Palmer Mountain,1537,5043,-121.4843,47.7348,-121.4843,47.7348,6,3,01/12/2010,31/12/2099,0,,
W7W/KG-090,USA - Washington,WA-King,Paperboy,1528,5013,-121.6043,47.5869,-121.6043,47.5869,6,3,01/12/2010,31/12/2099,1,23/06/2021,N7AKD
W7W/KG-091,USA - Washington,WA-King,Moolock Mountain,1513,4965,-121.6419,47.5472,-121.6419,47.5472,6,3,01/12/2010,31/12/2099,9,05/12/2021,WX7EMT
W7W/KG-092,USA - Washington,WA-King,West Defiance,1501,4926,-121.633,47.4581,-121.633,47.4581,6,3,01/12/2010,31/12/2099,18,23/12/2024,WA7OOO
W7W/KG-093,USA - Washington,WA-King,Huckleberry Mountain,1494,4903,-121.5624,47.1573,-121.5624,47.1573,4,0,01/12/2010,31/12/2099,10,07/06/2024,KE7JWP
W7W/KG-094,USA - Washington,WA-King,Divide Ridge,1487,4878,-121.5285,47.1485,-121.5285,47.1485,4,0,01/12/2010,31/12/2099,8,19/07/2024,WA7OOO
W7W/KG-095,USA - Washington,WA-King,Mount Teneriffe,1459,4788,-121.6951,47.509,-121.6951,47.509,4,0,01/12/2010,31/12/2099,26,29/06/2024,WA7BEN
W7W/KG-096,USA - Washington,WA-King,Hancocks Comb,1433,4700,-121.6483,47.578,-121.6483,47.578,4,0,01/12/2010,31/12/2099,3,27/06/2023,AI70V
W7W/KG-097,USA - Washington,WA-King,Big Kid,1420,4660,-121.562,47.6384,-121.562,47.6384,4,0,01/12/2010,31/12/2099,0,,
W7W/KG-098,USA - Washington,WA-King,Quartz Mountain,1420,4660,-121.5796,47.5636,-121.5796,47.5636,4,0,01/12/2010,31/12/2099,0,,
W7W/KG-099,USA - Washington,WA-King,Little St. Helens,1397,4582,-121.5403,47.367,-121.5403,47.367,4,0,01/12/2010,31/12/2099,37,12/09/2023,AI7OV
W7W/KG-100,USA - Washington,WA-King,Rumble Mountain,1396,4580,-121.4765,47.2617,-121.4765,47.2617,4,0,01/12/2010,31/12/2099,6,28/09/2024,WW7D
W7W/KG-101,USA - Washington,WA-King,The Pulpit,1379,4523,-121.5518,47.5214,-121.5518,47.5214,4,0,01/12/2010,31/12/2099,0,,
W7W/KG-102,USA - Washington,WA-King,Skyhomelyish Mountain,1370,4494,-121.3637,47.7502,-121.3637,47.7502,4,0,01/12/2010,31/12/2099,1,03/10/2020,KV7DX
W7W/KG-103,USA - Washington,WA-King,Bessequartz,1368,4487,-121.5914,47.5638,-121.5914,47.5638,4,0,01/12/2010,31/12/2099,0,,
W7W/KG-104,USA - Washington,WA-King,Appomattox Spire,1359,4460,-121.6066,47.7363,-121.6066,47.7363,4,0,01/12/2010,31/12/2099,0,,
W7W/KG-105,USA - Washington,WA-King,Mount Gardner,1357,4453,-121.569,47.368,-121.569,47.368,4,0,01/12/2010,31/12/2099,3,28/10/2020,K7JRO
W7W/KG-106,USA - Washington,WA-King,Dandy Peak,1347,4420,-121.364,47.2799,-121.364,47.2799,4,0,01/12/2010,31/12/2099,12,22/03/2023,WW7D
W7W/KG-107,USA - Washington,WA-King,Grass Mountain,1336,4382,-121.7956,47.2038,-121.7956,47.2038,4,0,01/12/2010,31/12/2099,0,,
W7W/KG-108,USA - Washington,WA-King,East Grass Mountain,1319,4329,-121.7119,47.1913,-121.7119,47.1913,4,0,01/12/2010,31/12/2099,1,16/09/2021,N7AKD
W7W/KG-109,USA - Washington,WA-King,Deconstruction Hill,1260,4135,-121.4485,47.2482,-121.4485,47.2482,4,0,01/12/2010,31/12/2099,8,28/09/2024,WW7D
W7W/KG-110,USA - Washington,WA-King,Grass Mountain North,1189,3900,-121.8497,47.2504,-121.8497,47.2504,4,0,01/12/2010,31/12/2099,0,,
W7W/KG-111,USA - Washington,WA-King,Hudson Mountain,1116,3660,-121.8354,47.2753,-121.8354,47.2753,4,0,01/12/2010,31/12/2099,0,,
W7W/KG-112,USA - Washington,WA-King,McDonald Mountain,1088,3570,-121.8286,47.3167,-121.8286,47.3167,4,0,01/12/2010,31/12/2099,2,21/04/2018,K3OG
W7W/KG-113,USA - Washington,WA-King,Rattlesnake Mountain,1067,3500,-121.8037,47.4512,-121.8037,47.4512,4,0,01/12/2010,31/12/2099,81,22/12/2024,WX7EMT
W7W/KG-114,USA - Washington,WA-King,Boise Ridge,969,3180,-121.8923,47.2186,-121.8923,47.2186,2,0,01/12/2010,31/12/2099,1,29/10/2022,KJ7RSX
W7W/KG-115,USA - Washington,WA-King,Tiger Mountain,917,3010,-121.9468,47.4884,-121.9468,47.4884,2,0,01/12/2010,31/12/2099,59,27/02/2024,AI7OV
W7W/KG-116,USA - Washington,WA-King,West Tiger Mountain,897,2943,-121.9756,47.5036,-121.9756,47.5036,2,0,01/12/2010,31/12/2099,62,17/08/2024,KA7WYR
W7W/KG-117,USA - Washington,WA-King,Gambol Knob,835,2740,-121.674,47.7744,-121.674,47.7744,2,0,01/12/2010,31/12/2099,2,16/09/2021,WX7EMT
W7W/KG-118,USA - Washington,WA-King,Taylor Mountain,796,2610,-121.8943,47.4545,-121.8943,47.4545,2,0,01/12/2010,31/12/2099,36,04/07/2024,K3OG
W7W/KG-119,USA - Washington,WA-King,Deep Devil,762,2500,-121.7199,47.6767,-121.7199,47.6767,2,0,01/12/2010,31/12/2099,24,14/01/2024,KG7EJT
W7W/KG-120,USA - Washington,WA-King,Lynch the Devil,652,2140,-121.718,47.7121,-121.718,47.7121,2,0,01/12/2010,31/12/2099,10,02/01/2024,AI7OV
W7W/KG-121,USA - Washington,WA-King,South Tiger Mountain,618,2028,-121.9612,47.4617,-121.9612,47.4617,2,0,01/12/2010,31/12/2099,91,04/01/2025,KG7EJT
W7W/KG-122,USA - Washington,WA-King,Squak Mountain,617,2024,-122.047,47.5042,-122.047,47.5042,2,0,01/12/2010,31/12/2099,123,20/12/2024,K7JRO
W7W/KG-123,USA - Washington,WA-King,Black Devil,616,2020,-121.7265,47.6526,-121.7265,47.6526,2,0,01/12/2010,31/12/2099,18,06/02/2024,AI7OV
W7W/KG-124,USA - Washington,WA-King,Fuller Mountain,573,1880,-121.7462,47.5859,-121.7462,47.5859,2,0,01/12/2010,31/12/2099,21,12/03/2024,AI7OV
W7W/KG-125,USA - Washington,WA-King,Lions Mane,567,1860,-121.7187,47.6192,-121.7187,47.6192,2,0,01/12/2010,31/12/2099,18,23/04/2024,AI7OV
W7W/KG-126,USA - Washington,WA-King,Pinnacle Peak,549,1801,-121.9734,47.1738,-121.9734,47.1738,2,0,01/12/2010,31/12/2099,59,03/01/2025,WX7EMT
W7W/KG-127,USA - Washington,WA-King,St. Paddys Peak,527,1730,-121.8931,47.3015,-121.8931,47.3015,2,0,01/12/2010,31/12/2099,0,,
W7W/KG-128,USA - Washington,WA-King,Tokul Hills North,525,1722,-121.7626,47.6659,-121.7626,47.6659,2,0,01/12/2010,31/12/2099,17,06/02/2024,AI7OV
W7W/KG-129,USA - Washington,WA-King,1710 Extra Class Mtn,521,1710,-121.7772,47.6729,-121.7772,47.6729,2,0,01/12/2010,31/12/2099,7,19/03/2024,AI7OV
W7W/KG-130,USA - Washington,WA-King,1690 Hellschreiber Pk,515,1690,-121.774,47.6875,-121.774,47.6875,2,0,01/12/2010,31/12/2099,13,19/03/2024,AI7OV
W7W/KG-131,USA - Washington,WA-King,Baldy Hill,507,1664,-121.9502,47.1834,-121.9502,47.1834,2,0,01/12/2010,31/12/2099,2,27/08/2011,K7ASQ
W7W/KG-132,USA - Washington,WA-King,Wilderness Peak,487,1597,-122.0933,47.5201,-122.0933,47.5201,1,0,01/12/2010,31/12/2099,89,01/01/2025,W7GE
W7W/KG-133,USA - Washington,WA-King,Cumbersome Hill,472,1550,-121.9154,47.2793,-121.9154,47.2793,1,0,01/12/2010,31/12/2099,0,,
W7W/KG-134,USA - Washington,WA-King,Little Si,463,1519,-121.756,47.4987,-121.756,47.4987,1,0,01/12/2010,30/11/2016,11,27/03/2016,KG7EJT
W7W/KG-135,USA - Washington,WA-King,Sugarloaf Mountain,454,1490,-121.904,47.3513,-121.904,47.3513,1,0,01/12/2010,31/12/2099,1,19/05/2020,K3OG
W7W/KG-136,USA - Washington,WA-King,Bayne Existence,448,1470,-121.9158,47.2976,-121.9158,47.2976,1,0,01/12/2010,31/12/2099,0,,
W7W/KG-137,USA - Washington,WA-King,North Grand Ridge,433,1422,-121.9624,47.5495,-121.9624,47.5495,1,0,01/12/2010,31/12/2099,37,01/01/2025,KA7WYR
W7W/KG-138,USA - Washington,WA-King,1410 Frequency Peak,430,1410,-121.8273,47.7272,-121.8273,47.7272,1,0,01/12/2010,31/12/2099,19,03/02/2024,WA7BEN
W7W/KG-139,USA - Washington,WA-King,Black Diamond Hill,387,1270,-121.9678,47.3156,-121.9678,47.3156,1,0,01/12/2010,31/12/2099,0,,
W7W/KG-140,USA - Washington,WA-King,Mudbog Hill,381,1250,-121.9618,47.3459,-121.9618,47.3459,1,0,01/12/2010,31/12/2099,1,23/01/2016,W7XH
W7W/KG-141,USA - Washington,WA-King,1090 Mt Electric,332,1090,-121.8625,47.7394,-121.8625,47.7394,1,0,01/12/2010,31/12/2099,44,23/11/2024,KC7EPG
W7W/KG-142,USA - Washington,WA-King,Union Hill,204,670,-121.9851,47.6626,-121.9851,47.6626,1,0,01/12/2010,31/12/2099,57,12/09/2024,VE6VID/W7
W7W/KG-143,USA - Washington,WA-King,Maury Island,150,492,-122.4141,47.3798,-122.4141,47.3798,1,0,01/12/2016,31/12/2099,26,30/12/2024,KM6SJO
W7W/KG-144,USA - Washington,WA-King,Overcoat Peak,2265,7432,-121.2921,47.5139,-121.2921,47.5139,8,3,01/12/2016,31/12/2099,0,,
W7W/KG-145,USA - Washington,WA-King,Canoe Peak,1739,5706,-121.4799,47.6512,-121.4799,47.6512,6,3,01/12/2016,31/12/2099,1,25/06/2024,K7JRO
W7W/KG-146,USA - Washington,WA-King,Bearscout Peak,1591,5220,-121.4994,47.349,-121.4994,47.349,6,3,01/12/2016,31/12/2099,15,08/07/2023,WU7H
W7W/KG-147,USA - Washington,WA-King,Colquhoun Peak,1577,5173,-121.4615,47.129,-121.4615,47.129,6,3,01/12/2016,31/12/2099,38,20/08/2024,AI7OV
W7W/KG-148,USA - Washington,WA-King,Psilocybin Hill,1564,5130,-121.4843,47.3025,-121.4843,47.3025,6,3,01/12/2016,31/12/2099,0,,
W7W/KG-149,USA - Washington,WA-King,Paranoia Peak,1558,5112,-121.543,47.2856,-121.543,47.2856,6,3,01/12/2016,31/12/2099,0,,
W7W/KG-150,USA - Washington,WA-King,4759,1451,4759,-121.5855,47.3101,-121.5855,47.3101,4,0,01/12/2016,31/12/2099,0,,
W7W/KG-151,USA - Washington,WA-King,Cougar Mountain,1373,4504,-121.641,47.2654,-121.641,47.2654,4,0,01/12/2016,31/12/2099,0,,
W7W/KG-152,USA - Washington,WA-King,4500,1372,4500,-121.6268,47.2878,-121.6268,47.2878,4,0,01/12/2016,31/12/2099,0,,
W7W/KG-153,USA - Washington,WA-King,Mount Lindsay,1335,4380,-121.6823,47.3336,-121.6823,47.3336,4,0,01/12/2016,31/12/2099,0,,
W7W/KG-154,USA - Washington,WA-King,High Devil,1335,4380,-121.6314,47.6863,-121.6314,47.6863,4,0,01/12/2016,31/12/2099,0,,
W7W/KG-155,USA - Washington,WA-King,4140,1262,4140,-121.752,47.3859,-121.752,47.3859,4,0,01/12/2016,31/12/2099,0,,
W7W/KG-156,USA - Washington,WA-King,Rooster Comb Mountain,1252,4107,-121.5731,47.2501,-121.5731,47.2501,4,0,01/12/2016,31/12/2099,0,,
W7W/KG-157,USA - Washington,WA-King,4060,1237,4060,-121.7341,47.3681,-121.7341,47.3681,4,0,01/12/2016,31/12/2099,0,,
W7W/KG-158,USA - Washington,WA-King,3115,949,3115,-121.6981,47.2446,-121.6981,47.2446,2,0,01/12/2016,31/12/2099,0,,
W7W/KG-159,USA - Washington,WA-King,Little Mountain,906,2972,-121.6725,47.3715,-121.6725,47.3715,2,0,01/12/2016,31/12/2099,0,,
W7W/KG-160,USA - Washington,WA-King,2713,827,2713,-121.7597,47.3064,-121.7597,47.3064,2,0,01/12/2016,31/12/2099,0,,
W7W/KG-161,USA - Washington,WA-King,Lookout Mountain,677,2220,-121.8418,47.414,-121.8418,47.414,2,0,01/12/2016,31/12/2099,0,,
W7W/KG-162,USA - Washington,WA-King,Radio Hill,594,1950,-121.9039,47.1868,-121.9039,47.1868,2,0,01/12/2016,31/12/2099,0,,
W7W/LC-001,USA - Washington,WA-Lower Columbia,Mount Saint Helens,2550,8365,-122.1944,46.1911,-122.1944,46.1911,10,3,01/12/2010,31/12/2099,52,23/09/2024,KJ7LLS
W7W/LC-002,USA - Washington,WA-Lower Columbia,Lemei Rock,1806,5925,-121.7599,46.0185,-121.7599,46.0185,6,3,01/12/2010,31/12/2099,4,14/09/2024,K7WXW
W7W/LC-003,USA - Washington,WA-Lower Columbia,Sunrise Peak,1796,5892,-121.759,46.3327,-121.759,46.3327,6,3,01/12/2010,31/12/2099,5,13/08/2023,K7AMM
W7W/LC-004,USA - Washington,WA-Lower Columbia,Mount Whittier,1793,5883,-122.1332,46.3256,-122.1332,46.3256,6,3,01/12/2010,31/12/2099,1,17/08/2016,NS0TA
W7W/LC-005,USA - Washington,WA-Lower Columbia,McCoy Peak,1785,5856,-121.8242,46.33,-121.8242,46.33,6,3,01/12/2010,31/12/2099,0,,
W7W/LC-006,USA - Washington,WA-Lower Columbia,Mount Venus,1774,5820,-122.162,46.3427,-122.162,46.3427,6,3,01/12/2010,31/12/2099,0,,
W7W/LC-007,USA - Washington,WA-Lower Columbia,Jumbo Peak,1768,5801,-121.7683,46.3092,-121.7683,46.3092,6,3,01/12/2010,31/12/2099,4,13/08/2023,K7AMM
W7W/LC-008,USA - Washington,WA-Lower Columbia,Coldwater Peak,1750,5740,-122.1817,46.3,-122.1817,46.3,6,3,01/12/2010,31/12/2099,10,02/08/2023,KD7QOW
W7W/LC-009,USA - Washington,WA-Lower Columbia,Strawberry Mountain,1749,5739,-122.036,46.3838,-122.036,46.3838,6,3,01/12/2010,31/12/2099,1,22/07/2023,KD7QOW
W7W/LC-010,USA - Washington,WA-Lower Columbia,Blue Lake Ridge,1749,5738,-121.6919,46.3786,-121.6919,46.3786,6,3,01/12/2010,31/12/2099,0,,
W7W/LC-011,USA - Washington,WA-Lower Columbia,Craggy Peak,1750,5740,-121.8572,46.2634,-121.8572,46.2634,6,3,01/12/2010,31/12/2099,2,02/08/2015,KG7MZ
W7W/LC-012,USA - Washington,WA-Lower Columbia,Bird Mountain,1739,5706,-121.7809,46.0393,-121.7809,46.0393,6,3,01/12/2010,31/12/2099,3,14/09/2024,KD7QOW
W7W/LC-013,USA - Washington,WA-Lower Columbia,Badger Peak,1726,5664,-121.8942,46.2833,-121.8942,46.2833,6,3,01/12/2010,31/12/2099,2,03/11/2012,KK7DS
W7W/LC-014,USA - Washington,WA-Lower Columbia,Juniper Peak,1710,5611,-121.7781,46.3681,-121.7781,46.3681,6,3,01/12/2010,31/12/2099,1,26/07/2023,KD7QOW
W7W/LC-015,USA - Washington,WA-Lower Columbia,Minnie Peak,1710,5610,-122.1897,46.3277,-122.1897,46.3277,6,3,01/12/2010,31/12/2099,0,,
W7W/LC-016,USA - Washington,WA-Lower Columbia,Kirk Rock,1706,5597,-121.8786,46.2714,-121.8786,46.2714,6,3,01/12/2010,31/12/2099,0,,
W7W/LC-017,USA - Washington,WA-Lower Columbia,Hat Rock,1697,5569,-121.8192,46.2668,-121.8192,46.2668,6,3,01/12/2010,31/12/2099,1,02/10/2021,N7KOM
W7W/LC-018,USA - Washington,WA-Lower Columbia,Strawberry Benchmark,1664,5460,-122.0458,46.3402,-122.0458,46.3402,6,3,01/12/2010,31/12/2099,1,18/08/2016,NS0TA
W7W/LC-019,USA - Washington,WA-Lower Columbia,Snagtooth Mountain,1659,5443,-121.82,46.2558,-121.82,46.2558,6,3,01/12/2010,31/12/2099,1,02/10/2021,N7KOM
W7W/LC-020,USA - Washington,WA-Lower Columbia,Steamboat Mountain,1653,5424,-121.728,46.1383,-121.728,46.1383,6,3,01/12/2010,31/12/2099,25,12/10/2024,ND7Y
W7W/LC-021,USA - Washington,WA-Lower Columbia,Goat Mountain,1652,5420,-122.1021,46.3637,-122.1021,46.3637,6,3,01/12/2010,31/12/2099,3,19/08/2016,NS0TA
W7W/LC-022,USA - Washington,WA-Lower Columbia,Gifford Peak,1636,5368,-121.8049,45.9819,-121.8049,45.9819,6,3,01/12/2010,31/12/2099,9,08/09/2024,NS0TA
W7W/LC-023,USA - Washington,WA-Lower Columbia,Black Mountain,1628,5340,-122.1863,46.3585,-122.1863,46.3585,6,3,01/12/2010,31/12/2099,0,,
W7W/LC-024,USA - Washington,WA-Lower Columbia,French Butte,1617,5306,-121.9272,46.3467,-121.9272,46.3467,6,3,01/12/2010,31/12/2099,4,27/07/2024,KD7QOW
W7W/LC-025,USA - Washington,WA-Lower Columbia,East Crater,1615,5297,-121.7862,45.9982,-121.7862,45.9982,6,3,01/12/2010,31/12/2099,8,07/09/2024,K7WXW
W7W/LC-026,USA - Washington,WA-Lower Columbia,Dark Mountain,1613,5293,-121.7702,46.2769,-121.7702,46.2769,6,3,01/12/2010,31/12/2099,1,02/10/2021,K7AHR
W7W/LC-027,USA - Washington,WA-Lower Columbia,5245 End Fed Pk,1599,5245,-122.1004,46.2994,-122.1004,46.2994,6,3,01/12/2010,31/12/2099,0,,
W7W/LC-028,USA - Washington,WA-Lower Columbia,Quartz Creek Ridge,1599,5245,-121.7514,46.2285,-121.7514,46.2285,6,3,01/12/2010,31/12/2099,4,19/08/2024,KD7QOW
W7W/LC-029,USA - Washington,WA-Lower Columbia,North Quartz Creek Ridge,1597,5238,-121.7275,46.2567,-121.7275,46.2567,6,3,01/12/2010,31/12/2099,4,20/08/2024,KD7QOW
W7W/LC-030,USA - Washington,WA-Lower Columbia,Council Bluff,1579,5180,-121.6378,46.2716,-121.6378,46.2716,6,3,01/12/2010,31/12/2099,7,13/10/2024,KD7LX
W7W/LC-031,USA - Washington,WA-Lower Columbia,Green Mountain,1557,5107,-121.5924,46.3322,-121.5924,46.3322,6,3,01/12/2010,31/12/2099,1,11/08/2023,K7AMM
W7W/LC-032,USA - Washington,WA-Lower Columbia,5060 Full Quieting Mtn,1542,5060,-121.6631,46.099,-121.6631,46.099,6,3,01/12/2010,31/12/2099,4,19/08/2023,K7WXW
W7W/LC-033,USA - Washington,WA-Lower Columbia,5042 Gray-Line Summit,1537,5042,-121.6543,46.3556,-121.6543,46.3556,6,3,01/12/2010,31/12/2099,3,12/08/2023,K7AMM
W7W/LC-034,USA - Washington,WA-Lower Columbia,East Canyon Ridge,1518,4980,-121.6452,46.3035,-121.6452,46.3035,6,3,01/12/2010,31/12/2099,5,11/08/2023,K7AMM
W7W/LC-035,USA - Washington,WA-Lower Columbia,Goat Mountain,1513,4965,-122.3007,46.1637,-122.3007,46.1637,6,3,01/12/2010,31/12/2099,4,05/08/2024,KD7QOW
W7W/LC-036,USA - Washington,WA-Lower Columbia,Red Mountain,1513,4965,-121.8209,45.9349,-121.8209,45.9349,6,3,01/12/2010,31/12/2099,45,24/10/2024,KK7ER
W7W/LC-037,USA - Washington,WA-Lower Columbia,4946 High Pass Mtn,1508,4946,-121.7051,46.3141,-121.7051,46.3141,6,3,01/12/2010,31/12/2099,0,,
W7W/LC-038,USA - Washington,WA-Lower Columbia,4900 CW Ops Pk,1494,4900,-122.2238,46.3363,-122.2238,46.3363,4,0,01/12/2010,31/12/2099,0,,
W7W/LC-039,USA - Washington,WA-Lower Columbia,Spud Hill,1494,4900,-121.7346,46.3447,-121.7346,46.3447,4,0,01/12/2010,31/12/2099,0,,
W7W/LC-040,USA - Washington,WA-Lower Columbia,Lone Butte,1457,4780,-121.8397,46.0546,-121.8397,46.0546,4,0,01/12/2010,31/12/2099,1,25/06/2020,N0SLA
W7W/LC-041,USA - Washington,WA-Lower Columbia,Little Huckleberry Mountain,1451,4761,-121.7047,45.8853,-121.7047,45.8853,4,0,01/12/2010,31/12/2099,16,09/10/2024,WJ7WJ
W7W/LC-042,USA - Washington,WA-Lower Columbia,Spud Mountain,1445,4740,-122.3193,46.2523,-122.3193,46.2523,4,0,01/12/2010,31/12/2099,1,10/09/2023,K7WXW
W7W/LC-043,USA - Washington,WA-Lower Columbia,West Twin Butte,1440,4726,-121.7712,46.1173,-121.7712,46.1173,4,0,01/12/2010,31/12/2099,21,15/09/2024,KK7NLA
W7W/LC-044,USA - Washington,WA-Lower Columbia,4657 Mt Duplex,1419,4657,-122.2177,46.3512,-122.2177,46.3512,4,0,01/12/2010,31/12/2099,0,,
W7W/LC-045,USA - Washington,WA-Lower Columbia,Bismark Mountain,1410,4626,-122.074,46.3053,-122.074,46.3053,4,0,01/12/2010,31/12/2099,0,,
W7W/LC-046,USA - Washington,WA-Lower Columbia,Castle Peak,1408,4621,-122.2974,46.2469,-122.2974,46.2469,4,0,01/12/2010,31/12/2099,3,08/06/2024,WE7CAT
W7W/LC-047,USA - Washington,WA-Lower Columbia,4620 Extra Class Mtn,1408,4620,-122.2648,46.1893,-122.2648,46.1893,4,0,01/12/2010,31/12/2099,1,16/09/2023,K7WXW
W7W/LC-048,USA - Washington,WA-Lower Columbia,Windy Ridge,1405,4608,-122.1239,46.2569,-122.1239,46.2569,4,0,01/12/2010,31/12/2099,4,04/07/2021,KG7EJT
W7W/LC-049,USA - Washington,WA-Lower Columbia,4598 Mt Full Wave,1401,4598,-122.3583,46.1891,-122.3583,46.1891,4,0,01/12/2010,31/12/2099,1,16/09/2023,K7WXW
W7W/LC-050,USA - Washington,WA-Lower Columbia,Squaw Butte,1398,4585,-121.8025,46.1172,-121.8025,46.1172,4,0,01/12/2010,31/12/2099,10,16/09/2024,KK7NLA
W7W/LC-051,USA - Washington,WA-Lower Columbia,4562 Mt Ground Wave,1390,4562,-122.273,46.2224,-122.273,46.2224,4,0,01/12/2010,31/12/2099,1,10/09/2023,K7WXW
W7W/LC-052,USA - Washington,WA-Lower Columbia,West Soda Peaks,1384,4540,-122.0563,45.8831,-122.0563,45.8831,4,0,01/12/2010,31/12/2099,13,14/09/2024,KD7LX
W7W/LC-053,USA - Washington,WA-Lower Columbia,Elk Mountain,1383,4538,-122.4622,46.132,-122.4622,46.132,4,0,01/12/2010,31/12/2099,2,23/09/2023,K7AGL
W7W/LC-054,USA - Washington,WA-Lower Columbia,4500 High Power Mtn,1372,4500,-122.0317,46.2522,-122.0317,46.2522,4,0,01/12/2010,31/12/2099,0,,
W7W/LC-055,USA - Washington,WA-Lower Columbia,Green Lookout Mountain,1354,4442,-122.1244,45.8611,-122.1244,45.8611,4,0,01/12/2010,31/12/2099,3,06/10/2024,KD7QOW
W7W/LC-056,USA - Washington,WA-Lower Columbia,Flattop Mountain,1347,4420,-121.6146,46.0271,-121.6146,46.0271,4,0,01/12/2010,31/12/2099,17,28/09/2024,K7VKK
W7W/LC-057,USA - Washington,WA-Lower Columbia,West Twin Rocks,1341,4398,-122.1007,45.8726,-122.1007,45.8726,4,0,01/12/2010,31/12/2099,3,09/09/2024,KD7QOW
W7W/LC-058,USA - Washington,WA-Lower Columbia,Silver Star Mountain,1338,4390,-122.2389,45.7478,-122.2389,45.7478,4,0,01/12/2010,31/12/2099,72,08/09/2024,WJ7V
W7W/LC-059,USA - Washington,WA-Lower Columbia,Timbered Peak,1335,4381,-122.0518,45.9672,-122.0518,45.9672,4,0,01/12/2010,31/12/2099,8,07/07/2024,KD7QOW
W7W/LC-060,USA - Washington,WA-Lower Columbia,Elk Rock,1335,4380,-122.3466,46.2971,-122.3466,46.2971,4,0,01/12/2010,31/12/2099,8,16/12/2023,K7WXW
W7W/LC-061,USA - Washington,WA-Lower Columbia,Bare Mountain,1329,4360,-122.0717,45.9101,-122.0717,45.9101,4,0,01/12/2010,31/12/2099,7,06/07/2024,KD7QOW
W7W/LC-062,USA - Washington,WA-Lower Columbia,4340 Mt Continuity,1323,4340,-122.1096,45.8432,-122.1096,45.8432,4,0,01/12/2010,31/12/2099,5,29/09/2024,K7AHR
W7W/LC-063,USA - Washington,WA-Lower Columbia,Calamity Peak,1307,4287,-122.1271,45.9162,-122.1271,45.9162,4,0,01/12/2010,31/12/2099,2,06/07/2024,KD7QOW
W7W/LC-064,USA - Washington,WA-Lower Columbia,Sister Rocks,1301,4268,-122.044,45.9352,-122.044,45.9352,4,0,01/12/2010,31/12/2099,11,26/10/2024,KD7LX
W7W/LC-065,USA - Washington,WA-Lower Columbia,Spencer Butte,1294,4247,-121.9416,46.1607,-121.9416,46.1607,4,0,01/12/2010,31/12/2099,4,29/06/2024,KD7QOW
W7W/LC-066,USA - Washington,WA-Lower Columbia,Lookout Mountain,1287,4222,-122.1043,45.7997,-122.1043,45.7997,4,0,01/12/2010,31/12/2099,34,11/11/2024,KD7QOW
W7W/LC-067,USA - Washington,WA-Lower Columbia,4220 D-Layer Mtn,1286,4220,-122.0857,45.8173,-122.0857,45.8173,4,0,01/12/2010,31/12/2099,15,22/09/2024,K7AHR
W7W/LC-068,USA - Washington,WA-Lower Columbia,Big Bull,1283,4208,-122.4056,46.1774,-122.4056,46.1774,4,0,01/12/2010,31/12/2099,3,29/06/2024,K7WXW
W7W/LC-069,USA - Washington,WA-Lower Columbia,Big Huckleberry Mountain,1281,4203,-121.7836,45.8472,-121.7836,45.8472,4,0,01/12/2010,31/12/2099,25,25/06/2024,WJ7WJ
W7W/LC-070,USA - Washington,WA-Lower Columbia,Crater Benchmark,1279,4195,-121.751,45.9109,-121.751,45.9109,4,0,01/12/2010,31/12/2099,1,03/08/2014,K7ATN
W7W/LC-071,USA - Washington,WA-Lower Columbia,4180 Capacitor Pk,1274,4180,-121.788,45.8881,-121.788,45.8881,4,0,01/12/2010,31/12/2099,11,05/10/2024,KD7LX
W7W/LC-072,USA - Washington,WA-Lower Columbia,Peterson Ridge,1274,4180,-121.6408,46.0119,-121.6408,46.0119,4,0,01/12/2010,31/12/2099,5,30/06/2024,KD7LX
W7W/LC-073,USA - Washington,WA-Lower Columbia,Siouxon Peak,1271,4169,-122.1305,45.9925,-122.1305,45.9925,4,0,01/12/2010,31/12/2099,6,03/09/2024,N7LKL
W7W/LC-074,USA - Washington,WA-Lower Columbia,Crazy Hills,1269,4165,-121.858,46.0786,-121.858,46.0786,4,0,01/12/2010,31/12/2099,2,09/08/2024,KD7QOW
W7W/LC-075,USA - Washington,WA-Lower Columbia,Marble Mountain,1255,4116,-122.1291,46.1089,-122.1291,46.1089,4,0,01/12/2010,31/12/2099,1,29/05/2016,NS0TA
W7W/LC-076,USA - Washington,WA-Lower Columbia,Huffman Peak,1252,4106,-122.1627,45.9798,-122.1627,45.9798,4,0,01/12/2010,31/12/2099,4,03/09/2024,N7LKL
W7W/LC-077,USA - Washington,WA-Lower Columbia,4100 Mt Bug,1250,4100,-121.979,46.2271,-121.979,46.2271,4,0,01/12/2010,31/12/2099,0,,
W7W/LC-078,USA - Washington,WA-Lower Columbia,4100 Display Pk,1250,4100,-122.075,46.256,-122.075,46.256,4,0,01/12/2010,31/12/2099,0,,
W7W/LC-079,USA - Washington,WA-Lower Columbia,4100 Circuitboard Mtn,1250,4100,-122.0873,45.8587,-122.0873,45.8587,4,0,01/12/2010,31/12/2099,2,09/09/2024,KD7QOW
W7W/LC-080,USA - Washington,WA-Lower Columbia,4020 Break In Pk,1225,4020,-122.2875,46.132,-122.2875,46.132,4,0,01/12/2010,31/12/2099,12,19/10/2024,K7AGL
W7W/LC-081,USA - Washington,WA-Lower Columbia,Haystack Butte,1225,4020,-121.6138,46.0841,-121.6138,46.0841,4,0,01/12/2010,31/12/2099,3,20/09/2024,KD7LX
W7W/LC-082,USA - Washington,WA-Lower Columbia,Wo-Mann Butte,1213,3980,-121.6609,45.9241,-121.6609,45.9241,4,0,01/12/2010,31/12/2099,1,31/07/2021,K7DAL
W7W/LC-083,USA - Washington,WA-Lower Columbia,Mount Mitchell,1213,3980,-122.1932,46.0309,-122.1932,46.0309,4,0,01/12/2010,31/12/2099,5,21/10/2023,NS0TA
W7W/LC-084,USA - Washington,WA-Lower Columbia,Termination Point,1213,3980,-121.9627,45.9921,-121.9627,45.9921,4,0,01/12/2010,31/12/2099,8,30/06/2024,KD7QOW
W7W/LC-085,USA - Washington,WA-Lower Columbia,3977 Discriminator Pk,1212,3977,-122.2226,45.7609,-122.2226,45.7609,4,0,01/12/2010,31/12/2099,20,25/08/2024,WX7OR
W7W/LC-086,USA - Washington,WA-Lower Columbia,Mann Butte,1212,3976,-121.6432,45.9415,-121.6432,45.9415,4,0,01/12/2010,31/12/2099,1,04/09/2021,K7WXW
W7W/LC-087,USA - Washington,WA-Lower Columbia,3970 Contest Pk,1210,3970,-122.1715,46.0283,-122.1715,46.0283,4,0,01/12/2010,31/12/2099,0,,
W7W/LC-088,USA - Washington,WA-Lower Columbia,McKinley Ridge,1206,3957,-122.1702,45.7919,-122.1702,45.7919,4,0,01/12/2010,31/12/2099,18,03/10/2024,KK7NLA
W7W/LC-089,USA - Washington,WA-Lower Columbia,Saturday Rock,1201,3940,-122.163,45.8512,-122.163,45.8512,4,0,01/12/2010,31/12/2099,9,06/10/2024,KD7QOW
W7W/LC-090,USA - Washington,WA-Lower Columbia,Lakeview Peak,1179,3868,-122.4028,46.0676,-122.4028,46.0676,4,0,01/12/2010,31/12/2099,5,04/02/2024,K7AGL
W7W/LC-091,USA - Washington,WA-Lower Columbia,3860 Mt Binary,1177,3860,-122.4316,46.1681,-122.4316,46.1681,4,0,01/12/2010,31/12/2099,3,29/06/2024,K7WXW
W7W/LC-092,USA - Washington,WA-Lower Columbia,3844 Aurora Mtn,1172,3844,-122.2391,46.1341,-122.2391,46.1341,4,0,01/12/2010,31/12/2099,10,19/10/2024,K7AGL
W7W/LC-093,USA - Washington,WA-Lower Columbia,Rock Point,1164,3820,-121.9854,45.9669,-121.9854,45.9669,4,0,01/12/2010,31/12/2099,4,01/07/2023,WJ7WJ
W7W/LC-094,USA - Washington,WA-Lower Columbia,Birkenfeld Mountain,1152,3780,-122.0026,45.7161,-122.0026,45.7161,4,0,01/12/2010,31/12/2099,21,28/07/2024,K7VKK
W7W/LC-095,USA - Washington,WA-Lower Columbia,Quartz Creek Butte,1134,3719,-121.7929,46.1981,-121.7929,46.1981,4,0,01/12/2010,31/12/2099,1,03/10/2021,K7AHR
W7W/LC-096,USA - Washington,WA-Lower Columbia,3685 Condenser Mtn,1123,3685,-122.1385,45.9006,-122.1385,45.9006,4,0,01/12/2010,31/12/2099,2,27/10/2024,KD7QOW
W7W/LC-097,USA - Washington,WA-Lower Columbia,Augspurger Mountain,1118,3668,-121.7098,45.7532,-121.7098,45.7532,4,0,01/12/2010,31/12/2099,11,06/07/2024,K7WXW
W7W/LC-098,USA - Washington,WA-Lower Columbia,3660 Attenuator Pk,1116,3660,-122.1497,46.0081,-122.1497,46.0081,4,0,01/12/2010,31/12/2099,0,,
W7W/LC-099,USA - Washington,WA-Lower Columbia,Butler Butte,1090,3576,-122.4934,46.126,-122.4934,46.126,4,0,01/12/2010,31/12/2099,2,23/09/2023,K7AGL
W7W/LC-100,USA - Washington,WA-Lower Columbia,3566 Mt Diode,1087,3566,-122.4705,46.1844,-122.4705,46.1844,4,0,01/12/2010,31/12/2099,3,29/06/2024,K7WXW
W7W/LC-101,USA - Washington,WA-Lower Columbia,Three Corner Rock,1082,3550,-122.0496,45.7324,-122.0496,45.7324,4,0,01/12/2010,31/12/2099,66,10/11/2024,KD7QOW
W7W/LC-102,USA - Washington,WA-Lower Columbia,3537 Coaxial Mtn,1078,3537,-122.1622,46.1193,-122.1622,46.1193,4,0,01/12/2010,31/12/2099,4,31/12/2024,K7AGL
W7W/LC-103,USA - Washington,WA-Lower Columbia,Larch Mountain,1067,3500,-122.2959,45.7166,-122.2959,45.7166,4,0,01/12/2010,31/12/2099,105,06/12/2024,KX6I
W7W/LC-104,USA - Washington,WA-Lower Columbia,Greenleaf Peak,1043,3422,-121.9669,45.714,-121.9669,45.714,4,0,01/12/2010,31/12/2099,34,20/07/2024,K7VKK
W7W/LC-105,USA - Washington,WA-Lower Columbia,3420 Mt Beacon,1042,3420,-122.3975,46.135,-122.3975,46.135,4,0,01/12/2010,31/12/2099,3,29/06/2024,K7WXW
W7W/LC-106,USA - Washington,WA-Lower Columbia,Big Butte,1042,3420,-121.9401,45.8761,-121.9401,45.8761,4,0,01/12/2010,31/12/2099,13,13/07/2024,KD7LX
W7W/LC-107,USA - Washington,WA-Lower Columbia,Middle Butte,1042,3420,-121.9292,45.9217,-121.9292,45.9217,4,0,01/12/2010,31/12/2099,11,30/09/2023,KD7LX
W7W/LC-108,USA - Washington,WA-Lower Columbia,3387 Mt Astronaut,1032,3387,-122.4615,46.1066,-122.4615,46.1066,4,0,01/12/2010,31/12/2099,2,23/09/2023,K7AGL
W7W/LC-109,USA - Washington,WA-Lower Columbia,3321 Mt Digital,1012,3321,-122.0617,46.1427,-122.0617,46.1427,4,0,01/12/2010,31/12/2099,1,24/07/2022,ND7Y
W7W/LC-110,USA - Washington,WA-Lower Columbia,Signal Peak,1002,3286,-122.5515,46.2857,-122.5515,46.2857,4,0,01/12/2010,31/12/2099,2,10/09/2023,K7WXW
W7W/LC-111,USA - Washington,WA-Lower Columbia,Cooney Benchmark,992,3253,-122.2657,46.0021,-122.2657,46.0021,2,0,01/12/2010,31/12/2099,0,,
W7W/LC-112,USA - Washington,WA-Lower Columbia,3217 Bandwidth Mtn,981,3217,-122.4203,46.0245,-122.4203,46.0245,2,0,01/12/2010,31/12/2099,12,23/02/2024,NS0TA
W7W/LC-113,USA - Washington,WA-Lower Columbia,3053 ARRL Summit,931,3053,-122.4015,46.3455,-122.4015,46.3455,2,0,01/12/2010,31/12/2099,2,16/03/2024,K7AGL
W7W/LC-114,USA - Washington,WA-Lower Columbia,3038 DiDahDit Mtn,926,3038,-122.0899,46.0852,-122.0899,46.0852,2,0,01/12/2010,31/12/2099,0,,
W7W/LC-115,USA - Washington,WA-Lower Columbia,3020 Clarifier Pk,920,3020,-121.8649,45.8814,-121.8649,45.8814,2,0,01/12/2010,31/12/2099,5,29/11/2024,KD7QOW
W7W/LC-116,USA - Washington,WA-Lower Columbia,Wolf Point,913,2996,-122.5801,46.2118,-122.5801,46.2118,2,0,01/12/2010,31/12/2099,2,10/02/2024,K7AGL
W7W/LC-117,USA - Washington,WA-Lower Columbia,Green Knob,903,2964,-122.2571,45.9011,-122.2571,45.9011,2,0,01/12/2010,31/12/2099,0,,
W7W/LC-118,USA - Washington,WA-Lower Columbia,Davis Peak,901,2955,-122.5966,45.9933,-122.5966,45.9933,2,0,01/12/2010,31/12/2099,35,17/09/2023,NS0TA
W7W/LC-119,USA - Washington,WA-Lower Columbia,Dog Mountain,899,2948,-121.701,45.717,-121.701,45.717,2,0,01/12/2010,31/12/2099,38,22/03/2024,NA7EE
W7W/LC-120,USA - Washington,WA-Lower Columbia,Trout Creek Hill,896,2940,-121.9953,45.8367,-121.9953,45.8367,2,0,01/12/2010,31/12/2099,22,16/08/2024,W7PCT
W7W/LC-121,USA - Washington,WA-Lower Columbia,Hauk Butte,884,2900,-121.6788,45.7787,-121.6788,45.7787,2,0,01/12/2010,31/12/2099,3,20/07/2022,WJ7WJ
W7W/LC-122,USA - Washington,WA-Lower Columbia,Jack Mountain,860,2820,-122.2507,45.8399,-122.2507,45.8399,2,0,01/12/2010,31/12/2099,0,,
W7W/LC-123,USA - Washington,WA-Lower Columbia,Underwood Mountain,840,2755,-121.5811,45.7459,-121.5811,45.7459,2,0,01/12/2010,31/12/2099,4,10/05/2023,NS0TA
W7W/LC-124,USA - Washington,WA-Lower Columbia,Georges Peak,835,2740,-122.5497,46.1024,-122.5497,46.1024,2,0,01/12/2010,31/12/2099,2,23/09/2023,K7AGL
W7W/LC-125,USA - Washington,WA-Lower Columbia,2700 Circuit Pk,823,2700,-121.8927,45.8404,-121.8927,45.8404,2,0,01/12/2010,31/12/2099,2,27/04/2023,WJ7WJ
W7W/LC-126,USA - Washington,WA-Lower Columbia,Shingle Mountain,823,2700,-121.668,45.8084,-121.668,45.8084,2,0,01/12/2010,31/12/2099,3,24/03/2022,WJ7WJ
W7W/LC-127,USA - Washington,WA-Lower Columbia,Baird Mountain,821,2692,-122.6181,46.1922,-122.6181,46.1922,2,0,01/12/2010,31/12/2099,2,10/02/2024,K7AGL
W7W/LC-128,USA - Washington,WA-Lower Columbia,2643 Bandplan Pk,806,2643,-123.1774,46.3258,-123.1774,46.3258,2,0,01/12/2010,31/12/2099,0,,
W7W/LC-129,USA - Washington,WA-Lower Columbia,Abernathy Mountain,799,2620,-123.0964,46.3355,-123.0964,46.3355,2,0,01/12/2010,31/12/2099,0,,
W7W/LC-130,USA - Washington,WA-Lower Columbia,Goble Mountain,794,2604,-122.6772,46.1223,-122.6772,46.1223,2,0,01/12/2010,31/12/2099,2,25/11/2023,K7AGL
W7W/LC-131,USA - Washington,WA-Lower Columbia,Nineteen Mountain,774,2540,-122.6205,46.1304,-122.6205,46.1304,2,0,01/12/2010,31/12/2099,3,25/11/2023,K7AGL
W7W/LC-132,USA - Washington,WA-Lower Columbia,Baldy Mountain,762,2500,-122.6979,46.0928,-122.6979,46.0928,2,0,01/12/2010,31/12/2099,2,18/02/2024,K7AGL
W7W/LC-133,USA - Washington,WA-Lower Columbia,2466 Amplifier Pk,752,2466,-122.3831,46.1111,-122.3831,46.1111,2,0,01/12/2010,31/12/2099,3,29/06/2024,K7WXW
W7W/LC-134,USA - Washington,WA-Lower Columbia,Bunker Hill,738,2420,-121.9316,45.818,-121.9316,45.818,2,0,01/12/2010,31/12/2099,22,29/11/2024,KD7QOW
W7W/LC-135,USA - Washington,WA-Lower Columbia,Pilot Knob,689,2260,-121.8857,45.8015,-121.8857,45.8015,2,0,01/12/2010,31/12/2099,5,24/12/2023,KD7QOW
W7W/LC-136,USA - Washington,WA-Lower Columbia,Bells Mountain,678,2223,-122.3917,45.8136,-122.3917,45.8136,2,0,01/12/2010,31/12/2099,75,10/12/2024,KX6I
W7W/LC-137,USA - Washington,WA-Lower Columbia,2220 Mt Dial,677,2220,-123.3407,46.3345,-123.3407,46.3345,2,0,01/12/2010,31/12/2099,0,,
W7W/LC-138,USA - Washington,WA-Lower Columbia,Meridian Mountain,664,2180,-122.7368,46.2101,-122.7368,46.2101,2,0,01/12/2010,31/12/2099,2,10/02/2024,K7AGL
W7W/LC-139,USA - Washington,WA-Lower Columbia,Bobs Mountain,643,2110,-122.1845,45.6512,-122.1845,45.6512,2,0,01/12/2010,31/12/2099,24,09/12/2024,KX6I
W7W/LC-140,USA - Washington,WA-Lower Columbia,Green Mountain,628,2062,-122.4542,45.9608,-122.4542,45.9608,2,0,01/12/2010,31/12/2099,1,23/03/2013,KG7O
W7W/LC-141,USA - Washington,WA-Lower Columbia,2060 Capacitance Pk,628,2060,-122.6523,46.1855,-122.6523,46.1855,2,0,01/12/2010,31/12/2099,2,10/02/2024,K7AGL
W7W/LC-142,USA - Washington,WA-Lower Columbia,North Green Mountain,619,2030,-122.7733,46.0146,-122.7733,46.0146,2,0,01/12/2010,31/12/2099,26,01/01/2025,KC7EPG
W7W/LC-143,USA - Washington,WA-Lower Columbia,Tumtum Mountain,611,2004,-122.3369,45.9342,-122.3369,45.9342,2,0,01/12/2010,31/12/2099,2,07/05/2017,NS0TA
W7W/LC-144,USA - Washington,WA-Lower Columbia,Smith Mountain,600,1967,-122.74,46.1524,-122.74,46.1524,2,0,01/12/2010,31/12/2099,3,10/04/2024,NS0TA
W7W/LC-145,USA - Washington,WA-Lower Columbia,Grays River Divide,591,1940,-123.4709,46.37,-123.4709,46.37,2,0,01/12/2010,31/12/2099,1,19/08/2024,AK7U
W7W/LC-146,USA - Washington,WA-Lower Columbia,Wind Mountain,581,1907,-121.7557,45.7098,-121.7557,45.7098,2,0,01/12/2010,31/12/2099,103,15/12/2024,KD7LX
W7W/LC-147,USA - Washington,WA-Lower Columbia,Crown Point,555,1820,-123.348,46.2805,-123.348,46.2805,2,0,01/12/2010,31/12/2099,0,,
W7W/LC-148,USA - Washington,WA-Lower Columbia,Yacolt Mountain,546,1790,-122.4526,45.8607,-122.4526,45.8607,2,0,01/12/2010,31/12/2099,3,15/01/2024,KJ7VDP
W7W/LC-149,USA - Washington,WA-Lower Columbia,1660 Bandpass Mtn,506,1660,-123.0141,46.362,-123.0141,46.362,2,0,01/12/2010,31/12/2099,0,,
W7W/LC-150,USA - Washington,WA-Lower Columbia,1660 Amateur Radio Pk,506,1660,-122.3664,46.0126,-122.3664,46.0126,2,0,01/12/2010,31/12/2099,0,,
W7W/LC-151,USA - Washington,WA-Lower Columbia,Bald Mountain,473,1552,-122.5731,45.9192,-122.5731,45.9192,1,0,01/12/2010,31/12/2099,0,,
W7W/LC-152,USA - Washington,WA-Lower Columbia,1510 Deviation Mtn,460,1510,-123.3166,46.1795,-123.3166,46.1795,1,0,01/12/2010,31/12/2099,1,25/04/2019,K9WBZ
W7W/LC-153,USA - Washington,WA-Lower Columbia,Elk Mountain,459,1505,-123.5509,46.3278,-123.5509,46.3278,1,0,01/12/2010,31/12/2099,0,,
W7W/LC-154,USA - Washington,WA-Lower Columbia,Biddle Butte,445,1460,-122.208,45.5805,-122.208,45.5805,1,0,01/12/2010,31/12/2099,4,01/01/2024,K7AGL
W7W/LC-155,USA - Washington,WA-Lower Columbia,Speelyai Ridge,420,1378,-122.3957,45.9848,-122.3957,45.9848,1,0,01/12/2010,31/12/2099,0,,
W7W/LC-156,USA - Washington,WA-Lower Columbia,1340 Callsign Hill,408,1340,-122.3395,45.9806,-122.3395,45.9806,1,0,01/12/2010,31/12/2099,2,29/11/2019,KF7UOQ
W7W/LC-157,USA - Washington,WA-Lower Columbia,Altoona Hill,373,1225,-123.6302,46.2769,-123.6302,46.2769,1,0,01/12/2010,31/12/2099,0,,
W7W/LC-158,USA - Washington,WA-Lower Columbia,1140 Backscatter Hill,347,1140,-122.3669,45.9408,-122.3669,45.9408,1,0,01/12/2010,31/12/2099,0,,
W7W/LC-159,USA - Washington,WA-Lower Columbia,Hogans Hill,335,1100,-123.4311,46.2763,-123.4311,46.2763,1,0,01/12/2010,31/12/2099,0,,
W7W/LC-160,USA - Washington,WA-Lower Columbia,Lutes Mountain,335,1100,-123.4884,46.2814,-123.4884,46.2814,1,0,01/12/2010,31/12/2099,0,,
W7W/LC-161,USA - Washington,WA-Lower Columbia,1030 Activator Hill,314,1030,-122.858,46.1241,-122.858,46.1241,1,0,01/12/2010,31/12/2099,0,,
W7W/LC-162,USA - Washington,WA-Lower Columbia,Wilkes Hills,265,870,-122.8854,46.3496,-122.8854,46.3496,1,0,01/12/2010,31/12/2099,2,16/03/2024,NS0TA
W7W/LC-163,USA - Washington,WA-Lower Columbia,Beacon Rock,262,860,-122.0208,45.6277,-122.0208,45.6277,1,0,01/12/2010,31/12/2099,52,19/12/2024,KX6I
W7W/LC-164,USA - Washington,WA-Lower Columbia,Prune Hill,233,765,-122.4386,45.5884,-122.4386,45.5884,1,0,01/12/2010,31/12/2099,123,04/01/2025,N7TRX
W7W/LC-165,USA - Washington,WA-Lower Columbia,Mount Solo,174,570,-122.996,46.1523,-122.996,46.1523,1,0,01/12/2010,31/12/2099,0,,
W7W/LC-166,USA - Washington,WA-Lower Columbia,Sawtooth Mountain,1632,5353,-121.7717,46.07,-121.7717,46.07,6,3,01/12/2016,31/12/2099,7,08/10/2024,KK7ER
W7W/LC-167,USA - Washington,WA-Lower Columbia,3127,953,3127,-121.7658,46.1873,-121.7658,46.1873,2,0,01/12/2016,31/12/2099,0,,
W7W/LC-168,USA - Washington,WA-Lower Columbia,1980,604,1980,-122.2899,45.9641,-122.2899,45.9641,2,0,01/12/2016,31/12/2099,0,,
W7W/LC-169,USA - Washington,WA-Lower Columbia,1478,450,1478,-122.3268,45.9537,-122.3268,45.9537,1,0,01/12/2016,31/12/2099,0,,
W7W/MC-001,USA - Washington,WA-Middle Columbia,Mount Adams,3742,12276,-121.4906,46.2025,-121.4906,46.2025,10,3,01/12/2010,31/12/2099,23,28/06/2023,K7AGL
W7W/MC-002,USA - Washington,WA-Middle Columbia,Tieton Peak,2368,7768,-121.3947,46.5119,-121.3947,46.5119,8,3,01/12/2010,31/12/2099,2,15/07/2024,KL0NP
W7W/MC-003,USA - Washington,WA-Middle Columbia,Mount Aix,2367,7766,-121.2558,46.7951,-121.2558,46.7951,8,3,01/12/2010,31/12/2099,2,14/07/2017,KG7NFZ
W7W/MC-004,USA - Washington,WA-Middle Columbia,Bismarck Peak,2312,7585,-121.2739,46.7656,-121.2739,46.7656,8,3,01/12/2010,31/12/2099,1,14/07/2022,AF7GL
W7W/MC-005,USA - Washington,WA-Middle Columbia,Goat Butte,2281,7484,-121.4259,46.2078,-121.4259,46.2078,8,3,01/12/2010,31/12/2099,0,,
W7W/MC-006,USA - Washington,WA-Middle Columbia,Bear Creek Mountain,2236,7337,-121.3449,46.5278,-121.3449,46.5278,8,3,01/12/2010,31/12/2099,7,16/07/2024,KL0NP
W7W/MC-007,USA - Washington,WA-Middle Columbia,Nelson Butte,2188,7180,-121.205,46.8236,-121.205,46.8236,8,3,01/12/2010,31/12/2099,0,,
W7W/MC-008,USA - Washington,WA-Middle Columbia,7146 West Nelson Butte,2178,7146,-121.2327,46.8184,-121.2327,46.8184,8,3,01/12/2010,31/12/2099,1,27/06/2012,W7/HG1DUL
W7W/MC-009,USA - Washington,WA-Middle Columbia,Buffalo Hump,2128,6980,-121.2373,46.8533,-121.2373,46.8533,8,3,01/12/2010,31/12/2099,1,01/10/2022,AF7GL
W7W/MC-010,USA - Washington,WA-Middle Columbia,Darland Mountain,2128,6981,-121.2099,46.5138,-121.2099,46.5138,8,3,01/12/2010,31/12/2099,7,24/07/2022,AF7GL
W7W/MC-011,USA - Washington,WA-Middle Columbia,American Ridge,2128,6980,-121.3747,46.8746,-121.3747,46.8746,8,3,01/12/2010,31/12/2099,0,,
W7W/MC-012,USA - Washington,WA-Middle Columbia,West Fifes Ridge,2115,6940,-121.3373,46.982,-121.3373,46.982,8,3,01/12/2010,31/12/2099,1,21/08/2022,AF7GL
W7W/MC-013,USA - Washington,WA-Middle Columbia,6935 Kettle Point,2114,6935,-121.3631,46.891,-121.3631,46.891,8,3,01/12/2010,31/12/2099,0,,
W7W/MC-014,USA - Washington,WA-Middle Columbia,Divide Ridge,2103,6900,-121.1622,46.5581,-121.1622,46.5581,8,3,01/12/2010,31/12/2099,1,04/09/2022,AF7GL
W7W/MC-015,USA - Washington,WA-Middle Columbia,North Rattlesnake Peaks,2088,6850,-121.2487,46.7522,-121.2487,46.7522,8,3,01/12/2010,31/12/2099,0,,
W7W/MC-016,USA - Washington,WA-Middle Columbia,Shellrock Peak,2083,6835,-121.2327,46.7091,-121.2327,46.7091,8,3,01/12/2010,31/12/2099,1,02/07/2022,AF7GL
W7W/MC-017,USA - Washington,WA-Middle Columbia,Signal Mtn,2043,6703,-121.44,46.98,-121.44,46.98,8,3,01/12/2010,30/11/2016,0,,
W7W/MC-018,USA - Washington,WA-Middle Columbia,Spencer Point,2042,6700,-121.3186,46.455,-121.3186,46.455,8,3,01/12/2010,31/12/2099,0,,
W7W/MC-019,USA - Washington,WA-Middle Columbia,McNeil Peak,2029,6658,-121.2747,46.6978,-121.2747,46.6978,8,3,01/12/2010,31/12/2099,1,03/07/2021,AF7GL
W7W/MC-020,USA - Washington,WA-Middle Columbia,6624 Mt Logbook,2019,6624,-121.4371,46.8043,-121.4371,46.8043,8,3,01/12/2010,31/12/2099,0,,
W7W/MC-021,USA - Washington,WA-Middle Columbia,Old Scab Mountain,2014,6608,-121.2165,46.8941,-121.2165,46.8941,8,3,01/12/2010,31/12/2099,5,16/08/2024,WW7D
W7W/MC-022,USA - Washington,WA-Middle Columbia,Dome Peak,2009,6591,-121.1094,46.5761,-121.1094,46.5761,8,3,01/12/2010,31/12/2099,1,26/08/2023,AF7GL
W7W/MC-023,USA - Washington,WA-Middle Columbia,Tahtlum Peak,2002,6567,-121.4774,46.8644,-121.4774,46.8644,8,3,01/12/2010,31/12/2099,22,22/07/2023,KG7EJT
W7W/MC-024,USA - Washington,WA-Middle Columbia,East Fifes Ridge,1993,6540,-121.2848,46.996,-121.2848,46.996,6,3,01/12/2010,31/12/2099,5,02/10/2021,AF7GL
W7W/MC-025,USA - Washington,WA-Middle Columbia,Burnt Mountain,1992,6536,-121.1962,46.7078,-121.1962,46.7078,6,3,01/12/2010,31/12/2099,4,24/08/2023,WU7H
W7W/MC-026,USA - Washington,WA-Middle Columbia,Goat Peak,1973,6473,-121.265,46.9395,-121.265,46.9395,6,3,01/12/2010,31/12/2099,6,10/08/2023,K7JRO
W7W/MC-027,USA - Washington,WA-Middle Columbia,Ironstone Mountain,1963,6441,-121.2504,46.6833,-121.2504,46.6833,6,3,01/12/2010,31/12/2099,1,11/07/2023,AF7GL
W7W/MC-028,USA - Washington,WA-Middle Columbia,Nile Ridge,1961,6435,-121.2022,46.8766,-121.2022,46.8766,6,3,01/12/2010,31/12/2099,6,16/08/2024,WW7D
W7W/MC-029,USA - Washington,WA-Middle Columbia,Arnesons Peak,1957,6420,-121.2934,46.7201,-121.2934,46.7201,6,3,01/12/2010,31/12/2099,0,,
W7W/MC-030,USA - Washington,WA-Middle Columbia,Timberwolf Mountain,1948,6391,-121.1453,46.7658,-121.1453,46.7658,6,3,01/12/2010,31/12/2099,7,22/06/2024,K7AMM
W7W/MC-031,USA - Washington,WA-Middle Columbia,6373 Brass Pounder Mtn,1942,6373,-121.41,46.99,-121.41,46.99,6,3,01/12/2010,30/11/2016,0,,
W7W/MC-032,USA - Washington,WA-Middle Columbia,Pear Butte,1942,6372,-121.3211,46.7461,-121.3211,46.7461,6,3,01/12/2010,31/12/2099,0,,
W7W/MC-033,USA - Washington,WA-Middle Columbia,6340 American Ridge #5,1932,6340,-121.3088,46.9096,-121.3088,46.9096,6,3,01/12/2010,31/12/2099,1,08/10/2022,AF7GL
W7W/MC-034,USA - Washington,WA-Middle Columbia,Tumac Mountain,1932,6340,-121.3526,46.7122,-121.3526,46.7122,6,3,01/12/2010,31/12/2099,0,,
W7W/MC-035,USA - Washington,WA-Middle Columbia,6300 Tower Mtn,1920,6300,-121.3625,46.9613,-121.3625,46.9613,6,3,01/12/2010,31/12/2099,3,19/08/2024,K7JRO
W7W/MC-036,USA - Washington,WA-Middle Columbia,Bethel Ridge,1916,6285,-121.1142,46.7177,-121.1142,46.7177,6,3,01/12/2010,31/12/2099,7,22/06/2024,K7AMM
W7W/MC-037,USA - Washington,WA-Middle Columbia,Crag Mountain,1892,6208,-121.4241,46.7791,-121.4241,46.7791,6,3,01/12/2010,31/12/2099,0,,
W7W/MC-038,USA - Washington,WA-Middle Columbia,Raven Roost,1884,6180,-121.3376,47.0265,-121.3376,47.0265,6,3,01/12/2010,31/12/2099,5,24/07/2024,WW7D
W7W/MC-039,USA - Washington,WA-Middle Columbia,6162 American Ridge #1,1878,6162,-121.4328,46.8455,-121.4328,46.8455,6,3,01/12/2010,31/12/2099,1,25/09/2021,AF7GL
W7W/MC-040,USA - Washington,WA-Middle Columbia,Miners Ridge,1859,6100,-121.3544,46.809,-121.3544,46.809,6,3,01/12/2010,31/12/2099,1,07/09/2014,AF7GL
W7W/MC-041,USA - Washington,WA-Middle Columbia,Round Mountain,1820,5970,-121.3309,46.6342,-121.3309,46.6342,6,3,01/12/2010,31/12/2099,3,30/07/2022,AF7GL
W7W/MC-042,USA - Washington,WA-Middle Columbia,Spiral Butte,1811,5940,-121.3512,46.6651,-121.3512,46.6651,6,3,01/12/2010,31/12/2099,0,,
W7W/MC-043,USA - Washington,WA-Middle Columbia,5934 Radio Mtn,1809,5934,-121.3942,46.7581,-121.3942,46.7581,6,3,01/12/2010,31/12/2099,0,,
W7W/MC-044,USA - Washington,WA-Middle Columbia,5900 Packet Pk,1798,5900,-121.46,46.39,-121.46,46.39,6,3,01/12/2010,30/11/2016,0,,
W7W/MC-045,USA - Washington,WA-Middle Columbia,Indian Rock,1786,5860,-120.8232,45.9938,-120.8232,45.9938,6,3,01/12/2010,31/12/2099,1,04/07/2024,NS0TA
W7W/MC-046,USA - Washington,WA-Middle Columbia,5810 Callsign Pk,1771,5810,-121.338,46.8014,-121.338,46.8014,6,3,01/12/2010,31/12/2099,0,,
W7W/MC-047,USA - Washington,WA-Middle Columbia,Jumpoff Lookout Peak,1762,5780,-121.0301,46.6382,-121.0301,46.6382,6,3,01/12/2010,31/12/2099,4,02/10/2022,AF7GL
W7W/MC-048,USA - Washington,WA-Middle Columbia,5780 Repeater Mtn,1762,5780,-121.3375,46.7389,-121.3375,46.7389,6,3,01/12/2010,31/12/2099,0,,
W7W/MC-049,USA - Washington,WA-Middle Columbia,5335 RTTY Pk,1687,5535,-121.41,46.56,-121.41,46.56,6,3,01/12/2010,30/11/2016,0,,
W7W/MC-050,USA - Washington,WA-Middle Columbia,Cleman Mountain,1559,5115,-120.8577,46.8236,-120.8577,46.8236,6,3,01/12/2010,31/12/2099,8,22/06/2024,K7AMM
W7W/MC-051,USA - Washington,WA-Middle Columbia,Simcoe Butte,1462,4798,-120.7042,46.0006,-120.7042,46.0006,4,0,01/12/2010,31/12/2099,0,,
W7W/MC-052,USA - Washington,WA-Middle Columbia,Lone Pine Butte,1439,4720,-120.5593,45.99,-120.5593,45.99,4,0,01/12/2010,31/12/2099,1,15/09/2024,W7MTB
W7W/MC-053,USA - Washington,WA-Middle Columbia,Goose Egg Mountain,1392,4566,-121.1138,46.652,-121.1138,46.652,4,0,01/12/2010,31/12/2099,0,,
W7W/MC-054,USA - Washington,WA-Middle Columbia,Kloochman Rock,1381,4532,-121.0922,46.6308,-121.0922,46.6308,4,0,01/12/2010,31/12/2099,0,,
W7W/MC-055,USA - Washington,WA-Middle Columbia,4500 Relay Point,1372,4500,-121.1432,46.6613,-121.1432,46.6613,4,0,01/12/2010,31/12/2099,1,16/06/2024,AF7GL
W7W/MC-056,USA - Washington,WA-Middle Columbia,4420 Monte Cristo Range High Point,1347,4420,-121.5903,45.9246,-121.5903,45.9246,4,0,01/12/2010,31/12/2099,21,28/09/2024,KK7NLA
W7W/MC-057,USA - Washington,WA-Middle Columbia,Pine Mountain,1311,4300,-120.9025,46.5856,-120.9025,46.5856,4,0,01/12/2010,31/12/2099,0,,
W7W/MC-058,USA - Washington,WA-Middle Columbia,Rattler Benchmark,1287,4224,-120.6635,46.8661,-120.6635,46.8661,4,0,01/12/2010,31/12/2099,25,15/09/2024,W7MTB
W7W/MC-059,USA - Washington,WA-Middle Columbia,4140 Mt Insulator,1262,4140,-121.6,45.92,-121.6,45.92,4,0,01/12/2010,30/11/2016,0,,
W7W/MC-060,USA - Washington,WA-Middle Columbia,4128 Fancy Peak,1258,4128,-121.1886,46.6322,-121.1886,46.6322,4,0,01/12/2010,31/12/2099,0,,
W7W/MC-061,USA - Washington,WA-Middle Columbia,Monte Carlo,1237,4060,-121.5712,45.872,-121.5712,45.872,4,0,01/12/2010,31/12/2099,24,03/09/2024,KD7LX
W7W/MC-062,USA - Washington,WA-Middle Columbia,Grayback Mountain,1158,3799,-121.0796,45.9914,-121.0796,45.9914,4,0,01/12/2010,31/12/2099,1,22/11/2021,N7LF
W7W/MC-063,USA - Washington,WA-Middle Columbia,Stacker Butte,981,3220,-121.1018,45.7133,-121.1018,45.7133,2,0,01/12/2010,31/12/2099,27,22/12/2024,KD7LX
W7W/MC-064,USA - Washington,WA-Middle Columbia,Rattlesnake Hills West,977,3206,-119.9825,46.4895,-119.9825,46.4895,2,0,01/12/2010,31/12/2099,0,,
W7W/MC-065,USA - Washington,WA-Middle Columbia,Maryhill Benchmark,954,3129,-120.7305,45.7403,-120.7305,45.7403,2,0,01/12/2010,31/12/2099,1,15/05/2023,N7LF
W7W/MC-066,USA - Washington,WA-Middle Columbia,Black Butte,936,3072,-120.9467,45.9354,-120.9467,45.9354,2,0,01/12/2010,31/12/2099,0,,
W7W/MC-067,USA - Washington,WA-Middle Columbia,3056 Standoff Mtn,931,3056,-121.1982,45.9869,-121.1982,45.9869,2,0,01/12/2010,31/12/2099,0,,
W7W/MC-068,USA - Washington,WA-Middle Columbia,3042 Ginpole Pk,927,3042,-121.3451,45.9116,-121.3451,45.9116,2,0,01/12/2010,31/12/2099,0,,
W7W/MC-069,USA - Washington,WA-Middle Columbia,Selah Butte,922,3024,-120.4296,46.7355,-120.4296,46.7355,2,0,01/12/2010,31/12/2099,19,21/12/2024,KK7LHY
W7W/MC-070,USA - Washington,WA-Middle Columbia,Haystack Butte,905,2969,-120.9086,45.6811,-120.9086,45.6811,2,0,01/12/2010,31/12/2099,3,27/09/2022,WB7VTY
W7W/MC-071,USA - Washington,WA-Middle Columbia,2925 Centerfed Mtn,892,2925,-121.4317,45.9126,-121.4317,45.9126,2,0,01/12/2010,31/12/2099,0,,
W7W/MC-072,USA - Washington,WA-Middle Columbia,2791 Transmit Pk,851,2791,-121.319,45.8067,-121.319,45.8067,2,0,01/12/2010,31/12/2099,9,23/11/2024,KD7LX
W7W/MC-073,USA - Washington,WA-Middle Columbia,Goodnoe Benchmark,822,2697,-120.5372,45.7834,-120.5372,45.7834,2,0,01/12/2010,31/12/2099,8,13/11/2023,K7JRO
W7W/MC-074,USA - Washington,WA-Middle Columbia,2650 Mt Crystal,808,2650,-121.4132,45.8194,-121.4132,45.8194,2,0,01/12/2010,31/12/2099,6,10/05/2024,WJ7WJ
W7W/MC-075,USA - Washington,WA-Middle Columbia,Baldy Peak,786,2580,-121.5318,45.8302,-121.5318,45.8302,2,0,01/12/2010,31/12/2099,5,06/11/2024,W7PCT
W7W/MC-076,USA - Washington,WA-Middle Columbia,Elephant Mountain,668,2192,-120.3346,46.5221,-120.3346,46.5221,2,0,01/12/2010,31/12/2099,8,01/01/2025,NN7M
W7W/MC-077,USA - Washington,WA-Middle Columbia,2008 Mt Propagation,612,2008,-120.4016,46.5172,-120.4016,46.5172,2,0,01/12/2010,31/12/2099,1,28/11/2020,WX7EMT
W7W/MC-078,USA - Washington,WA-Middle Columbia,Snipes Mountain,397,1301,-120.09,46.3114,-120.09,46.3114,1,0,01/12/2010,31/12/2099,1,07/08/2013,K7ATN
W7W/MC-079,USA - Washington,WA-Middle Columbia,Gilbert Peak,2494,8184,-121.4079,46.4885,-121.4079,46.4885,8,3,01/12/2016,31/12/2099,3,17/06/2020,KL0NP
W7W/MC-080,USA - Washington,WA-Middle Columbia,7292Nelson Ridge-Northeast Peak,2223,7292,-121.2563,46.8369,-121.2563,46.8369,8,3,01/12/2016,31/12/2099,1,14/08/2022,AF7GL
W7W/MC-081,USA - Washington,WA-Middle Columbia,Jennies Butte,1957,6420,-121.3106,46.394,-121.3106,46.394,6,3,01/12/2016,31/12/2099,0,,
W7W/MC-082,USA - Washington,WA-Middle Columbia,6402,1951,6402,-121.4106,46.446,-121.4106,46.446,6,3,01/12/2016,31/12/2099,0,,
W7W/MC-083,USA - Washington,WA-Middle Columbia,6349,1935,6349,-121.374,46.4061,-121.374,46.4061,6,3,01/12/2016,31/12/2099,0,,
W7W/MC-084,USA - Washington,WA-Middle Columbia,American Ridge 2,1912,6272,-121.4155,46.8632,-121.4155,46.8632,6,3,01/12/2016,31/12/2099,0,,
W7W/MC-085,USA - Washington,WA-Middle Columbia,6197American Ridge #6,1889,6197,-121.2853,46.9279,-121.2853,46.9279,6,3,01/12/2016,31/12/2099,1,08/10/2022,AF7GL
W7W/MC-086,USA - Washington,WA-Middle Columbia,Diamond Butte,1767,5796,-121.2568,46.4413,-121.2568,46.4413,6,3,01/12/2016,31/12/2099,0,,
W7W/MC-087,USA - Washington,WA-Middle Columbia,5580,1701,5580,-121.3742,46.4365,-121.3742,46.4365,6,3,01/12/2016,31/12/2099,0,,
W7W/MC-088,USA - Washington,WA-Middle Columbia,Potato Hill,1642,5387,-121.5011,46.3331,-121.5011,46.3331,6,3,01/12/2016,31/12/2099,3,13/10/2024,KD7QOW
W7W/MC-089,USA - Washington,WA-Middle Columbia,Signal Peak,1554,5100,-121.1372,46.2269,-121.1372,46.2269,6,3,01/12/2016,31/12/2099,0,,
W7W/MC-090,USA - Washington,WA-Middle Columbia,King Mountain,1445,4740,-121.4247,46.0631,-121.4247,46.0631,4,0,01/12/2016,31/12/2099,2,14/10/2024,KD7LX
W7W/MC-091,USA - Washington,WA-Middle Columbia,Hog Ranch Buttes,1285,4216,-120.1137,46.6647,-120.1137,46.6647,4,0,01/12/2016,31/12/2099,1,03/07/2019,WX7EMT
W7W/MC-092,USA - Washington,WA-Middle Columbia,Yakima Ridge,1275,4184,-120.0775,46.59,-120.0775,46.59,4,0,01/12/2016,31/12/2099,1,06/07/2019,WX7EMT
W7W/MC-093,USA - Washington,WA-Middle Columbia,Satus Peak,1275,4182,-120.7533,46.2572,-120.7533,46.2572,4,0,01/12/2016,31/12/2099,0,,
W7W/MC-094,USA - Washington,WA-Middle Columbia,West Toppenish Ridge,1253,4110,-120.8715,46.227,-120.8715,46.227,4,0,01/12/2016,31/12/2099,0,,
W7W/MC-095,USA - Washington,WA-Middle Columbia,West Hog Ranch Buttes,1248,4096,-120.1654,46.6699,-120.1654,46.6699,4,0,01/12/2016,31/12/2099,1,03/07/2019,WX7EMT
W7W/MC-096,USA - Washington,WA-Middle Columbia,Mike Coon Hillside,1235,4052,-121.062,46.2094,-121.062,46.2094,4,0,01/12/2016,31/12/2099,0,,
W7W/MC-097,USA - Washington,WA-Middle Columbia,4050 Yakima Ridge-West Peak,1234,4050,-120.239,46.6196,-120.239,46.6196,4,0,01/12/2016,31/12/2099,1,03/07/2019,WX7EMT
W7W/MC-098,USA - Washington,WA-Middle Columbia,McKays Butte,1231,4038,-120.9406,46.1486,-120.9406,46.1486,4,0,01/12/2016,31/12/2099,0,,
W7W/MC-099,USA - Washington,WA-Middle Columbia,Toppenish Mountain,1100,3609,-120.6675,46.2725,-120.6675,46.2725,4,0,01/12/2016,31/12/2099,0,,
W7W/MC-100,USA - Washington,WA-Middle Columbia,2884Lakeside Ridge,879,2884,-121.2821,45.9501,-121.2821,45.9501,2,0,01/12/2016,31/12/2099,10,13/10/2024,KD7LX
W7W/NO-001,USA - Washington,WA-Northern Olympics,Mount-West Peak Olympus,2429,7969,-123.7107,47.8014,-123.7107,47.8014,8,3,01/12/2010,31/12/2099,2,26/06/2021,KL0NP
W7W/NO-002,USA - Washington,WA-Northern Olympics,Mount Deception,2374,7788,-123.2334,47.8134,-123.2334,47.8134,8,3,01/12/2010,31/12/2099,4,04/09/2022,KL0NP
W7W/NO-003,USA - Washington,WA-Northern Olympics,Mount Constance,2364,7756,-123.1272,47.7727,-123.1272,47.7727,8,3,01/12/2010,31/12/2099,0,,
W7W/NO-004,USA - Washington,WA-Northern Olympics,Mount Johnson,2347,7700,-123.2373,47.8326,-123.2373,47.8326,8,3,01/12/2010,31/12/2099,0,,
W7W/NO-005,USA - Washington,WA-Northern Olympics,Inner Constance,2337,7667,-123.1465,47.7698,-123.1465,47.7698,8,3,01/12/2010,31/12/2099,0,,
W7W/NO-006,USA - Washington,WA-Northern Olympics,Mount Mystery,2328,7639,-123.2215,47.796,-123.2215,47.796,8,3,01/12/2010,31/12/2099,0,,
W7W/NO-007,USA - Washington,WA-Northern Olympics,Mount Clark,2295,7528,-123.2319,47.8356,-123.2319,47.8356,8,3,01/12/2010,31/12/2099,0,,
W7W/NO-008,USA - Washington,WA-Northern Olympics,Athena,2245,7365,-123.6895,47.7815,-123.6895,47.7815,8,3,01/12/2010,31/12/2099,0,,
W7W/NO-009,USA - Washington,WA-Northern Olympics,West Peak,2245,7365,-123.3492,47.7233,-123.3492,47.7233,8,3,01/12/2010,31/12/2099,0,,
W7W/NO-010,USA - Washington,WA-Northern Olympics,Warrior Peak,2237,7340,-123.1333,47.784,-123.1333,47.784,8,3,01/12/2010,31/12/2099,0,,
W7W/NO-011,USA - Washington,WA-Northern Olympics,Mount Anderson,2231,7321,-123.3317,47.7212,-123.3317,47.7212,8,3,01/12/2010,31/12/2099,0,,
W7W/NO-012,USA - Washington,WA-Northern Olympics,Gray Wolf Ridge,2200,7218,-123.2064,47.8814,-123.2064,47.8814,8,3,01/12/2010,31/12/2099,3,05/08/2022,WE7LD
W7W/NO-013,USA - Washington,WA-Northern Olympics,Mount Cameron,2192,7190,-123.3342,47.8258,-123.3342,47.8258,8,3,01/12/2010,31/12/2099,1,15/07/2016,KF7LTR
W7W/NO-014,USA - Washington,WA-Northern Olympics,Mount Mathias,2181,7156,-123.6767,47.805,-123.6767,47.805,8,3,01/12/2010,31/12/2099,0,,
W7W/NO-015,USA - Washington,WA-Northern Olympics,Mount Fricaba,2176,7139,-123.2,47.8082,-123.2,47.8082,8,3,01/12/2010,31/12/2099,0,,
W7W/NO-016,USA - Washington,WA-Northern Olympics,Gray Wolf Ridge South,2157,7076,-123.2223,47.8628,-123.2223,47.8628,8,3,01/12/2010,31/12/2099,2,04/08/2021,KJ7RTO
W7W/NO-017,USA - Washington,WA-Northern Olympics,Mount Tom,2157,7076,-123.7579,47.793,-123.7579,47.793,8,3,01/12/2010,31/12/2099,0,,
W7W/NO-018,USA - Washington,WA-Northern Olympics,7060 Gray Wolf Pass NW,2152,7060,-123.2834,47.8247,-123.2834,47.8247,8,3,01/12/2010,31/12/2099,0,,
W7W/NO-019,USA - Washington,WA-Northern Olympics,Petunia North,2133,6998,-123.1973,47.8431,-123.1973,47.8431,8,3,01/12/2010,31/12/2099,5,04/07/2024,KK7MRC
W7W/NO-020,USA - Washington,WA-Northern Olympics,Mount Carrie,2132,6995,-123.6493,47.8942,-123.6493,47.8942,8,3,01/12/2010,31/12/2099,1,02/11/2019,KL0NP
W7W/NO-021,USA - Washington,WA-Northern Olympics,Buckhorn Mountain,2130,6988,-123.1218,47.8256,-123.1218,47.8256,8,3,01/12/2010,31/12/2099,6,23/07/2022,N7FX
W7W/NO-022,USA - Washington,WA-Northern Olympics,Mercury,2118,6950,-123.6706,47.8203,-123.6706,47.8203,8,3,01/12/2010,31/12/2099,0,,
W7W/NO-023,USA - Washington,WA-Northern Olympics,Little Mystery,2116,6941,-123.2251,47.7868,-123.2251,47.7868,8,3,01/12/2010,31/12/2099,0,,
W7W/NO-024,USA - Washington,WA-Northern Olympics,Mount Worthington,2115,6938,-123.1,47.8371,-123.1,47.8371,8,3,01/12/2010,31/12/2099,2,24/07/2020,KL0NP
W7W/NO-025,USA - Washington,WA-Northern Olympics,Mount Fairchild,2111,6925,-123.6333,47.9001,-123.6333,47.9001,8,3,01/12/2010,31/12/2099,0,,
W7W/NO-026,USA - Washington,WA-Northern Olympics,Chimney Peak,2108,6917,-123.4025,47.6894,-123.4025,47.6894,8,3,01/12/2010,31/12/2099,0,,
W7W/NO-027,USA - Washington,WA-Northern Olympics,Crystal Peak,2102,6896,-123.3915,47.7202,-123.3915,47.7202,8,3,01/12/2010,31/12/2099,0,,
W7W/NO-028,USA - Washington,WA-Northern Olympics,Boulder Ridge,2088,6852,-123.1245,47.8067,-123.1245,47.8067,8,3,01/12/2010,31/12/2099,1,13/09/2019,KL0NP
W7W/NO-029,USA - Washington,WA-Northern Olympics,The Brothers,2085,6842,-123.1404,47.6536,-123.1404,47.6536,8,3,01/12/2010,31/12/2099,4,20/05/2023,KJ7RTO
W7W/NO-030,USA - Washington,WA-Northern Olympics,Mount Claywood,2084,6836,-123.3704,47.8008,-123.3704,47.8008,8,3,01/12/2010,31/12/2099,1,15/07/2016,KF7LTR
W7W/NO-031,USA - Washington,WA-Northern Olympics,Baldy,2081,6827,-123.1892,47.895,-123.1892,47.895,8,3,01/12/2010,31/12/2099,15,29/08/2024,KK7MRC
W7W/NO-032,USA - Washington,WA-Northern Olympics,Diamond Mountain,2079,6822,-123.2994,47.7406,-123.2994,47.7406,8,3,01/12/2010,31/12/2099,0,,
W7W/NO-033,USA - Washington,WA-Northern Olympics,6810 CW Ops Pk,2076,6810,-123.3087,47.8502,-123.3087,47.8502,8,3,01/12/2010,31/12/2099,0,,
W7W/NO-034,USA - Washington,WA-Northern Olympics,McCartney Peak,2068,6784,-123.3869,47.8543,-123.3869,47.8543,8,3,01/12/2010,31/12/2099,2,15/08/2018,KE7JWP
W7W/NO-035,USA - Washington,WA-Northern Olympics,Elk Mountain,2066,6779,-123.3615,47.9261,-123.3615,47.9261,8,3,01/12/2010,31/12/2099,43,11/09/2024,N7NWT
W7W/NO-036,USA - Washington,WA-Northern Olympics,6759 Conversation Summit,2060,6759,-123.3488,47.8719,-123.3488,47.8719,8,3,01/12/2010,31/12/2099,3,20/08/2019,KL0NP
W7W/NO-037,USA - Washington,WA-Northern Olympics,Wellesley Peak,2060,6758,-123.291,47.7912,-123.291,47.7912,8,3,01/12/2010,31/12/2099,0,,
W7W/NO-038,USA - Washington,WA-Northern Olympics,Moose Benchmark,2058,6753,-123.3662,47.8842,-123.3662,47.8842,8,3,01/12/2010,31/12/2099,9,15/09/2021,K7NEW
W7W/NO-039,USA - Washington,WA-Northern Olympics,Bicentennial Peak,2054,6740,-123.3914,47.6969,-123.3914,47.6969,8,3,01/12/2010,31/12/2099,0,,
W7W/NO-040,USA - Washington,WA-Northern Olympics,Mount Meany,2041,6695,-123.5979,47.7509,-123.5979,47.7509,8,3,01/12/2010,31/12/2099,0,,
W7W/NO-041,USA - Washington,WA-Northern Olympics,6628 Copper Creek Peak,2020,6628,-123.1196,47.8524,-123.1196,47.8524,8,3,01/12/2010,31/12/2099,2,28/09/2019,KL0NP
W7W/NO-042,USA - Washington,WA-Northern Olympics,Sentinel Peak,2009,6592,-123.3419,47.7791,-123.3419,47.7791,8,3,01/12/2010,31/12/2099,1,16/07/2016,KF7LTR
W7W/NO-043,USA - Washington,WA-Northern Olympics,Mount Elk Lick,1986,6517,-123.258,47.6884,-123.258,47.6884,6,3,01/12/2010,31/12/2099,0,,
W7W/NO-044,USA - Washington,WA-Northern Olympics,Mount Queets,1974,6476,-123.5952,47.7623,-123.5952,47.7623,6,3,01/12/2010,31/12/2099,0,,
W7W/NO-045,USA - Washington,WA-Northern Olympics,Mount Angeles,1967,6454,-123.4671,47.9955,-123.4671,47.9955,6,3,01/12/2010,31/12/2099,15,12/07/2024,N7FX
W7W/NO-046,USA - Washington,WA-Northern Olympics,Stephen Peak,1956,6418,-123.5957,47.87,-123.5957,47.87,6,3,01/12/2010,31/12/2099,0,,
W7W/NO-047,USA - Washington,WA-Northern Olympics,Mount Lacrosse,1956,6417,-123.3123,47.6848,-123.3123,47.6848,6,3,01/12/2010,31/12/2099,0,,
W7W/NO-048,USA - Washington,WA-Northern Olympics,White Mountain,1945,6380,-123.3285,47.6765,-123.3285,47.6765,6,3,01/12/2010,31/12/2099,0,,
W7W/NO-049,USA - Washington,WA-Northern Olympics,6351 Bandpass Pk,1936,6351,-123.6791,47.8407,-123.6791,47.8407,6,3,01/12/2010,31/12/2099,0,,
W7W/NO-050,USA - Washington,WA-Northern Olympics,Atlas,1934,6346,-123.7388,47.8386,-123.7388,47.8386,6,3,01/12/2010,31/12/2099,0,,
W7W/NO-051,USA - Washington,WA-Northern Olympics,Turret,1932,6340,-123.0942,47.8088,-123.0942,47.8088,6,3,01/12/2010,31/12/2099,0,,
W7W/NO-052,USA - Washington,WA-Northern Olympics,Mount Norton,1926,6319,-123.4138,47.7627,-123.4138,47.7627,6,3,01/12/2010,31/12/2099,0,,
W7W/NO-053,USA - Washington,WA-Northern Olympics,East Peak,1920,6300,-123.3188,47.727,-123.3188,47.727,6,3,01/12/2010,31/12/2099,0,,
W7W/NO-054,USA - Washington,WA-Northern Olympics,Mount Pulitzer,1915,6283,-123.5741,47.8356,-123.5741,47.8356,6,3,01/12/2010,31/12/2099,0,,
W7W/NO-055,USA - Washington,WA-Northern Olympics,Mount Townsend,1914,6280,-123.0594,47.8675,-123.0594,47.8675,6,3,01/12/2010,31/12/2099,54,10/08/2024,KG7EJT
W7W/NO-056,USA - Washington,WA-Northern Olympics,Piros Spire,1908,6259,-123.2607,47.7445,-123.2607,47.7445,6,3,01/12/2010,31/12/2099,0,,
W7W/NO-057,USA - Washington,WA-Northern Olympics,Eagle Point,1904,6247,-123.4092,47.9392,-123.4092,47.9392,6,3,01/12/2010,31/12/2099,46,11/09/2024,N7NWT
W7W/NO-058,USA - Washington,WA-Northern Olympics,Mount Seattle,1904,6246,-123.578,47.7311,-123.578,47.7311,6,3,01/12/2010,31/12/2099,0,,
W7W/NO-059,USA - Washington,WA-Northern Olympics,Mount Duckabush,1900,6233,-123.3576,47.632,-123.3576,47.632,6,3,01/12/2010,31/12/2099,0,,
W7W/NO-060,USA - Washington,WA-Northern Olympics,Mount Steel,1897,6225,-123.3361,47.6397,-123.3361,47.6397,6,3,01/12/2010,31/12/2099,0,,
W7W/NO-061,USA - Washington,WA-Northern Olympics,Rocky Peak,1895,6218,-123.4222,47.9957,-123.4222,47.9957,6,3,01/12/2010,31/12/2099,1,10/06/2019,KL0NP
W7W/NO-062,USA - Washington,WA-Northern Olympics,Mount Dana,1893,6209,-123.4857,47.7913,-123.4857,47.7913,6,3,01/12/2010,31/12/2099,0,,
W7W/NO-063,USA - Washington,WA-Northern Olympics,6206 Gray Line Pk,1892,6206,-123.2825,47.6886,-123.2825,47.6886,6,3,01/12/2010,31/12/2099,0,,
W7W/NO-064,USA - Washington,WA-Northern Olympics,Mount Childs,1888,6193,-123.5863,47.8122,-123.5863,47.8122,6,3,01/12/2010,31/12/2099,0,,
W7W/NO-065,USA - Washington,WA-Northern Olympics,Mount Christie,1883,6177,-123.5455,47.6981,-123.5455,47.6981,6,3,01/12/2010,31/12/2099,0,,
W7W/NO-066,USA - Washington,WA-Northern Olympics,Cotleton,1867,6125,-123.7346,47.945,-123.7346,47.945,6,3,01/12/2010,31/12/2099,1,30/11/2019,KL0NP
W7W/NO-067,USA - Washington,WA-Northern Olympics,Mount Hopper,1864,6114,-123.2968,47.6295,-123.2968,47.6295,6,3,01/12/2010,31/12/2099,0,,
W7W/NO-068,USA - Washington,WA-Northern Olympics,Pyrites Creek East,1844,6049,-123.4294,47.6702,-123.4294,47.6702,6,3,01/12/2010,31/12/2099,0,,
W7W/NO-069,USA - Washington,WA-Northern Olympics,Valhallas-Woden,1840,6038,-123.7448,47.7511,-123.7448,47.7511,6,3,01/12/2010,31/12/2099,0,,
W7W/NO-070,USA - Washington,WA-Northern Olympics,6024 Hexadecimal Pk,1836,6024,-123.5618,47.7778,-123.5618,47.7778,6,3,01/12/2010,31/12/2099,0,,
W7W/NO-071,USA - Washington,WA-Northern Olympics,Mount Delabarre,1836,6024,-123.4934,47.6862,-123.4934,47.6862,6,3,01/12/2010,31/12/2099,0,,
W7W/NO-072,USA - Washington,WA-Northern Olympics,June 10 Peak,1835,6019,-123.4625,47.6588,-123.4625,47.6588,6,3,01/12/2010,31/12/2099,0,,
W7W/NO-073,USA - Washington,WA-Northern Olympics,Blue Mountain,1831,6007,-123.2594,47.9548,-123.2594,47.9548,6,3,01/12/2010,31/12/2099,49,08/10/2024,K7CL
W7W/NO-074,USA - Washington,WA-Northern Olympics,Mount Lena,1827,5995,-123.2152,47.6399,-123.2152,47.6399,6,3,01/12/2010,31/12/2099,1,24/06/2017,KF7LTR
W7W/NO-075,USA - Washington,WA-Northern Olympics,Mount Bretherton,1817,5960,-123.21,47.6195,-123.21,47.6195,6,3,01/12/2010,31/12/2099,1,24/06/2017,KF7LTR
W7W/NO-076,USA - Washington,WA-Northern Olympics,Mount Wilder,1810,5939,-123.5196,47.7676,-123.5196,47.7676,6,3,01/12/2010,31/12/2099,0,,
W7W/NO-077,USA - Washington,WA-Northern Olympics,5925 Gigahertz Pk,1806,5925,-123.6874,47.9324,-123.6874,47.9324,6,3,01/12/2010,31/12/2099,0,,
W7W/NO-078,USA - Washington,WA-Northern Olympics,5925 Dummy Load Mtn,1806,5925,-123.7014,47.9223,-123.7014,47.9223,6,3,01/12/2010,31/12/2099,0,,
W7W/NO-079,USA - Washington,WA-Northern Olympics,Cat Peak,1806,5925,-123.6801,47.9001,-123.6801,47.9001,6,3,01/12/2010,31/12/2099,2,22/07/2021,WE7CAT
W7W/NO-080,USA - Washington,WA-Northern Olympics,Mount Scott,1802,5913,-123.5297,47.841,-123.5297,47.841,6,3,01/12/2010,31/12/2099,0,,
W7W/NO-081,USA - Washington,WA-Northern Olympics,Muncaster Mountain,1801,5910,-123.512,47.6379,-123.512,47.6379,6,3,01/12/2010,31/12/2099,0,,
W7W/NO-082,USA - Washington,WA-Northern Olympics,Ludden Peak,1784,5854,-123.5402,47.8562,-123.5402,47.8562,6,3,01/12/2010,31/12/2099,0,,
W7W/NO-083,USA - Washington,WA-Northern Olympics,5820 Mount Lena-East Peak,1774,5820,-123.1956,47.6377,-123.1956,47.6377,6,3,01/12/2010,31/12/2099,0,,
W7W/NO-084,USA - Washington,WA-Northern Olympics,Dodger Point,1756,5760,-123.5099,47.8742,-123.5099,47.8742,6,3,01/12/2010,31/12/2099,0,,
W7W/NO-085,USA - Washington,WA-Northern Olympics,ONeil Peak,1755,5758,-123.396,47.6251,-123.396,47.6251,6,3,01/12/2010,31/12/2099,0,,
W7W/NO-086,USA - Washington,WA-Northern Olympics,Hurricane Hill,1755,5757,-123.5291,47.9902,-123.5291,47.9902,6,3,01/12/2010,31/12/2099,69,27/12/2024,KG7EJT
W7W/NO-087,USA - Washington,WA-Northern Olympics,Bumbershoot Peak,1750,5742,-123.3756,47.6108,-123.3756,47.6108,6,3,01/12/2010,31/12/2099,0,,
W7W/NO-088,USA - Washington,WA-Northern Olympics,Overlook Peak,1737,5700,-123.376,47.6399,-123.376,47.6399,6,3,01/12/2010,31/12/2099,0,,
W7W/NO-089,USA - Washington,WA-Northern Olympics,Mount Jupiter,1737,5700,-123.0611,47.7059,-123.0611,47.7059,6,3,01/12/2010,31/12/2099,1,01/09/2012,K7ATN
W7W/NO-090,USA - Washington,WA-Northern Olympics,5660 Harmonic Summit,1725,5660,-123.2634,47.8919,-123.2634,47.8919,6,3,01/12/2010,31/12/2099,0,,
W7W/NO-091,USA - Washington,WA-Northern Olympics,5645 Hurricane Ridge,1721,5645,-123.4356,47.9558,-123.4356,47.9558,6,3,01/12/2010,31/12/2099,41,11/09/2024,N7NWT
W7W/NO-092,USA - Washington,WA-Northern Olympics,5642 Fixed Control Mtn,1720,5642,-123.2766,47.6497,-123.2766,47.6497,6,3,01/12/2010,31/12/2099,0,,
W7W/NO-093,USA - Washington,WA-Northern Olympics,Vidar-North,1718,5637,-123.7614,47.7427,-123.7614,47.7427,6,3,01/12/2010,31/12/2099,0,,
W7W/NO-094,USA - Washington,WA-Northern Olympics,Boulder Peak,1715,5625,-123.7578,47.9718,-123.7578,47.9718,6,3,01/12/2010,31/12/2099,0,,
W7W/NO-095,USA - Washington,WA-Northern Olympics,5624 Near Vertical Incidence Pk,1714,5624,-123.5025,47.6277,-123.5025,47.6277,6,3,01/12/2010,31/12/2099,0,,
W7W/NO-096,USA - Washington,WA-Northern Olympics,Hoh Peak,1698,5570,-123.8248,47.7866,-123.8248,47.7866,6,3,01/12/2010,31/12/2099,0,,
W7W/NO-097,USA - Washington,WA-Northern Olympics,Steeple Rock,1697,5567,-123.454,47.9621,-123.454,47.9621,6,3,01/12/2010,30/11/2016,5,08/08/2014,KF7JQV
W7W/NO-098,USA - Washington,WA-Northern Olympics,5565 Mt Moonbounce,1696,5565,-123.6547,47.6973,-123.6547,47.6973,6,3,01/12/2010,31/12/2099,0,,
W7W/NO-099,USA - Washington,WA-Northern Olympics,Sleipner,1689,5540,-123.7719,47.74,-123.7719,47.74,6,3,01/12/2010,31/12/2099,0,,
W7W/NO-100,USA - Washington,WA-Northern Olympics,Mount Zindorf,1688,5539,-123.6246,47.6871,-123.6246,47.6871,6,3,01/12/2010,31/12/2099,0,,
W7W/NO-101,USA - Washington,WA-Northern Olympics,5518 Mt Multiband,1682,5518,-123.5955,47.8474,-123.5955,47.8474,6,3,01/12/2010,31/12/2099,0,,
W7W/NO-102,USA - Washington,WA-Northern Olympics,5500 Lowband Pk,1676,5500,-123.0879,47.7854,-123.0879,47.7854,6,3,01/12/2010,31/12/2099,0,,
W7W/NO-103,USA - Washington,WA-Northern Olympics,5451 Kilohertz Mtn,1661,5451,-123.4622,47.7268,-123.4622,47.7268,6,3,01/12/2010,31/12/2099,0,,
W7W/NO-104,USA - Washington,WA-Northern Olympics,Happy Lake Ridge,1649,5409,-123.6822,48.0042,-123.6822,48.0042,6,3,01/12/2010,30/11/2016,0,,
W7W/NO-105,USA - Washington,WA-Northern Olympics,Mount Lawson,1646,5401,-123.5885,47.6563,-123.5885,47.6563,6,3,01/12/2010,31/12/2099,0,,
W7W/NO-106,USA - Washington,WA-Northern Olympics,Lizard Head Peak,1638,5375,-123.7222,48.0117,-123.7222,48.0117,6,3,01/12/2010,31/12/2099,1,17/08/2019,KL0NP
W7W/NO-107,USA - Washington,WA-Northern Olympics,5365 Potentiometer Pk,1635,5365,-123.1662,47.7086,-123.1662,47.7086,6,3,01/12/2010,31/12/2099,0,,
W7W/NO-108,USA - Washington,WA-Northern Olympics,5345 Mt Rhombic,1629,5345,-123.5639,47.6475,-123.5639,47.6475,6,3,01/12/2010,31/12/2099,0,,
W7W/NO-109,USA - Washington,WA-Northern Olympics,5325 Second Hop Summit,1623,5325,-123.742,47.9224,-123.742,47.9224,6,3,01/12/2010,31/12/2099,1,15/08/2019,WU7H
W7W/NO-110,USA - Washington,WA-Northern Olympics,Pelton Benchmark,1616,5301,-123.7912,47.7254,-123.7912,47.7254,6,3,01/12/2010,31/12/2099,0,,
W7W/NO-111,USA - Washington,WA-Northern Olympics,Twin Lakes Benchmark,1616,5301,-123.0709,47.7659,-123.0709,47.7659,6,3,01/12/2010,31/12/2099,1,30/09/2019,KL0NP
W7W/NO-112,USA - Washington,WA-Northern Olympics,5299 Precendence Pk,1615,5299,-123.6331,47.7107,-123.6331,47.7107,6,3,01/12/2010,31/12/2099,0,,
W7W/NO-113,USA - Washington,WA-Northern Olympics,5225 Op Amp Mtn,1593,5225,-123.7507,48.0184,-123.7507,48.0184,6,3,01/12/2010,31/12/2099,2,18/08/2019,KL0NP
W7W/NO-114,USA - Washington,WA-Northern Olympics,Unicorn Peak,1562,5125,-123.5222,48.0109,-123.5222,48.0109,6,3,01/12/2010,31/12/2099,2,03/10/2022,KL0NP
W7W/NO-115,USA - Washington,WA-Northern Olympics,Maynard Peak,1554,5100,-123.1273,47.9269,-123.1273,47.9269,6,3,01/12/2010,31/12/2099,3,23/03/2020,KL0NP
W7W/NO-116,USA - Washington,WA-Northern Olympics,Hamilton Mountain,1552,5093,-123.034,47.8129,-123.034,47.8129,6,3,01/12/2010,31/12/2099,0,,
W7W/NO-117,USA - Washington,WA-Northern Olympics,Baldy Ridge,1547,5075,-123.6841,48.0452,-123.6841,48.0452,6,3,01/12/2010,31/12/2099,1,04/08/2019,KL0NP
W7W/NO-118,USA - Washington,WA-Northern Olympics,5060 RTTY Summit,1542,5060,-123.8266,47.7365,-123.8266,47.7365,6,3,01/12/2010,31/12/2099,0,,
W7W/NO-119,USA - Washington,WA-Northern Olympics,5045 Mt Simplex,1538,5045,-123.3237,47.6322,-123.3237,47.6322,6,3,01/12/2010,30/11/2016,0,,
W7W/NO-120,USA - Washington,WA-Northern Olympics,No Name Peak,1511,4956,-123.6067,47.5258,-123.6067,47.5258,6,3,01/12/2010,31/12/2099,0,,
W7W/NO-121,USA - Washington,WA-Northern Olympics,4921 Sunspot Summit,1500,4921,-123.8363,47.7435,-123.8363,47.7435,4,3,01/12/2010,31/12/2099,0,,
W7W/NO-122,USA - Washington,WA-Northern Olympics,4855 Mt Tuner,1480,4855,-123.5398,47.5509,-123.5398,47.5509,4,0,01/12/2010,31/12/2099,0,,
W7W/NO-123,USA - Washington,WA-Northern Olympics,Aurora Peak,1455,4775,-123.8071,48.0263,-123.8071,48.0263,4,0,01/12/2010,31/12/2099,2,18/11/2019,KL0NP
W7W/NO-124,USA - Washington,WA-Northern Olympics,4729 Solder Summit,1441,4729,-123.0765,47.6627,-123.0765,47.6627,4,0,01/12/2010,31/12/2099,0,,
W7W/NO-125,USA - Washington,WA-Northern Olympics,4660 Bon Jon Peak,1420,4660,-123.0282,47.8972,-123.0282,47.8972,4,0,01/12/2010,31/12/2099,4,10/08/2023,NN7M
W7W/NO-126,USA - Washington,WA-Northern Olympics,4654 Shortwave Summit,1419,4654,-123.5236,47.8025,-123.5236,47.8025,4,0,01/12/2010,31/12/2099,0,,
W7W/NO-127,USA - Washington,WA-Northern Olympics,Sourdough Mountain,1410,4625,-123.8616,48.0261,-123.8616,48.0261,4,0,01/12/2010,31/12/2099,1,17/11/2019,KL0NP
W7W/NO-128,USA - Washington,WA-Northern Olympics,Tshletshy Ridge,1387,4552,-123.7299,47.6476,-123.7299,47.6476,4,0,01/12/2010,31/12/2099,0,,
W7W/NO-129,USA - Washington,WA-Northern Olympics,Mount Storm King,1379,4525,-123.741,48.0554,-123.741,48.0554,4,0,01/12/2010,31/12/2099,1,17/07/2019,KL0NP
W7W/NO-130,USA - Washington,WA-Northern Olympics,4425 Blackwood Peak,1349,4425,-123.8828,47.9362,-123.8828,47.9362,4,0,01/12/2010,31/12/2099,1,13/08/2019,WU7H
W7W/NO-131,USA - Washington,WA-Northern Olympics,4420 Harlow Peak,1347,4420,-123.8444,47.722,-123.8444,47.722,4,0,01/12/2010,31/12/2099,0,,
W7W/NO-132,USA - Washington,WA-Northern Olympics,Green Mountain,1345,4413,-122.9727,47.8597,-122.9727,47.8597,4,0,01/12/2010,31/12/2099,1,17/10/2019,KL0NP
W7W/NO-133,USA - Washington,WA-Northern Olympics,4401 VOX Mtn,1341,4401,-123.6862,47.6141,-123.6862,47.6141,4,0,01/12/2010,31/12/2099,0,,
W7W/NO-134,USA - Washington,WA-Northern Olympics,Mount Zion,1304,4278,-123.0106,47.9233,-123.0106,47.9233,4,0,01/12/2010,31/12/2099,32,10/08/2023,NN7M
W7W/NO-135,USA - Washington,WA-Northern Olympics,4110 Transverter Pk,1253,4110,-123.1446,47.6175,-123.1446,47.6175,4,0,01/12/2010,31/12/2099,0,,
W7W/NO-136,USA - Washington,WA-Northern Olympics,3875 Superhetrodyne Mtn,1181,3875,-123.9825,47.99,-123.9825,47.99,4,0,01/12/2010,31/12/2099,1,30/08/2022,KL0NP
W7W/NO-137,USA - Washington,WA-Northern Olympics,3844 Skywave Summit,1172,3844,-123.8983,47.7313,-123.8983,47.7313,4,0,01/12/2010,31/12/2099,0,,
W7W/NO-138,USA - Washington,WA-Northern Olympics,3780 Mt Sensitivity,1152,3780,-123.8727,47.7515,-123.8727,47.7515,4,0,01/12/2010,31/12/2099,0,,
W7W/NO-139,USA - Washington,WA-Northern Olympics,Buck Mountain,1152,3780,-122.9463,47.7532,-122.9463,47.7532,4,0,01/12/2010,31/12/2099,8,30/07/2023,NN7M
W7W/NO-140,USA - Washington,WA-Northern Olympics,Mount Muller,1142,3748,-123.9798,48.0898,-123.9798,48.0898,4,0,01/12/2010,31/12/2099,2,23/06/2017,KE7JWP
W7W/NO-141,USA - Washington,WA-Northern Olympics,3725 Mt Rotator,1135,3725,-123.9257,48.0868,-123.9257,48.0868,4,0,01/12/2010,31/12/2099,2,10/08/2019,K7NEW
W7W/NO-142,USA - Washington,WA-Northern Olympics,East Sams Ridge,1128,3700,-123.7963,47.6225,-123.7963,47.6225,4,0,01/12/2010,31/12/2099,0,,
W7W/NO-143,USA - Washington,WA-Northern Olympics,West Sams Ridge,1128,3700,-123.8734,47.6215,-123.8734,47.6215,4,0,01/12/2010,31/12/2099,0,,
W7W/NO-144,USA - Washington,WA-Northern Olympics,3660 Product Detector Pk,1116,3660,-123.9168,47.7494,-123.9168,47.7494,4,0,01/12/2010,31/12/2099,0,,
W7W/NO-145,USA - Washington,WA-Northern Olympics,3652 Rubber Duckie Hill,1113,3652,-123.0428,47.6541,-123.0428,47.6541,4,0,01/12/2010,31/12/2099,4,03/01/2021,kj7lry
W7W/NO-146,USA - Washington,WA-Northern Olympics,3620 PSK-31 Hill,1103,3620,-124.0241,48.0068,-124.0241,48.0068,4,0,01/12/2010,31/12/2099,1,30/08/2022,KL0NP
W7W/NO-147,USA - Washington,WA-Northern Olympics,Round Mountain,1079,3541,-123.3504,48.0009,-123.3504,48.0009,4,0,01/12/2010,31/12/2099,4,31/01/2015,KF7JQV
W7W/NO-148,USA - Washington,WA-Northern Olympics,3500 Regenerative Hill,1067,3500,-124.0828,47.9766,-124.0828,47.9766,4,0,01/12/2010,31/12/2099,1,13/09/2022,KL0NP
W7W/NO-149,USA - Washington,WA-Northern Olympics,Ned Hill,1057,3469,-123.1725,47.9639,-123.1725,47.9639,4,0,01/12/2010,31/12/2099,2,24/02/2020,KL0NP
W7W/NO-150,USA - Washington,WA-Northern Olympics,Bear Mountain,1055,3460,-123.066,47.9609,-123.066,47.9609,4,0,01/12/2010,31/12/2099,2,16/09/2019,KL0NP
W7W/NO-151,USA - Washington,WA-Northern Olympics,Pluto Peak,1055,3460,-122.9907,47.7386,-122.9907,47.7386,4,0,01/12/2010,31/12/2099,5,08/08/2021,KF7ZYF
W7W/NO-152,USA - Washington,WA-Northern Olympics,Mount Turner,1042,3420,-122.9242,47.7357,-122.9242,47.7357,4,0,01/12/2010,31/12/2099,8,17/06/2024,N6WT
W7W/NO-153,USA - Washington,WA-Northern Olympics,North Point,1030,3380,-124.0723,48.0844,-124.0723,48.0844,4,0,01/12/2010,31/12/2099,4,06/11/2024,KK7RTO
W7W/NO-154,USA - Washington,WA-Northern Olympics,Kloochman Rock,1023,3356,-123.9678,47.6695,-123.9678,47.6695,4,0,01/12/2010,31/12/2099,0,,
W7W/NO-155,USA - Washington,WA-Northern Olympics,3340 Portable Hill,1018,3340,-123.8012,47.5783,-123.8012,47.5783,4,0,01/12/2010,30/11/2016,0,,
W7W/NO-156,USA - Washington,WA-Northern Olympics,3325 Noise Blanker Hill,1013,3325,-124.0456,48.0305,-124.0456,48.0305,4,0,01/12/2010,30/11/2016,0,,
W7W/NO-157,USA - Washington,WA-Northern Olympics,3300 Multipath Hill,1006,3300,-124.0357,47.8564,-124.0357,47.8564,4,0,01/12/2010,31/12/2099,1,17/11/2019,KL0NP
W7W/NO-158,USA - Washington,WA-Northern Olympics,Quilcene Ridge,994,3260,-122.953,47.8015,-122.953,47.8015,2,0,01/12/2010,31/12/2099,14,14/12/2024,K7CL
W7W/NO-159,USA - Washington,WA-Northern Olympics,3220 Mt Multimode,981,3220,-124.0215,48.0299,-124.0215,48.0299,2,0,01/12/2010,31/12/2099,1,26/08/2022,KL0NP
W7W/NO-160,USA - Washington,WA-Northern Olympics,3151 Megahertz Hill,960,3151,-124.0057,47.7096,-124.0057,47.7096,2,0,01/12/2010,31/12/2099,0,,
W7W/NO-161,USA - Washington,WA-Northern Olympics,Pyramid Mountain,953,3125,-123.8078,48.0746,-123.8078,48.0746,2,0,01/12/2010,31/12/2099,9,27/02/2022,KL0NP
W7W/NO-162,USA - Washington,WA-Northern Olympics,3068 Longpath Hill,935,3068,-124.1337,47.9811,-124.1337,47.9811,2,0,01/12/2010,31/12/2099,0,,
W7W/NO-163,USA - Washington,WA-Northern Olympics,Mount Walker,855,2804,-122.9064,47.7886,-122.9064,47.7886,2,0,01/12/2010,31/12/2099,59,04/01/2025,WA7OOO
W7W/NO-164,USA - Washington,WA-Northern Olympics,2740 J-Pole Hill,835,2740,-123.9588,47.5287,-123.9588,47.5287,2,0,01/12/2010,31/12/2099,1,03/05/2019,K9WBZ
W7W/NO-165,USA - Washington,WA-Northern Olympics,2731 Incremental Hill,832,2731,-123.9093,48.1089,-123.9093,48.1089,2,0,01/12/2010,31/12/2099,1,04/01/2025,WA7OOO
W7W/NO-166,USA - Washington,WA-Northern Olympics,2700 Ham Radio Hill,823,2700,-124.0156,47.6745,-124.0156,47.6745,2,0,01/12/2010,31/12/2099,0,,
W7W/NO-167,USA - Washington,WA-Northern Olympics,Ellis Mountain,811,2660,-124.3147,48.1583,-124.3147,48.1583,2,0,01/12/2010,31/12/2099,0,,
W7W/NO-168,USA - Washington,WA-Northern Olympics,The Foothills,805,2640,-123.4329,48.0508,-123.4329,48.0508,2,0,01/12/2010,31/12/2099,2,13/12/2014,KF7JQV
W7W/NO-169,USA - Washington,WA-Northern Olympics,Mount Pleasant,804,2638,-123.3836,48.0447,-123.3836,48.0447,2,0,01/12/2010,31/12/2099,1,27/10/2021,K7NEW
W7W/NO-170,USA - Washington,WA-Northern Olympics,2620 D-Star Hill,799,2620,-124.1148,47.7303,-124.1148,47.7303,2,0,01/12/2010,31/12/2099,0,,
W7W/NO-171,USA - Washington,WA-Northern Olympics,Burnt Hill,786,2580,-123.1084,48.021,-123.1084,48.021,2,0,01/12/2010,31/12/2099,6,15/05/2024,W7WRP
W7W/NO-172,USA - Washington,WA-Northern Olympics,Skid Row,781,2563,-122.9558,47.9123,-122.9558,47.9123,2,0,01/12/2010,31/12/2099,0,,
W7W/NO-173,USA - Washington,WA-Northern Olympics,Deadmans Hill,779,2556,-124.1982,48.0974,-124.1982,48.0974,2,0,01/12/2010,31/12/2099,0,,
W7W/NO-174,USA - Washington,WA-Northern Olympics,Bigler Mountain,776,2545,-124.1219,48.0394,-124.1219,48.0394,2,0,01/12/2010,31/12/2099,0,,
W7W/NO-175,USA - Washington,WA-Northern Olympics,2525 Joyce Ridge,770,2525,-123.7306,48.1047,-123.7306,48.1047,2,0,01/12/2010,31/12/2099,0,,
W7W/NO-176,USA - Washington,WA-Northern Olympics,2509 D-Layer Hill,765,2509,-124.3114,48.1366,-124.3114,48.1366,2,0,01/12/2010,31/12/2099,0,,
W7W/NO-177,USA - Washington,WA-Northern Olympics,2475 Continuity Hill,754,2475,-123.703,48.0928,-123.703,48.0928,2,0,01/12/2010,31/12/2099,0,,
W7W/NO-178,USA - Washington,WA-Northern Olympics,2462 Discriminator Hill,750,2462,-123.9736,48.1112,-123.9736,48.1112,2,0,01/12/2010,31/12/2099,0,,
W7W/NO-179,USA - Washington,WA-Northern Olympics,Mount Octopus,750,2460,-124.1777,47.7494,-124.1777,47.7494,2,0,01/12/2010,31/12/2099,0,,
W7W/NO-180,USA - Washington,WA-Northern Olympics,Lordodendron Hill,672,2204,-122.9418,47.8808,-122.9418,47.8808,2,0,01/12/2010,31/12/2099,1,17/10/2019,KL0NP
W7W/NO-181,USA - Washington,WA-Northern Olympics,2180 Beacon Hill,664,2180,-124.2218,47.9098,-124.2218,47.9098,2,0,01/12/2010,31/12/2099,0,,
W7W/NO-182,USA - Washington,WA-Northern Olympics,2180 Astranaut Hill,664,2180,-124.0744,47.655,-124.0744,47.655,2,0,01/12/2010,31/12/2099,0,,
W7W/NO-183,USA - Washington,WA-Northern Olympics,2175 Kelly Peak,663,2175,-123.5955,48.0831,-123.5955,48.0831,2,0,01/12/2010,31/12/2099,1,01/04/2021,K7NEW
W7W/NO-184,USA - Washington,WA-Northern Olympics,2175 Dry Hill,663,2175,-123.5376,48.0782,-123.5376,48.0782,2,0,01/12/2010,31/12/2099,0,,
W7W/NO-185,USA - Washington,WA-Northern Olympics,Blyn Mountain,652,2140,-122.9266,48.0161,-122.9266,48.0161,2,0,01/12/2010,31/12/2099,1,01/05/2013,W7IMC
W7W/NO-186,USA - Washington,WA-Northern Olympics,Stolzenberg Mountain,649,2128,-124.4078,48.1806,-124.4078,48.1806,2,0,01/12/2010,31/12/2099,0,,
W7W/NO-187,USA - Washington,WA-Northern Olympics,Big Skidder Hill,648,2126,-122.9236,47.9512,-122.9236,47.9512,2,0,01/12/2010,31/12/2099,0,,
W7W/NO-188,USA - Washington,WA-Northern Olympics,2100 Backscatter Hill,640,2100,-124.0213,48.1205,-124.0213,48.1205,2,0,01/12/2010,31/12/2099,1,28/08/2022,KL0NP
W7W/NO-189,USA - Washington,WA-Northern Olympics,2060 Squelch Hill,628,2060,-124.0854,48.1149,-124.0854,48.1149,2,0,01/12/2010,31/12/2099,1,28/08/2022,KL0NP
W7W/NO-190,USA - Washington,WA-Northern Olympics,Lost Mountain,628,2060,-123.2053,48.0336,-123.2053,48.0336,2,0,01/12/2010,31/12/2099,0,,
W7W/NO-191,USA - Washington,WA-Northern Olympics,2025 Throughput Hill,617,2025,-123.6755,48.0852,-123.6755,48.0852,2,0,01/12/2010,31/12/2099,0,,
W7W/NO-192,USA - Washington,WA-Northern Olympics,2018 Discovery View Hill,615,2018,-122.9502,48.0114,-122.9502,48.0114,2,0,01/12/2010,31/12/2099,30,30/12/2024,KG7EJT
W7W/NO-193,USA - Washington,WA-Northern Olympics,Snag Peak,614,2015,-124.5214,48.2081,-124.5214,48.2081,2,0,01/12/2010,31/12/2099,0,,
W7W/NO-194,USA - Washington,WA-Northern Olympics,1984 Wavelength Hill,605,1984,-124.5322,48.23,-124.5322,48.23,2,0,01/12/2010,31/12/2099,0,,
W7W/NO-195,USA - Washington,WA-Northern Olympics,1967 Vee Beam Hill,600,1967,-124.3677,48.1881,-124.3677,48.1881,2,0,01/12/2010,31/12/2099,0,,
W7W/NO-196,USA - Washington,WA-Northern Olympics,1956 Selectivity Hill,596,1956,-124.4129,48.1191,-124.4129,48.1191,2,0,01/12/2010,31/12/2099,0,,
W7W/NO-197,USA - Washington,WA-Northern Olympics,Sekiu Mountain,592,1943,-124.4692,48.2145,-124.4692,48.2145,2,0,01/12/2010,31/12/2099,0,,
W7W/NO-198,USA - Washington,WA-Northern Olympics,Sooes Pk,591,1940,-124.591,48.2847,-124.591,48.2847,2,0,01/12/2010,30/11/2016,0,,
W7W/NO-199,USA - Washington,WA-Northern Olympics,1886 Rockbound Hill,575,1886,-124.5324,48.2535,-124.5324,48.2535,2,0,01/12/2010,31/12/2099,0,,
W7W/NO-200,USA - Washington,WA-Northern Olympics,Calawah Ridge,561,1841,-124.3122,48.0019,-124.3122,48.0019,2,0,01/12/2010,31/12/2099,0,,
W7W/NO-201,USA - Washington,WA-Northern Olympics,1825 Q Signal Hill,556,1825,-123.8018,48.1151,-123.8018,48.1151,2,0,01/12/2010,31/12/2099,3,05/06/2021,KL0NP
W7W/NO-202,USA - Washington,WA-Northern Olympics,1811 Preamplifier Hill,552,1811,-124.1873,48.0362,-124.1873,48.0362,2,0,01/12/2010,31/12/2099,0,,
W7W/NO-203,USA - Washington,WA-Northern Olympics,Tyee Hill,548,1798,-124.3474,48.0874,-124.3474,48.0874,2,0,01/12/2010,31/12/2099,0,,
W7W/NO-204,USA - Washington,WA-Northern Olympics,1780 Passband Hill,543,1780,-124.1889,47.9383,-124.1889,47.9383,2,0,01/12/2010,31/12/2099,0,,
W7W/NO-205,USA - Washington,WA-Northern Olympics,1780 Scanner Hill,543,1780,-124.4931,48.2366,-124.4931,48.2366,2,0,01/12/2010,31/12/2099,0,,
W7W/NO-206,USA - Washington,WA-Northern Olympics,1765 Resonant Hill,538,1765,-124.264,48.1625,-124.264,48.1625,2,0,01/12/2010,31/12/2099,0,,
W7W/NO-207,USA - Washington,WA-Northern Olympics,1762 Phase Hill,537,1762,-124.2467,48.1209,-124.2467,48.1209,2,0,01/12/2010,31/12/2099,0,,
W7W/NO-208,USA - Washington,WA-Northern Olympics,Reade Hill,533,1748,-124.2965,47.8898,-124.2965,47.8898,2,0,01/12/2010,31/12/2099,0,,
W7W/NO-209,USA - Washington,WA-Northern Olympics,Elk Ridge,530,1740,-124.2651,47.9329,-124.2651,47.9329,2,0,01/12/2010,31/12/2099,0,,
W7W/NO-210,USA - Washington,WA-Northern Olympics,1718 Re-Transmission Hill,524,1718,-124.1479,48.0164,-124.1479,48.0164,2,0,01/12/2010,31/12/2099,0,,
W7W/NO-211,USA - Washington,WA-Northern Olympics,1717 Intermediate Frequency Hill,523,1717,-124.3401,48.1314,-124.3401,48.1314,2,0,01/12/2010,31/12/2099,0,,
W7W/NO-212,USA - Washington,WA-Northern Olympics,1685 Low Earth Orbit Hill,514,1685,-124.2315,48.0799,-124.2315,48.0799,2,0,01/12/2010,31/12/2099,0,,
W7W/NO-213,USA - Washington,WA-Northern Olympics,1681 Meteor Hill,512,1681,-124.2413,48.0272,-124.2413,48.0272,2,0,01/12/2010,31/12/2099,0,,
W7W/NO-214,USA - Washington,WA-Northern Olympics,1679 Monoband Hill,512,1679,-123.8926,47.66,-123.8926,47.66,2,0,01/12/2010,31/12/2099,0,,
W7W/NO-215,USA - Washington,WA-Northern Olympics,West Makah Peaks,511,1676,-124.6176,48.2931,-124.6176,48.2931,2,0,01/12/2010,31/12/2099,0,,
W7W/NO-216,USA - Washington,WA-Northern Olympics,1658 Mixer Hill,505,1658,-124.5828,48.267,-124.5828,48.267,2,0,01/12/2010,31/12/2099,0,,
W7W/NO-217,USA - Washington,WA-Northern Olympics,1620 Message Hill,494,1620,-124.2671,47.9082,-124.2671,47.9082,1,0,01/12/2010,31/12/2099,0,,
W7W/NO-218,USA - Washington,WA-Northern Olympics,1580 Meteor Scatter Hill,482,1580,-124.4454,48.1267,-124.4454,48.1267,1,0,01/12/2010,31/12/2099,0,,
W7W/NO-219,USA - Washington,WA-Northern Olympics,1580 Lowpass Hill,482,1580,-124.23,47.6863,-124.23,47.6863,1,0,01/12/2010,31/12/2099,0,,
W7W/NO-220,USA - Washington,WA-Northern Olympics,1575 Fading Hill,480,1575,-123.6334,48.1035,-123.6334,48.1035,1,0,01/12/2010,31/12/2099,0,,
W7W/NO-221,USA - Washington,WA-Northern Olympics,1540 Grandfather Hill,469,1540,-124.3374,48.1926,-124.3374,48.1926,1,0,01/12/2010,31/12/2099,0,,
W7W/NO-222,USA - Washington,WA-Northern Olympics,1468 Lower Sideband Hill,447,1468,-124.321,48.2068,-124.321,48.2068,1,0,01/12/2010,31/12/2099,0,,
W7W/NO-223,USA - Washington,WA-Northern Olympics,1460 EME Hill,445,1460,-124.2957,47.8081,-124.2957,47.8081,1,0,01/12/2010,31/12/2099,0,,
W7W/NO-224,USA - Washington,WA-Northern Olympics,1454 General Class Hill,443,1454,-124.2935,47.6632,-124.2935,47.6632,1,0,01/12/2010,31/12/2099,0,,
W7W/NO-225,USA - Washington,WA-Northern Olympics,1426 Ragchew Hill,435,1426,-124.2285,47.7701,-124.2285,47.7701,1,0,01/12/2010,31/12/2099,0,,
W7W/NO-226,USA - Washington,WA-Northern Olympics,1420 Radiogram Hill,433,1420,-124.3801,48.204,-124.3801,48.204,1,0,01/12/2010,31/12/2099,0,,
W7W/NO-227,USA - Washington,WA-Northern Olympics,Bahokus Peak,433,1420,-124.6705,48.371,-124.6705,48.371,1,0,01/12/2010,31/12/2099,3,02/12/2019,KL0NP
W7W/NO-228,USA - Washington,WA-Northern Olympics,1420 Relay Hill,433,1420,-124.2617,47.6898,-124.2617,47.6898,1,0,01/12/2010,31/12/2099,0,,
W7W/NO-229,USA - Washington,WA-Northern Olympics,1393 Propagation Hill,425,1393,-124.1222,47.6901,-124.1222,47.6901,1,0,01/12/2010,31/12/2099,0,,
W7W/NO-230,USA - Washington,WA-Northern Olympics,Waatch Peak,411,1350,-124.6289,48.3197,-124.6289,48.3197,1,0,01/12/2010,31/12/2099,0,,
W7W/NO-231,USA - Washington,WA-Northern Olympics,Skid Mark,409,1341,-122.9235,47.8945,-122.9235,47.8945,1,0,01/12/2010,31/12/2099,0,,
W7W/NO-232,USA - Washington,WA-Northern Olympics,1306 Radio Control Hill,398,1306,-124.3125,48.1028,-124.3125,48.1028,1,0,01/12/2010,31/12/2099,0,,
W7W/NO-233,USA - Washington,WA-Northern Olympics,1293 Troposphere Hill,394,1293,-124.4788,48.3029,-124.4788,48.3029,1,0,01/12/2010,31/12/2099,0,,
W7W/NO-234,USA - Washington,WA-Northern Olympics,1300 Signal Hill,396,1300,-124.225,48.1342,-124.225,48.1342,1,0,01/12/2010,31/12/2099,0,,
W7W/NO-235,USA - Washington,WA-Northern Olympics,1260 Novice Hill,384,1260,-124.3597,48.1339,-124.3597,48.1339,1,0,01/12/2010,31/12/2099,0,,
W7W/NO-236,USA - Washington,WA-Northern Olympics,1258 Transponder Hill,383,1258,-124.3863,48.2237,-124.3863,48.2237,1,0,01/12/2010,31/12/2099,0,,
W7W/NO-237,USA - Washington,WA-Northern Olympics,1238 Spot Hill,377,1238,-124.4348,48.2404,-124.4348,48.2404,1,0,01/12/2010,31/12/2099,0,,
W7W/NO-238,USA - Washington,WA-Northern Olympics,1222 Transistor Hill,372,1222,-124.3826,47.8566,-124.3826,47.8566,1,0,01/12/2010,31/12/2099,0,,
W7W/NO-239,USA - Washington,WA-Northern Olympics,1220 Traffic Hill,372,1220,-124.2979,48.0377,-124.2979,48.0377,1,0,01/12/2010,31/12/2099,0,,
W7W/NO-240,USA - Washington,WA-Northern Olympics,Gunderson Mountain,372,1220,-124.4155,48.0075,-124.4155,48.0075,1,0,01/12/2010,31/12/2099,0,,
W7W/NO-241,USA - Washington,WA-Northern Olympics,Hoh Benchmark,370,1214,-124.4117,47.768,-124.4117,47.768,1,0,01/12/2010,31/12/2099,0,,
W7W/NO-242,USA - Washington,WA-Northern Olympics,1198 Space Station Hill,365,1198,-124.506,48.2842,-124.506,48.2842,1,0,01/12/2010,31/12/2099,0,,
W7W/NO-243,USA - Washington,WA-Northern Olympics,1184 Skip Hill,361,1184,-124.5924,48.2054,-124.5924,48.2054,1,0,01/12/2010,31/12/2016,0,,
W7W/NO-244,USA - Washington,WA-Northern Olympics,1180 Software Hill,360,1180,-124.1681,48.2282,-124.1681,48.2282,1,0,01/12/2010,31/12/2099,0,,
W7W/NO-245,USA - Washington,WA-Northern Olympics,1180 Subaudible Hill,360,1180,-124.6429,48.1903,-124.6429,48.1903,1,0,01/12/2010,31/12/2099,0,,
W7W/NO-246,USA - Washington,WA-Northern Olympics,1180 Technician Hill,360,1180,-124.6058,48.3271,-124.6058,48.3271,1,0,01/12/2010,31/12/2099,0,,
W7W/NO-247,USA - Washington,WA-Northern Olympics,1180 Third Party Hill,360,1180,-124.0677,47.5494,-124.0677,47.5494,1,0,01/12/2010,31/12/2099,0,,
W7W/NO-248,USA - Washington,WA-Northern Olympics,1180 Telescope Hill,360,1180,-124.3524,47.8175,-124.3524,47.8175,1,0,01/12/2010,31/12/2099,0,,
W7W/NO-249,USA - Washington,WA-Northern Olympics,1175 Top Loaded Hill,358,1175,-123.9798,48.1525,-123.9798,48.1525,1,0,01/12/2010,31/12/2099,0,,
W7W/NO-250,USA - Washington,WA-Northern Olympics,Striped Peak,355,1166,-123.6846,48.1565,-123.6846,48.1565,1,0,01/12/2010,31/12/2099,5,16/04/2021,KL0NP
W7W/NO-251,USA - Washington,WA-Northern Olympics,1140 Remote Bass Hill,347,1140,-124.0807,48.1555,-124.0807,48.1555,1,0,01/12/2010,31/12/2099,0,,
W7W/NO-252,USA - Washington,WA-Northern Olympics,1140 Mobile Hill,347,1140,-124.5521,48.2035,-124.5521,48.2035,1,0,01/12/2010,31/12/2099,0,,
W7W/NO-253,USA - Washington,WA-Northern Olympics,1100 Modulator Hill,335,1100,-124.4819,48.0585,-124.4819,48.0585,1,0,01/12/2010,31/12/2099,0,,
W7W/NO-254,USA - Washington,WA-Northern Olympics,1098 Maidenhead Hill,335,1098,-124.5227,48.143,-124.5227,48.143,1,0,01/12/2010,31/12/2099,0,,
W7W/NO-255,USA - Washington,WA-Northern Olympics,1060 End Fed Hill,323,1060,-124.5487,48.1301,-124.5487,48.1301,1,0,01/12/2010,31/12/2099,0,,
W7W/NO-256,USA - Washington,WA-Northern Olympics,Bite Benchmark,287,940,-124.6272,48.0181,-124.6272,48.0181,1,0,01/12/2010,31/12/2099,0,,
W7W/NO-257,USA - Washington,WA-Northern Olympics,923 Feed Point Hill,281,923,-124.457,48.0283,-124.457,48.0283,1,0,01/12/2010,31/12/2099,0,,
W7W/NO-258,USA - Washington,WA-Northern Olympics,Pointless Peak,277,910,-122.8429,47.9899,-122.8429,47.9899,1,0,01/12/2010,31/12/2099,0,,
W7W/NO-259,USA - Washington,WA-Northern Olympics,820 Half Square Hill,250,820,-124.2762,48.2461,-124.2762,48.2461,1,0,01/12/2010,31/12/2099,0,,
W7W/NO-260,USA - Washington,WA-Northern Olympics,Birkestol Hill,250,820,-124.5986,48.0504,-124.5986,48.0504,1,0,01/12/2010,31/12/2099,0,,
W7W/NO-261,USA - Washington,WA-Northern Olympics,780 Ground Wave Hill,238,780,-124.1107,48.216,-124.1107,48.216,1,0,01/12/2010,31/12/2099,0,,
W7W/NO-262,USA - Washington,WA-Northern Olympics,6434,1961,6434,-123.3055,47.9034,-123.3055,47.9034,6,3,01/12/2016,31/12/2099,0,,
W7W/NO-263,USA - Washington,WA-Northern Olympics,5575,1699,5575,-123.6903,48.0138,-123.6903,48.0138,6,3,01/12/2016,31/12/2099,1,29/05/2020,KL0NP
W7W/NO-264,USA - Washington,WA-Northern Olympics,Bogachiel Peak,1668,5474,-123.7775,47.9053,-123.7775,47.9053,6,3,01/12/2016,31/12/2099,6,07/08/2024,K9IR
W7W/NO-265,USA - Washington,WA-Northern Olympics,Rhodie Mountain,1071,3513,-122.9848,47.6957,-122.9848,47.6957,4,0,01/12/2016,31/12/2099,0,,
W7W/NO-266,USA - Washington,WA-Northern Olympics,3380,1030,3380,-123.7981,47.5849,-123.7981,47.5849,4,0,01/12/2016,31/12/2099,0,,
W7W/NO-267,USA - Washington,WA-Northern Olympics,3325,1013,3325,-124.0456,48.0305,-124.0456,48.0305,4,0,01/12/2016,31/12/2016,0,,
W7W/NO-268,USA - Washington,WA-Northern Olympics,Sooes Peak,604,1980,-124.591,48.2847,-124.591,48.2847,2,0,01/12/2016,31/12/2016,0,,
W7W/NO-269,USA - Washington,WA-Northern Olympics,1180,360,1180,-124.594,48.2096,-124.594,48.2096,1,0,01/12/2016,31/12/2099,0,,
W7W/OK-001,USA - Washington,WA-Okanogan,North Gardner Mountain,2730,8956,-120.5016,48.5151,-120.5016,48.5151,10,3,01/12/2010,31/12/2099,3,01/09/2024,KJ7RTO
W7W/OK-002,USA - Washington,WA-Okanogan,Gardner Mountain,2712,8898,-120.4882,48.5071,-120.4882,48.5071,10,3,01/12/2010,31/12/2099,1,01/09/2024,KJ7RTO
W7W/OK-003,USA - Washington,WA-Okanogan,Silver Star Mountain,2705,8876,-120.5853,48.5479,-120.5853,48.5479,10,3,01/12/2010,31/12/2099,1,01/07/2022,KJ7RTO
W7W/OK-004,USA - Washington,WA-Okanogan,Oval Peak,2681,8795,-120.4249,48.2872,-120.4249,48.2872,10,3,01/12/2010,31/12/2099,1,26/09/2021,KJ7RTO
W7W/OK-005,USA - Washington,WA-Okanogan,Mount Lago,2665,8745,-120.5374,48.8292,-120.5374,48.8292,10,3,01/12/2010,31/12/2099,0,,
W7W/OK-006,USA - Washington,WA-Okanogan,Robinson Mountain,2660,8726,-120.5748,48.7265,-120.5748,48.7265,10,3,01/12/2010,31/12/2099,1,27/07/2022,KJ7RTO
W7W/OK-007,USA - Washington,WA-Okanogan,Remmel Mountain,2647,8685,-120.197,48.9234,-120.197,48.9234,10,3,01/12/2010,31/12/2099,0,,
W7W/OK-008,USA - Washington,WA-Okanogan,Ptarmigan Peak,2626,8614,-120.5323,48.8661,-120.5323,48.8661,10,3,01/12/2010,31/12/2099,0,,
W7W/OK-009,USA - Washington,WA-Okanogan,Cathedral Peak,2622,8601,-120.1889,48.9892,-120.1889,48.9892,10,3,01/12/2010,31/12/2099,0,,
W7W/OK-010,USA - Washington,WA-Okanogan,Mount Carru,2620,8595,-120.5543,48.8319,-120.5543,48.8319,10,3,01/12/2010,31/12/2099,0,,
W7W/OK-011,USA - Washington,WA-Okanogan,Monument Peak,2619,8592,-120.5434,48.7938,-120.5434,48.7938,10,3,01/12/2010,31/12/2099,0,,
W7W/OK-012,USA - Washington,WA-Okanogan,Raven Ridge,2618,8590,-120.3318,48.2379,-120.3318,48.2379,10,3,01/12/2010,31/12/2099,1,28/08/2022,KJ7RTO
W7W/OK-013,USA - Washington,WA-Okanogan,Osceola Peak,2617,8587,-120.5764,48.8308,-120.5764,48.8308,10,3,01/12/2010,31/12/2099,0,,
W7W/OK-014,USA - Washington,WA-Okanogan,Big Craggy Peak,2582,8470,-120.328,48.7629,-120.328,48.7629,10,3,01/12/2010,31/12/2099,1,24/09/2022,KJ7RTO
W7W/OK-015,USA - Washington,WA-Okanogan,Lost Peak,2580,8464,-120.4582,48.8128,-120.4582,48.8128,10,3,01/12/2010,31/12/2099,0,,
W7W/OK-016,USA - Washington,WA-Okanogan,Lake Mountain,2551,8371,-120.5115,48.7815,-120.5115,48.7815,10,3,01/12/2010,31/12/2099,0,,
W7W/OK-017,USA - Washington,WA-Okanogan,Golden Horn,2550,8366,-120.7327,48.6033,-120.7327,48.6033,10,3,01/12/2010,31/12/2099,0,,
W7W/OK-018,USA - Washington,WA-Okanogan,West Craggy,2550,8366,-120.346,48.7623,-120.346,48.7623,10,3,01/12/2010,31/12/2099,1,24/09/2022,KJ7RTO
W7W/OK-019,USA - Washington,WA-Okanogan,Amphitheater Mountain,2548,8358,-120.1923,48.9756,-120.1923,48.9756,10,3,01/12/2010,31/12/2099,0,,
W7W/OK-020,USA - Washington,WA-Okanogan,Windy Peak,2540,8333,-119.9707,48.9282,-119.9707,48.9282,10,3,01/12/2010,31/12/2099,1,03/10/2020,K7DJL
W7W/OK-021,USA - Washington,WA-Okanogan,Snagtooth Ridge,2539,8330,-120.5895,48.5345,-120.5895,48.5345,10,3,01/12/2010,31/12/2099,0,,
W7W/OK-022,USA - Washington,WA-Okanogan,Abernathy Peak,2536,8321,-120.5245,48.4777,-120.5245,48.4777,10,3,01/12/2010,31/12/2099,0,,
W7W/OK-023,USA - Washington,WA-Okanogan,Andrew Peak,2530,8301,-120.2277,48.9202,-120.2277,48.9202,10,3,01/12/2010,31/12/2099,0,,
W7W/OK-024,USA - Washington,WA-Okanogan,Kangaroo Ridge,2530,8300,-120.6174,48.5193,-120.6174,48.5193,10,3,01/12/2010,31/12/2099,0,,
W7W/OK-025,USA - Washington,WA-Okanogan,Apex Mountain,2529,8297,-120.1453,48.9616,-120.1453,48.9616,10,3,01/12/2010,31/12/2099,0,,
W7W/OK-026,USA - Washington,WA-Okanogan,Sheep Mountain,2522,8274,-120.3886,48.9766,-120.3886,48.9766,10,3,01/12/2010,31/12/2099,0,,
W7W/OK-027,USA - Washington,WA-Okanogan,Buttermilk Ridge,2520,8267,-120.4354,48.2664,-120.4354,48.2664,10,3,01/12/2010,31/12/2099,0,,
W7W/OK-028,USA - Washington,WA-Okanogan,Silver Moon,2515,8252,-120.5696,48.5478,-120.5696,48.5478,10,3,01/12/2010,31/12/2099,0,,
W7W/OK-029,USA - Washington,WA-Okanogan,Tiffany Mountain,2513,8245,-119.9325,48.6695,-119.9325,48.6695,10,3,01/12/2010,31/12/2099,30,06/10/2024,W7BCM
W7W/OK-030,USA - Washington,WA-Okanogan,Many Trails Peak,2512,8241,-120.4682,48.8518,-120.4682,48.8518,10,3,01/12/2010,31/12/2099,0,,
W7W/OK-031,USA - Washington,WA-Okanogan,Fool Hen Mountain,2490,8168,-120.3176,48.8554,-120.3176,48.8554,8,3,01/12/2010,31/12/2099,0,,
W7W/OK-032,USA - Washington,WA-Okanogan,Peepsight Mountain,2483,8146,-120.2381,48.897,-120.2381,48.897,8,3,01/12/2010,31/12/2099,0,,
W7W/OK-033,USA - Washington,WA-Okanogan,Sunrise Peak,2482,8144,-120.3738,48.7305,-120.3738,48.7305,8,3,01/12/2010,31/12/2099,0,,
W7W/OK-034,USA - Washington,WA-Okanogan,"Needles, The",2481,8140,-120.6536,48.6009,-120.6536,48.6009,8,3,01/12/2010,30/11/2016,0,,
W7W/OK-035,USA - Washington,WA-Okanogan,Armstrong Mountain,2481,8139,-119.939,48.998,-119.939,48.998,8,3,01/12/2010,31/12/2099,1,21/08/2013,W7TAO
W7W/OK-036,USA - Washington,WA-Okanogan,Wolframite Mountain,2480,8137,-120.1295,48.9855,-120.1295,48.9855,8,3,01/12/2010,31/12/2099,0,,
W7W/OK-037,USA - Washington,WA-Okanogan,North Three Pinnacles,2476,8124,-120.4391,48.7814,-120.4391,48.7814,8,3,01/12/2010,31/12/2099,0,,
W7W/OK-038,USA - Washington,WA-Okanogan,Freds Mountain,2469,8100,-120.2653,48.9244,-120.2653,48.9244,8,3,01/12/2010,31/12/2099,0,,
W7W/OK-039,USA - Washington,WA-Okanogan,McLeod Mountain,2469,8099,-120.3838,48.7044,-120.3838,48.7044,8,3,01/12/2010,31/12/2099,1,25/06/2024,KE7JWP
W7W/OK-040,USA - Washington,WA-Okanogan,Mount Rolo,2468,8096,-120.6014,48.8086,-120.6014,48.8086,8,3,01/12/2010,31/12/2099,0,,
W7W/OK-041,USA - Washington,WA-Okanogan,Arnold Peak,2466,8090,-119.9219,48.9887,-119.9219,48.9887,8,3,01/12/2010,31/12/2099,1,21/08/2013,W7TAO
W7W/OK-042,USA - Washington,WA-Okanogan,Devils Peak,2463,8081,-120.6136,48.7361,-120.6136,48.7361,8,3,01/12/2010,31/12/2099,0,,
W7W/OK-043,USA - Washington,WA-Okanogan,Shelokum Mountain,2459,8069,-120.5298,48.5111,-120.5298,48.5111,8,3,01/12/2010,31/12/2099,0,,
W7W/OK-044,USA - Washington,WA-Okanogan,Bauerman Ridge,2452,8044,-120.0667,48.9772,-120.0667,48.9772,8,3,01/12/2010,31/12/2099,0,,
W7W/OK-045,USA - Washington,WA-Okanogan,Bauble Butte,2446,8025,-120.3166,48.8959,-120.3166,48.8959,8,3,01/12/2010,31/12/2099,0,,
W7W/OK-046,USA - Washington,WA-Okanogan,Gilbert Mountain,2445,8023,-120.5809,48.481,-120.5809,48.481,8,3,01/12/2010,31/12/2099,0,,
W7W/OK-047,USA - Washington,WA-Okanogan,Holliway Mountain,2444,8020,-120.7307,48.6172,-120.7307,48.6172,8,3,01/12/2010,31/12/2099,0,,
W7W/OK-048,USA - Washington,WA-Okanogan,Rock Mountain,2430,7971,-119.9168,48.6903,-119.9168,48.6903,8,3,01/12/2010,31/12/2099,5,04/08/2024,KG77EJT
W7W/OK-049,USA - Washington,WA-Okanogan,Horseshoe Mountain,2425,7956,-119.9248,48.97,-119.9248,48.97,8,3,01/12/2010,31/12/2099,1,20/08/2013,W7TAO
W7W/OK-050,USA - Washington,WA-Okanogan,West Two Point Mountain,2425,7955,-120.382,48.9013,-120.382,48.9013,8,3,01/12/2010,31/12/2099,0,,
W7W/OK-051,USA - Washington,WA-Okanogan,Skeptical Butte,2423,7949,-120.3398,48.8828,-120.3398,48.8828,8,3,01/12/2010,31/12/2099,0,,
W7W/OK-052,USA - Washington,WA-Okanogan,Obstruction Peak,2420,7940,-120.2591,48.8055,-120.2591,48.8055,8,3,01/12/2010,31/12/2099,0,,
W7W/OK-053,USA - Washington,WA-Okanogan,Beauty Peak,2419,7935,-120.5454,48.7307,-120.5454,48.7307,8,3,01/12/2010,31/12/2099,0,,
W7W/OK-054,USA - Washington,WA-Okanogan,Bald Mountain,2417,7931,-120.2595,48.9535,-120.2595,48.9535,8,3,01/12/2010,31/12/2099,0,,
W7W/OK-055,USA - Washington,WA-Okanogan,Gilbert Mountain Northwest,2413,7917,-120.605,48.4888,-120.605,48.4888,8,3,01/12/2010,31/12/2099,0,,
W7W/OK-056,USA - Washington,WA-Okanogan,Spirit Mountain,2411,7910,-120.3783,48.2656,-120.3783,48.2656,8,3,01/12/2010,31/12/2099,0,,
W7W/OK-057,USA - Washington,WA-Okanogan,Mother Lode,2409,7905,-120.6151,48.4436,-120.6151,48.4436,8,3,01/12/2010,31/12/2099,0,,
W7W/OK-058,USA - Washington,WA-Okanogan,Chopaka Mountain,2402,7880,-119.7849,48.9575,-119.7849,48.9575,8,3,01/12/2010,31/12/2099,0,,
W7W/OK-059,USA - Washington,WA-Okanogan,Haig Mountain,2397,7865,-120.0083,48.9819,-120.0083,48.9819,8,3,01/12/2010,31/12/2099,0,,
W7W/OK-060,USA - Washington,WA-Okanogan,Eightmile Peak,2396,7860,-120.35,48.7767,-120.35,48.7767,8,3,01/12/2010,31/12/2099,0,,
W7W/OK-061,USA - Washington,WA-Okanogan,7857 Mount Regard,2395,7857,-119.9727,48.9964,-119.9727,48.9964,8,3,01/12/2010,31/12/2099,1,22/08/2013,W7TAO
W7W/OK-062,USA - Washington,WA-Okanogan,7851 Little Fool Hen Mountain,2393,7851,-120.2942,48.8137,-120.2942,48.8137,8,3,01/12/2010,31/12/2099,0,,
W7W/OK-063,USA - Washington,WA-Okanogan,Pasayten Peak,2393,7850,-120.6708,48.7955,-120.6708,48.7955,8,3,01/12/2010,31/12/2099,0,,
W7W/OK-064,USA - Washington,WA-Okanogan,Mount Winthrop,2393,7850,-120.7675,48.9728,-120.7675,48.9728,8,3,01/12/2010,31/12/2099,0,,
W7W/OK-065,USA - Washington,WA-Okanogan,Old Baldy,2391,7844,-119.9562,48.5899,-119.9562,48.5899,8,3,01/12/2010,31/12/2099,0,,
W7W/OK-066,USA - Washington,WA-Okanogan,7838 Flaming Peak,2389,7838,-120.2724,48.8927,-120.2724,48.8927,8,3,01/12/2010,31/12/2099,0,,
W7W/OK-067,USA - Washington,WA-Okanogan,Hurley Peak,2385,7824,-119.7767,48.9715,-119.7767,48.9715,8,3,01/12/2010,31/12/2099,0,,
W7W/OK-068,USA - Washington,WA-Okanogan,Snowshoe Mountain,2383,7818,-119.8481,48.9899,-119.8481,48.9899,8,3,01/12/2010,31/12/2099,0,,
W7W/OK-069,USA - Washington,WA-Okanogan,7816 Snowshoe Ridge High Point,2382,7816,-120.4699,48.3041,-120.4699,48.3041,8,3,01/12/2010,31/12/2099,0,,
W7W/OK-070,USA - Washington,WA-Okanogan,Crescent Mountain,2382,7816,-120.5984,48.4423,-120.5984,48.4423,8,3,01/12/2010,31/12/2099,0,,
W7W/OK-071,USA - Washington,WA-Okanogan,Buckskin Ridge,2382,7815,-120.6529,48.8171,-120.6529,48.8171,8,3,01/12/2010,31/12/2099,0,,
W7W/OK-072,USA - Washington,WA-Okanogan,East Pistol Peaks,2378,7802,-120.4846,48.7554,-120.4846,48.7554,8,3,01/12/2010,31/12/2099,0,,
W7W/OK-073,USA - Washington,WA-Okanogan,7789 Catleap Peak,2374,7789,-120.6573,48.6157,-120.6573,48.6157,8,3,01/12/2010,31/12/2099,0,,
W7W/OK-074,USA - Washington,WA-Okanogan,7787 Louis Peak,2373,7787,-120.5929,48.399,-120.5929,48.399,8,3,01/12/2010,31/12/2099,0,,
W7W/OK-075,USA - Washington,WA-Okanogan,Burch Mountain,2372,7782,-120.3052,48.797,-120.3052,48.797,8,3,01/12/2010,31/12/2099,0,,
W7W/OK-076,USA - Washington,WA-Okanogan,Soda Peak,2363,7752,-120.7196,48.9133,-120.7196,48.9133,8,3,01/12/2010,31/12/2099,0,,
W7W/OK-077,USA - Washington,WA-Okanogan,Nanny Goat Mountain,2347,7700,-120.3789,48.8358,-120.3789,48.8358,8,3,01/12/2010,31/12/2099,0,,
W7W/OK-078,USA - Washington,WA-Okanogan,Straight Ridge,2347,7700,-120.6973,48.6078,-120.6973,48.6078,8,3,01/12/2010,31/12/2099,0,,
W7W/OK-079,USA - Washington,WA-Okanogan,7697 Dial Ridge,2346,7697,-120.3161,48.8035,-120.3161,48.8035,8,3,01/12/2010,31/12/2099,0,,
W7W/OK-080,USA - Washington,WA-Okanogan,Coleman Peak,2344,7690,-120.0919,48.8541,-120.0919,48.8541,8,3,01/12/2010,31/12/2099,0,,
W7W/OK-081,USA - Washington,WA-Okanogan,Dollar Watch Mountain,2341,7679,-120.4072,48.8953,-120.4072,48.8953,8,3,01/12/2010,31/12/2099,0,,
W7W/OK-082,USA - Washington,WA-Okanogan,7665 Gabril Point,2336,7665,-120.3614,48.9435,-120.3614,48.9435,8,3,01/12/2010,31/12/2099,0,,
W7W/OK-083,USA - Washington,WA-Okanogan,Rock Mountain,2329,7641,-119.9552,48.9834,-119.9552,48.9834,8,3,01/12/2010,31/12/2099,1,22/08/2013,W7TAO
W7W/OK-084,USA - Washington,WA-Okanogan,Billy Goat Mountain,2327,7633,-120.3439,48.8123,-120.3439,48.8123,8,3,01/12/2010,31/12/2099,0,,
W7W/OK-085,USA - Washington,WA-Okanogan,Midnight Mountain,2315,7595,-120.4369,48.4326,-120.4369,48.4326,8,3,01/12/2010,31/12/2099,0,,
W7W/OK-086,USA - Washington,WA-Okanogan,Holman Peak,2301,7550,-120.7334,48.8676,-120.7334,48.8676,8,3,01/12/2010,31/12/2099,0,,
W7W/OK-087,USA - Washington,WA-Okanogan,Williams Butte,2298,7540,-120.528,48.3705,-120.528,48.3705,8,3,01/12/2010,31/12/2099,0,,
W7W/OK-088,USA - Washington,WA-Okanogan,Quartz Mountain,2295,7530,-120.42,48.9557,-120.42,48.9557,8,3,01/12/2010,31/12/2099,0,,
W7W/OK-089,USA - Washington,WA-Okanogan,Cal Peak,2283,7489,-120.1262,48.9077,-120.1262,48.9077,8,3,01/12/2010,31/12/2099,0,,
W7W/OK-090,USA - Washington,WA-Okanogan,Farewell Peak,2267,7439,-120.2165,48.741,-120.2165,48.741,8,3,01/12/2010,31/12/2099,0,,
W7W/OK-091,USA - Washington,WA-Okanogan,North Twentymile Peak,2267,7437,-120.0683,48.7516,-120.0683,48.7516,8,3,01/12/2010,31/12/2099,2,13/07/2022,KE7JWP
W7W/OK-092,USA - Washington,WA-Okanogan,7422 Flagg Mountain South,2262,7422,-120.6294,48.6177,-120.6294,48.6177,8,3,01/12/2010,31/12/2099,0,,
W7W/OK-093,USA - Washington,WA-Okanogan,South Chopaka Mountain,2253,7391,-119.7462,48.9351,-119.7462,48.9351,8,3,01/12/2010,31/12/2099,0,,
W7W/OK-094,USA - Washington,WA-Okanogan,Granite Mountain,2245,7366,-119.8973,48.4964,-119.8973,48.4964,8,3,01/12/2010,31/12/2099,0,,
W7W/OK-095,USA - Washington,WA-Okanogan,7300 Bandplan Summit,2225,7300,-120.6254,48.7039,-120.6254,48.7039,8,3,01/12/2010,31/12/2099,0,,
W7W/OK-096,USA - Washington,WA-Okanogan,7277 Aurora Mtn,2218,7277,-120.2674,48.859,-120.2674,48.859,8,3,01/12/2010,31/12/2099,0,,
W7W/OK-097,USA - Washington,WA-Okanogan,7259 Handcock Ridge High Point,2213,7259,-120.6752,48.664,-120.6752,48.664,8,3,01/12/2010,31/12/2099,0,,
W7W/OK-098,USA - Washington,WA-Okanogan,Setting Sun Mountain,2213,7259,-120.445,48.6979,-120.445,48.6979,8,3,01/12/2010,31/12/2099,0,,
W7W/OK-099,USA - Washington,WA-Okanogan,Mount Bonaparte,2212,7257,-119.1223,48.7852,-119.1223,48.7852,8,3,01/12/2010,31/12/2099,0,,
W7W/OK-100,USA - Washington,WA-Okanogan,7253 Peak of the Pines,2211,7253,-120.6981,48.8764,-120.6981,48.8764,8,3,01/12/2010,31/12/2099,0,,
W7W/OK-101,USA - Washington,WA-Okanogan,Bunker Hill,2206,7239,-120.4839,48.974,-120.4839,48.974,8,3,01/12/2010,31/12/2099,0,,
W7W/OK-102,USA - Washington,WA-Okanogan,Delancy Ridge,2203,7228,-120.6042,48.6173,-120.6042,48.6173,8,3,01/12/2010,31/12/2099,0,,
W7W/OK-103,USA - Washington,WA-Okanogan,Ike Mountain,2190,7186,-120.1887,48.7315,-120.1887,48.7315,8,3,01/12/2010,31/12/2099,0,,
W7W/OK-104,USA - Washington,WA-Okanogan,7168 Bottle Rocket Mountain,2185,7168,-119.9292,48.7518,-119.9292,48.7518,8,3,01/12/2010,31/12/2099,3,01/07/2023,KJ7LLS
W7W/OK-105,USA - Washington,WA-Okanogan,Lincoln Butte,2153,7065,-120.63,48.469,-120.63,48.469,8,3,01/12/2010,31/12/2099,0,,
W7W/OK-106,USA - Washington,WA-Okanogan,Island Mountain,2148,7048,-120.4493,48.8958,-120.4493,48.8958,8,3,01/12/2010,31/12/2099,0,,
W7W/OK-107,USA - Washington,WA-Okanogan,Goat Peak,2134,7001,-120.4039,48.6321,-120.4039,48.6321,8,3,01/12/2010,31/12/2099,28,02/09/2024,K2VFZ
W7W/OK-108,USA - Washington,WA-Okanogan,6961 Mt Packet,2122,6961,-119.9318,48.8049,-119.9318,48.8049,8,3,01/12/2010,31/12/2099,0,,
W7W/OK-109,USA - Washington,WA-Okanogan,6935 Middle Pasayten Peak,2114,6935,-120.6484,48.7401,-120.6484,48.7401,8,3,01/12/2010,31/12/2099,0,,
W7W/OK-110,USA - Washington,WA-Okanogan,6900 Three Forks Peak,2103,6900,-120.6693,48.9075,-120.6693,48.9075,8,3,01/12/2010,31/12/2099,0,,
W7W/OK-111,USA - Washington,WA-Okanogan,Blue Buck Ridge,2103,6900,-119.9513,48.5439,-119.9513,48.5439,8,3,01/12/2010,31/12/2099,1,15/06/2023,WA7NCL
W7W/OK-112,USA - Washington,WA-Okanogan,6852 Wildfire Mountain,2088,6852,-120.4517,48.9192,-120.4517,48.9192,8,3,01/12/2010,31/12/2099,0,,
W7W/OK-113,USA - Washington,WA-Okanogan,6794 Integrated Circuit Pk,2071,6794,-120.2008,48.7722,-120.2008,48.7722,8,3,01/12/2010,31/12/2099,0,,
W7W/OK-114,USA - Washington,WA-Okanogan,Moses Mountain,2065,6774,-119.0611,48.3716,-119.0611,48.3716,8,3,01/12/2010,31/12/2099,1,06/07/2023,W7MDN
W7W/OK-115,USA - Washington,WA-Okanogan,6738 Low Power Mtn,2054,6738,-119.8917,48.898,-119.8917,48.898,8,3,01/12/2010,31/12/2099,1,19/08/2013,W7TAO
W7W/OK-116,USA - Washington,WA-Okanogan,Cecil Benchmark,2047,6715,-119.8348,48.761,-119.8348,48.761,8,3,01/12/2010,31/12/2099,0,,
W7W/OK-117,USA - Washington,WA-Okanogan,6700 Gain Summit,2042,6700,-120.009,48.6884,-120.009,48.6884,8,3,01/12/2010,31/12/2099,4,27/08/2022,KG7EJT
W7W/OK-118,USA - Washington,WA-Okanogan,6698 Disaster Creek Mountain,2042,6698,-120.1911,48.796,-120.1911,48.796,8,3,01/12/2010,31/12/2099,0,,
W7W/OK-119,USA - Washington,WA-Okanogan,6682 Eighty Meter Mtn,2037,6682,-120.0313,48.9477,-120.0313,48.9477,8,3,01/12/2010,31/12/2099,0,,
W7W/OK-120,USA - Washington,WA-Okanogan,Pearrygin Peak,2025,6644,-120.0271,48.531,-120.0271,48.531,8,3,01/12/2010,31/12/2099,0,,
W7W/OK-121,USA - Washington,WA-Okanogan,6632 Deviation Mtn,2021,6632,-120.6964,48.9845,-120.6964,48.9845,8,3,01/12/2010,31/12/2099,0,,
W7W/OK-122,USA - Washington,WA-Okanogan,6581 Aurora Scatter Pk,2006,6581,-119.9286,48.8394,-119.9286,48.8394,8,3,01/12/2010,31/12/2099,0,,
W7W/OK-123,USA - Washington,WA-Okanogan,Fawn Peak,2005,6577,-120.3285,48.6178,-120.3285,48.6178,8,3,01/12/2010,31/12/2099,1,10/06/2014,N7KRN
W7W/OK-124,USA - Washington,WA-Okanogan,6536 Duckhead Mountain,1992,6536,-120.4439,48.3071,-120.4439,48.3071,6,3,01/12/2010,31/12/2099,0,,
W7W/OK-125,USA - Washington,WA-Okanogan,McKinney Mountain,1972,6469,-120.4062,48.5215,-120.4062,48.5215,6,3,01/12/2010,31/12/2099,0,,
W7W/OK-126,USA - Washington,WA-Okanogan,Coxit Mountain,1955,6413,-119.8458,48.6901,-119.8458,48.6901,6,3,01/12/2010,31/12/2099,1,15/08/2020,WA7NCL
W7W/OK-127,USA - Washington,WA-Okanogan,6382 Counterpoise Mtn,1945,6382,-120.0367,48.6297,-120.0367,48.6297,6,3,01/12/2010,31/12/2099,0,,
W7W/OK-128,USA - Washington,WA-Okanogan,Beaver Mountain,1945,6380,-119.8703,48.457,-119.8703,48.457,6,3,01/12/2010,31/12/2099,0,,
W7W/OK-129,USA - Washington,WA-Okanogan,Muckamuck Mountain,1942,6370,-119.8565,48.611,-119.8565,48.611,6,3,01/12/2010,31/12/2099,0,,
W7W/OK-130,USA - Washington,WA-Okanogan,McDaniel Mountain,1932,6340,-119.8694,48.4877,-119.8694,48.4877,6,3,01/12/2010,31/12/2099,0,,
W7W/OK-131,USA - Washington,WA-Okanogan,6323 Mt Wavelength,1927,6323,-120.6385,48.6824,-120.6385,48.6824,6,3,01/12/2010,31/12/2099,0,,
W7W/OK-132,USA - Washington,WA-Okanogan,Holdover Ridge,1916,6285,-120.649,48.944,-120.649,48.944,6,3,01/12/2010,31/12/2099,0,,
W7W/OK-133,USA - Washington,WA-Okanogan,Tillman Mountain,1912,6272,-119.7596,48.8157,-119.7596,48.8157,6,3,01/12/2010,31/12/2099,0,,
W7W/OK-134,USA - Washington,WA-Okanogan,Blue Buck Mountain,1897,6225,-120.0511,48.4901,-120.0511,48.4901,6,3,01/12/2010,31/12/2099,1,11/06/2024,WA7NCL
W7W/OK-135,USA - Washington,WA-Okanogan,Buck Mountain,1870,6135,-119.8239,48.4366,-119.8239,48.4366,6,3,01/12/2010,31/12/2099,1,07/06/2022,WA7NCL
W7W/OK-136,USA - Washington,WA-Okanogan,Mount Annie,1846,6055,-119.0539,48.6613,-119.0539,48.6613,6,3,01/12/2010,31/12/2099,0,,
W7W/OK-137,USA - Washington,WA-Okanogan,Tunk Mountain,1845,6053,-119.2364,48.5455,-119.2364,48.5455,6,3,01/12/2010,31/12/2099,0,,
W7W/OK-138,USA - Washington,WA-Okanogan,Driveway Butte,1823,5982,-120.5324,48.6341,-120.5324,48.6341,6,3,01/12/2010,31/12/2099,4,23/09/2016,KG7EJT
W7W/OK-139,USA - Washington,WA-Okanogan,Thirtymile Peak,1821,5975,-120.0096,48.8481,-120.0096,48.8481,6,3,01/12/2010,31/12/2099,0,,
W7W/OK-140,USA - Washington,WA-Okanogan,Little Moses Mountain,1818,5963,-119.04,48.4146,-119.04,48.4146,6,3,01/12/2010,31/12/2099,0,,
W7W/OK-141,USA - Washington,WA-Okanogan,Strawberry Mountain,1787,5863,-118.9374,48.4518,-118.9374,48.4518,6,3,01/12/2010,31/12/2099,0,,
W7W/OK-142,USA - Washington,WA-Okanogan,5853 Subaudible Mtn,1784,5853,-119.8402,48.7266,-119.8402,48.7266,6,3,01/12/2010,31/12/2099,0,,
W7W/OK-143,USA - Washington,WA-Okanogan,5814 Tuner Mtn,1772,5814,-119.255,48.4495,-119.255,48.4495,6,3,01/12/2010,31/12/2099,0,,
W7W/OK-144,USA - Washington,WA-Okanogan,Mount Phoebe,1772,5813,-119.211,48.7783,-119.211,48.7783,6,3,01/12/2010,31/12/2099,0,,
W7W/OK-145,USA - Washington,WA-Okanogan,5812 Lightning Creek Ridge,1771,5812,-119.9475,48.4735,-119.9475,48.4735,6,3,01/12/2010,31/12/2099,0,,
W7W/OK-146,USA - Washington,WA-Okanogan,Eightmile Ridge,1768,5802,-120.2653,48.7309,-120.2653,48.7309,6,3,01/12/2010,31/12/2099,0,,
W7W/OK-147,USA - Washington,WA-Okanogan,Bailey Mountain,1767,5796,-119.1189,48.5053,-119.1189,48.5053,6,3,01/12/2010,31/12/2099,0,,
W7W/OK-148,USA - Washington,WA-Okanogan,Bobcat Mountain,1762,5780,-119.8983,48.4573,-119.8983,48.4573,6,3,01/12/2010,31/12/2099,0,,
W7W/OK-149,USA - Washington,WA-Okanogan,Omak Mountain,1752,5747,-119.3088,48.4493,-119.3088,48.4493,6,3,01/12/2010,31/12/2099,0,,
W7W/OK-150,USA - Washington,WA-Okanogan,Mission Peak,1751,5746,-120.2917,48.2852,-120.2917,48.2852,6,3,01/12/2010,31/12/2099,0,,
W7W/OK-151,USA - Washington,WA-Okanogan,5723 Timeless Mountain,1744,5723,-120.3846,48.4031,-120.3846,48.4031,6,3,01/12/2010,31/12/2099,0,,
W7W/OK-152,USA - Washington,WA-Okanogan,Fir Mountain,1733,5687,-118.9352,48.6655,-118.9352,48.6655,6,3,01/12/2010,31/12/2099,0,,
W7W/OK-153,USA - Washington,WA-Okanogan,5660 Monobound Mtn,1725,5660,-119.1986,48.4457,-119.1986,48.4457,6,3,01/12/2010,31/12/2099,0,,
W7W/OK-154,USA - Washington,WA-Okanogan,Juniper Point,1725,5659,-119.749,48.8858,-119.749,48.8858,6,3,01/12/2010,31/12/2099,0,,
W7W/OK-155,USA - Washington,WA-Okanogan,South Ridge,1717,5634,-119.9703,48.4141,-119.9703,48.4141,6,3,01/12/2010,31/12/2099,0,,
W7W/OK-156,USA - Washington,WA-Okanogan,Douglas Mountain,1711,5613,-119.7265,48.7704,-119.7265,48.7704,6,3,01/12/2010,31/12/2099,0,,
W7W/OK-157,USA - Washington,WA-Okanogan,Buckhorn Mountain,1707,5602,-118.9862,48.9458,-118.9862,48.9458,6,3,01/12/2010,31/12/2099,1,06/11/2024,K3OG
W7W/OK-158,USA - Washington,WA-Okanogan,5580 Thompson Ridge,1701,5580,-120.3498,48.4633,-120.3498,48.4633,6,3,01/12/2010,31/12/2099,0,,
W7W/OK-159,USA - Washington,WA-Okanogan,5545 Mt Groundplane,1690,5545,-120.5072,48.6129,-120.5072,48.6129,6,3,01/12/2010,31/12/2099,2,18/06/2014,N7KRN
W7W/OK-160,USA - Washington,WA-Okanogan,Lamb Butte,1690,5545,-120.2117,48.6613,-120.2117,48.6613,6,3,01/12/2010,31/12/2099,0,,
W7W/OK-161,USA - Washington,WA-Okanogan,Lookout Mountain,1681,5515,-120.1875,48.3131,-120.1875,48.3131,6,3,01/12/2010,31/12/2099,18,15/09/2024,K7NCM
W7W/OK-162,USA - Washington,WA-Okanogan,Mineral Hill,1676,5500,-119.8012,48.5772,-119.8012,48.5772,6,3,01/12/2010,31/12/2099,0,,
W7W/OK-163,USA - Washington,WA-Okanogan,First Butte,1674,5491,-120.1088,48.6192,-120.1088,48.6192,6,3,01/12/2010,31/12/2099,10,06/10/2024,W7BPM
W7W/OK-164,USA - Washington,WA-Okanogan,Bear Mountain,1664,5460,-119.923,48.4118,-119.923,48.4118,6,3,01/12/2010,31/12/2099,2,07/06/2022,WA7NCL
W7W/OK-165,USA - Washington,WA-Okanogan,Clackmas Mountain,1664,5460,-118.9051,48.7215,-118.9051,48.7215,6,3,01/12/2010,31/12/2099,0,,
W7W/OK-166,USA - Washington,WA-Okanogan,West Twin Peaks,1654,5428,-119.7519,48.7171,-119.7519,48.7171,6,3,01/12/2010,31/12/2099,0,,
W7W/OK-167,USA - Washington,WA-Okanogan,5391 High Pass Mtn,1643,5391,-120.2734,48.6337,-120.2734,48.6337,6,3,01/12/2010,31/12/2099,1,21/09/2023,WA7JNJ
W7W/OK-168,USA - Washington,WA-Okanogan,5379 Intermediate Frequency Pk,1640,5379,-119.784,48.671,-119.784,48.671,6,3,01/12/2010,31/12/2099,0,,
W7W/OK-169,USA - Washington,WA-Okanogan,Little Buck Mountain,1638,5375,-119.9274,48.3877,-119.9274,48.3877,6,3,01/12/2010,31/12/2099,2,06/08/2022,N7KWO
W7W/OK-170,USA - Washington,WA-Okanogan,Dugout Mountain,1635,5364,-118.9608,48.4976,-118.9608,48.4976,6,3,01/12/2010,31/12/2099,0,,
W7W/OK-171,USA - Washington,WA-Okanogan,Goat Mountain,1628,5340,-119.9862,48.0147,-119.9862,48.0147,6,3,01/12/2010,31/12/2099,4,24/03/2024,K7NCM
W7W/OK-172,USA - Washington,WA-Okanogan,5322 Lowband Mtn,1622,5322,-119.0759,48.3277,-119.0759,48.3277,6,3,01/12/2010,31/12/2099,1,06/07/2023,W7MDN
W7W/OK-173,USA - Washington,WA-Okanogan,Ramsey Peak,1620,5316,-120.1115,48.5613,-120.1115,48.5613,6,3,01/12/2010,31/12/2099,1,16/06/2023,WA7NCL
W7W/OK-174,USA - Washington,WA-Okanogan,Maple Mountain,1615,5300,-118.8474,48.7215,-118.8474,48.7215,6,3,01/12/2010,31/12/2099,0,,
W7W/OK-175,USA - Washington,WA-Okanogan,Middle Fork Ridge,1603,5258,-120.2193,48.1813,-120.2193,48.1813,6,3,01/12/2010,31/12/2099,0,,
W7W/OK-176,USA - Washington,WA-Okanogan,5208 Dual Lever Mtn,1587,5208,-119.1462,48.7209,-119.1462,48.7209,6,3,01/12/2010,30/11/2016,0,,
W7W/OK-177,USA - Washington,WA-Okanogan,Van Brunt Mountain,1576,5169,-119.317,48.4232,-119.317,48.4232,6,3,01/12/2010,31/12/2099,0,,
W7W/OK-178,USA - Washington,WA-Okanogan,Aeneas Mountain,1575,5167,-119.6224,48.7432,-119.6224,48.7432,6,3,01/12/2010,31/12/2099,0,,
W7W/OK-179,USA - Washington,WA-Okanogan,5163 Mt EME,1574,5163,-119.1151,48.465,-119.1151,48.465,6,3,01/12/2010,31/12/2099,0,,
W7W/OK-180,USA - Washington,WA-Okanogan,Coco Mountain,1567,5140,-118.8778,48.5707,-118.8778,48.5707,6,3,01/12/2010,31/12/2099,0,,
W7W/OK-181,USA - Washington,WA-Okanogan,Funk Mountain,1561,5121,-119.7446,48.5998,-119.7446,48.5998,6,3,01/12/2010,31/12/2099,2,15/05/2021,N7KWO
W7W/OK-182,USA - Washington,WA-Okanogan,Haley Mountain,1556,5104,-119.2854,48.8732,-119.2854,48.8732,6,3,01/12/2010,31/12/2099,0,,
W7W/OK-183,USA - Washington,WA-Okanogan,Cornell Butte,1554,5100,-118.8885,48.5978,-118.8885,48.5978,6,3,01/12/2010,31/12/2099,0,,
W7W/OK-184,USA - Washington,WA-Okanogan,5096 Lookout Ridge West,1553,5096,-120.2395,48.3072,-120.2395,48.3072,6,3,01/12/2010,31/12/2099,0,,
W7W/OK-185,USA - Washington,WA-Okanogan,Blue Goat Mountain,1541,5055,-119.7201,48.6686,-119.7201,48.6686,6,3,01/12/2010,31/12/2099,0,,
W7W/OK-186,USA - Washington,WA-Okanogan,Mount Leecher,1530,5020,-120.002,48.2507,-120.002,48.2507,6,3,01/12/2010,31/12/2099,11,14/09/2024,K7NCM
W7W/OK-187,USA - Washington,WA-Okanogan,Sneed Mountain,1519,4982,-119.1611,48.5725,-119.1611,48.5725,6,3,01/12/2010,31/12/2099,0,,
W7W/OK-188,USA - Washington,WA-Okanogan,Ruby Hill,1511,4957,-119.7379,48.4633,-119.7379,48.4633,6,3,01/12/2010,31/12/2099,0,,
W7W/OK-189,USA - Washington,WA-Okanogan,4942 Gigahertz Pk,1506,4942,-119.1826,48.8795,-119.1826,48.8795,6,3,01/12/2010,31/12/2099,0,,
W7W/OK-190,USA - Washington,WA-Okanogan,South Fork Ridge,1506,4940,-120.1783,48.1607,-120.1783,48.1607,6,3,01/12/2010,31/12/2099,0,,
W7W/OK-191,USA - Washington,WA-Okanogan,Bimetalic Mountain,1503,4931,-119.1501,48.844,-119.1501,48.844,6,3,01/12/2010,31/12/2099,0,,
W7W/OK-192,USA - Washington,WA-Okanogan,4869 Capacitance Pk,1484,4869,-119.0408,48.7848,-119.0408,48.7848,4,0,01/12/2010,31/12/2099,0,,
W7W/OK-193,USA - Washington,WA-Okanogan,4859 Mt Bandpass,1481,4859,-118.9154,48.6225,-118.9154,48.6225,4,0,01/12/2010,31/12/2099,0,,
W7W/OK-194,USA - Washington,WA-Okanogan,4842 Amplifier Pk,1476,4842,-119.1439,48.3873,-119.1439,48.3873,4,0,01/12/2010,31/12/2099,0,,
W7W/OK-195,USA - Washington,WA-Okanogan,Block Hill,1476,4842,-119.1627,48.9964,-119.1627,48.9964,4,0,01/12/2010,31/12/2099,0,,
W7W/OK-196,USA - Washington,WA-Okanogan,Gold Ridge,1464,4802,-120.2226,48.2405,-120.2226,48.2405,4,0,01/12/2010,31/12/2099,0,,
W7W/OK-197,USA - Washington,WA-Okanogan,Middle Mountain,1463,4801,-119.765,48.6289,-119.765,48.6289,4,0,01/12/2010,31/12/2099,0,,
W7W/OK-198,USA - Washington,WA-Okanogan,Irene Mountain,1457,4780,-118.9336,48.7948,-118.9336,48.7948,4,0,01/12/2010,31/12/2099,0,,
W7W/OK-199,USA - Washington,WA-Okanogan,Pole Pick Mountain,1457,4780,-119.9353,48.3508,-119.9353,48.3508,4,0,01/12/2010,31/12/2099,1,09/06/2022,WA7NCL
W7W/OK-200,USA - Washington,WA-Okanogan,4767 Whisper Mtn,1453,4767,-119.1911,48.943,-119.1911,48.943,4,0,01/12/2010,31/12/2099,0,,
W7W/OK-201,USA - Washington,WA-Okanogan,Strawberry Mountain,1445,4741,-119.0356,48.8409,-119.0356,48.8409,4,0,01/12/2010,31/12/2099,0,,
W7W/OK-202,USA - Washington,WA-Okanogan,Neville Ridge,1440,4725,-119.731,48.4371,-119.731,48.4371,4,0,01/12/2010,31/12/2099,0,,
W7W/OK-203,USA - Washington,WA-Okanogan,4714 Sunspot Mtn,1437,4714,-120.1303,48.5633,-120.1303,48.5633,4,0,01/12/2010,31/12/2099,2,02/07/2023,KJ7LLS
W7W/OK-204,USA - Washington,WA-Okanogan,4709 Newby Ridge-South Peak,1435,4709,-120.2747,48.3226,-120.2747,48.3226,4,0,01/12/2010,31/12/2099,1,13/06/2024,WA7NCL
W7W/OK-205,USA - Washington,WA-Okanogan,4689 Rotator Mtn,1429,4689,-118.9929,48.61,-118.9929,48.61,4,0,01/12/2010,31/12/2099,0,,
W7W/OK-206,USA - Washington,WA-Okanogan,4660 Skywave Mtn,1420,4660,-118.9645,48.7528,-118.9645,48.7528,4,0,01/12/2010,31/12/2099,0,,
W7W/OK-207,USA - Washington,WA-Okanogan,Toroda Mountain,1420,4660,-118.9384,48.7635,-118.9384,48.7635,4,0,01/12/2010,31/12/2099,0,,
W7W/OK-208,USA - Washington,WA-Okanogan,4658 Loop Loop Mountain,1420,4658,-119.8759,48.3836,-119.8759,48.3836,4,0,01/12/2010,31/12/2099,0,,
W7W/OK-209,USA - Washington,WA-Okanogan,Ellemeham Mountain,1420,4658,-119.6189,48.931,-119.6189,48.931,4,0,01/12/2010,31/12/2099,0,,
W7W/OK-210,USA - Washington,WA-Okanogan,Armstrong Mountain,1408,4620,-119.0859,48.2669,-119.0859,48.2669,4,0,01/12/2010,31/12/2099,0,,
W7W/OK-211,USA - Washington,WA-Okanogan,4616 Near Vertical Incidence Pk,1407,4616,-120.1316,48.3199,-120.1316,48.3199,4,0,01/12/2010,31/12/2099,0,,
W7W/OK-212,USA - Washington,WA-Okanogan,Hungry Mountain,1407,4616,-120.1469,48.1414,-120.1469,48.1414,4,0,01/12/2010,31/12/2099,2,22/07/2018,N7KRN
W7W/OK-213,USA - Washington,WA-Okanogan,4614 Sow Peak,1406,4614,-120.2722,48.5446,-120.2722,48.5446,4,0,01/12/2010,31/12/2099,1,11/09/2022,W7SEA
W7W/OK-214,USA - Washington,WA-Okanogan,Finley Mountain,1399,4591,-119.9633,48.3159,-119.9633,48.3159,4,0,01/12/2010,31/12/2099,0,,
W7W/OK-215,USA - Washington,WA-Okanogan,4589 Groundrod Mtn,1399,4589,-119.6509,48.7114,-119.6509,48.7114,4,0,01/12/2010,31/12/2099,0,,
W7W/OK-216,USA - Washington,WA-Okanogan,East Gold Ridge,1398,4585,-120.1811,48.2282,-120.1811,48.2282,4,0,01/12/2010,31/12/2099,0,,
W7W/OK-217,USA - Washington,WA-Okanogan,Woody Mountain,1397,4582,-119.8427,48.3632,-119.8427,48.3632,4,0,01/12/2010,31/12/2099,0,,
W7W/OK-218,USA - Washington,WA-Okanogan,4562 High Power Mtn,1390,4562,-119.1983,48.8945,-119.1983,48.8945,4,0,01/12/2010,31/12/2099,0,,
W7W/OK-219,USA - Washington,WA-Okanogan,Little Bonaparte Mountain,1387,4549,-119.0714,48.7018,-119.0714,48.7018,4,0,01/12/2010,31/12/2099,0,,
W7W/OK-220,USA - Washington,WA-Okanogan,4537 Ionosphere Mtn,1383,4537,-119.359,48.4723,-119.359,48.4723,4,0,01/12/2010,31/12/2099,0,,
W7W/OK-221,USA - Washington,WA-Okanogan,Fussy Mountain,1380,4529,-119.2942,48.3014,-119.2942,48.3014,4,0,01/12/2010,31/12/2099,0,,
W7W/OK-222,USA - Washington,WA-Okanogan,4500 Mt Keyer,1372,4500,-119.2363,48.974,-119.2363,48.974,4,0,01/12/2010,31/12/2099,0,,
W7W/OK-223,USA - Washington,WA-Okanogan,Peacock Mountain,1369,4492,-119.7582,48.5149,-119.7582,48.5149,4,0,01/12/2010,31/12/2099,0,,
W7W/OK-224,USA - Washington,WA-Okanogan,4482 Lower Sideband Pk,1366,4482,-119.6645,48.6878,-119.6645,48.6878,4,0,01/12/2010,31/12/2099,0,,
W7W/OK-225,USA - Washington,WA-Okanogan,4472 Mt Autopatch,1363,4472,-118.9695,48.5733,-118.9695,48.5733,4,0,01/12/2010,31/12/2099,0,,
W7W/OK-226,USA - Washington,WA-Okanogan,Ritchie Ridge,1355,4445,-119.7646,48.4481,-119.7646,48.4481,4,0,01/12/2010,31/12/2099,0,,
W7W/OK-227,USA - Washington,WA-Okanogan,Strawberry Mountain,1347,4419,-119.0861,48.9725,-119.0861,48.9725,4,0,01/12/2010,31/12/2099,0,,
W7W/OK-228,USA - Washington,WA-Okanogan,4415 Brasspounder Mtn,1346,4415,-119.2397,48.8627,-119.2397,48.8627,4,0,01/12/2010,31/12/2099,0,,
W7W/OK-229,USA - Washington,WA-Okanogan,4402 Critical Frequency Pk,1342,4402,-119.121,48.2647,-119.121,48.2647,4,0,01/12/2010,31/12/2099,0,,
W7W/OK-230,USA - Washington,WA-Okanogan,Grizzly Mountain,1333,4372,-120.308,48.5501,-120.308,48.5501,4,0,01/12/2010,31/12/2099,1,10/06/2024,WA7NCL
W7W/OK-231,USA - Washington,WA-Okanogan,4368 Dummy Load Pk,1331,4368,-119.6975,48.4026,-119.6975,48.4026,4,0,01/12/2010,31/12/2099,0,,
W7W/OK-232,USA - Washington,WA-Okanogan,4340 Encoder Pk,1323,4340,-119.0109,48.8486,-119.0109,48.8486,4,0,01/12/2010,31/12/2099,0,,
W7W/OK-233,USA - Washington,WA-Okanogan,Palmer Mountain,1320,4330,-119.5852,48.8708,-119.5852,48.8708,4,0,01/12/2010,31/12/2099,0,,
W7W/OK-234,USA - Washington,WA-Okanogan,Mulcahy Mountain,1316,4317,-119.5708,48.913,-119.5708,48.913,4,0,01/12/2010,31/12/2099,0,,
W7W/OK-235,USA - Washington,WA-Okanogan,Meader Mountain,1315,4315,-119.3558,48.5908,-119.3558,48.5908,4,0,01/12/2010,31/12/2099,0,,
W7W/OK-236,USA - Washington,WA-Okanogan,Wright Mountain,1314,4312,-119.6949,48.4325,-119.6949,48.4325,4,0,01/12/2010,31/12/2099,0,,
W7W/OK-237,USA - Washington,WA-Okanogan,4283 Newby Ridge-North Peak,1305,4283,-120.2907,48.3546,-120.2907,48.3546,4,0,01/12/2010,31/12/2099,0,,
W7W/OK-238,USA - Washington,WA-Okanogan,Thrapp Mountain,1300,4266,-119.8916,48.3078,-119.8916,48.3078,4,0,01/12/2010,31/12/2099,0,,
W7W/OK-239,USA - Washington,WA-Okanogan,4260 Ginpole Pk,1298,4260,-119.9334,48.256,-119.9334,48.256,4,0,01/12/2010,31/12/2099,0,,
W7W/OK-240,USA - Washington,WA-Okanogan,Palmer Benchmark,1293,4242,-119.6133,48.8482,-119.6133,48.8482,4,0,01/12/2010,31/12/2099,0,,
W7W/OK-241,USA - Washington,WA-Okanogan,4203 Callsign Mtn,1281,4203,-119.7628,48.4903,-119.7628,48.4903,4,0,01/12/2010,31/12/2099,0,,
W7W/OK-242,USA - Washington,WA-Okanogan,Bullfrog Mountain,1275,4183,-119.5977,48.9228,-119.5977,48.9228,4,0,01/12/2010,31/12/2099,0,,
W7W/OK-243,USA - Washington,WA-Okanogan,4180 Gold Strawberry Peak,1274,4180,-118.925,48.3438,-118.925,48.3438,4,0,01/12/2010,31/12/2099,0,,
W7W/OK-244,USA - Washington,WA-Okanogan,4167 Amateur Radio Summit,1270,4167,-118.875,48.3085,-118.875,48.3085,4,0,01/12/2010,31/12/2099,0,,
W7W/OK-245,USA - Washington,WA-Okanogan,4140 Wireless Mtn,1262,4140,-119.1536,48.259,-119.1536,48.259,4,0,01/12/2010,31/12/2099,0,,
W7W/OK-246,USA - Washington,WA-Okanogan,4122 Fenceline Peak,1256,4122,-120.3364,48.391,-120.3364,48.391,4,0,01/12/2010,31/12/2099,0,,
W7W/OK-247,USA - Washington,WA-Okanogan,4119 Twin Lead Mtn,1255,4119,-119.4075,48.4924,-119.4075,48.4924,4,0,01/12/2010,31/12/2099,0,,
W7W/OK-248,USA - Washington,WA-Okanogan,4119 Vee Beam Pk,1255,4119,-118.9055,48.964,-118.9055,48.964,4,0,01/12/2010,31/12/2099,0,,
W7W/OK-249,USA - Washington,WA-Okanogan,4112 RTTY Pk,1253,4112,-119.3293,48.3048,-119.3293,48.3048,4,0,01/12/2010,31/12/2099,0,,
W7W/OK-250,USA - Washington,WA-Okanogan,4096 Software Summit,1248,4096,-119.6159,48.7034,-119.6159,48.7034,4,0,01/12/2010,31/12/2099,0,,
W7W/OK-251,USA - Washington,WA-Okanogan,4060 Mt Multipath,1237,4060,-119.1612,48.2813,-119.1612,48.2813,4,0,01/12/2010,31/12/2099,0,,
W7W/OK-252,USA - Washington,WA-Okanogan,Island Mountain,1235,4052,-119.2539,48.6999,-119.2539,48.6999,4,0,01/12/2010,31/12/2099,0,,
W7W/OK-253,USA - Washington,WA-Okanogan,4039 Noise Blanker Summit,1231,4039,-120.0877,48.4344,-120.0877,48.4344,4,0,01/12/2010,31/12/2099,0,,
W7W/OK-254,USA - Washington,WA-Okanogan,4020 Propogation Pk,1225,4020,-118.9596,48.3529,-118.9596,48.3529,4,0,01/12/2010,31/12/2099,0,,
W7W/OK-255,USA - Washington,WA-Okanogan,4015 Longpath Mtn,1224,4015,-120.0311,48.184,-120.0311,48.184,4,0,01/12/2010,31/12/2099,0,,
W7W/OK-256,USA - Washington,WA-Okanogan,Flagg Mountain,1220,4004,-120.3851,48.5989,-120.3851,48.5989,4,0,01/12/2010,31/12/2099,14,21/09/2023,WA7JNJ
W7W/OK-257,USA - Washington,WA-Okanogan,3987 Snowtrax Peak,1215,3987,-120.2533,48.4127,-120.2533,48.4127,4,0,01/12/2010,31/12/2099,0,,
W7W/OK-258,USA - Washington,WA-Okanogan,Barker Mountain,1213,3980,-119.2996,48.6785,-119.2996,48.6785,4,0,01/12/2010,31/12/2099,0,,
W7W/OK-259,USA - Washington,WA-Okanogan,Grandview Mountain,1205,3953,-119.6559,48.8893,-119.6559,48.8893,4,0,01/12/2010,31/12/2099,0,,
W7W/OK-260,USA - Washington,WA-Okanogan,Whitmore Mountain,1204,3949,-119.2499,48.1782,-119.2499,48.1782,4,0,01/12/2010,31/12/2099,0,,
W7W/OK-261,USA - Washington,WA-Okanogan,3938 Impedance Mtn,1200,3938,-120.1183,48.1149,-120.1183,48.1149,4,0,01/12/2010,31/12/2099,0,,
W7W/OK-262,USA - Washington,WA-Okanogan,3909 Half Square Mtn,1191,3909,-119.6866,48.9118,-119.6866,48.9118,4,0,01/12/2010,31/12/2099,0,,
W7W/OK-263,USA - Washington,WA-Okanogan,Cook Mountain,1188,3897,-119.7868,48.3563,-119.7868,48.3563,4,0,01/12/2010,31/12/2099,0,,
W7W/OK-264,USA - Washington,WA-Okanogan,3896 GPS Pk,1188,3896,-120.241,48.3617,-120.241,48.3617,4,0,01/12/2010,31/12/2099,0,,
W7W/OK-265,USA - Washington,WA-Okanogan,3888 Mt Duplex,1185,3888,-120.1434,48.5315,-120.1434,48.5315,4,0,01/12/2010,31/12/2099,1,13/07/2022,K7JRO
W7W/OK-266,USA - Washington,WA-Okanogan,Knowlton Knob,1174,3852,-119.9017,48.1639,-119.9017,48.1639,4,0,01/12/2010,31/12/2099,0,,
W7W/OK-267,USA - Washington,WA-Okanogan,Schalow Mountain,1173,3848,-119.6856,48.5833,-119.6856,48.5833,4,0,01/12/2010,31/12/2099,0,,
W7W/OK-268,USA - Washington,WA-Okanogan,3842 Endfed Summit,1171,3842,-120.2458,48.5311,-120.2458,48.5311,4,0,01/12/2010,31/12/2099,0,,
W7W/OK-269,USA - Washington,WA-Okanogan,3820 Full Quieting Pk,1164,3820,-120.06,48.0793,-120.06,48.0793,4,0,01/12/2010,31/12/2099,0,,
W7W/OK-270,USA - Washington,WA-Okanogan,Bowen Mountain,1138,3734,-120.105,48.4676,-120.105,48.4676,4,0,01/12/2010,31/12/2099,2,13/08/2016,WW7D
W7W/OK-271,USA - Washington,WA-Okanogan,Gold Hill,1130,3707,-119.6829,48.8093,-119.6829,48.8093,4,0,01/12/2010,31/12/2099,0,,
W7W/OK-272,USA - Washington,WA-Okanogan,Baker Mountain,1091,3580,-119.3943,48.5918,-119.3943,48.5918,4,0,01/12/2010,31/12/2099,0,,
W7W/OK-273,USA - Washington,WA-Okanogan,3578 Global Positioning Pk,1091,3578,-120.2068,48.4026,-120.2068,48.4026,4,0,01/12/2010,31/12/2099,0,,
W7W/OK-274,USA - Washington,WA-Okanogan,3537 Autotuner Pk,1078,3537,-119.0041,48.5233,-119.0041,48.5233,4,0,01/12/2010,31/12/2099,0,,
W7W/OK-275,USA - Washington,WA-Okanogan,Patterson Mountain,1070,3511,-120.2269,48.4531,-120.2269,48.4531,4,0,01/12/2010,31/12/2099,19,23/05/2024,nu7a
W7W/OK-276,USA - Washington,WA-Okanogan,Dunn Mountain,1070,3510,-119.6466,48.5648,-119.6466,48.5648,4,0,01/12/2010,31/12/2099,0,,
W7W/OK-277,USA - Washington,WA-Okanogan,Bald Knob,1064,3492,-119.8552,48.1527,-119.8552,48.1527,4,0,01/12/2010,31/12/2099,0,,
W7W/OK-278,USA - Washington,WA-Okanogan,Hunter Mountain,1057,3468,-120.0554,48.1102,-120.0554,48.1102,4,0,01/12/2010,31/12/2099,0,,
W7W/OK-279,USA - Washington,WA-Okanogan,Squaw Mountain,1055,3460,-119.0646,48.1831,-119.0646,48.1831,4,0,01/12/2010,31/12/2099,0,,
W7W/OK-280,USA - Washington,WA-Okanogan,3457 Sage Hill West,1054,3457,-120.2257,48.5431,-120.2257,48.5431,4,0,01/12/2010,31/12/2099,1,12/09/2022,W7SEA
W7W/OK-281,USA - Washington,WA-Okanogan,Tonasket Benchmark,1050,3444,-119.4033,48.6553,-119.4033,48.6553,4,0,01/12/2010,31/12/2099,0,,
W7W/OK-282,USA - Washington,WA-Okanogan,3430 Crystal Mtn,1045,3430,-120.0139,48.3276,-120.0139,48.3276,4,0,01/12/2010,31/12/2099,0,,
W7W/OK-283,USA - Washington,WA-Okanogan,3420 Mt Vox,1042,3420,-118.9171,48.2699,-118.9171,48.2699,4,0,01/12/2010,31/12/2099,0,,
W7W/OK-284,USA - Washington,WA-Okanogan,3404 Sage Hill East,1038,3404,-120.2121,48.5411,-120.2121,48.5411,4,0,01/12/2010,30/11/2016,0,,
W7W/OK-285,USA - Washington,WA-Okanogan,Stowe Mountain,1031,3382,-119.4268,48.6027,-119.4268,48.6027,4,0,01/12/2010,31/12/2099,0,,
W7W/OK-286,USA - Washington,WA-Okanogan,Pine Benchmark,1003,3292,-119.5969,48.6699,-119.5969,48.6699,4,0,01/12/2010,31/12/2099,0,,
W7W/OK-287,USA - Washington,WA-Okanogan,3275 Cap Wright Hill,998,3275,-120.0828,48.3873,-120.0828,48.3873,2,0,01/12/2010,31/12/2099,0,,
W7W/OK-288,USA - Washington,WA-Okanogan,Little Chopaka Mountain,990,3248,-119.694,48.9745,-119.694,48.9745,2,0,01/12/2010,31/12/2099,0,,
W7W/OK-289,USA - Washington,WA-Okanogan,Leader Mountain,986,3235,-119.6582,48.3656,-119.6582,48.3656,2,0,01/12/2010,31/12/2099,0,,
W7W/OK-290,USA - Washington,WA-Okanogan,3210 Two Meter Hill,978,3210,-119.4464,48.5321,-119.4464,48.5321,2,0,01/12/2010,31/12/2099,0,,
W7W/OK-291,USA - Washington,WA-Okanogan,Kamo Hills,977,3205,-119.5159,48.3134,-119.5159,48.3134,2,0,01/12/2010,31/12/2099,0,,
W7W/OK-292,USA - Washington,WA-Okanogan,3203 Upper Sideband Hill,976,3203,-119.7685,48.3276,-119.7685,48.3276,2,0,01/12/2010,31/12/2099,0,,
W7W/OK-293,USA - Washington,WA-Okanogan,Green Benchmark,974,3195,-119.6503,48.4553,-119.6503,48.4553,2,0,01/12/2010,31/12/2099,0,,
W7W/OK-294,USA - Washington,WA-Okanogan,Wannacut Benchmark,964,3162,-119.5006,48.8799,-119.5006,48.8799,2,0,01/12/2010,31/12/2099,0,,
W7W/OK-295,USA - Washington,WA-Okanogan,3161 Voltage Hill,963,3161,-119.7357,48.5281,-119.7357,48.5281,2,0,01/12/2010,31/12/2099,0,,
W7W/OK-296,USA - Washington,WA-Okanogan,3143 Quarterwave Hill,958,3143,-119.7524,48.3501,-119.7524,48.3501,2,0,01/12/2010,31/12/2099,0,,
W7W/OK-297,USA - Washington,WA-Okanogan,Chiliwist Butte,958,3142,-119.754,48.3152,-119.754,48.3152,2,0,01/12/2010,31/12/2099,0,,
W7W/OK-298,USA - Washington,WA-Okanogan,3140 Rubber Duckie Hill,957,3140,-119.6501,48.5905,-119.6501,48.5905,2,0,01/12/2010,31/12/2099,0,,
W7W/OK-299,USA - Washington,WA-Okanogan,Dent Mountain,957,3140,-119.8039,48.2472,-119.8039,48.2472,2,0,01/12/2010,31/12/2099,0,,
W7W/OK-300,USA - Washington,WA-Okanogan,Chilson Mountain,945,3100,-119.6042,48.5617,-119.6042,48.5617,2,0,01/12/2010,31/12/2099,0,,
W7W/OK-301,USA - Washington,WA-Okanogan,White Rock,942,3090,-119.5304,48.8343,-119.5304,48.8343,2,0,01/12/2010,31/12/2099,2,21/07/2019,KD7JB
W7W/OK-302,USA - Washington,WA-Okanogan,Arbuckle Mountain,936,3071,-119.9013,47.9612,-119.9013,47.9612,2,0,01/12/2010,31/12/2099,0,,
W7W/OK-303,USA - Washington,WA-Okanogan,3067 Solder Hill,935,3067,-119.5071,48.9426,-119.5071,48.9426,2,0,01/12/2010,31/12/2099,0,,
W7W/OK-304,USA - Washington,WA-Okanogan,3067 Multipath Hill,935,3067,-119.5354,48.9178,-119.5354,48.9178,2,0,01/12/2010,31/12/2099,0,,
W7W/OK-305,USA - Washington,WA-Okanogan,3027 Keep Out Mountain,923,3027,-120.1608,48.3504,-120.1608,48.3504,2,0,01/12/2010,31/12/2099,0,,
W7W/OK-306,USA - Washington,WA-Okanogan,3022 Happy Hill,921,3022,-119.7126,48.497,-119.7126,48.497,2,0,01/12/2010,31/12/2099,0,,
W7W/OK-307,USA - Washington,WA-Okanogan,Carter Mountain,920,3019,-119.5642,48.6269,-119.5642,48.6269,2,0,01/12/2010,31/12/2099,0,,
W7W/OK-308,USA - Washington,WA-Okanogan,Fox Mountain,908,2980,-119.7163,48.3398,-119.7163,48.3398,2,0,01/12/2010,31/12/2099,0,,
W7W/OK-309,USA - Washington,WA-Okanogan,2966 Stay Out Mountain,904,2966,-120.1404,48.3495,-120.1404,48.3495,2,0,01/12/2010,31/12/2099,0,,
W7W/OK-310,USA - Washington,WA-Okanogan,2965 PSK-31 Hill,904,2965,-119.414,48.3467,-119.414,48.3467,2,0,01/12/2010,31/12/2099,0,,
W7W/OK-311,USA - Washington,WA-Okanogan,Harmony Heights,903,2961,-119.8343,48.1191,-119.8343,48.1191,2,0,01/12/2010,31/12/2099,0,,
W7W/OK-312,USA - Washington,WA-Okanogan,Hamilton Mountain,893,2930,-119.1525,48.1684,-119.1525,48.1684,2,0,01/12/2010,31/12/2099,0,,
W7W/OK-313,USA - Washington,WA-Okanogan,Kruger Mountain,878,2880,-119.495,48.9891,-119.495,48.9891,2,0,01/12/2010,31/12/2099,0,,
W7W/OK-314,USA - Washington,WA-Okanogan,Whitestone Mountain,869,2851,-119.4748,48.7721,-119.4748,48.7721,2,0,01/12/2010,31/12/2099,0,,
W7W/OK-315,USA - Washington,WA-Okanogan,Boot Mountain,866,2842,-119.313,48.2165,-119.313,48.2165,2,0,01/12/2010,31/12/2099,0,,
W7W/OK-316,USA - Washington,WA-Okanogan,2838 Moccasin Mountain,865,2838,-120.1948,48.4221,-120.1948,48.4221,2,0,01/12/2010,30/11/2016,0,,
W7W/OK-317,USA - Washington,WA-Okanogan,Pogue Mountain,863,2830,-119.6177,48.4454,-119.6177,48.4454,2,0,01/12/2010,31/12/2099,0,,
W7W/OK-318,USA - Washington,WA-Okanogan,Pickens Mountain,853,2798,-119.3809,48.7954,-119.3809,48.7954,2,0,01/12/2010,31/12/2099,0,,
W7W/OK-319,USA - Washington,WA-Okanogan,2740 Guyline Hill,835,2740,-120.1278,48.4382,-120.1278,48.4382,2,0,01/12/2010,31/12/2099,0,,
W7W/OK-320,USA - Washington,WA-Okanogan,Studhorse Mountain,823,2700,-120.1501,48.468,-120.1501,48.468,2,0,01/12/2010,31/12/2099,1,30/08/2020,K3OG
W7W/OK-321,USA - Washington,WA-Okanogan,Soap Lake Mountain,828,2718,-119.6785,48.2544,-119.6785,48.2544,2,0,01/12/2010,31/12/2099,0,,
W7W/OK-322,USA - Washington,WA-Okanogan,Cayuse Mountain,809,2654,-119.5177,48.7591,-119.5177,48.7591,2,0,01/12/2010,31/12/2099,0,,
W7W/OK-323,USA - Washington,WA-Okanogan,2634 ITU Hill,803,2634,-118.918,48.0289,-118.918,48.0289,2,0,01/12/2010,31/12/2099,0,,
W7W/OK-324,USA - Washington,WA-Okanogan,2500 J-Pole Hill,762,2500,-118.9667,48.1118,-118.9667,48.1118,2,0,01/12/2010,31/12/2099,0,,
W7W/OK-325,USA - Washington,WA-Okanogan,Tenas Mountain,750,2460,-119.8706,48.088,-119.8706,48.088,2,0,01/12/2010,31/12/2099,2,30/10/2022,K7NCM
W7W/OK-326,USA - Washington,WA-Okanogan,South Whitestone Mountain,749,2458,-119.4416,48.7337,-119.4416,48.7337,2,0,01/12/2010,31/12/2099,0,,
W7W/OK-327,USA - Washington,WA-Okanogan,Duffys Mountain,740,2427,-119.3853,48.7274,-119.3853,48.7274,2,0,01/12/2010,31/12/2099,0,,
W7W/OK-328,USA - Washington,WA-Okanogan,2420 Kilohertz Hill,738,2420,-119.633,48.4947,-119.633,48.4947,2,0,01/12/2010,31/12/2099,0,,
W7W/OK-329,USA - Washington,WA-Okanogan,Harris Mountain,738,2420,-119.6518,48.3441,-119.6518,48.3441,2,0,01/12/2010,31/12/2099,0,,
W7W/OK-330,USA - Washington,WA-Okanogan,2418 Lowpass Hill,737,2418,-119.4571,48.3506,-119.4571,48.3506,2,0,01/12/2010,31/12/2099,0,,
W7W/OK-331,USA - Washington,WA-Okanogan,Rattlesnake Point,733,2406,-119.7538,48.2549,-119.7538,48.2549,2,0,01/12/2010,31/12/2099,0,,
W7W/OK-332,USA - Washington,WA-Okanogan,2215 CW Ops Hill,675,2215,-119.7602,48.182,-119.7602,48.182,2,0,01/12/2010,31/12/2099,0,,
W7W/OK-333,USA - Washington,WA-Okanogan,2137 DX Reach Hill,651,2137,-119.6235,48.3949,-119.6235,48.3949,2,0,01/12/2010,31/12/2099,0,,
W7W/OK-334,USA - Washington,WA-Okanogan,2130 Extra Class Hill,649,2130,-119.5866,48.4024,-119.5866,48.4024,2,0,01/12/2010,31/12/2099,0,,
W7W/OK-335,USA - Washington,WA-Okanogan,2125 Fullwave Hill,648,2125,-119.4064,48.9854,-119.4064,48.9854,2,0,01/12/2010,31/12/2099,0,,
W7W/OK-336,USA - Washington,WA-Okanogan,Short Mountain,628,2060,-119.4985,48.5658,-119.4985,48.5658,2,0,01/12/2010,31/12/2099,0,,
W7W/OK-337,USA - Washington,WA-Okanogan,2011 Good Copy Hill,613,2011,-119.3873,48.8286,-119.3873,48.8286,2,0,01/12/2010,31/12/2099,1,07/04/2019,KJ7ARG
W7W/OK-338,USA - Washington,WA-Okanogan,2006 Bug Hill,611,2006,-119.4969,48.6782,-119.4969,48.6782,2,0,01/12/2010,31/12/2099,0,,
W7W/OK-339,USA - Washington,WA-Okanogan,2005 Current Hill,611,2005,-119.4443,48.6456,-119.4443,48.6456,2,0,01/12/2010,31/12/2099,1,06/11/2024,K3O
W7W/OK-340,USA - Washington,WA-Okanogan,1853 Activator Hill,565,1853,-119.6245,48.3656,-119.6245,48.3656,2,0,01/12/2010,31/12/2099,0,,
W7W/OK-341,USA - Washington,WA-Okanogan,The Needles,2493,8180,-120.6574,48.5998,-120.6574,48.5998,8,3,01/12/2016,31/12/2099,0,,
W7W/OK-342,USA - Washington,WA-Okanogan,Wallaby Peak,2437,7995,-120.6153,48.5067,-120.6153,48.5067,8,3,01/12/2016,31/12/2099,1,31/07/2022,KJ7RTO
W7W/OK-343,USA - Washington,WA-Okanogan,Black Ridge,2302,7552,-120.5066,48.3329,-120.5066,48.3329,8,3,01/12/2016,31/12/2099,0,,
W7W/OK-344,USA - Washington,WA-Okanogan,5216,1590,5216,-119.1653,48.7076,-119.1653,48.7076,6,3,01/12/2016,31/12/2099,0,,
W7W/OK-345,USA - Washington,WA-Okanogan,2860 Moccasin Mountain,872,2860,-120.1938,48.4204,-120.1938,48.4204,2,0,01/12/2016,31/12/2099,0,,
W7W/OK-346,USA - Washington,WA-Okanogan,2793,851,2793,-118.9135,47.978,-118.9135,47.978,2,0,01/12/2016,31/12/2099,0,,
W7W/OK-347,USA - Washington,WA-Okanogan,Eagle Rock,713,2340,-119.7655,48.2394,-119.7655,48.2394,2,0,01/12/2016,31/12/2099,0,,
W7W/OK-348,USA - Washington,WA-Okanogan,2154,657,2154,-119.7908,48.1575,-119.7908,48.1575,2,0,01/12/2016,31/12/2099,0,,
W7W/OK-349,USA - Washington,WA-Okanogan,2089,637,2089,-119.3991,48.9612,-119.3991,48.9612,2,0,01/12/2016,31/12/2099,0,,
W7W/OK-350,USA - Washington,WA-Okanogan,2060,628,2060,-119.511,48.6545,-119.511,48.6545,2,0,01/12/2016,31/12/2099,0,,
W7W/OK-351,USA - Washington,WA-Okanogan,2036,621,2036,-119.6614,48.2063,-119.6614,48.2063,2,0,01/12/2016,31/12/2099,0,,
W7W/PL-001,USA - Washington,WA-Pacific-Lewis,Ives Peak,2420,7940,-121.4474,46.5028,-121.4474,46.5028,8,3,01/12/2010,31/12/2099,4,21/09/2019,KJ7AAF
W7W/PL-002,USA - Washington,WA-Pacific-Lewis,Johnson Peak,2282,7487,-121.5012,46.5387,-121.5012,46.5387,8,3,01/12/2010,31/12/2099,4,15/08/2024,KK7RTO
W7W/PL-003,USA - Washington,WA-Pacific-Lewis,Unicorn Peak,2128,6980,-121.7011,46.7459,-121.7011,46.7459,8,3,01/12/2010,31/12/2099,6,27/07/2023,KJ7RTO
W7W/PL-004,USA - Washington,WA-Pacific-Lewis,Hogback Mountain,2069,6789,-121.4061,46.6,-121.4061,46.6,8,3,01/12/2010,31/12/2099,7,12/04/2024,KL0NP
W7W/PL-005,USA - Washington,WA-Pacific-Lewis,6754 Inductor Pk,2059,6754,-121.4951,46.5775,-121.4951,46.5775,8,3,01/12/2010,31/12/2099,0,,
W7W/PL-006,USA - Washington,WA-Pacific-Lewis,Lakeview Mountain,2030,6660,-121.4047,46.3886,-121.4047,46.3886,8,3,01/12/2010,31/12/2099,0,,
W7W/PL-007,USA - Washington,WA-Pacific-Lewis,Stevens Peak,2006,6580,-121.6767,46.7461,-121.6767,46.7461,8,3,01/12/2010,31/12/2099,1,09/07/2014,K7ATN
W7W/PL-008,USA - Washington,WA-Pacific-Lewis,Pinnacle Peak,2000,6562,-121.7326,46.758,-121.7326,46.758,8,3,01/12/2010,31/12/2099,9,12/10/2024,K7AMM
W7W/PL-009,USA - Washington,WA-Pacific-Lewis,Coal Creek Mountain,1943,6376,-121.5068,46.6116,-121.5068,46.6116,6,3,01/12/2010,31/12/2099,2,20/08/2022,AI7NN
W7W/PL-010,USA - Washington,WA-Pacific-Lewis,Tatoosh Benchmark,1923,6310,-121.6646,46.7063,-121.6646,46.7063,6,3,01/12/2010,31/12/2099,5,05/10/2024,KG7EJT
W7W/PL-011,USA - Washington,WA-Pacific-Lewis,Wahpenayo Peak,1899,6231,-121.7667,46.7469,-121.7667,46.7469,6,3,01/12/2010,31/12/2099,2,13/10/2022,WE7CAT
W7W/PL-012,USA - Washington,WA-Pacific-Lewis,Angry Mountain,1843,6045,-121.5541,46.5236,-121.5541,46.5236,6,3,01/12/2010,31/12/2099,4,10/08/2024,KF7UXR
W7W/PL-013,USA - Washington,WA-Pacific-Lewis,Lane Peak,1832,6012,-121.7529,46.7579,-121.7529,46.7579,6,3,01/12/2010,31/12/2099,1,20/07/2023,K7JRO
W7W/PL-014,USA - Washington,WA-Pacific-Lewis,Cramer Mountain,1826,5992,-121.3838,46.6861,-121.3838,46.6861,6,3,01/12/2010,31/12/2099,0,,
W7W/PL-015,USA - Washington,WA-Pacific-Lewis,South Point,1823,5980,-121.6447,46.5222,-121.6447,46.5222,6,3,01/12/2010,31/12/2099,1,02/09/2022,NS0TA
W7W/PL-016,USA - Washington,WA-Pacific-Lewis,Stonewall Ridge,1821,5976,-121.6115,46.495,-121.6115,46.495,6,3,01/12/2010,31/12/2099,0,,
W7W/PL-017,USA - Washington,WA-Pacific-Lewis,5900 Whisper Mtn,1798,5900,-121.7448,46.7343,-121.7448,46.7343,6,3,01/12/2010,31/12/2099,0,,
W7W/PL-018,USA - Washington,WA-Pacific-Lewis,5900 Vee Beam Pk,1798,5900,-121.4645,46.3949,-121.4645,46.3949,6,3,01/12/2010,31/12/2099,1,24/08/2014,N7RR
W7W/PL-019,USA - Washington,WA-Pacific-Lewis,Beargrass Butte,1777,5830,-121.5362,46.6123,-121.5362,46.6123,6,3,01/12/2010,31/12/2099,0,,
W7W/PL-020,USA - Washington,WA-Pacific-Lewis,South Twin Sisters,1773,5818,-121.7361,46.4871,-121.7361,46.4871,6,3,01/12/2010,31/12/2099,1,15/09/2023,K7AMM
W7W/PL-021,USA - Washington,WA-Pacific-Lewis,5780 Shortwave Mtn,1762,5780,-121.6774,46.4651,-121.6774,46.4651,6,3,01/12/2010,31/12/2099,1,16/09/2023,K7AMM
W7W/PL-022,USA - Washington,WA-Pacific-Lewis,Yozoo Butte,1762,5780,-121.6814,46.4054,-121.6814,46.4054,6,3,01/12/2010,31/12/2099,2,26/06/2024,WE7CAT
W7W/PL-023,USA - Washington,WA-Pacific-Lewis,Hamilton Buttes,1759,5772,-121.6062,46.3899,-121.6062,46.3899,6,3,01/12/2010,31/12/2099,3,27/07/2024,KD7QOW
W7W/PL-024,USA - Washington,WA-Pacific-Lewis,5756 SOTA Mtn,1754,5756,-121.4747,46.5977,-121.4747,46.5977,6,3,01/12/2010,31/12/2099,0,,
W7W/PL-025,USA - Washington,WA-Pacific-Lewis,Cold Springs Butte,1754,5754,-121.6366,46.4659,-121.6366,46.4659,6,3,01/12/2010,31/12/2099,1,16/09/2023,K7AMM
W7W/PL-026,USA - Washington,WA-Pacific-Lewis,Fryingpan Mountain,1750,5740,-121.4292,46.7392,-121.4292,46.7392,6,3,01/12/2010,31/12/2099,1,07/09/2021,K7ATN
W7W/PL-027,USA - Washington,WA-Pacific-Lewis,5700 Carlton Ridge,1737,5700,-121.4487,46.7407,-121.4487,46.7407,6,3,01/12/2010,31/12/2099,0,,
W7W/PL-028,USA - Washington,WA-Pacific-Lewis,Mission Mountain,1737,5698,-121.5891,46.4759,-121.5891,46.4759,6,3,01/12/2010,31/12/2099,1,17/09/2023,K7AMM
W7W/PL-029,USA - Washington,WA-Pacific-Lewis,High Rock,1733,5685,-121.9013,46.6844,-121.9013,46.6844,6,3,01/12/2010,31/12/2099,33,02/09/2024,KG7EJT
W7W/PL-030,USA - Washington,WA-Pacific-Lewis,5556 Third Party Pk,1693,5556,-121.4943,46.7658,-121.4943,46.7658,6,3,01/12/2010,31/12/2099,0,,
W7W/PL-031,USA - Washington,WA-Pacific-Lewis,Elk Peak,1692,5551,-121.573,46.4265,-121.573,46.4265,6,3,01/12/2010,31/12/2099,2,13/10/2024,KD7QOW
W7W/PL-032,USA - Washington,WA-Pacific-Lewis,Smith Ridge,1689,5540,-121.6957,46.5192,-121.6957,46.5192,6,3,01/12/2010,31/12/2099,0,,
W7W/PL-033,USA - Washington,WA-Pacific-Lewis,5535 Transceiver Mtn,1687,5535,-121.4153,46.5605,-121.4153,46.5605,6,3,01/12/2010,31/12/2099,0,,
W7W/PL-034,USA - Washington,WA-Pacific-Lewis,Cozy Ridge,1682,5518,-121.6264,46.4142,-121.6264,46.4142,6,3,01/12/2010,31/12/2099,2,18/06/2024,KL0NP
W7W/PL-035,USA - Washington,WA-Pacific-Lewis,Lookout Mountain,1669,5475,-121.7767,46.7154,-121.7767,46.7154,6,3,01/12/2010,31/12/2099,5,15/07/2023,K7JRO
W7W/PL-036,USA - Washington,WA-Pacific-Lewis,Yellowjacket Point,1664,5459,-121.4617,46.6672,-121.4617,46.6672,6,3,01/12/2010,31/12/2099,0,,
W7W/PL-037,USA - Washington,WA-Pacific-Lewis,Purcell Mountain,1659,5442,-121.8423,46.5932,-121.8423,46.5932,6,3,01/12/2010,31/12/2099,2,17/07/2022,WW7D
W7W/PL-038,USA - Washington,WA-Pacific-Lewis,Sawtooth Ridge,1622,5323,-121.9243,46.6913,-121.9243,46.6913,6,3,01/12/2010,31/12/2099,0,,
W7W/PL-039,USA - Washington,WA-Pacific-Lewis,Burley Mountain,1619,5312,-121.8656,46.4073,-121.8656,46.4073,6,3,01/12/2010,31/12/2099,12,27/07/2024,KD7QOW
W7W/PL-040,USA - Washington,WA-Pacific-Lewis,Whalehead Ridge,1615,5300,-121.8625,46.5804,-121.8625,46.5804,6,3,01/12/2010,31/12/2099,0,,
W7W/PL-041,USA - Washington,WA-Pacific-Lewis,Last Laugh Mountain,1615,5299,-121.526,46.7376,-121.526,46.7376,6,3,01/12/2010,31/12/2099,0,,
W7W/PL-042,USA - Washington,WA-Pacific-Lewis,Griffin Mountain,1610,5283,-121.9799,46.6553,-121.9799,46.6553,6,3,01/12/2010,31/12/2099,0,,
W7W/PL-043,USA - Washington,WA-Pacific-Lewis,Skate Mountain,1603,5260,-121.7991,46.6557,-121.7991,46.6557,6,3,01/12/2010,31/12/2099,0,,
W7W/PL-044,USA - Washington,WA-Pacific-Lewis,Tumwater Mountain,1603,5260,-122.1037,46.4282,-122.1037,46.4282,6,3,01/12/2010,31/12/2099,0,,
W7W/PL-045,USA - Washington,WA-Pacific-Lewis,5245 Mt Tribander,1599,5245,-121.5879,46.531,-121.5879,46.531,6,3,01/12/2010,31/12/2099,4,10/08/2024,KF7UXR
W7W/PL-046,USA - Washington,WA-Pacific-Lewis,5140 Twin Lead Mtn,1567,5140,-121.9262,46.6631,-121.9262,46.6631,6,3,01/12/2010,31/12/2099,2,11/11/2019,WU7H
W7W/PL-047,USA - Washington,WA-Pacific-Lewis,East Rock,1567,5140,-121.8826,46.678,-121.8826,46.678,6,3,01/12/2010,31/12/2099,0,,
W7W/PL-048,USA - Washington,WA-Pacific-Lewis,Dixon Mountain,1565,5134,-121.7301,46.6881,-121.7301,46.6881,6,3,01/12/2010,31/12/2099,2,15/07/2023,K7JRO
W7W/PL-049,USA - Washington,WA-Pacific-Lewis,Allen Mountain,1554,5100,-121.8717,46.6544,-121.8717,46.6544,6,3,01/12/2010,31/12/2099,0,,
W7W/PL-050,USA - Washington,WA-Pacific-Lewis,Prairie Mountain,1544,5065,-121.8521,46.5651,-121.8521,46.5651,6,3,01/12/2010,31/12/2099,0,,
W7W/PL-051,USA - Washington,WA-Pacific-Lewis,5028 Second Hop Pk,1533,5028,-121.5142,46.7475,-121.5142,46.7475,6,3,01/12/2010,31/12/2099,0,,
W7W/PL-052,USA - Washington,WA-Pacific-Lewis,4940 Mt Rockbound,1506,4940,-121.7077,46.4021,-121.7077,46.4021,6,3,01/12/2010,31/12/2099,0,,
W7W/PL-053,USA - Washington,WA-Pacific-Lewis,Vanson Peak,1506,4940,-122.1516,46.4101,-122.1516,46.4101,6,3,01/12/2010,31/12/2099,1,02/07/2023,KD7QOW
W7W/PL-054,USA - Washington,WA-Pacific-Lewis,4900 Remote Base Pk,1494,4900,-121.8434,46.662,-121.8434,46.662,4,0,01/12/2010,31/12/2099,2,11/11/2019,WU7H
W7W/PL-055,USA - Washington,WA-Pacific-Lewis,Kiona Peak,1478,4849,-122.0174,46.567,-122.0174,46.567,4,0,01/12/2010,31/12/2099,0,,
W7W/PL-056,USA - Washington,WA-Pacific-Lewis,4845 Knife Edge Pk,1477,4845,-121.8098,46.593,-121.8098,46.593,4,0,01/12/2010,31/12/2099,0,,
W7W/PL-057,USA - Washington,WA-Pacific-Lewis,Tongue Mountain,1475,4838,-121.771,46.413,-121.771,46.413,4,0,01/12/2010,31/12/2099,3,10/06/2024,KL0NP
W7W/PL-058,USA - Washington,WA-Pacific-Lewis,East Skate Mountain,1469,4820,-121.7452,46.648,-121.7452,46.648,4,0,01/12/2010,31/12/2099,0,,
W7W/PL-059,USA - Washington,WA-Pacific-Lewis,Watch Mountain,1465,4805,-121.9751,46.5686,-121.9751,46.5686,4,0,01/12/2010,31/12/2099,0,,
W7W/PL-060,USA - Washington,WA-Pacific-Lewis,Davis Mountain,1464,4804,-121.8017,46.581,-121.8017,46.581,4,0,01/12/2010,31/12/2099,3,01/09/2022,NS0TA
W7W/PL-061,USA - Washington,WA-Pacific-Lewis,4780 Regenerative Pk,1457,4780,-121.81,46.6222,-121.81,46.6222,4,0,01/12/2010,31/12/2099,0,,
W7W/PL-062,USA - Washington,WA-Pacific-Lewis,Storm King Mountain,1448,4750,-122.1584,46.6484,-122.1584,46.6484,4,0,01/12/2010,31/12/2099,0,,
W7W/PL-063,USA - Washington,WA-Pacific-Lewis,High Hut,1446,4743,-122.0255,46.6967,-122.0255,46.6967,4,0,01/12/2010,31/12/2099,16,29/11/2024,KG7EJT
W7W/PL-064,USA - Washington,WA-Pacific-Lewis,4700 Radioteletype Mtn,1433,4700,-121.523,46.6957,-121.523,46.6957,4,0,01/12/2010,31/12/2099,1,09/09/2023,K7ATN
W7W/PL-065,USA - Washington,WA-Pacific-Lewis,Lone Tree Mountain,1420,4660,-121.8247,46.4824,-121.8247,46.4824,4,0,01/12/2010,31/12/2099,1,17/07/2016,KF7PXT
W7W/PL-066,USA - Washington,WA-Pacific-Lewis,4647 Mt Prominence,1416,4647,-121.7849,46.6032,-121.7849,46.6032,4,0,01/12/2010,31/12/2099,0,,
W7W/PL-067,USA - Washington,WA-Pacific-Lewis,4580 Phase Shift Pk,1396,4580,-121.7828,46.6272,-121.7828,46.6272,4,0,01/12/2010,31/12/2099,0,,
W7W/PL-068,USA - Washington,WA-Pacific-Lewis,4561 Olivia Summit,1390,4561,-121.5746,46.6186,-121.5746,46.6186,4,0,01/12/2010,31/12/2099,1,04/11/2015,N7RR
W7W/PL-069,USA - Washington,WA-Pacific-Lewis,Colman Benchmark,1383,4538,-122.0814,46.6022,-122.0814,46.6022,4,0,01/12/2010,31/12/2099,0,,
W7W/PL-070,USA - Washington,WA-Pacific-Lewis,4477 Re-Transmission Pk,1365,4477,-122.0096,46.6831,-122.0096,46.6831,4,0,01/12/2010,31/12/2099,13,29/11/2024,KG7EJT
W7W/PL-071,USA - Washington,WA-Pacific-Lewis,4413 Mt Sensitivity,1345,4413,-122.0454,46.6441,-122.0454,46.6441,4,0,01/12/2010,31/12/2099,0,,
W7W/PL-072,USA - Washington,WA-Pacific-Lewis,4384 Relay Summit,1336,4384,-122.0411,46.5932,-122.0411,46.5932,4,0,01/12/2010,31/12/2099,0,,
W7W/PL-073,USA - Washington,WA-Pacific-Lewis,4380 Quarter Wave Mtn,1335,4380,-122.1228,46.5804,-122.1228,46.5804,4,0,01/12/2010,31/12/2099,0,,
W7W/PL-074,USA - Washington,WA-Pacific-Lewis,4380 Precedence Pk,1335,4380,-122.1101,46.6298,-122.1101,46.6298,4,0,01/12/2010,31/12/2099,0,,
W7W/PL-075,USA - Washington,WA-Pacific-Lewis,The Rockies,1323,4340,-122.3661,46.6564,-122.3661,46.6564,4,0,01/12/2010,31/12/2099,4,20/07/2023,WW7D
W7W/PL-076,USA - Washington,WA-Pacific-Lewis,Mount Elbert,1319,4327,-122.3278,46.6544,-122.3278,46.6544,4,0,01/12/2010,31/12/2099,4,20/07/2023,WW7D
W7W/PL-077,USA - Washington,WA-Pacific-Lewis,Iron Creek Butte,1311,4300,-121.952,46.3968,-121.952,46.3968,4,0,01/12/2010,31/12/2099,1,16/07/2016,KF7PXT
W7W/PL-078,USA - Washington,WA-Pacific-Lewis,4260 Mt Pentode,1298,4260,-121.9257,46.6184,-121.9257,46.6184,4,0,01/12/2010,31/12/2099,0,,
W7W/PL-079,USA - Washington,WA-Pacific-Lewis,Harrington Rock,1286,4220,-121.998,46.6222,-121.998,46.6222,4,0,01/12/2010,31/12/2099,0,,
W7W/PL-080,USA - Washington,WA-Pacific-Lewis,4100 Signal Mtn,1250,4100,-121.9768,46.6063,-121.9768,46.6063,4,0,01/12/2010,31/12/2099,0,,
W7W/PL-081,USA - Washington,WA-Pacific-Lewis,4097 Troposphere Pk,1249,4097,-122.2565,46.6791,-122.2565,46.6791,4,0,01/12/2010,31/12/2099,9,28/05/2023,WW7D
W7W/PL-082,USA - Washington,WA-Pacific-Lewis,Mt. Goodie,1237,4060,-122.2229,46.6796,-122.2229,46.6796,4,0,01/12/2010,31/12/2099,2,28/05/2023,WW7D
W7W/PL-083,USA - Washington,WA-Pacific-Lewis,Ladd Mountain,1201,3940,-122.2632,46.7251,-122.2632,46.7251,4,0,01/12/2010,31/12/2099,17,01/04/2024,NN7M
W7W/PL-084,USA - Washington,WA-Pacific-Lewis,3900 Columbia-Nisqually-Deschutes Triple Divide,1189,3900,-122.3665,46.6943,-122.3665,46.6943,4,0,01/12/2010,31/12/2099,1,04/07/2022,WW7D
W7W/PL-085,USA - Washington,WA-Pacific-Lewis,3874 Skip Mtn,1181,3874,-121.8476,46.716,-121.8476,46.716,4,0,01/12/2010,31/12/2099,0,,
W7W/PL-086,USA - Washington,WA-Pacific-Lewis,3820 Mt Transponder,1164,3820,-122.474,46.6749,-122.474,46.6749,4,0,01/12/2010,31/12/2099,4,10/05/2024,KL0NP
W7W/PL-087,USA - Washington,WA-Pacific-Lewis,3820 Telescope Butte,1164,3820,-122.1166,46.6931,-122.1166,46.6931,4,0,01/12/2010,31/12/2099,0,,
W7W/PL-088,USA - Washington,WA-Pacific-Lewis,Huckleberry Mountain,1164,3820,-122.4351,46.7121,-122.4351,46.7121,4,0,01/12/2010,31/12/2099,0,,
W7W/PL-089,USA - Washington,WA-Pacific-Lewis,3780 Top Loaded Mtn,1152,3780,-122.4708,46.6567,-122.4708,46.6567,4,0,01/12/2010,31/12/2099,6,01/08/2021,WW7D
W7W/PL-090,USA - Washington,WA-Pacific-Lewis,Stahl Mountain,1133,3716,-122.2696,46.7429,-122.2696,46.7429,4,0,01/12/2010,31/12/2099,2,31/05/2020,WU7H
W7W/PL-091,USA - Washington,WA-Pacific-Lewis,Winters Mountain,1118,3668,-122.3134,46.4497,-122.3134,46.4497,4,0,01/12/2010,31/12/2099,0,,
W7W/PL-092,USA - Washington,WA-Pacific-Lewis,Huffaker Mountain,1116,3660,-122.0025,46.4751,-122.0025,46.4751,4,0,01/12/2010,31/12/2099,2,12/08/2022,NE7ET
W7W/PL-093,USA - Washington,WA-Pacific-Lewis,National Lookout,1103,3620,-122.0829,46.7243,-122.0829,46.7243,4,0,01/12/2010,31/12/2099,1,26/03/2024,N7NWT
W7W/PL-094,USA - Washington,WA-Pacific-Lewis,Kosmos Lookout,1091,3580,-122.1929,46.5556,-122.1929,46.5556,4,0,01/12/2010,31/12/2099,0,,
W7W/PL-095,USA - Washington,WA-Pacific-Lewis,3570 D-Star Pk,1088,3570,-122.4048,46.6046,-122.4048,46.6046,4,0,01/12/2010,31/12/2099,5,11/08/2023,KK7NRS
W7W/PL-096,USA - Washington,WA-Pacific-Lewis,Rooster Rock,1067,3500,-122.469,46.6348,-122.469,46.6348,4,0,01/12/2010,31/12/2099,7,18/07/2020,KI7EMX
W7W/PL-097,USA - Washington,WA-Pacific-Lewis,3460 Mt Fax,1055,3460,-122.3195,46.5958,-122.3195,46.5958,4,0,01/12/2010,31/12/2099,0,,
W7W/PL-098,USA - Washington,WA-Pacific-Lewis,Boistfort Peak,957,3140,-123.2144,46.4877,-123.2144,46.4877,2,0,01/12/2010,31/12/2099,1,10/06/2024,AI7RK
W7W/PL-099,USA - Washington,WA-Pacific-Lewis,3100 Fixed Control Mtn,945,3100,-122.3009,46.5824,-122.3009,46.5824,2,0,01/12/2010,31/12/2099,0,,
W7W/PL-100,USA - Washington,WA-Pacific-Lewis,3020 General Class Butte,920,3020,-123.2161,46.4341,-123.2161,46.4341,2,0,01/12/2010,31/12/2099,0,,
W7W/PL-101,USA - Washington,WA-Pacific-Lewis,Pacific County HP,920,3020,-123.4041,46.4815,-123.4041,46.4815,2,0,01/12/2010,31/12/2099,0,,
W7W/PL-102,USA - Washington,WA-Pacific-Lewis,Green Mountain,885,2902,-122.3504,46.4701,-122.3504,46.4701,2,0,01/12/2010,31/12/2099,0,,
W7W/PL-103,USA - Washington,WA-Pacific-Lewis,Fling Mountain,884,2900,-122.3518,46.5746,-122.3518,46.5746,2,0,01/12/2010,31/12/2099,0,,
W7W/PL-104,USA - Washington,WA-Pacific-Lewis,Snugtop,884,2900,-122.1213,46.7338,-122.1213,46.7338,2,0,01/12/2010,31/12/2099,0,,
W7W/PL-105,USA - Washington,WA-Pacific-Lewis,Grays River Divide,872,2860,-123.5505,46.461,-123.5505,46.461,2,0,01/12/2010,31/12/2099,0,,
W7W/PL-106,USA - Washington,WA-Pacific-Lewis,2820 Ham Radio Hill,860,2820,-123.3544,46.3981,-123.3544,46.3981,2,0,01/12/2010,31/12/2099,0,,
W7W/PL-107,USA - Washington,WA-Pacific-Lewis,Cottlers Rock,847,2780,-122.2693,46.5266,-122.2693,46.5266,2,0,01/12/2010,31/12/2099,2,31/05/2023,WE7CAT
W7W/PL-108,USA - Washington,WA-Pacific-Lewis,2735 Mt Gray-Line,834,2735,-122.272,46.6331,-122.272,46.6331,2,0,01/12/2010,31/12/2099,0,,
W7W/PL-109,USA - Washington,WA-Pacific-Lewis,Spiraltop,824,2703,-122.2267,46.7171,-122.2267,46.7171,2,0,01/12/2010,31/12/2099,2,16/11/2018,AG7NC
W7W/PL-110,USA - Washington,WA-Pacific-Lewis,2700 Encoder Mtn,823,2700,-123.2483,46.3977,-123.2483,46.3977,2,0,01/12/2010,31/12/2099,0,,
W7W/PL-111,USA - Washington,WA-Pacific-Lewis,Roundtop Mountain,814,2670,-122.1361,46.7175,-122.1361,46.7175,2,0,01/12/2010,31/12/2099,0,,
W7W/PL-112,USA - Washington,WA-Pacific-Lewis,Big Bottom Butte,812,2664,-122.1458,46.4955,-122.1458,46.4955,2,0,01/12/2010,31/12/2099,0,,
W7W/PL-113,USA - Washington,WA-Pacific-Lewis,2660 Mt Ionosphere,811,2660,-123.3783,46.4676,-123.3783,46.4676,2,0,01/12/2010,31/12/2099,0,,
W7W/PL-114,USA - Washington,WA-Pacific-Lewis,Crazy Man Mountain,808,2650,-122.4945,46.4332,-122.4945,46.4332,2,0,01/12/2010,31/12/2099,4,15/01/2024,KL0NP
W7W/PL-115,USA - Washington,WA-Pacific-Lewis,2626 Meteor Scatter Summit,800,2626,-123.3482,46.4415,-123.3482,46.4415,2,0,01/12/2010,31/12/2099,0,,
W7W/PL-116,USA - Washington,WA-Pacific-Lewis,Bluff Mountain,799,2620,-121.899,46.4554,-121.899,46.4554,2,0,01/12/2010,31/12/2099,0,,
W7W/PL-117,USA - Washington,WA-Pacific-Lewis,Towertop,795,2608,-122.1758,46.7416,-122.1758,46.7416,2,0,01/12/2010,31/12/2099,0,,
W7W/PL-118,USA - Washington,WA-Pacific-Lewis,Kehoe Mountain,774,2540,-121.9255,46.5514,-121.9255,46.5514,2,0,01/12/2010,31/12/2099,0,,
W7W/PL-119,USA - Washington,WA-Pacific-Lewis,Doty Hills,758,2487,-123.3237,46.71,-123.3237,46.71,2,0,01/12/2010,31/12/2099,0,,
W7W/PL-120,USA - Washington,WA-Pacific-Lewis,2460 Low Power Hill,750,2460,-122.4089,46.5612,-122.4089,46.5612,2,0,01/12/2010,31/12/2099,0,,
W7W/PL-121,USA - Washington,WA-Pacific-Lewis,2455 High Power Hill,748,2455,-123.3004,46.4206,-123.3004,46.4206,2,0,01/12/2010,31/12/2099,0,,
W7W/PL-122,USA - Washington,WA-Pacific-Lewis,Kraus Ridge,738,2420,-121.9642,46.4381,-121.9642,46.4381,2,0,01/12/2010,31/12/2099,0,,
W7W/PL-123,USA - Washington,WA-Pacific-Lewis,Skyo Mountain,738,2420,-121.7179,46.5774,-121.7179,46.5774,2,0,01/12/2010,31/12/2099,2,29/09/2019,N7RR
W7W/PL-124,USA - Washington,WA-Pacific-Lewis,2420 Halfwave Hill,738,2420,-123.5076,46.4091,-123.5076,46.4091,2,0,01/12/2010,31/12/2099,0,,
W7W/PL-125,USA - Washington,WA-Pacific-Lewis,2420 Hardware Hill,738,2420,-123.4977,46.4832,-123.4977,46.4832,2,0,01/12/2010,31/12/2099,0,,
W7W/PL-126,USA - Washington,WA-Pacific-Lewis,Walville Peak,737,2417,-123.417,46.5893,-123.417,46.5893,2,0,01/12/2010,31/12/2099,0,,
W7W/PL-127,USA - Washington,WA-Pacific-Lewis,Glenoma Benchmark,735,2411,-122.1003,46.4983,-122.1003,46.4983,2,0,01/12/2010,31/12/2099,0,,
W7W/PL-128,USA - Washington,WA-Pacific-Lewis,Clinton Knob,725,2380,-123.1596,46.4157,-123.1596,46.4157,2,0,01/12/2010,31/12/2099,0,,
W7W/PL-129,USA - Washington,WA-Pacific-Lewis,2340 Dummy Load Hill,713,2340,-122.1555,46.4837,-122.1555,46.4837,2,0,01/12/2010,31/12/2099,0,,
W7W/PL-130,USA - Washington,WA-Pacific-Lewis,2300 Extra Class Hill,701,2300,-121.8909,46.4718,-121.8909,46.4718,2,0,01/12/2010,31/12/2099,0,,
W7W/PL-131,USA - Washington,WA-Pacific-Lewis,Bellicum Peak,701,2300,-122.3793,46.5532,-122.3793,46.5532,2,0,01/12/2010,31/12/2099,0,,
W7W/PL-132,USA - Washington,WA-Pacific-Lewis,2290 Grandfather Hill,698,2290,-122.6669,46.7015,-122.6669,46.7015,2,0,01/12/2010,31/12/2099,0,,
W7W/PL-133,USA - Washington,WA-Pacific-Lewis,Doubletop,664,2180,-122.2256,46.7441,-122.2256,46.7441,2,0,01/12/2010,31/12/2099,1,18/03/2024,NN7M
W7W/PL-134,USA - Washington,WA-Pacific-Lewis,Trap Creek Lookout,664,2180,-123.7182,46.5302,-123.7182,46.5302,2,0,01/12/2010,31/12/2099,0,,
W7W/PL-135,USA - Washington,WA-Pacific-Lewis,2142 CW Ops Hill,653,2142,-122.4165,46.482,-122.4165,46.482,2,0,01/12/2010,31/12/2099,0,,
W7W/PL-136,USA - Washington,WA-Pacific-Lewis,2140 ARRL Hill,652,2140,-122.6293,46.6544,-122.6293,46.6544,2,0,01/12/2010,31/12/2099,0,,
W7W/PL-137,USA - Washington,WA-Pacific-Lewis,Laketop,652,2140,-122.1636,46.7243,-122.1636,46.7243,2,0,01/12/2010,31/12/2099,0,,
W7W/PL-138,USA - Washington,WA-Pacific-Lewis,Stumptop,640,2100,-122.1977,46.7252,-122.1977,46.7252,2,0,01/12/2010,31/12/2099,0,,
W7W/PL-139,USA - Washington,WA-Pacific-Lewis,2060 Mt Capacitor,628,2060,-122.0131,46.4418,-122.0131,46.4418,2,0,01/12/2010,31/12/2099,0,,
W7W/PL-140,USA - Washington,WA-Pacific-Lewis,2060 Clarifier Summit,628,2060,-123.5999,46.4917,-123.5999,46.4917,2,0,01/12/2010,31/12/2099,0,,
W7W/PL-141,USA - Washington,WA-Pacific-Lewis,Cowan Lookout,596,1955,-123.7808,46.4169,-123.7808,46.4169,2,0,01/12/2010,31/12/2099,9,03/07/2020,WU7H
W7W/PL-142,USA - Washington,WA-Pacific-Lewis,1875 Critical Frequency Hill,572,1875,-123.7357,46.4883,-123.7357,46.4883,2,0,01/12/2010,31/12/2099,0,,
W7W/PL-143,USA - Washington,WA-Pacific-Lewis,1860 Didahdit Hill,567,1860,-122.0064,46.5401,-122.0064,46.5401,2,0,01/12/2010,31/12/2099,0,,
W7W/PL-144,USA - Washington,WA-Pacific-Lewis,1860 Autopatch Hill,567,1860,-122.0359,46.5451,-122.0359,46.5451,2,0,01/12/2010,31/12/2099,0,,
W7W/PL-145,USA - Washington,WA-Pacific-Lewis,1780 Break In Hill,543,1780,-123.6117,46.5118,-123.6117,46.5118,2,0,01/12/2010,31/12/2099,0,,
W7W/PL-146,USA - Washington,WA-Pacific-Lewis,1768 Hatchet Mountain,539,1768,-122.6115,46.4014,-122.6115,46.4014,2,0,01/12/2010,31/12/2099,3,16/03/2024,K7AGL
W7W/PL-147,USA - Washington,WA-Pacific-Lewis,Bear River Ridge,523,1715,-123.8782,46.3432,-123.8782,46.3432,2,0,01/12/2010,31/12/2099,1,04/07/2021,WU7H
W7W/PL-148,USA - Washington,WA-Pacific-Lewis,Sure Shot Mountain,519,1704,-123.1404,46.476,-123.1404,46.476,2,0,01/12/2010,31/12/2099,0,,
W7W/PL-149,USA - Washington,WA-Pacific-Lewis,1648 Deviation Hill,502,1648,-121.9911,46.5355,-121.9911,46.5355,2,0,01/12/2010,31/12/2099,0,,
W7W/PL-150,USA - Washington,WA-Pacific-Lewis,Moss Benchmark,494,1620,-122.4803,46.504,-122.4803,46.504,1,0,01/12/2010,31/12/2099,0,,
W7W/PL-151,USA - Washington,WA-Pacific-Lewis,1580 Dipole Hill,482,1580,-122.1441,46.4651,-122.1441,46.4651,1,0,01/12/2010,31/12/2099,0,,
W7W/PL-152,USA - Washington,WA-Pacific-Lewis,1570 Activator Hill,479,1570,-122.5465,46.4749,-122.5465,46.4749,1,0,01/12/2010,31/12/2099,3,22/02/2022,WE7CAT
W7W/PL-153,USA - Washington,WA-Pacific-Lewis,1540 D-Layer Hill,469,1540,-122.1051,46.472,-122.1051,46.472,1,0,01/12/2010,31/12/2099,0,,
W7W/PL-154,USA - Washington,WA-Pacific-Lewis,Sam Henry Mountain,454,1491,-123.0203,46.5168,-123.0203,46.5168,1,0,01/12/2010,31/12/2099,0,,
W7W/PL-155,USA - Washington,WA-Pacific-Lewis,Crego Hill,445,1460,-123.0579,46.5548,-123.0579,46.5548,1,0,01/12/2010,31/12/2099,1,09/08/2024,W7ZDX
W7W/PL-156,USA - Washington,WA-Pacific-Lewis,Meridian Hill,439,1439,-122.7549,46.7094,-122.7549,46.7094,1,0,01/12/2010,31/12/2099,0,,
W7W/PL-157,USA - Washington,WA-Pacific-Lewis,1423 Packsack Mountain,434,1423,-123.5609,46.7479,-123.5609,46.7479,1,0,01/12/2010,30/11/2016,0,,
W7W/PL-158,USA - Washington,WA-Pacific-Lewis,1375 Field Effect Hill,419,1375,-123.8972,46.2862,-123.8972,46.2862,1,0,01/12/2010,31/12/2099,2,04/07/2024,WU7H
W7W/PL-159,USA - Washington,WA-Pacific-Lewis,1260 Good Copy Hill,384,1260,-123.7818,46.7181,-123.7818,46.7181,1,0,01/12/2010,31/12/2099,0,,
W7W/PL-160,USA - Washington,WA-Pacific-Lewis,Minnie Benchmark,329,1080,-123.7715,46.6161,-123.7715,46.6161,1,0,01/12/2010,31/12/2099,0,,
W7W/PL-161,USA - Washington,WA-Pacific-Lewis,1075 High Pass Hill,328,1075,-123.7414,46.3412,-123.7414,46.3412,1,0,01/12/2010,31/12/2099,1,12/04/2019,K9WBZ
W7W/PL-162,USA - Washington,WA-Pacific-Lewis,1060 Hellschrieber Hill,323,1060,-123.8257,46.5073,-123.8257,46.5073,1,0,01/12/2010,31/12/2099,0,,
W7W/PL-163,USA - Washington,WA-Pacific-Lewis,940 Full Quieting Hill,287,940,-123.8302,46.7865,-123.8302,46.7865,1,0,01/12/2010,31/12/2099,0,,
W7W/PL-164,USA - Washington,WA-Pacific-Lewis,875 Doppler Shift Hill,267,875,-123.785,46.2921,-123.785,46.2921,1,0,01/12/2010,31/12/2099,1,04/03/2019,K9WBZ
W7W/PL-165,USA - Washington,WA-Pacific-Lewis,675 EClearwater Hill,206,675,-123.8885,46.443,-123.8885,46.443,1,0,01/12/2010,31/12/2099,3,19/04/2019,K9WBZ
W7W/PL-166,USA - Washington,WA-Pacific-Lewis,5718,1743,5718,-121.6541,46.5058,-121.6541,46.5058,6,3,01/12/2016,31/12/2099,0,,
W7W/PL-167,USA - Washington,WA-Pacific-Lewis,2715,828,2715,-122.2555,46.4209,-122.2555,46.4209,2,0,01/12/2016,31/12/2099,0,,
W7W/PL-168,USA - Washington,WA-Pacific-Lewis,Rainy Benchmark,628,2060,-122.0625,46.5362,-122.0625,46.5362,2,0,01/12/2016,31/12/2099,0,,
W7W/PL-169,USA - Washington,WA-Pacific-Lewis,Pack Sack Peak,434,1423,-123.5609,46.7479,-123.5609,46.7479,1,0,01/12/2016,31/12/2099,0,,
W7W/PO-001,USA - Washington,WA-Pend Oreille,Gypsy Peak,2237,7340,-117.1523,48.9462,-117.1523,48.9462,8,3,01/12/2010,31/12/2099,1,24/07/2023,W7MDN
W7W/PO-002,USA - Washington,WA-Pend Oreille,Hooknose Mountain,2201,7220,-117.4303,48.9438,-117.4303,48.9438,8,3,01/12/2010,31/12/2099,1,22/09/2020,K7DJL
W7W/PO-003,USA - Washington,WA-Pend Oreille,Salmo Mountain,2103,6900,-117.1024,48.9724,-117.1024,48.9724,8,3,01/12/2010,31/12/2099,6,16/08/2021,W7MDN
W7W/PO-004,USA - Washington,WA-Pend Oreille,South Crowell Ridge,2078,6817,-117.2149,48.8831,-117.2149,48.8831,8,3,01/12/2010,31/12/2099,2,09/07/2019,K7DJL
W7W/PO-005,USA - Washington,WA-Pend Oreille,Molybdenite Mountain,2068,6784,-117.286,48.71,-117.286,48.71,8,3,01/12/2010,31/12/2099,4,09/08/2021,W7MDN
W7W/PO-006,USA - Washington,WA-Pend Oreille,Shedroof Mountain,2062,6764,-117.0462,48.9329,-117.0462,48.9329,8,3,01/12/2010,31/12/2099,2,15/08/2021,W7MDN
W7W/PO-007,USA - Washington,WA-Pend Oreille,Helmer Mountain,2053,6734,-117.0958,48.8486,-117.0958,48.8486,8,3,01/12/2010,31/12/2099,0,,
W7W/PO-008,USA - Washington,WA-Pend Oreille,Thunder Mountain,1999,6560,-117.0704,48.8759,-117.0704,48.8759,6,3,01/12/2010,31/12/2099,0,,
W7W/PO-009,USA - Washington,WA-Pend Oreille,Grassy Top Northwest,1976,6482,-117.1591,48.7809,-117.1591,48.7809,6,3,01/12/2010,31/12/2099,0,,
W7W/PO-010,USA - Washington,WA-Pend Oreille,Prouty Peak,1932,6340,-117.1183,48.8944,-117.1183,48.8944,6,3,01/12/2010,31/12/2099,0,,
W7W/PO-011,USA - Washington,WA-Pend Oreille,Hall Mountain,1927,6323,-117.2569,48.8065,-117.2569,48.8065,6,3,01/12/2010,31/12/2099,1,25/07/2016,KG7VPX
W7W/PO-012,USA - Washington,WA-Pend Oreille,Linton Mountain,1894,6215,-117.4457,48.8706,-117.4457,48.8706,6,3,01/12/2010,31/12/2099,0,,
W7W/PO-013,USA - Washington,WA-Pend Oreille,North Baldy,1882,6173,-117.1558,48.5456,-117.1558,48.5456,6,3,01/12/2010,31/12/2099,4,26/08/2022,KJ7WWT
W7W/PO-014,USA - Washington,WA-Pend Oreille,South Baldy,1825,5988,-117.1379,48.4261,-117.1379,48.4261,6,3,01/12/2010,31/12/2099,5,26/09/2022,W7MDN
W7W/PO-015,USA - Washington,WA-Pend Oreille,5921 Resonant Peak,1805,5921,-117.2285,48.7341,-117.2285,48.7341,6,3,01/12/2010,31/12/2099,0,,
W7W/PO-016,USA - Washington,WA-Pend Oreille,Little Calispell Peak,1798,5900,-117.4912,48.3844,-117.4912,48.3844,6,3,01/12/2010,31/12/2099,5,26/08/2024,N7BNB
W7W/PO-017,USA - Washington,WA-Pend Oreille,5747 Remote Base Mtn,1752,5747,-117.1894,48.7015,-117.1894,48.7015,6,3,01/12/2010,31/12/2099,0,,
W7W/PO-018,USA - Washington,WA-Pend Oreille,Tillicum Peak,1750,5740,-117.1539,48.7291,-117.1539,48.7291,6,3,01/12/2010,31/12/2099,0,,
W7W/PO-019,USA - Washington,WA-Pend Oreille,Monumental Mountain,1737,5700,-117.1838,48.6771,-117.1838,48.6771,6,3,01/12/2010,31/12/2099,2,14/07/2020,K7DJL
W7W/PO-020,USA - Washington,WA-Pend Oreille,Lead Hill,1668,5474,-117.1955,48.9768,-117.1955,48.9768,6,3,01/12/2010,31/12/2099,0,,
W7W/PO-021,USA - Washington,WA-Pend Oreille,Timber Mountain,1668,5474,-117.4529,48.5271,-117.4529,48.5271,6,3,01/12/2010,31/12/2099,2,18/07/2022,N7MCB
W7W/PO-022,USA - Washington,WA-Pend Oreille,Huckleberry Mountain,1668,5472,-117.543,48.7611,-117.543,48.7611,6,3,01/12/2010,31/12/2099,1,07/07/2021,K7DJL
W7W/PO-023,USA - Washington,WA-Pend Oreille,Snyder Hill,1664,5460,-117.3204,48.7766,-117.3204,48.7766,6,3,01/12/2010,31/12/2099,1,07/07/2021,K7DJL
W7W/PO-024,USA - Washington,WA-Pend Oreille,Gleason Mountain,1651,5416,-117.0992,48.5761,-117.0992,48.5761,6,3,01/12/2010,31/12/2099,0,,
W7W/PO-025,USA - Washington,WA-Pend Oreille,Cee Cee Ah Peak,1638,5374,-117.2137,48.4711,-117.2137,48.4711,6,3,01/12/2010,31/12/2099,1,28/05/2021,W7MDN
W7W/PO-026,USA - Washington,WA-Pend Oreille,Kalispell Rock,1609,5278,-117.1347,48.6291,-117.1347,48.6291,6,3,01/12/2010,31/12/2099,0,,
W7W/PO-027,USA - Washington,WA-Pend Oreille,Boyer Mountain,1608,5277,-117.4343,48.1971,-117.4343,48.1971,6,3,01/12/2010,31/12/2099,7,04/09/2023,N7CCD
W7W/PO-028,USA - Washington,WA-Pend Oreille,5238 Second Hop Mtn,1597,5238,-117.5219,48.7939,-117.5219,48.7939,6,3,01/12/2010,31/12/2099,0,,
W7W/PO-029,USA - Washington,WA-Pend Oreille,Granite Peak,1597,5238,-117.4338,48.6139,-117.4338,48.6139,6,3,01/12/2010,31/12/2099,0,,
W7W/PO-030,USA - Washington,WA-Pend Oreille,Boundary Mountain,1588,5210,-117.2452,48.9995,-117.2452,48.9995,6,3,01/12/2010,31/12/2099,0,,
W7W/PO-031,USA - Washington,WA-Pend Oreille,Seldom Seen Mountain,1586,5205,-117.5722,48.6992,-117.5722,48.6992,6,3,01/12/2010,31/12/2099,0,,
W7W/PO-032,USA - Washington,WA-Pend Oreille,Ojibway Knoll,1579,5180,-117.1272,48.3885,-117.1272,48.3885,6,3,01/12/2010,31/12/2099,2,26/09/2022,W7MDN
W7W/PO-033,USA - Washington,WA-Pend Oreille,5037 Ragchew Summit,1535,5037,-117.1753,48.4773,-117.1753,48.4773,6,3,01/12/2010,31/12/2099,1,30/06/2021,K7DJL
W7W/PO-034,USA - Washington,WA-Pend Oreille,5027 Product Detector Mtn,1532,5027,-117.472,48.1969,-117.472,48.1969,6,3,01/12/2010,31/12/2099,4,28/05/2023,W7MDN
W7W/PO-035,USA - Washington,WA-Pend Oreille,Indian Mountain,1528,5014,-117.0393,48.6635,-117.0393,48.6635,6,3,01/12/2010,31/12/2099,0,,
W7W/PO-036,USA - Washington,WA-Pend Oreille,4962 Olivia Mtn,1512,4962,-117.1887,48.4259,-117.1887,48.4259,6,3,01/12/2010,31/12/2099,2,19/09/2022,W7MDN
W7W/PO-037,USA - Washington,WA-Pend Oreille,Bear Paw Ridge,1482,4861,-117.1525,48.3562,-117.1525,48.3562,4,0,01/12/2010,31/12/2099,0,,
W7W/PO-038,USA - Washington,WA-Pend Oreille,Thomas Mountain,1481,4860,-117.5645,48.6578,-117.5645,48.6578,4,0,01/12/2010,31/12/2099,0,,
W7W/PO-039,USA - Washington,WA-Pend Oreille,Bead Lake Peak,1475,4838,-117.0651,48.2961,-117.0651,48.2961,4,0,01/12/2010,31/12/2099,2,16/05/2021,W7MDN
W7W/PO-040,USA - Washington,WA-Pend Oreille,4837 Phase Shift Peak,1474,4837,-117.0436,48.7288,-117.0436,48.7288,4,0,01/12/2010,31/12/2099,0,,
W7W/PO-041,USA - Washington,WA-Pend Oreille,4820 Rockbound Mtn,1469,4820,-117.447,48.5868,-117.447,48.5868,4,0,01/12/2010,31/12/2099,0,,
W7W/PO-042,USA - Washington,WA-Pend Oreille,Crowell Mountain,1455,4772,-117.2641,48.9137,-117.2641,48.9137,4,0,01/12/2010,31/12/2099,0,,
W7W/PO-043,USA - Washington,WA-Pend Oreille,Diamond Peak,1420,4659,-117.0789,48.6325,-117.0789,48.6325,4,0,01/12/2010,31/12/2099,0,,
W7W/PO-044,USA - Washington,WA-Pend Oreille,Sand Creek Mountain,1420,4658,-117.3176,48.819,-117.3176,48.819,4,0,01/12/2010,31/12/2099,1,17/08/2024,K2VFZ
W7W/PO-045,USA - Washington,WA-Pend Oreille,4620 Mt Resistance,1408,4620,-117.2333,48.4513,-117.2333,48.4513,4,0,01/12/2010,31/12/2099,0,,
W7W/PO-046,USA - Washington,WA-Pend Oreille,4420 Propagation Peak,1347,4420,-117.2209,48.4364,-117.2209,48.4364,4,0,01/12/2010,31/12/2099,0,,
W7W/PO-047,USA - Washington,WA-Pend Oreille,Kings Mountain,1339,4393,-117.1897,48.3849,-117.1897,48.3849,4,0,01/12/2010,31/12/2099,9,19/09/2022,W7MDN
W7W/PO-048,USA - Washington,WA-Pend Oreille,Cooks Mountain,1318,4325,-117.1751,48.352,-117.1751,48.352,4,0,01/12/2010,31/12/2099,0,,
W7W/PO-049,USA - Washington,WA-Pend Oreille,Little Blue Grouse Mountain,1289,4230,-117.3711,48.1693,-117.3711,48.1693,4,0,01/12/2010,31/12/2099,0,,
W7W/PO-050,USA - Washington,WA-Pend Oreille,4171 Long Path Mtn,1271,4171,-117.1688,48.3324,-117.1688,48.3324,4,0,01/12/2010,31/12/2099,0,,
W7W/PO-051,USA - Washington,WA-Pend Oreille,Pelke Divide,1269,4164,-117.0431,48.4661,-117.0431,48.4661,4,0,01/12/2010,31/12/2099,0,,
W7W/PO-052,USA - Washington,WA-Pend Oreille,Hanlon Mountain,1262,4140,-117.2676,48.624,-117.2676,48.624,4,0,01/12/2010,31/12/2099,0,,
W7W/PO-053,USA - Washington,WA-Pend Oreille,Dry Canyon Ridge,1251,4105,-117.3556,48.7257,-117.3556,48.7257,4,0,01/12/2010,31/12/2099,0,,
W7W/PO-054,USA - Washington,WA-Pend Oreille,Ruby Mountain West,1250,4100,-117.3158,48.4971,-117.3158,48.4971,4,0,01/12/2010,31/12/2099,0,,
W7W/PO-055,USA - Washington,WA-Pend Oreille,4078,1243,4078,-117.2211,48.4029,-117.2211,48.4029,4,0,01/12/2010,31/12/2099,0,,
W7W/PO-056,USA - Washington,WA-Pend Oreille,4009,1222,4009,-117.4034,48.5903,-117.4034,48.5903,4,0,01/12/2010,31/12/2099,0,,
W7W/PO-057,USA - Washington,WA-Pend Oreille,Moon Hill,1196,3924,-117.2386,48.3857,-117.2386,48.3857,4,0,01/12/2010,31/12/2099,0,,
W7W/PO-058,USA - Washington,WA-Pend Oreille,3860 Integrated Circuit Peak,1177,3860,-117.2228,48.4124,-117.2228,48.4124,4,0,01/12/2010,31/12/2099,0,,
W7W/PO-059,USA - Washington,WA-Pend Oreille,3656 Mt Novice,1114,3656,-117.3671,48.5102,-117.3671,48.5102,4,0,01/12/2010,31/12/2099,0,,
W7W/PO-060,USA - Washington,WA-Pend Oreille,3645 Low Power Peak,1111,3645,-117.3769,48.2226,-117.3769,48.2226,4,0,01/12/2010,31/12/2099,0,,
W7W/PO-061,USA - Washington,WA-Pend Oreille,Mount Pisgah,1103,3620,-117.1446,48.0859,-117.1446,48.0859,4,0,01/12/2010,31/12/2099,2,20/12/2024,W7MDN
W7W/PO-062,USA - Washington,WA-Pend Oreille,Bare Mountain,1091,3578,-117.2595,48.0874,-117.2595,48.0874,4,0,01/12/2010,31/12/2099,1,06/06/2022,W7MDN
W7W/PO-063,USA - Washington,WA-Pend Oreille,3525 Mt Kilohertz,1074,3525,-117.303,48.64,-117.303,48.64,4,0,01/12/2010,31/12/2099,0,,
W7W/PO-064,USA - Washington,WA-Pend Oreille,3521 Mixer Mtn,1073,3521,-117.3305,48.6256,-117.3305,48.6256,4,0,01/12/2010,31/12/2099,0,,
W7W/PO-065,USA - Washington,WA-Pend Oreille,3517 Artemis Peak,1072,3517,-117.313,48.1199,-117.313,48.1199,4,0,01/12/2010,31/12/2099,1,10/06/2015,N7BHP
W7W/PO-066,USA - Washington,WA-Pend Oreille,3500 Mt Meteor,1067,3500,-117.2048,48.3331,-117.2048,48.3331,4,0,01/12/2010,31/12/2099,0,,
W7W/PO-067,USA - Washington,WA-Pend Oreille,Saddle Mountain,1060,3479,-117.1254,48.2015,-117.1254,48.2015,4,0,01/12/2010,31/12/2099,3,17/11/2023,N7MCB
W7W/PO-068,USA - Washington,WA-Pend Oreille,3403 Binary Mtn,1037,3403,-117.2545,48.2,-117.2545,48.2,4,0,01/12/2010,31/12/2099,2,27/11/2024,W7MDN
W7W/PO-069,USA - Washington,WA-Pend Oreille,Cooks Mountain,1019,3344,-117.084,48.2117,-117.084,48.2117,4,0,01/12/2010,31/12/2099,5,18/05/2024,NE7ET
W7W/PO-070,USA - Washington,WA-Pend Oreille,Lone Mountain,1000,3281,-117.1812,48.0818,-117.1812,48.0818,4,0,01/12/2010,31/12/2099,0,,
W7W/PO-071,USA - Washington,WA-Pend Oreille,Grayback Mountain,994,3260,-117.315,48.2203,-117.315,48.2203,2,0,01/12/2010,31/12/2099,0,,
W7W/PO-072,USA - Washington,WA-Pend Oreille,3256 Condenser Mtn,992,3256,-117.2084,48.189,-117.2084,48.189,2,0,01/12/2010,31/12/2099,0,,
W7W/PO-073,USA - Washington,WA-Pend Oreille,Timber Hill,981,3220,-117.324,48.9811,-117.324,48.9811,2,0,01/12/2010,31/12/2099,0,,
W7W/PO-074,USA - Washington,WA-Pend Oreille,3156 Mt Contest,962,3156,-117.2072,48.0811,-117.2072,48.0811,2,0,01/12/2010,31/12/2099,0,,
W7W/PO-075,USA - Washington,WA-Pend Oreille,3103 Astronaut Summit,946,3103,-117.2012,48.1529,-117.2012,48.1529,2,0,01/12/2010,31/12/2099,0,,
W7W/PO-076,USA - Washington,WA-Pend Oreille,3052 Didahdit Mtn,930,3052,-117.1477,48.2668,-117.1477,48.2668,2,0,01/12/2010,31/12/2099,0,,
W7W/PO-077,USA - Washington,WA-Pend Oreille,Cement Mountain,915,3003,-117.4225,48.7552,-117.4225,48.7552,2,0,01/12/2010,31/12/2099,0,,
W7W/PO-078,USA - Washington,WA-Pend Oreille,2660 Subaudible Summit,811,2660,-117.3356,48.289,-117.3356,48.289,2,0,01/12/2010,31/12/2099,0,,
W7W/PO-079,USA - Washington,WA-Pend Oreille,6700,2042,6700,-117.1235,48.8472,-117.1235,48.8472,8,3,01/12/2016,31/12/2099,0,,
W7W/PO-080,USA - Washington,WA-Pend Oreille,Hungry Mountain,1692,5552,-117.1491,48.5924,-117.1491,48.5924,6,3,01/12/2016,31/12/2099,0,,
W7W/PO-081,USA - Washington,WA-Pend Oreille,Aladdin Mountain,1529,5015,-117.6105,48.7282,-117.6105,48.7282,6,3,01/12/2016,31/12/2099,1,07/07/2021,K7DJL
W7W/PO-082,USA - Washington,WA-Pend Oreille,Goose Creek Point,1107,3633,-117.0596,48.4126,-117.0596,48.4126,4,0,01/12/2016,31/12/2099,0,,
W7W/RS-001,USA - Washington,WA-Rainier-Salish,Mt Rainier - Columbia Crest,4392,14410,-121.7604,46.8529,-121.7604,46.8529,10,3,01/12/2010,31/12/2099,4,21/05/2023,KI7QIV
W7W/RS-002,USA - Washington,WA-Rainier-Salish,Mt Rainier - Liberty Cap,4301,14112,-121.775,46.8631,-121.775,46.8631,10,3,01/12/2010,31/12/2099,0,,
W7W/RS-003,USA - Washington,WA-Rainier-Salish,Little Tahoma Peak,3395,11138,-121.7116,46.8496,-121.7116,46.8496,10,3,01/12/2010,31/12/2099,2,01/07/2022,KI7QIV
W7W/RS-004,USA - Washington,WA-Rainier-Salish,South Cowlitz Chimneys,2318,7605,-121.6093,46.8489,-121.6093,46.8489,8,3,01/12/2010,31/12/2099,0,,
W7W/RS-005,USA - Washington,WA-Rainier-Salish,Mount Fremont,2230,7317,-121.6731,46.9254,-121.6731,46.9254,8,3,01/12/2010,31/12/2099,75,24/09/2024,K7CL
W7W/RS-006,USA - Washington,WA-Rainier-Salish,Goat Island Mountain,2221,7288,-121.6475,46.8844,-121.6475,46.8844,8,3,01/12/2010,31/12/2099,3,06/09/2022,K7JRO
W7W/RS-007,USA - Washington,WA-Rainier-Salish,Old Desolate,2175,7137,-121.7504,46.925,-121.7504,46.925,8,3,01/12/2010,31/12/2099,3,17/08/2023,K7JRO
W7W/RS-008,USA - Washington,WA-Rainier-Salish,Palisades Peak,2152,7060,-121.6046,46.9477,-121.6046,46.9477,8,3,01/12/2010,31/12/2099,23,06/10/2024,WX7EMT
W7W/RS-009,USA - Washington,WA-Rainier-Salish,East Sluiskin Mountain,2142,7026,-121.7379,46.946,-121.7379,46.946,8,3,01/12/2010,31/12/2099,0,,
W7W/RS-010,USA - Washington,WA-Rainier-Salish,Crystal Mountain,2133,6998,-121.5037,46.9157,-121.5037,46.9157,8,3,01/12/2010,31/12/2099,26,14/05/2024,K7JRO
W7W/RS-011,USA - Washington,WA-Rainier-Salish,Marcus Peak,2122,6962,-121.6082,46.9379,-121.6082,46.9379,8,3,01/12/2010,31/12/2099,8,18/08/2023,KL0NP
W7W/RS-012,USA - Washington,WA-Rainier-Salish,Pyramid Peak,2114,6937,-121.812,46.8069,-121.812,46.8069,8,3,01/12/2010,31/12/2099,4,27/09/2022,K7JRO
W7W/RS-013,USA - Washington,WA-Rainier-Salish,Chinook Peak,2104,6904,-121.5098,46.8972,-121.5098,46.8972,8,3,01/12/2010,31/12/2099,25,26/07/2024,K7JRO
W7W/RS-014,USA - Washington,WA-Rainier-Salish,Norse Peak,2090,6856,-121.4528,46.9569,-121.4528,46.9569,8,3,01/12/2010,31/12/2099,30,30/10/2024,WX7EMT
W7W/RS-015,USA - Washington,WA-Rainier-Salish,Tamanos Mountain,2070,6790,-121.5973,46.8719,-121.5973,46.8719,8,3,01/12/2010,31/12/2099,12,23/06/2022,KE7JWP
W7W/RS-016,USA - Washington,WA-Rainier-Salish,Dewey Peak,2045,6710,-121.485,46.8418,-121.485,46.8418,8,3,01/12/2010,31/12/2099,0,,
W7W/RS-017,USA - Washington,WA-Rainier-Salish,6703 Southeast Castle Mountain,2043,6703,-121.4461,46.9801,-121.4461,46.9801,8,3,01/12/2010,31/12/2099,6,15/09/2023,AC7MA
W7W/RS-018,USA - Washington,WA-Rainier-Salish,Castle Mountain,2042,6700,-121.4616,46.9875,-121.4616,46.9875,8,3,01/12/2010,31/12/2099,3,06/09/2021,KE7JWP
W7W/RS-019,USA - Washington,WA-Rainier-Salish,6620 South Slide Mountain,2018,6620,-121.5822,46.9656,-121.5822,46.9656,8,3,01/12/2010,31/12/2099,22,15/09/2024,KE7EJT
W7W/RS-020,USA - Washington,WA-Rainier-Salish,Governors Ridge,2018,6620,-121.5731,46.8647,-121.5731,46.8647,8,3,01/12/2010,31/12/2099,2,23/06/2023,K7JRO
W7W/RS-021,USA - Washington,WA-Rainier-Salish,East Fay Peak,1993,6540,-121.8433,46.9324,-121.8433,46.9324,6,3,01/12/2010,31/12/2099,12,13/09/2024,KE7JWP
W7W/RS-022,USA - Washington,WA-Rainier-Salish,Naches Peak,1967,6452,-121.5076,46.8678,-121.5076,46.8678,6,3,01/12/2010,31/12/2099,2,21/08/2020,NN7M
W7W/RS-023,USA - Washington,WA-Rainier-Salish,Hyas Pishpish,1953,6406,-121.4429,46.7927,-121.4429,46.7927,6,3,01/12/2010,31/12/2099,0,,
W7W/RS-024,USA - Washington,WA-Rainier-Salish,6373 Discriminator Mtn,1942,6373,-121.4142,46.995,-121.4142,46.995,6,3,01/12/2010,31/12/2099,1,25/08/2018,KG6HQD
W7W/RS-025,USA - Washington,WA-Rainier-Salish,Copper Mountain,1920,6300,-121.8276,46.7976,-121.8276,46.7976,6,3,01/12/2010,31/12/2099,2,27/09/2022,K7JRO
W7W/RS-026,USA - Washington,WA-Rainier-Salish,Deadwood Peak,1920,6300,-121.5189,46.8814,-121.5189,46.8814,6,3,01/12/2010,31/12/2099,9,26/07/2024,K7JRO
W7W/RS-027,USA - Washington,WA-Rainier-Salish,6217 Current Mtn,1895,6217,-121.4539,47.0292,-121.4539,47.0292,6,3,01/12/2010,31/12/2099,12,21/09/2024,WU7H
W7W/RS-028,USA - Washington,WA-Rainier-Salish,Double Peak,1889,6199,-121.5798,46.8286,-121.5798,46.8286,6,3,01/12/2010,31/12/2099,0,,
W7W/RS-029,USA - Washington,WA-Rainier-Salish,Scarface,1862,6108,-121.6701,46.987,-121.6701,46.987,6,3,01/12/2010,31/12/2099,2,04/12/2021,AF7GL
W7W/RS-030,USA - Washington,WA-Rainier-Salish,Bearhead Mountain,1856,6089,-121.8161,47.0236,-121.8161,47.0236,6,3,01/12/2010,31/12/2099,17,19/07/2024,KE7JWP
W7W/RS-031,USA - Washington,WA-Rainier-Salish,Mount Wow,1847,6060,-121.8985,46.7727,-121.8985,46.7727,6,3,01/12/2010,31/12/2099,0,,
W7W/RS-032,USA - Washington,WA-Rainier-Salish,6057 Binary Mtn,1846,6057,-121.4798,46.8207,-121.4798,46.8207,6,3,01/12/2010,31/12/2099,0,,
W7W/RS-033,USA - Washington,WA-Rainier-Salish,Mount Ararat,1832,6010,-121.8521,46.7893,-121.8521,46.7893,6,3,01/12/2010,31/12/2099,10,28/09/2022,K7JRO
W7W/RS-034,USA - Washington,WA-Rainier-Salish,Pitcher Mountain,1811,5941,-121.8565,47.0375,-121.8565,47.0375,6,3,01/12/2010,31/12/2099,0,,
W7W/RS-035,USA - Washington,WA-Rainier-Salish,Tolmie Peak,1811,5940,-121.8773,46.9581,-121.8773,46.9581,6,3,01/12/2010,31/12/2099,30,11/10/2024,WX7EMT
W7W/RS-036,USA - Washington,WA-Rainier-Salish,Shriner Peak,1778,5834,-121.5303,46.8136,-121.5303,46.8136,6,3,01/12/2010,31/12/2099,16,26/09/2024,K7JRO
W7W/RS-037,USA - Washington,WA-Rainier-Salish,Old Baldy Mountain,1767,5796,-121.8899,47.0174,-121.8899,47.0174,6,3,01/12/2010,31/12/2099,1,11/06/2023,K7JRO
W7W/RS-038,USA - Washington,WA-Rainier-Salish,5780 Summit Lake Peak,1762,5780,-121.8362,47.0388,-121.8362,47.0388,6,3,01/12/2010,31/12/2099,36,01/10/2024,K7CL
W7W/RS-039,USA - Washington,WA-Rainier-Salish,Wallace Peak,1762,5780,-121.7978,46.9826,-121.7978,46.9826,6,3,01/12/2010,31/12/2099,1,17/05/2018,KE7JWP
W7W/RS-040,USA - Washington,WA-Rainier-Salish,5740 East Shriner,1750,5740,-121.5025,46.8148,-121.5025,46.8148,6,3,01/12/2010,31/12/2099,0,,
W7W/RS-041,USA - Washington,WA-Rainier-Salish,North Independence Ridge,1750,5740,-121.7722,47.02,-121.7722,47.02,6,3,01/12/2010,31/12/2099,0,,
W7W/RS-042,USA - Washington,WA-Rainier-Salish,Clear West Peak,1736,5697,-121.7224,47.0141,-121.7224,47.0141,6,3,01/12/2010,31/12/2099,1,04/10/2021,N7AKD
W7W/RS-043,USA - Washington,WA-Rainier-Salish,5682 Carbon Ridge,1732,5682,-121.8721,47.0254,-121.8721,47.0254,6,3,01/12/2010,31/12/2099,0,,
W7W/RS-044,USA - Washington,WA-Rainier-Salish,5608 Bandplan Mtn,1709,5608,-121.7352,46.9878,-121.7352,46.9878,6,3,01/12/2010,31/12/2099,0,,
W7W/RS-045,USA - Washington,WA-Rainier-Salish,5590 Mt Aurora,1704,5590,-121.5928,47.0169,-121.5928,47.0169,6,3,01/12/2010,31/12/2099,22,21/09/2024,WU7H
W7W/RS-046,USA - Washington,WA-Rainier-Salish,Glacier View Wilderness HP,1685,5528,-121.9284,46.7771,-121.9284,46.7771,6,3,01/12/2010,31/12/2099,1,07/07/2012,W7/HG1DUL
W7W/RS-047,USA - Washington,WA-Rainier-Salish,5507 Contest Peak,1679,5507,-121.9502,46.8124,-121.9502,46.8124,6,3,01/12/2010,31/12/2099,0,,
W7W/RS-048,USA - Washington,WA-Rainier-Salish,5500 Mt Bandwidth,1676,5500,-121.9427,46.8273,-121.9427,46.8273,6,3,01/12/2010,31/12/2099,0,,
W7W/RS-049,USA - Washington,WA-Rainier-Salish,Elizabeth Ridge,1676,5500,-121.8713,46.9329,-121.8713,46.9329,6,3,01/12/2010,31/12/2099,19,23/12/2024,WW7D
W7W/RS-050,USA - Washington,WA-Rainier-Salish,Gobblers Knob,1672,5485,-121.9142,46.7942,-121.9142,46.7942,6,3,01/12/2010,31/12/2099,9,21/09/2024,KG7EJT
W7W/RS-051,USA - Washington,WA-Rainier-Salish,Puyallup Point,1647,5404,-121.9431,46.8381,-121.9431,46.8381,6,3,01/12/2010,31/12/2099,0,,
W7W/RS-052,USA - Washington,WA-Rainier-Salish,Frog Mountain,1596,5236,-121.7522,47.0537,-121.7522,47.0537,6,3,01/12/2010,31/12/2099,1,05/10/2021,N7AKD
W7W/RS-053,USA - Washington,WA-Rainier-Salish,Poch Peak,1554,5100,-121.9313,46.9514,-121.9313,46.9514,6,3,01/12/2010,31/12/2099,17,09/05/2024,WW7D
W7W/RS-054,USA - Washington,WA-Rainier-Salish,5020 West Poch Peak,1530,5020,-121.9455,46.9491,-121.9455,46.9491,6,3,01/12/2010,31/12/2099,18,09/05/2024,WW7D
W7W/RS-055,USA - Washington,WA-Rainier-Salish,Huckleberry Ridge,1530,5020,-121.648,47.0555,-121.648,47.0555,6,3,01/12/2010,31/12/2099,15,08/11/2024,WX7EMT
W7W/RS-056,USA - Washington,WA-Rainier-Salish,5018 Mt Hertz,1529,5018,-121.7132,47.0871,-121.7132,47.0871,6,3,01/12/2010,31/12/2099,0,,
W7W/RS-057,USA - Washington,WA-Rainier-Salish,Puyallup Lookout,1494,4900,-122.0172,46.8341,-122.0172,46.8341,4,0,01/12/2010,31/12/2099,1,22/11/2020,KF7NYC
W7W/RS-058,USA - Washington,WA-Rainier-Salish,4855 Ground Wave Mtn,1480,4855,-121.7302,47.1037,-121.7302,47.1037,4,0,01/12/2010,31/12/2099,0,,
W7W/RS-059,USA - Washington,WA-Rainier-Salish,Tumtum Peak,1426,4678,-121.8673,46.7494,-121.8673,46.7494,4,0,01/12/2010,31/12/2099,2,04/01/2020,KG7EJT
W7W/RS-060,USA - Washington,WA-Rainier-Salish,The Divide,1225,4020,-122.0676,46.8895,-122.0676,46.8895,4,0,01/12/2010,31/12/2099,1,23/11/2024,WX7EMT
W7W/RS-061,USA - Washington,WA-Rainier-Salish,Wild Benchmark,1204,3951,-122.067,46.8219,-122.067,46.8219,4,0,01/12/2010,31/12/2099,0,,
W7W/RS-062,USA - Washington,WA-Rainier-Salish,3460 F-Layer Pk,1055,3460,-122.0736,46.8559,-122.0736,46.8559,4,0,01/12/2010,31/12/2099,0,,
W7W/RS-063,USA - Washington,WA-Rainier-Salish,3220 End Fed Hill,981,3220,-122.17,46.7935,-122.17,46.7935,2,0,01/12/2010,31/12/2099,2,24/06/2019,K7ATN
W7W/RS-064,USA - Washington,WA-Rainier-Salish,Saint Paul Lookout,908,2980,-122.0797,46.928,-122.0797,46.928,2,0,01/12/2010,31/12/2099,2,01/01/2025,WX7EMT
W7W/RS-065,USA - Washington,WA-Rainier-Salish,Mount Constitution,734,2407,-122.8311,48.6775,-122.8311,48.6775,2,0,01/12/2010,31/12/2099,41,30/11/2024,KK7RTO
W7W/RS-066,USA - Washington,WA-Rainier-Salish,Ohop Benchmark,712,2335,-122.2186,46.9002,-122.2186,46.9002,2,0,01/12/2010,31/12/2099,0,,
W7W/RS-067,USA - Washington,WA-Rainier-Salish,Alder Benchmark,666,2186,-122.2385,46.7933,-122.2385,46.7933,2,0,01/12/2010,31/12/2099,0,,
W7W/RS-068,USA - Washington,WA-Rainier-Salish,2050 Pack Forest HP,625,2050,-122.2813,46.833,-122.2813,46.833,2,0,01/12/2010,31/12/2099,28,11/11/2024,WX7EMT
W7W/RS-069,USA - Washington,WA-Rainier-Salish,Spar Pole Hill,580,1904,-122.1441,47.0478,-122.1441,47.0478,2,0,01/12/2010,31/12/2099,2,05/01/2025,WX7EMT
W7W/RS-070,USA - Washington,WA-Rainier-Salish,Reliance Hill,570,1870,-122.2566,46.7798,-122.2566,46.7798,2,0,01/12/2010,31/12/2099,0,,
W7W/RS-071,USA - Washington,WA-Rainier-Salish,1860 EME Peak,567,1860,-121.9776,47.1203,-121.9776,47.1203,2,0,01/12/2010,31/12/2099,2,03/01/2025,WX7EMT
W7W/RS-072,USA - Washington,WA-Rainier-Salish,Gold Mountain,537,1761,-122.7867,47.5487,-122.7867,47.5487,2,0,01/12/2010,31/12/2099,8,10/11/2024,W7FWH
W7W/RS-073,USA - Washington,WA-Rainier-Salish,Mount Pickett,533,1750,-122.7996,48.6668,-122.7996,48.6668,2,0,01/12/2010,31/12/2099,7,28/11/2023,N6WT
W7W/RS-074,USA - Washington,WA-Rainier-Salish,Green Mountain,521,1710,-122.8084,47.5615,-122.8084,47.5615,2,0,01/12/2010,31/12/2099,36,29/11/2024,WA7OOO
W7W/RS-075,USA - Washington,WA-Rainier-Salish,Turtleback Mountain,463,1519,-122.9711,48.6623,-122.9711,48.6623,1,0,01/12/2010,31/12/2099,8,01/03/2024,K7GVI
W7W/RS-076,USA - Washington,WA-Rainier-Salish,Long Hill,454,1490,-121.9783,47.1547,-121.9783,47.1547,1,0,01/12/2010,31/12/2099,2,03/01/2025,WX7EMT
W7W/RS-077,USA - Washington,WA-Rainier-Salish,1370 Kitsap Lookout,418,1370,-122.7462,47.5438,-122.7462,47.5438,1,0,01/12/2010,31/12/2099,0,,
W7W/RS-078,USA - Washington,WA-Rainier-Salish,Naughty Hill,418,1370,-122.0024,47.1381,-122.0024,47.1381,1,0,01/12/2010,31/12/2099,1,29/10/2024,WX7EMT
W7W/RS-079,USA - Washington,WA-Rainier-Salish,Entrance Mountain,369,1210,-122.8485,48.6355,-122.8485,48.6355,1,0,01/12/2010,31/12/2099,1,19/05/2019,AE7EL
W7W/RS-080,USA - Washington,WA-Rainier-Salish,Mount Woolard,363,1192,-122.912,48.6305,-122.912,48.6305,1,0,01/12/2010,31/12/2099,0,,
W7W/RS-081,USA - Washington,WA-Rainier-Salish,Mount Dallas,332,1090,-123.1309,48.5218,-123.1309,48.5218,1,0,01/12/2010,31/12/2099,6,30/07/2023,N7JTT
W7W/RS-082,USA - Washington,WA-Rainier-Salish,Blakely Peak,318,1042,-122.7962,48.5747,-122.7962,48.5747,1,0,01/12/2010,31/12/2099,0,,
W7W/RS-083,USA - Washington,WA-Rainier-Salish,Diamond Hill,308,1010,-122.885,48.6176,-122.885,48.6176,1,0,01/12/2010,31/12/2099,0,,
W7W/RS-084,USA - Washington,WA-Rainier-Salish,Cady Mountain,272,894,-123.1205,48.5602,-123.1205,48.5602,1,0,01/12/2010,31/12/2099,9,30/03/2024,N7JTT
W7W/RS-085,USA - Washington,WA-Rainier-Salish,Lookout Hill,210,690,-122.9281,48.6897,-122.9281,48.6897,1,0,01/12/2010,31/12/2099,0,,
W7W/RS-086,USA - Washington,WA-Rainier-Salish,Tiptop Hill,198,650,-123.2116,48.6727,-123.2116,48.6727,1,0,01/12/2010,31/12/2099,1,04/07/2018,K7LRK
W7W/RS-087,USA - Washington,WA-Rainier-Salish,Mount Cement,187,612,-123.0303,48.6857,-123.0303,48.6857,1,0,01/12/2010,31/12/2099,1,03/09/2023,W7/EI8HIB
W7W/RS-088,USA - Washington,WA-Rainier-Salish,Camano Island,180,590,-122.5025,48.222,-122.5025,48.222,1,0,01/12/2010,31/12/2099,33,15/12/2024,KK7LHY
W7W/RS-089,USA - Washington,WA-Rainier-Salish,Decatur Island,168,550,-122.8218,48.5116,-122.8218,48.5116,1,0,01/12/2010,31/12/2099,1,30/03/2019,AE7EL
W7W/RS-090,USA - Washington,WA-Rainier-Salish,Lopez Hill,163,535,-122.8846,48.4819,-122.8846,48.4819,1,0,01/12/2010,31/12/2099,3,20/04/2024,WA7JNJ
W7W/RS-091,USA - Washington,WA-Rainier-Salish,Whidbey Island,162,530,-122.5438,48.3021,-122.5438,48.3021,1,0,01/12/2010,31/12/2099,25,26/12/2024,KG7EJT
W7W/SK-001,USA - Washington,WA-Skagit,Buckner Mountain,2777,9112,-120.998,48.4953,-120.998,48.4953,10,3,01/12/2010,31/12/2099,1,01/07/2023,KJ7RTO
W7W/SK-002,USA - Washington,WA-Skagit,Mount Logan,2770,9087,-120.9524,48.5367,-120.9524,48.5367,10,3,01/12/2010,31/12/2099,0,,
W7W/SK-003,USA - Washington,WA-Skagit,Black Peak,2734,8970,-120.8157,48.5235,-120.8157,48.5235,10,3,01/12/2010,31/12/2099,1,03/09/2021,KJ7RTO
W7W/SK-004,USA - Washington,WA-Skagit,Dome Peak,2725,8940,-121.0296,48.3034,-121.0296,48.3034,10,3,01/12/2010,31/12/2099,1,21/07/2023,KJ7RTO
W7W/SK-005,USA - Washington,WA-Skagit,Boston Peak,2711,8894,-121.0361,48.4956,-121.0361,48.4956,10,3,01/12/2010,31/12/2099,1,30/06/2023,KJ7RTO
W7W/SK-006,USA - Washington,WA-Skagit,Eldorado Peak,2703,8868,-121.1344,48.5374,-121.1344,48.5374,10,3,01/12/2010,31/12/2099,2,22/05/2021,KI7QIV
W7W/SK-007,USA - Washington,WA-Skagit,Forbidden Peak,2687,8815,-121.0585,48.5116,-121.0585,48.5116,10,3,01/12/2010,31/12/2099,0,,
W7W/SK-008,USA - Washington,WA-Skagit,Mesahchie Peak,2681,8795,-120.8803,48.5785,-120.8803,48.5785,10,3,01/12/2010,31/12/2099,0,,
W7W/SK-009,USA - Washington,WA-Skagit,Kimtah Peak,2627,8620,-120.9106,48.5851,-120.9106,48.5851,10,3,01/12/2010,31/12/2099,0,,
W7W/SK-010,USA - Washington,WA-Skagit,Primus Peak,2593,8508,-121.0917,48.582,-121.0917,48.582,10,3,01/12/2010,31/12/2099,0,,
W7W/SK-011,USA - Washington,WA-Skagit,Klawatti Peak,2586,8485,-121.1046,48.5544,-121.1046,48.5544,10,3,01/12/2010,31/12/2099,0,,
W7W/SK-012,USA - Washington,WA-Skagit,Dorado Needle,2579,8460,-121.1386,48.5497,-121.1386,48.5497,10,3,01/12/2010,31/12/2099,0,,
W7W/SK-013,USA - Washington,WA-Skagit,Sinister Peak,2579,8460,-121.0096,48.3,-121.0096,48.3,10,3,01/12/2010,31/12/2099,0,,
W7W/SK-014,USA - Washington,WA-Skagit,Tower Mountain,2574,8444,-120.704,48.5885,-120.704,48.5885,10,3,01/12/2010,31/12/2099,0,,
W7W/SK-015,USA - Washington,WA-Skagit,Azurite Peak,2566,8420,-120.7518,48.6567,-120.7518,48.6567,10,3,01/12/2010,31/12/2099,0,,
W7W/SK-016,USA - Washington,WA-Skagit,Snowfield Peak,2544,8347,-121.1387,48.6353,-121.1387,48.6353,10,3,01/12/2010,31/12/2099,0,,
W7W/SK-017,USA - Washington,WA-Skagit,Cosho Peak,2540,8332,-120.9277,48.589,-120.9277,48.589,10,3,01/12/2010,31/12/2099,0,,
W7W/SK-018,USA - Washington,WA-Skagit,Mount Formidable,2537,8325,-121.0669,48.4162,-121.0669,48.4162,10,3,01/12/2010,31/12/2099,1,19/07/2023,KJ7RTO
W7W/SK-019,USA - Washington,WA-Skagit,Spire Point,2519,8264,-121.0718,48.3174,-121.0718,48.3174,10,3,01/12/2010,31/12/2099,0,,
W7W/SK-020,USA - Washington,WA-Skagit,Sentinel Peak,2518,8261,-121.0409,48.3562,-121.0409,48.3562,10,3,01/12/2010,31/12/2099,0,,
W7W/SK-021,USA - Washington,WA-Skagit,Johannesburg Mountain,2505,8220,-121.092,48.4647,-121.092,48.4647,10,3,01/12/2010,31/12/2099,0,,
W7W/SK-022,USA - Washington,WA-Skagit,Mount Arriva,2504,8215,-120.8573,48.549,-120.8573,48.549,10,3,01/12/2010,31/12/2099,0,,
W7W/SK-023,USA - Washington,WA-Skagit,Tricouni Peak,2469,8102,-121.0782,48.582,-121.0782,48.582,8,3,01/12/2010,31/12/2099,0,,
W7W/SK-024,USA - Washington,WA-Skagit,Mount Hardy,2469,8100,-120.7554,48.5819,-120.7554,48.5819,8,3,01/12/2010,31/12/2099,1,31/07/2022,KJ7RTO
W7W/SK-025,USA - Washington,WA-Skagit,Fisher Peak,2457,8060,-120.8239,48.5452,-120.8239,48.5452,8,3,01/12/2010,31/12/2099,0,,
W7W/SK-026,USA - Washington,WA-Skagit,Cutthroat Peak,2454,8050,-120.7035,48.5265,-120.7035,48.5265,8,3,01/12/2010,31/12/2099,0,,
W7W/SK-027,USA - Washington,WA-Skagit,Kitling Peak,2439,8003,-120.8567,48.5821,-120.8567,48.5821,8,3,01/12/2010,31/12/2099,0,,
W7W/SK-028,USA - Washington,WA-Skagit,Graybeard Peak,2428,7965,-120.8253,48.5644,-120.8253,48.5644,8,3,01/12/2010,31/12/2099,0,,
W7W/SK-029,USA - Washington,WA-Skagit,Indecision Peak,2422,7945,-120.859,48.5356,-120.859,48.5356,8,3,01/12/2010,31/12/2099,0,,
W7W/SK-030,USA - Washington,WA-Skagit,Little J-Berg,2422,7945,-120.8537,48.5595,-120.8537,48.5595,8,3,01/12/2010,31/12/2099,0,,
W7W/SK-031,USA - Washington,WA-Skagit,Gabriel Peak,2420,7940,-120.9351,48.6277,-120.9351,48.6277,8,3,01/12/2010,31/12/2099,0,,
W7W/SK-032,USA - Washington,WA-Skagit,Repulse Peak,2415,7923,-120.8183,48.5382,-120.8183,48.5382,8,3,01/12/2010,31/12/2099,0,,
W7W/SK-033,USA - Washington,WA-Skagit,Azurite-Mebee,2314,7592,-120.7726,48.6417,-120.7726,48.6417,8,3,01/12/2010,31/12/2099,0,,
W7W/SK-034,USA - Washington,WA-Skagit,Outpost Peak,2411,7910,-120.9036,48.5232,-120.9036,48.5232,8,3,01/12/2010,31/12/2099,0,,
W7W/SK-035,USA - Washington,WA-Skagit,Hurry-up Peak,2384,7821,-121.0379,48.4338,-121.0379,48.4338,8,3,01/12/2010,31/12/2099,1,19/07/2023,KJ7RTO
W7W/SK-036,USA - Washington,WA-Skagit,Natal Peak,2384,7820,-120.8698,48.5308,-120.8698,48.5308,8,3,01/12/2010,31/12/2099,0,,
W7W/SK-037,USA - Washington,WA-Skagit,Le Conte Mountain,2366,7762,-121.0619,48.3794,-121.0619,48.3794,8,3,01/12/2010,31/12/2099,0,,
W7W/SK-038,USA - Washington,WA-Skagit,Porcupine Peak,2366,7762,-120.7368,48.5501,-120.7368,48.5501,8,3,01/12/2010,31/12/2099,0,,
W7W/SK-039,USA - Washington,WA-Skagit,Perdition Peak,2339,7675,-121.1583,48.5637,-121.1583,48.5637,8,3,01/12/2010,31/12/2099,0,,
W7W/SK-040,USA - Washington,WA-Skagit,Distal Phalanx,2323,7620,-121.1144,48.6361,-121.1144,48.6361,8,3,01/12/2010,31/12/2099,0,,
W7W/SK-041,USA - Washington,WA-Skagit,Magic Mountain,2320,7610,-121.0412,48.446,-121.0412,48.446,8,3,01/12/2010,31/12/2099,1,18/07/2023,KJ7RTO
W7W/SK-042,USA - Washington,WA-Skagit,Methow Pinnacles,2305,7562,-120.7864,48.6209,-120.7864,48.6209,8,3,01/12/2010,31/12/2099,0,,
W7W/SK-043,USA - Washington,WA-Skagit,Red Mountain,2334,7658,-120.9871,48.6004,-120.9871,48.6004,8,3,01/12/2010,31/12/2099,0,,
W7W/SK-044,USA - Washington,WA-Skagit,7552 Squelch Pk,2302,7552,-120.7083,48.5624,-120.7083,48.5624,8,3,01/12/2010,31/12/2099,2,23/09/2024,WW7D
W7W/SK-045,USA - Washington,WA-Skagit,The Triad,2298,7540,-121.1629,48.5196,-121.1629,48.5196,8,3,01/12/2010,31/12/2099,0,,
W7W/SK-046,USA - Washington,WA-Skagit,Mix-up Peak,2274,7460,-121.0601,48.4541,-121.0601,48.4541,8,3,01/12/2010,31/12/2099,0,,
W7W/SK-047,USA - Washington,WA-Skagit,Mount Misch,2266,7435,-121.1998,48.3435,-121.1998,48.3435,8,3,01/12/2010,31/12/2099,0,,
W7W/SK-048,USA - Washington,WA-Skagit,Snowking Mountain,2266,7433,-121.278,48.4083,-121.278,48.4083,8,3,01/12/2010,31/12/2099,2,26/07/2019,KI7JOM
W7W/SK-049,USA - Washington,WA-Skagit,Cascade Peak,2264,7428,-121.0802,48.4635,-121.0802,48.4635,8,3,01/12/2010,31/12/2099,0,,
W7W/SK-050,USA - Washington,WA-Skagit,Hoch Joch Spitz,2249,7380,-121.0738,48.3559,-121.0738,48.3559,8,3,01/12/2010,31/12/2099,0,,
W7W/SK-051,USA - Washington,WA-Skagit,7340 Mt Preamplifier,2237,7340,-121.0599,48.3467,-121.0599,48.3467,8,3,01/12/2010,31/12/2099,0,,
W7W/SK-052,USA - Washington,WA-Skagit,Mount Bruseth,2201,7220,-121.1418,48.359,-121.1418,48.359,8,3,01/12/2010,31/12/2099,0,,
W7W/SK-053,USA - Washington,WA-Skagit,Snowqueen Mtn,2188,7180,-121.2485,48.3892,-121.2485,48.3892,8,3,01/12/2010,31/12/2099,0,,
W7W/SK-054,USA - Washington,WA-Skagit,7157 Vets Peak,2181,7157,-120.8165,48.6433,-120.8165,48.6433,8,3,01/12/2010,31/12/2099,0,,
W7W/SK-055,USA - Washington,WA-Skagit,Mount Chaval,2172,7127,-121.3255,48.3759,-121.3255,48.3759,8,3,01/12/2010,31/12/2099,0,,
W7W/SK-056,USA - Washington,WA-Skagit,Display Mtn,2165,7102,-121.1593,48.6124,-121.1593,48.6124,8,3,01/12/2010,31/12/2099,0,,
W7W/SK-057,USA - Washington,WA-Skagit,North Hidden Lake Peaks,2160,7088,-121.1974,48.5005,-121.1974,48.5005,8,3,01/12/2010,31/12/2099,8,02/08/2023,K7JRO
W7W/SK-058,USA - Washington,WA-Skagit,Big Devil Peak,2150,7055,-121.2935,48.6046,-121.2935,48.6046,8,3,01/12/2010,31/12/2099,0,,
W7W/SK-059,USA - Washington,WA-Skagit,Long Gone Peak,2140,7020,-121.1439,48.3716,-121.1439,48.3716,8,3,01/12/2010,31/12/2099,0,,
W7W/SK-060,USA - Washington,WA-Skagit,7004 Scanner Mtn,2135,7004,-121.0657,48.3916,-121.0657,48.3916,8,3,01/12/2010,31/12/2099,0,,
W7W/SK-061,USA - Washington,WA-Skagit,Crooked Bum,2130,6987,-120.7522,48.5135,-120.7522,48.5135,8,3,01/12/2010,31/12/2099,3,18/09/2022,WW7D
W7W/SK-062,USA - Washington,WA-Skagit,Little Devil Peak,2129,6984,-121.2685,48.5765,-121.2685,48.5765,8,3,01/12/2010,31/12/2099,0,,
W7W/SK-063,USA - Washington,WA-Skagit,Sonny Boy Peaks,2125,6971,-121.1644,48.3902,-121.1644,48.3902,8,3,01/12/2010,31/12/2099,0,,
W7W/SK-064,USA - Washington,WA-Skagit,Kawak Dome,2122,6963,-120.7864,48.5195,-120.7864,48.5195,8,3,01/12/2010,31/12/2099,1,03/09/2021,KJ7RTO
W7W/SK-065,USA - Washington,WA-Skagit,The Trapezoid,2116,6943,-121.2749,48.6175,-121.2749,48.6175,8,3,01/12/2010,31/12/2099,0,,
W7W/SK-066,USA - Washington,WA-Skagit,Newhalem Peaks,2115,6940,-121.1883,48.5961,-121.1883,48.5961,8,3,01/12/2010,31/12/2099,0,,
W7W/SK-067,USA - Washington,WA-Skagit,6882 Cabinet Peak,2098,6882,-120.8654,48.6142,-120.8654,48.6142,8,3,01/12/2010,31/12/2099,0,,
W7W/SK-068,USA - Washington,WA-Skagit,6865 Trumpet Peak,2092,6865,-120.8779,48.604,-120.8779,48.604,8,3,01/12/2010,31/12/2099,0,,
W7W/SK-069,USA - Washington,WA-Skagit,Mount Tommy Thompson,2067,6780,-121.3174,48.446,-121.3174,48.446,8,3,01/12/2010,31/12/2099,0,,
W7W/SK-070,USA - Washington,WA-Skagit,6740 Gigahertz Pk,2054,6740,-121.2364,48.3671,-121.2364,48.3671,8,3,01/12/2010,31/12/2099,0,,
W7W/SK-071,USA - Washington,WA-Skagit,Tara Peak,2049,6723,-121.1663,48.3604,-121.1663,48.3604,8,3,01/12/2010,31/12/2099,0,,
W7W/SK-072,USA - Washington,WA-Skagit,6675 Mt Megahertz,2035,6675,-121.2207,48.3137,-121.2207,48.3137,8,3,01/12/2010,31/12/2099,0,,
W7W/SK-073,USA - Washington,WA-Skagit,Whale Peak,1999,6559,-121.2957,48.4706,-121.2957,48.4706,6,3,01/12/2010,31/12/2099,0,,
W7W/SK-074,USA - Washington,WA-Skagit,Spinster Peak,1980,6495,-121.1196,48.3152,-121.1196,48.3152,6,3,01/12/2010,31/12/2099,0,,
W7W/SK-075,USA - Washington,WA-Skagit,The Bat,1974,6475,-121.2202,48.5662,-121.2202,48.5662,6,3,01/12/2010,31/12/2099,0,,
W7W/SK-076,USA - Washington,WA-Skagit,Hurricane Peak,1955,6414,-121.3173,48.3351,-121.3173,48.3351,6,3,01/12/2010,31/12/2099,0,,
W7W/SK-077,USA - Washington,WA-Skagit,Jordan Benchmark,1950,6397,-121.3592,48.4683,-121.3592,48.4683,6,3,01/12/2010,31/12/2099,0,,
W7W/SK-078,USA - Washington,WA-Skagit,6377 Boulder Peak,1944,6377,-121.339,48.4606,-121.339,48.4606,6,3,01/12/2010,31/12/2099,0,,
W7W/SK-079,USA - Washington,WA-Skagit,Boulder Benchmark,1910,6267,-121.3238,48.3221,-121.3238,48.3221,6,3,01/12/2010,31/12/2099,0,,
W7W/SK-080,USA - Washington,WA-Skagit,Logger Butte,1884,6180,-121.4828,48.6316,-121.4828,48.6316,6,3,01/12/2010,31/12/2099,0,,
W7W/SK-081,USA - Washington,WA-Skagit,Sunny Girl,1884,6180,-121.1546,48.4373,-121.1546,48.4373,6,3,01/12/2010,31/12/2099,0,,
W7W/SK-082,USA - Washington,WA-Skagit,Razorback Mountain,1862,6110,-121.3174,48.4805,-121.3174,48.4805,6,3,01/12/2010,31/12/2099,0,,
W7W/SK-083,USA - Washington,WA-Skagit,Bettys Jugs,1860,6103,-121.4022,48.3856,-121.4022,48.3856,6,3,01/12/2010,31/12/2099,2,19/06/2021,KJ7RTO
W7W/SK-084,USA - Washington,WA-Skagit,6095 Hertz Pk,1858,6095,-121.3003,48.4375,-121.3003,48.4375,6,3,01/12/2010,31/12/2099,0,,
W7W/SK-085,USA - Washington,WA-Skagit,ExSpire,1823,5980,-121.2077,48.5331,-121.2077,48.5331,6,3,01/12/2010,31/12/2099,0,,
W7W/SK-086,USA - Washington,WA-Skagit,Mortons Neuroma,1815,5955,-121.3757,48.3804,-121.3757,48.3804,6,3,01/12/2010,31/12/2099,0,,
W7W/SK-087,USA - Washington,WA-Skagit,Illabot Peaks,1812,5944,-121.46,48.4084,-121.46,48.4084,6,3,01/12/2010,31/12/2099,0,,
W7W/SK-088,USA - Washington,WA-Skagit,North Diobsud Buttes,1798,5900,-121.4767,48.6189,-121.4767,48.6189,6,3,01/12/2010,31/12/2099,0,,
W7W/SK-089,USA - Washington,WA-Skagit,Ottobot Peak,1797,5897,-121.3301,48.4183,-121.3301,48.4183,6,3,01/12/2010,31/12/2099,0,,
W7W/SK-090,USA - Washington,WA-Skagit,5792 Sweet Chariot,1765,5792,-121.3698,48.4422,-121.3698,48.4422,6,3,01/12/2010,31/12/2099,0,,
W7W/SK-091,USA - Washington,WA-Skagit,5791 Found Peak,1765,5791,-121.2412,48.4334,-121.2412,48.4334,6,3,01/12/2010,31/12/2099,0,,
W7W/SK-092,USA - Washington,WA-Skagit,5700 Per Spire,1737,5700,-121.1952,48.5307,-121.1952,48.5307,6,3,01/12/2010,31/12/2099,0,,
W7W/SK-093,USA - Washington,WA-Skagit,Lookout Mountain,1737,5699,-121.3293,48.5521,-121.3293,48.5521,6,3,01/12/2010,31/12/2099,2,15/07/2021,KJ7RTO
W7W/SK-094,USA - Washington,WA-Skagit,Welker Peak,1703,5587,-121.6338,48.6381,-121.6338,48.6381,6,3,01/12/2010,31/12/2099,0,,
W7W/SK-095,USA - Washington,WA-Skagit,North Helen Buttes,1701,5580,-121.4954,48.5706,-121.4954,48.5706,6,3,01/12/2010,31/12/2099,0,,
W7W/SK-096,USA - Washington,WA-Skagit,Sauk Mountain,1689,5541,-121.6009,48.5229,-121.6009,48.5229,6,3,01/12/2010,31/12/2099,44,15/08/2024,WA7JNJ
W7W/SK-097,USA - Washington,WA-Skagit,Bald Mountain,1648,5408,-121.5854,48.5304,-121.5854,48.5304,6,3,01/12/2010,31/12/2099,1,03/09/2017,WU7H
W7W/SK-098,USA - Washington,WA-Skagit,Round Mountain,1628,5340,-121.7506,48.3264,-121.7506,48.3264,6,3,01/12/2010,31/12/2099,4,01/05/2021,KJ7RTO
W7W/SK-099,USA - Washington,WA-Skagit,5323 Swing Low,1622,5323,-121.4071,48.4529,-121.4071,48.4529,6,3,01/12/2010,31/12/2099,1,30/07/2022,K7GYB
W7W/SK-100,USA - Washington,WA-Skagit,Dock Butte,1597,5239,-121.8064,48.6393,-121.8064,48.6393,6,3,01/12/2010,31/12/2099,17,30/07/2023,WW7D
W7W/SK-101,USA - Washington,WA-Skagit,Jackman Peak,1586,5205,-121.5995,48.5909,-121.5995,48.5909,6,3,01/12/2010,31/12/2099,1,25/09/2022,KJ7RTO
W7W/SK-102,USA - Washington,WA-Skagit,Mount Higgins,1578,5176,-121.7622,48.315,-121.7622,48.315,6,3,01/12/2010,31/12/2099,1,18/02/2023,KJ7RTO
W7W/SK-103,USA - Washington,WA-Skagit,5140 Multipath Mtn,1567,5140,-121.5439,48.6113,-121.5439,48.6113,6,3,01/12/2010,31/12/2099,0,,
W7W/SK-104,USA - Washington,WA-Skagit,Big Gee,1554,5100,-121.8136,48.4498,-121.8136,48.4498,6,3,01/12/2010,31/12/2099,0,,
W7W/SK-105,USA - Washington,WA-Skagit,Finney Peak,1549,5083,-121.7457,48.3807,-121.7457,48.3807,6,3,01/12/2010,31/12/2099,0,,
W7W/SK-106,USA - Washington,WA-Skagit,Suiattle Mountain,1542,5060,-121.5041,48.4047,-121.5041,48.4047,6,3,01/12/2010,31/12/2099,4,12/06/2021,KI7JOM
W7W/SK-107,USA - Washington,WA-Skagit,Orbit Peak,1540,5053,-121.7668,48.3321,-121.7668,48.3321,6,3,01/12/2010,31/12/2099,1,01/05/2021,KJ7RTO
W7W/SK-108,USA - Washington,WA-Skagit,5046 Knife Edge Ridge,1538,5046,-121.5612,48.6293,-121.5612,48.6293,6,3,01/12/2010,31/12/2099,0,,
W7W/SK-109,USA - Washington,WA-Skagit,5038 Near Vertical Incidence Pk,1536,5038,-121.5615,48.5475,-121.5615,48.5475,6,3,01/12/2010,31/12/2099,0,,
W7W/SK-110,USA - Washington,WA-Skagit,Gee Peak,1530,5020,-121.8245,48.434,-121.8245,48.434,6,3,01/12/2010,31/12/2099,1,18/07/2020,KI7JOM
W7W/SK-111,USA - Washington,WA-Skagit,Golly Peak,1518,4980,-121.8179,48.4425,-121.8179,48.4425,6,3,01/12/2010,31/12/2099,0,,
W7W/SK-112,USA - Washington,WA-Skagit,The Occiput,1494,4900,-121.487,48.4319,-121.487,48.4319,4,0,01/12/2010,31/12/2099,1,27/07/2019,KV7DX
W7W/SK-113,USA - Washington,WA-Skagit,4830 Second Hop Summit,1472,4830,-121.6283,48.5757,-121.6283,48.5757,4,0,01/12/2010,31/12/2099,4,16/08/2022,KA7GPP
W7W/SK-114,USA - Washington,WA-Skagit,Washington Monument,1471,4826,-121.8315,48.6285,-121.8315,48.6285,4,0,01/12/2010,31/12/2099,0,,
W7W/SK-115,USA - Washington,WA-Skagit,4795 Moonbounce Mtn,1462,4795,-121.6344,48.5918,-121.6344,48.5918,4,0,01/12/2010,31/12/2099,2,05/09/2020,KV7DX
W7W/SK-116,USA - Washington,WA-Skagit,Iron Mountain,1461,4793,-121.942,48.4786,-121.942,48.4786,4,0,01/12/2010,31/12/2099,3,30/10/2021,KJ7LLS
W7W/SK-117,USA - Washington,WA-Skagit,Goat Mountain,1456,4778,-121.8415,48.5998,-121.8415,48.5998,4,0,01/12/2010,31/12/2099,3,13/05/2023,K7JRO
W7W/SK-118,USA - Washington,WA-Skagit,Cement Mountain,1454,4769,-121.6602,48.5624,-121.6602,48.5624,4,0,01/12/2010,31/12/2099,1,05/09/2020,KV7DX
W7W/SK-119,USA - Washington,WA-Skagit,Lumber Mill Mountain,1448,4750,-121.8999,48.4696,-121.8999,48.4696,4,0,01/12/2010,31/12/2099,0,,
W7W/SK-120,USA - Washington,WA-Skagit,4708 Transponder Mtn,1435,4708,-121.841,48.6425,-121.841,48.6425,4,0,01/12/2010,31/12/2099,0,,
W7W/SK-121,USA - Washington,WA-Skagit,Aw Peak,1433,4701,-121.8393,48.4404,-121.8393,48.4404,4,0,01/12/2010,31/12/2099,0,,
W7W/SK-122,USA - Washington,WA-Skagit,4700 Field Effect Summit,1433,4700,-121.4884,48.3919,-121.4884,48.3919,4,0,01/12/2010,31/12/2099,3,12/06/2021,KJ7RTO
W7W/SK-123,USA - Washington,WA-Skagit,Branches Mountain,1433,4700,-121.7318,48.3695,-121.7318,48.3695,4,0,01/12/2010,31/12/2099,0,,
W7W/SK-124,USA - Washington,WA-Skagit,Lumberjack Mountain,1401,4596,-121.8885,48.4363,-121.8885,48.4363,4,0,01/12/2010,31/12/2099,0,,
W7W/SK-125,USA - Washington,WA-Skagit,Anxious Groom Mountain,1384,4540,-121.7211,48.4036,-121.7211,48.4036,4,0,01/12/2010,31/12/2099,0,,
W7W/SK-126,USA - Washington,WA-Skagit,Willickers Point,1372,4500,-121.785,48.4295,-121.785,48.4295,4,0,01/12/2010,31/12/2099,1,17/07/2021,KV7DX
W7W/SK-127,USA - Washington,WA-Skagit,Little Deer Peak,1364,4475,-121.9062,48.3952,-121.9062,48.3952,4,0,01/12/2010,31/12/2099,0,,
W7W/SK-128,USA - Washington,WA-Skagit,4460 Reforest Mountain,1359,4460,-121.8547,48.4236,-121.8547,48.4236,4,0,01/12/2010,31/12/2099,0,,
W7W/SK-129,USA - Washington,WA-Skagit,4380 Lucky Logger,1335,4380,-121.6818,48.3612,-121.6818,48.3612,4,0,01/12/2010,31/12/2099,0,,
W7W/SK-130,USA - Washington,WA-Skagit,Big Deer Peak,1324,4345,-121.916,48.3798,-121.916,48.3798,4,0,01/12/2010,31/12/2099,0,,
W7W/SK-131,USA - Washington,WA-Skagit,4340 Red Rock Mountain,1323,4340,-121.805,48.5982,-121.805,48.5982,4,0,01/12/2010,31/12/2099,3,22/09/2021,KJ7RTO
W7W/SK-132,USA - Washington,WA-Skagit,South Coal Mountain,1317,4321,-121.9423,48.4219,-121.9423,48.4219,4,0,01/12/2010,31/12/2099,1,10/02/2024,K7GYB
W7W/SK-133,USA - Washington,WA-Skagit,4300 Throughtput Mtn,1311,4300,-121.7007,48.3779,-121.7007,48.3779,4,0,01/12/2010,31/12/2099,0,,
W7W/SK-134,USA - Washington,WA-Skagit,Lyman Hill,1311,4300,-122.1589,48.5947,-122.1589,48.5947,4,0,01/12/2010,31/12/2099,4,24/06/2023,K7GYB
W7W/SK-135,USA - Washington,WA-Skagit,4260 Continuity Pk,1298,4260,-121.8713,48.4608,-121.8713,48.4608,4,0,01/12/2010,31/12/2099,0,,
W7W/SK-136,USA - Washington,WA-Skagit,Miner Mountain,1294,4246,-121.9991,48.6303,-121.9991,48.6303,4,0,01/12/2010,31/12/2099,0,,
W7W/SK-137,USA - Washington,WA-Skagit,McGillicuddys Peak,1286,4220,-121.8437,48.3432,-121.8437,48.3432,4,0,01/12/2010,31/12/2099,1,05/11/2022,K7GYB
W7W/SK-138,USA - Washington,WA-Skagit,Silo Mountain,1265,4150,-122.0775,48.4345,-122.0775,48.4345,4,0,01/12/2010,31/12/2099,2,01/01/2024,K7GYB
W7W/SK-139,USA - Washington,WA-Skagit,4100 Big Cultus Mountain,1250,4100,-122.1156,48.4209,-122.1156,48.4209,4,0,01/12/2010,31/12/2099,4,01/09/2022,KI7JOM
W7W/SK-140,USA - Washington,WA-Skagit,Teepee Peak,1241,4072,-122.0703,48.4005,-122.0703,48.4005,4,0,01/12/2010,31/12/2099,1,07/10/2023,K7GYB
W7W/SK-141,USA - Washington,WA-Skagit,Mount Josephine,1206,3957,-121.9617,48.5885,-121.9617,48.5885,4,0,01/12/2010,31/12/2099,9,13/05/2023,WW7D
W7W/SK-142,USA - Washington,WA-Skagit,North Mountain,1177,3860,-121.6036,48.3125,-121.6036,48.3125,4,0,01/12/2010,31/12/2099,37,29/10/2024,K7CL
W7W/SK-143,USA - Washington,WA-Skagit,Tsiatko Peak,1164,3820,-121.2979,48.5178,-121.2979,48.5178,4,0,01/12/2010,31/12/2099,1,12/08/2020,KV7DX
W7W/SK-144,USA - Washington,WA-Skagit,Rinker Ridge,1152,3780,-121.6637,48.4426,-121.6637,48.4426,4,0,01/12/2010,31/12/2099,1,30/06/2021,KJ7RTO
W7W/SK-145,USA - Washington,WA-Skagit,3775 Lowband Mtn,1151,3775,-121.8402,48.319,-121.8402,48.319,4,0,01/12/2010,31/12/2099,4,05/02/2023,K7GYB
W7W/SK-146,USA - Washington,WA-Skagit,3740 Propagation Pk,1140,3740,-122.0409,48.414,-122.0409,48.414,4,0,01/12/2010,31/12/2099,3,27/10/2024,K7GYB
W7W/SK-147,USA - Washington,WA-Skagit,3652 Relay Mtn,1113,3652,-121.9035,48.3319,-121.9035,48.3319,4,0,01/12/2010,31/12/2099,1,27/09/2021,K7GYB
W7W/SK-148,USA - Washington,WA-Skagit,3397 Night Mountain,1035,3397,-121.9685,48.3835,-121.9685,48.3835,4,0,01/12/2010,31/12/2099,1,30/05/2021,K7GYB
W7W/SK-149,USA - Washington,WA-Skagit,Anderson Mountain,1025,3364,-122.2569,48.6404,-122.2569,48.6404,4,0,01/12/2010,31/12/2099,21,30/11/2024,KG7EJT
W7W/SK-150,USA - Washington,WA-Skagit,3260 Mount Josephine-West Peak,994,3260,-122.0004,48.5867,-122.0004,48.5867,2,0,01/12/2010,31/12/2099,9,13/05/2023,WW7D
W7W/SK-151,USA - Washington,WA-Skagit,Frailey Mountain,830,2722,-122.0324,48.3117,-122.0324,48.3117,2,0,01/12/2010,31/12/2099,9,06/05/2021,KJ7RTO
W7W/SK-152,USA - Washington,WA-Skagit,Bumper Hill,823,2700,-121.6614,48.302,-121.6614,48.302,2,0,01/12/2010,31/12/2099,10,17/04/2024,KA7GPP
W7W/SK-153,USA - Washington,WA-Skagit,Mount Washington,822,2698,-122.1062,48.3039,-122.1062,48.3039,2,0,01/12/2010,31/12/2099,7,12/09/2021,KJ7AAF
W7W/SK-154,USA - Washington,WA-Skagit,Bald Mountain,758,2486,-122.0449,48.3659,-122.0449,48.3659,2,0,01/12/2010,31/12/2099,4,30/05/2023,KJ7LLS
W7W/SK-155,USA - Washington,WA-Skagit,Chuckanut Mountain,704,2310,-122.4073,48.6267,-122.4073,48.6267,2,0,01/12/2010,31/12/2099,37,15/09/2024,N7JTT
W7W/SK-156,USA - Washington,WA-Skagit,Wall Mountain,686,2250,-121.5416,48.4132,-121.5416,48.4132,2,0,01/12/2010,31/12/2099,6,19/05/2023,KA7GPP
W7W/SK-157,USA - Washington,WA-Skagit,2132 Railroad Grade Mountain,650,2132,-121.9945,48.3397,-121.9945,48.3397,2,0,01/12/2010,31/12/2099,15,26/10/2024,K7CL
W7W/SK-158,USA - Washington,WA-Skagit,Ittome Hill,640,2100,-121.5496,48.4558,-121.5496,48.4558,2,0,01/12/2010,31/12/2099,10,24/04/2021,KJ7RTO
W7W/SK-159,USA - Washington,WA-Skagit,The Cork,610,2002,-121.4718,48.5311,-121.4718,48.5311,2,0,01/12/2010,31/12/2099,0,,
W7W/SK-160,USA - Washington,WA-Skagit,Mount Cavanaugh,606,1987,-122.0614,48.3326,-122.0614,48.3326,2,0,01/12/2010,31/12/2099,30,30/04/2024,AI7OV
W7W/SK-161,USA - Washington,WA-Skagit,1780 Passband Hill,543,1780,-121.7301,48.6353,-121.7301,48.6353,2,0,01/12/2010,31/12/2099,4,09/05/2021,KJ7RTO
W7W/SK-162,USA - Washington,WA-Skagit,Fizzle Hill,543,1780,-121.5643,48.4354,-121.5643,48.4354,2,0,01/12/2010,31/12/2099,5,24/04/2021,KJ7RTO
W7W/SK-163,USA - Washington,WA-Skagit,Devils Mountain,526,1727,-122.2682,48.3649,-122.2682,48.3649,2,0,01/12/2010,31/12/2099,69,01/01/2025,K7CL
W7W/SK-164,USA - Washington,WA-Skagit,Cypress Island,465,1525,-122.7014,48.5647,-122.7014,48.5647,1,0,01/12/2010,31/12/2099,1,16/06/2017,WA7BAR
W7W/SK-165,USA - Washington,WA-Skagit,1485 Cypress Island North Peak,453,1485,-122.7207,48.5804,-122.7207,48.5804,1,0,01/12/2010,31/12/2099,2,22/05/2024,KI7LDQ
W7W/SK-166,USA - Washington,WA-Skagit,McMurray Benchmark,427,1400,-122.2361,48.3029,-122.2361,48.3029,1,0,01/12/2010,31/12/2099,32,30/12/2024,WA7OOO
W7W/SK-167,USA - Washington,WA-Skagit,Flume Hill,408,1340,-121.5892,48.4322,-121.5892,48.4322,1,0,01/12/2010,31/12/2099,4,16/04/2021,KA7GPP
W7W/SK-168,USA - Washington,WA-Skagit,Little Baldy,401,1315,-122.3389,48.6343,-122.3389,48.6343,1,0,01/12/2010,31/12/2099,31,21/12/2024,K7CL
W7W/SK-169,USA - Washington,WA-Skagit,Mount Erie,388,1273,-122.6255,48.4538,-122.6255,48.4538,1,0,01/12/2010,31/12/2099,115,05/01/2025,KG7EJT
W7W/SK-170,USA - Washington,WA-Skagit,High School Hill,360,1180,-121.7903,48.5197,-121.7903,48.5197,1,0,01/12/2010,31/12/2099,1,25/07/2020,KV7DX
W7W/SK-171,USA - Washington,WA-Skagit,1150 Attenuator Hill,351,1150,-122.3877,48.6015,-122.3877,48.6015,1,0,01/12/2010,31/12/2099,2,27/05/2018,K7BA
W7W/SK-172,USA - Washington,WA-Skagit,Skagit Gadget,347,1140,-122.2249,48.4784,-122.2249,48.4784,1,0,01/12/2010,31/12/2099,30,17/12/2024,K7CL
W7W/SK-173,USA - Washington,WA-Skagit,Little Mountain,285,934,-122.3079,48.3966,-122.3079,48.3966,1,0,01/12/2010,31/12/2099,101,05/01/2025,KG7EJT
W7W/SK-174,USA - Washington,WA-Skagit,892 Spot Hill,272,892,-122.2836,48.5414,-122.2836,48.5414,1,0,01/12/2010,30/11/2016,0,,
W7W/SK-175,USA - Washington,WA-Skagit,Eagle Nest Benchmark,229,752,-122.7216,48.6014,-122.7216,48.6014,1,0,01/12/2010,31/12/2099,1,22/08/2015,AC7MA
W7W/SK-176,USA - Washington,WA-Skagit,Mount High-G,223,730,-122.6505,48.4274,-122.6505,48.4274,1,0,01/12/2010,31/12/2099,3,27/05/2024,KJ7LLS
W7W/SK-177,USA - Washington,WA-Skagit,Guemes Island,210,688,-122.5902,48.5486,-122.5902,48.5486,1,0,01/12/2010,31/12/2099,17,06/07/2024,KO6DAZ
W7W/SK-178,USA - Washington,WA-Skagit,Burrows Island,197,646,-122.7008,48.4802,-122.7008,48.4802,1,0,01/12/2010,31/12/2099,6,17/09/2023,WU7H
W7W/SK-179,USA - Washington,WA-Skagit,Horsemans Pack,2485,8152,-121.1538,48.6366,-121.1538,48.6366,8,3,01/12/2016,31/12/2099,0,,
W7W/SK-180,USA - Washington,WA-Skagit,Sonny Babe,1827,5994,-121.1578,48.4112,-121.1578,48.4112,6,3,01/12/2016,31/12/2099,0,,
W7W/SK-181,USA - Washington,WA-Skagit,1125Concrete Hill East,343,1125,-121.7375,48.5072,-121.7375,48.5072,1,0,01/12/2016,31/12/2099,0,,
W7W/SK-182,USA - Washington,WA-Skagit,Butler Hill,270,886,-122.2938,48.5467,-122.2938,48.5467,1,0,01/12/2016,31/12/2099,1,19/07/2017,KE7UIU
W7W/SN-001,USA - Washington,WA-Snohomish,Glacier Peak,3213,10540,-121.1132,48.1119,-121.1132,48.1119,10,3,01/12/2010,31/12/2099,3,04/08/2024,KK7LHY/P
W7W/SN-002,USA - Washington,WA-Snohomish,Fortress Mountain,2676,8780,-120.9333,48.1596,-120.9333,48.1596,10,3,01/12/2010,31/12/2099,0,,
W7W/SN-003,USA - Washington,WA-Snohomish,Chiwawa Mountain,2578,8459,-120.9075,48.1634,-120.9075,48.1634,10,3,01/12/2010,31/12/2099,0,,
W7W/SN-004,USA - Washington,WA-Snohomish,Kololo Peaks,2505,8220,-121.0971,48.0643,-121.0971,48.0643,10,3,01/12/2010,31/12/2099,0,,
W7W/SN-005,USA - Washington,WA-Snohomish,Napeequa Peak,2461,8073,-120.9721,48.1042,-120.9721,48.1042,8,3,01/12/2010,31/12/2099,0,,
W7W/SN-006,USA - Washington,WA-Snohomish,West Tenpeak,2432,7980,-121.0474,48.0705,-121.0474,48.0705,8,3,01/12/2010,31/12/2099,0,,
W7W/SN-007,USA - Washington,WA-Snohomish,Plummer Mountain,2399,7870,-120.972,48.2071,-120.972,48.2071,8,3,01/12/2010,31/12/2099,0,,
W7W/SN-008,USA - Washington,WA-Snohomish,Sloan Peak,2388,7835,-121.3401,48.0415,-121.3401,48.0415,8,3,01/12/2010,31/12/2099,1,19/07/2020,KJ4NBS
W7W/SN-009,USA - Washington,WA-Snohomish,Hoof Peak,2384,7820,-121.0014,48.0916,-121.0014,48.0916,8,3,01/12/2010,31/12/2099,0,,
W7W/SN-010,USA - Washington,WA-Snohomish,Bannock Mountain,2371,7780,-120.9921,48.2557,-120.9921,48.2557,8,3,01/12/2010,31/12/2099,0,,
W7W/SN-011,USA - Washington,WA-Snohomish,Sitting Bull Mountain,2365,7759,-120.9594,48.2276,-120.9594,48.2276,8,3,01/12/2010,31/12/2099,0,,
W7W/SN-012,USA - Washington,WA-Snohomish,Kopeetah Divide,2354,7723,-121.0741,48.0807,-121.0741,48.0807,8,3,01/12/2010,31/12/2099,0,,
W7W/SN-013,USA - Washington,WA-Snohomish,Mount Cleator,2324,7625,-120.9462,48.1152,-120.9462,48.1152,8,3,01/12/2010,31/12/2099,0,,
W7W/SN-014,USA - Washington,WA-Snohomish,Helmet Butte,2262,7420,-120.9554,48.1494,-120.9554,48.1494,8,3,01/12/2010,31/12/2099,0,,
W7W/SN-015,USA - Washington,WA-Snohomish,Stonehenge Ridge HP,2249,7380,-121.0301,48.2454,-121.0301,48.2454,8,3,01/12/2010,31/12/2099,0,,
W7W/SN-016,USA - Washington,WA-Snohomish,Kyes Peak,2225,7300,-121.3336,47.9648,-121.3336,47.9648,8,3,01/12/2010,31/12/2099,1,23/07/2024,KJ7RTO
W7W/SN-017,USA - Washington,WA-Snohomish,Black Mountain,2213,7262,-121.2065,48.0818,-121.2065,48.0818,8,3,01/12/2010,31/12/2099,0,,
W7W/SN-018,USA - Washington,WA-Snohomish,Mount Pugh,2195,7201,-121.3743,48.1431,-121.3743,48.1431,8,3,01/12/2010,31/12/2099,2,02/10/2021,KJ7RTO
W7W/SN-019,USA - Washington,WA-Snohomish,Cadet Peak,2190,7186,-121.3494,47.9852,-121.3494,47.9852,8,3,01/12/2010,31/12/2099,1,17/09/2023,KJ7RTO
W7W/SN-020,USA - Washington,WA-Snohomish,Columbia Peak,2186,7172,-121.3612,47.9618,-121.3612,47.9618,8,3,01/12/2010,31/12/2099,1,02/09/2023,KJ7RTO
W7W/SN-021,USA - Washington,WA-Snohomish,7140 Full Wave Pk,2176,7140,-121.1162,48.2434,-121.1162,48.2434,8,3,01/12/2010,31/12/2099,0,,
W7W/SN-022,USA - Washington,WA-Snohomish,Monte Cristo Peak,2175,7136,-121.3418,47.9715,-121.3418,47.9715,8,3,01/12/2010,31/12/2099,0,,
W7W/SN-023,USA - Washington,WA-Snohomish,Bachelor Peak,2160,7088,-121.1351,48.2937,-121.1351,48.2937,8,3,01/12/2010,31/12/2099,0,,
W7W/SN-024,USA - Washington,WA-Snohomish,Great Wall Peak,2159,7083,-121.0541,48.2477,-121.0541,48.2477,8,3,01/12/2010,31/12/2099,0,,
W7W/SN-025,USA - Washington,WA-Snohomish,White Mountain,2147,7043,-121.1529,48.041,-121.1529,48.041,8,3,01/12/2010,31/12/2099,1,22/07/2023,N7JTT
W7W/SN-026,USA - Washington,WA-Snohomish,White Chuck Mountain,2130,6989,-121.4167,48.2085,-121.4167,48.2085,8,3,01/12/2010,31/12/2099,2,06/08/2024,K7JRO
W7W/SN-027,USA - Washington,WA-Snohomish,Painted Mountain,2126,6975,-121.2534,48.0745,-121.2534,48.0745,8,3,01/12/2010,31/12/2099,1,16/10/2018,KE7JWP
W7W/SN-028,USA - Washington,WA-Snohomish,South Three Fingers,2088,6850,-121.6877,48.1698,-121.6877,48.1698,8,3,01/12/2010,31/12/2099,2,08/08/2023,KJ7RTO
W7W/SN-029,USA - Washington,WA-Snohomish,Whitehorse Mountain,2088,6850,-121.6775,48.211,-121.6775,48.211,8,3,01/12/2010,31/12/2099,0,,
W7W/SN-030,USA - Washington,WA-Snohomish,Foggy Peak,2076,6810,-121.3659,47.9979,-121.3659,47.9979,8,3,01/12/2010,31/12/2099,0,,
W7W/SN-031,USA - Washington,WA-Snohomish,Gemini South Peak,2072,6799,-121.3894,48.0047,-121.3894,48.0047,8,3,01/12/2010,31/12/2099,0,,
W7W/SN-032,USA - Washington,WA-Snohomish,Lime Mountain,2064,6772,-121.2213,48.2139,-121.2213,48.2139,8,3,01/12/2010,31/12/2099,0,,
W7W/SN-033,USA - Washington,WA-Snohomish,Johnson Mountain,2049,6721,-121.1724,47.995,-121.1724,47.995,8,3,01/12/2010,31/12/2099,1,24/07/2023,N7JTT
W7W/SN-034,USA - Washington,WA-Snohomish,6702 Contest Pk,2043,6702,-121.1829,48.1725,-121.1829,48.1725,8,3,01/12/2010,31/12/2099,0,,
W7W/SN-035,USA - Washington,WA-Snohomish,6697 Skykomish Peak,2041,6697,-121.2456,48.0639,-121.2456,48.0639,8,3,01/12/2010,31/12/2099,0,,
W7W/SN-036,USA - Washington,WA-Snohomish,6660 Gloria Point,2030,6660,-121.1679,48.283,-121.1679,48.283,8,3,01/12/2010,31/12/2099,0,,
W7W/SN-037,USA - Washington,WA-Snohomish,Del Campo Peak,2015,6610,-121.4704,47.9909,-121.4704,47.9909,8,3,01/12/2010,31/12/2099,1,28/07/2021,KJ7RTO
W7W/SN-038,USA - Washington,WA-Snohomish,Grassy Point,2010,6596,-121.1108,48.1889,-121.1108,48.1889,8,3,01/12/2010,31/12/2099,0,,
W7W/SN-039,USA - Washington,WA-Snohomish,6562 Mt Vox,2000,6562,-121.1655,47.9862,-121.1655,47.9862,8,3,01/12/2010,31/12/2099,0,,
W7W/SN-040,USA - Washington,WA-Snohomish,Bedal Peak,1998,6554,-121.3537,48.0687,-121.3537,48.0687,6,3,01/12/2010,31/12/2099,5,10/05/2024,KJ7RTO
W7W/SN-041,USA - Washington,WA-Snohomish,Green Mountain,1981,6500,-121.2386,48.2916,-121.2386,48.2916,6,3,01/12/2010,31/12/2099,15,11/10/2024,KG7EJT
W7W/SN-042,USA - Washington,WA-Snohomish,Breccia Peak,1977,6487,-121.3025,48.124,-121.3025,48.124,6,3,01/12/2010,31/12/2099,2,11/08/2023,KG7EJT
W7W/SN-043,USA - Washington,WA-Snohomish,Skykomish Peak,1941,6368,-121.1641,47.9569,-121.1641,47.9569,6,3,01/12/2010,31/12/2099,0,,
W7W/SN-044,USA - Washington,WA-Snohomish,Flower Dome,1930,6332,-120.977,48.146,-120.977,48.146,6,3,01/12/2010,31/12/2099,0,,
W7W/SN-045,USA - Washington,WA-Snohomish,Meadow Mountain,1928,6324,-121.2593,48.1896,-121.2593,48.1896,6,3,01/12/2010,31/12/2099,0,,
W7W/SN-046,USA - Washington,WA-Snohomish,Gunn Peak,1902,6240,-121.448,47.8161,-121.448,47.8161,6,3,01/12/2010,31/12/2099,5,21/09/2024,KO6DAZ
W7W/SN-047,USA - Washington,WA-Snohomish,6215 Heineken,1894,6215,-121.3283,48.0112,-121.3283,48.0112,6,3,01/12/2010,31/12/2099,0,,
W7W/SN-048,USA - Washington,WA-Snohomish,Vesper Peak,1894,6214,-121.5178,48.0129,-121.5178,48.0129,6,3,01/12/2010,31/12/2099,7,15/07/2023,KG7EJT
W7W/SN-049,USA - Washington,WA-Snohomish,Gothic Peak,1894,6213,-121.4768,47.9837,-121.4768,47.9837,6,3,01/12/2010,31/12/2099,1,28/07/2021,KJ7RTO
W7W/SN-050,USA - Washington,WA-Snohomish,Spire Mountain,1894,6213,-121.406,47.8656,-121.406,47.8656,6,3,01/12/2010,31/12/2099,0,,
W7W/SN-051,USA - Washington,WA-Snohomish,Big Four Mountain,1884,6180,-121.5241,48.043,-121.5241,48.043,6,3,01/12/2010,31/12/2099,0,,
W7W/SN-052,USA - Washington,WA-Snohomish,Sheep Mountain,1879,6166,-121.418,48.0249,-121.418,48.0249,6,3,01/12/2010,31/12/2099,0,,
W7W/SN-053,USA - Washington,WA-Snohomish,Silvertip Peak,1871,6140,-121.42,47.9754,-121.42,47.9754,6,3,01/12/2010,31/12/2099,0,,
W7W/SN-054,USA - Washington,WA-Snohomish,Sperry Peak,1871,6140,-121.5026,48.0158,-121.5026,48.0158,6,3,01/12/2010,31/12/2099,0,,
W7W/SN-055,USA - Washington,WA-Snohomish,Kodak Peak,1866,6121,-121.1298,47.9874,-121.1298,47.9874,6,3,01/12/2010,31/12/2099,1,23/07/2023,N7JTT
W7W/SN-056,USA - Washington,WA-Snohomish,Merchant Peak,1863,6113,-121.4316,47.8012,-121.4316,47.8012,6,3,01/12/2010,31/12/2099,2,14/08/2024,KJ7RTO
W7W/SN-057,USA - Washington,WA-Snohomish,Morning Star Peak,1835,6020,-121.4909,48.004,-121.4909,48.004,6,3,01/12/2010,31/12/2099,1,07/06/2022,KI7QIV
W7W/SN-058,USA - Washington,WA-Snohomish,Jove Peak,1831,6007,-121.0741,47.8224,-121.0741,47.8224,6,3,01/12/2010,31/12/2099,5,19/08/2020,WW7D
W7W/SN-059,USA - Washington,WA-Snohomish,Mount Forgotten,1830,6005,-121.4451,48.0988,-121.4451,48.0988,6,3,01/12/2010,31/12/2099,1,25/07/2021,KJ7RTO
W7W/SN-060,USA - Washington,WA-Snohomish,Vista Ridge,1824,5984,-121.0903,48.1706,-121.0903,48.1706,6,3,01/12/2010,31/12/2099,0,,
W7W/SN-061,USA - Washington,WA-Snohomish,Circle Peak,1824,5983,-121.3225,48.2205,-121.3225,48.2205,6,3,01/12/2010,31/12/2099,2,02/09/2021,KE7JWP
W7W/SN-062,USA - Washington,WA-Snohomish,Mount Bullon,1823,5980,-121.6987,48.1957,-121.6987,48.1957,6,3,01/12/2010,31/12/2099,0,,
W7W/SN-063,USA - Washington,WA-Snohomish,Hubbart Peak,1809,5936,-121.4052,47.9306,-121.4052,47.9306,6,3,01/12/2010,31/12/2099,0,,
W7W/SN-064,USA - Washington,WA-Snohomish,Townsend Mountain,1809,5936,-121.3926,47.7987,-121.3926,47.7987,6,3,01/12/2010,31/12/2099,0,,
W7W/SN-065,USA - Washington,WA-Snohomish,Fortune Mountain,1799,5903,-121.1875,47.8773,-121.1875,47.8773,6,3,01/12/2010,31/12/2099,0,,
W7W/SN-066,USA - Washington,WA-Snohomish,5884 Straight Key Mtn,1793,5884,-121.4054,48.1982,-121.4054,48.1982,6,3,01/12/2010,31/12/2099,0,,
W7W/SN-067,USA - Washington,WA-Snohomish,Jumbo Mountain,1786,5860,-121.5996,48.1957,-121.5996,48.1957,6,3,01/12/2010,31/12/2099,0,,
W7W/SN-068,USA - Washington,WA-Snohomish,Tailgunner,1781,5842,-121.4544,47.8101,-121.4544,47.8101,6,3,01/12/2010,31/12/2099,11,29/09/2024,KK7LHY
W7W/SN-069,USA - Washington,WA-Snohomish,East Twin Peaks,1779,5836,-121.4404,48.0727,-121.4404,48.0727,6,3,01/12/2010,31/12/2099,0,,
W7W/SN-070,USA - Washington,WA-Snohomish,Sheep Gap Mountain,1774,5819,-121.4642,47.9634,-121.4642,47.9634,6,3,01/12/2010,31/12/2099,0,,
W7W/SN-071,USA - Washington,WA-Snohomish,Bench Mark Mountain,1773,5816,-121.2028,47.9244,-121.2028,47.9244,6,3,01/12/2010,31/12/2099,2,05/08/2020,KE7JWP
W7W/SN-072,USA - Washington,WA-Snohomish,Spring Mtn,1759,5770,-121.3502,48.1107,-121.3502,48.1107,6,3,01/12/2010,30/11/2016,0,,
W7W/SN-073,USA - Washington,WA-Snohomish,5757 Little Fish Peak,1755,5757,-121.1733,47.9083,-121.1733,47.9083,6,3,01/12/2010,31/12/2099,0,,
W7W/SN-074,USA - Washington,WA-Snohomish,Mount McCausland,1752,5747,-121.1034,47.7968,-121.1034,47.7968,6,3,01/12/2010,31/12/2099,24,29/11/2024,WA7OOO
W7W/SN-075,USA - Washington,WA-Snohomish,Red Mountain,1750,5740,-121.5056,47.961,-121.5056,47.961,6,3,01/12/2010,31/12/2099,0,,
W7W/SN-076,USA - Washington,WA-Snohomish,Stillaguamish Peak,1750,5740,-121.4852,48.0939,-121.4852,48.0939,6,3,01/12/2010,31/12/2099,1,25/07/2021,KJ7RTO
W7W/SN-077,USA - Washington,WA-Snohomish,5727 North Bowser Butte,1746,5727,-121.2525,47.979,-121.2525,47.979,6,3,01/12/2010,31/12/2099,0,,
W7W/SN-078,USA - Washington,WA-Snohomish,Mount Dickerman,1744,5723,-121.4708,48.0688,-121.4708,48.0688,6,3,01/12/2010,31/12/2099,28,23/09/2024,KE7JWP
W7W/SN-079,USA - Washington,WA-Snohomish,Bald Eagle Mountain,1737,5700,-121.2512,47.9575,-121.2512,47.9575,6,3,01/12/2010,31/12/2099,0,,
W7W/SN-080,USA - Washington,WA-Snohomish,Liberty Mountain,1737,5700,-121.6712,48.1296,-121.6712,48.1296,6,3,01/12/2010,31/12/2099,0,,
W7W/SN-081,USA - Washington,WA-Snohomish,Long John Mountain,1736,5697,-121.2245,47.9765,-121.2245,47.9765,6,3,01/12/2010,31/12/2099,0,,
W7W/SN-082,USA - Washington,WA-Snohomish,Union Peak,1736,5696,-121.0826,47.8112,-121.0826,47.8112,6,3,01/12/2010,31/12/2099,7,19/08/2020,WW7D
W7W/SN-083,USA - Washington,WA-Snohomish,Scrabble Mountain,1735,5691,-121.1496,47.8227,-121.1496,47.8227,6,3,01/12/2010,31/12/2099,0,,
W7W/SN-084,USA - Washington,WA-Snohomish,5683 Rams Horn,1732,5683,-121.4621,47.9682,-121.4621,47.9682,6,3,01/12/2010,31/12/2099,0,,
W7W/SN-085,USA - Washington,WA-Snohomish,Prairie Mountain,1731,5678,-121.4713,48.2753,-121.4713,48.2753,6,3,01/12/2010,31/12/2099,0,,
W7W/SN-086,USA - Washington,WA-Snohomish,5660 Troposphere Pk,1725,5660,-121.1223,47.8295,-121.1223,47.8295,6,3,01/12/2010,31/12/2099,1,14/08/2018,WU7H
W7W/SN-087,USA - Washington,WA-Snohomish,Big Bear Mountain,1719,5641,-121.6797,48.1511,-121.6797,48.1511,6,3,01/12/2010,31/12/2099,0,,
W7W/SN-088,USA - Washington,WA-Snohomish,Lewis Peak,1709,5608,-121.4626,48.0054,-121.4626,48.0054,6,3,01/12/2010,31/12/2099,0,,
W7W/SN-089,USA - Washington,WA-Snohomish,Evergreen Mountain,1703,5587,-121.264,47.8365,-121.264,47.8365,6,3,01/12/2010,31/12/2099,21,18/08/2023,WW7D
W7W/SN-090,USA - Washington,WA-Snohomish,Scorpion Mountain,1689,5540,-121.1972,47.7922,-121.1972,47.7922,6,3,01/12/2010,31/12/2099,8,06/08/2024,WW7D
W7W/SN-091,USA - Washington,WA-Snohomish,Bear Mountain,1682,5519,-121.3573,47.8722,-121.3573,47.8722,6,3,01/12/2010,31/12/2099,0,,
W7W/SN-092,USA - Washington,WA-Snohomish,Mount Index-Middle Peak,1674,5493,-121.5815,47.7796,-121.5815,47.7796,6,3,01/12/2010,31/12/2099,0,,
W7W/SN-093,USA - Washington,WA-Snohomish,Hall Peak,1672,5484,-121.5404,48.0598,-121.5404,48.0598,6,3,01/12/2010,31/12/2099,0,,
W7W/SN-094,USA - Washington,WA-Snohomish,Mount Persis,1665,5464,-121.6118,47.7904,-121.6118,47.7904,6,3,01/12/2010,31/12/2099,13,27/07/2024,KJ7RTO
W7W/SN-095,USA - Washington,WA-Snohomish,Devils Peak,1663,5456,-121.5614,48.1204,-121.5614,48.1204,6,3,01/12/2010,31/12/2099,0,,
W7W/SN-096,USA - Washington,WA-Snohomish,Troublesome Mountain,1656,5433,-121.365,47.9095,-121.365,47.9095,6,3,01/12/2010,31/12/2099,0,,
W7W/SN-097,USA - Washington,WA-Snohomish,Double Toil Peak,1654,5427,-121.344,47.912,-121.344,47.912,6,3,01/12/2010,31/12/2099,0,,
W7W/SN-098,USA - Washington,WA-Snohomish,Independence Peak,1652,5420,-121.5228,48.1286,-121.5228,48.1286,6,3,01/12/2010,31/12/2099,0,,
W7W/SN-099,USA - Washington,WA-Snohomish,Rat Trap Mountain,1652,5420,-121.3673,48.2101,-121.3673,48.2101,6,3,01/12/2010,31/12/2099,0,,
W7W/SN-100,USA - Washington,WA-Snohomish,Helena Peak,1652,5420,-121.5791,48.1318,-121.5791,48.1318,6,3,01/12/2010,31/12/2099,1,08/08/2018,KE7JWP
W7W/SN-101,USA - Washington,WA-Snohomish,Silica Mountain,1652,5420,-121.251,47.8652,-121.251,47.8652,6,3,01/12/2010,31/12/2099,0,,
W7W/SN-102,USA - Washington,WA-Snohomish,Tall Halla Mountain,1649,5409,-121.1596,47.7862,-121.1596,47.7862,6,3,01/12/2010,31/12/2099,8,18/09/2024,WU7H
W7W/SN-103,USA - Washington,WA-Snohomish,Burley Mountain,1647,5403,-121.3902,47.8108,-121.3902,47.8108,6,3,01/12/2010,31/12/2099,0,,
W7W/SN-104,USA - Washington,WA-Snohomish,Rouge Peak,1640,5380,-121.5087,47.9748,-121.5087,47.9748,6,3,01/12/2010,31/12/2099,0,,
W7W/SN-105,USA - Washington,WA-Snohomish,Mount Pilchuck,1628,5340,-121.7976,48.0579,-121.7976,48.0579,6,3,01/12/2010,31/12/2099,67,15/09/2024,WA7MPC
W7W/SN-106,USA - Washington,WA-Snohomish,South Crested Buttes,1627,5338,-121.4637,47.9465,-121.4637,47.9465,6,3,01/12/2010,31/12/2099,0,,
W7W/SN-107,USA - Washington,WA-Snohomish,5327 SOTA Summit,1624,5327,-121.2328,47.8546,-121.2328,47.8546,6,3,01/12/2010,31/12/2099,0,,
W7W/SN-108,USA - Washington,WA-Snohomish,North Crested Buttes,1621,5318,-121.4611,47.9541,-121.4611,47.9541,6,3,01/12/2010,31/12/2099,0,,
W7W/SN-109,USA - Washington,WA-Snohomish,Bluegrass Butte,1617,5306,-121.5177,48.1416,-121.5177,48.1416,6,3,01/12/2010,31/12/2099,0,,
W7W/SN-110,USA - Washington,WA-Snohomish,Mount Stickney,1615,5300,-121.6087,47.9023,-121.6087,47.9023,6,3,01/12/2010,31/12/2099,0,,
W7W/SN-111,USA - Washington,WA-Snohomish,Scott Pk,1612,5288,-121.4149,47.9171,-121.4149,47.9171,6,3,01/12/2010,30/11/2016,0,,
W7W/SN-112,USA - Washington,WA-Snohomish,Quarter Dome,1608,5276,-121.3603,47.8525,-121.3603,47.8525,6,3,01/12/2010,31/12/2099,0,,
W7W/SN-113,USA - Washington,WA-Snohomish,Canyon Peak,1603,5260,-121.6582,48.1108,-121.6582,48.1108,6,3,01/12/2010,31/12/2099,0,,
W7W/SN-114,USA - Washington,WA-Snohomish,Frostbite Peak,1603,5260,-121.5268,47.9339,-121.5268,47.9339,6,3,01/12/2010,31/12/2099,0,,
W7W/SN-115,USA - Washington,WA-Snohomish,Mineral Butte,1602,5255,-121.469,47.9265,-121.469,47.9265,6,3,01/12/2010,31/12/2099,0,,
W7W/SN-116,USA - Washington,WA-Snohomish,Iron Mountain,1599,5245,-121.4311,47.8584,-121.4311,47.8584,6,3,01/12/2010,31/12/2099,0,,
W7W/SN-117,USA - Washington,WA-Snohomish,Voodoo Peak,1584,5198,-121.5786,48.1526,-121.5786,48.1526,6,3,01/12/2010,31/12/2099,0,,
W7W/SN-118,USA - Washington,WA-Snohomish,Marble Peak,1579,5180,-121.5674,48.0564,-121.5674,48.0564,6,3,01/12/2010,31/12/2099,0,,
W7W/SN-119,USA - Washington,WA-Snohomish,Devils Thumb,1576,5172,-121.5485,48.1288,-121.5485,48.1288,6,3,01/12/2010,31/12/2099,0,,
W7W/SN-120,USA - Washington,WA-Snohomish,Rojo Peak,1572,5158,-121.5352,47.9803,-121.5352,47.9803,6,3,01/12/2010,31/12/2099,0,,
W7W/SN-121,USA - Washington,WA-Snohomish,Ragged Ridge,1570,5150,-121.5453,47.868,-121.5453,47.868,6,3,01/12/2010,31/12/2099,0,,
W7W/SN-122,USA - Washington,WA-Snohomish,Bushwhack Peak,1568,5145,-121.5404,47.9176,-121.5404,47.9176,6,3,01/12/2010,31/12/2099,0,,
W7W/SN-123,USA - Washington,WA-Snohomish,Beaver Peak,1558,5113,-121.5082,48.0984,-121.5082,48.0984,6,3,01/12/2010,31/12/2099,0,,
W7W/SN-124,USA - Washington,WA-Snohomish,Long Mountain,1558,5113,-121.5935,48.0913,-121.5935,48.0913,6,3,01/12/2010,31/12/2099,0,,
W7W/SN-125,USA - Washington,WA-Snohomish,Anaconda Peak,1539,5050,-121.6315,48.0959,-121.6315,48.0959,6,3,01/12/2010,31/12/2099,1,12/03/2023,KJ7RTO
W7W/SN-126,USA - Washington,WA-Snohomish,Hawk Rock,1536,5040,-121.3291,47.7945,-121.3291,47.7945,6,3,01/12/2010,31/12/2099,0,,
W7W/SN-127,USA - Washington,WA-Snohomish,Snowslide Peak,1530,5020,-121.5287,47.8921,-121.5287,47.8921,6,3,01/12/2010,31/12/2099,0,,
W7W/SN-128,USA - Washington,WA-Snohomish,5003 Relic Trail Mountain,1525,5003,-121.2794,48.0025,-121.2794,48.0025,6,3,01/12/2010,31/12/2099,0,,
W7W/SN-129,USA - Washington,WA-Snohomish,Slahal,1494,4900,-121.5023,47.8855,-121.5023,47.8855,4,0,01/12/2010,31/12/2099,0,,
W7W/SN-130,USA - Washington,WA-Snohomish,Static Peak,1494,4900,-121.5888,47.9437,-121.5888,47.9437,4,0,01/12/2010,31/12/2099,0,,
W7W/SN-131,USA - Washington,WA-Snohomish,San Juan Hill,1492,4895,-121.3416,47.8599,-121.3416,47.8599,4,0,01/12/2010,31/12/2099,0,,
W7W/SN-132,USA - Washington,WA-Snohomish,Higher Squire,1487,4879,-121.6366,48.1555,-121.6366,48.1555,4,0,01/12/2010,31/12/2099,0,,
W7W/SN-133,USA - Washington,WA-Snohomish,Zekes Peak,1483,4865,-121.6126,47.8721,-121.6126,47.8721,4,0,01/12/2010,31/12/2099,0,,
W7W/SN-134,USA - Washington,WA-Snohomish,Bald Mountain,1479,4851,-121.6554,47.9985,-121.6554,47.9985,4,0,01/12/2010,31/12/2099,3,04/08/2019,K7GYB
W7W/SN-135,USA - Washington,WA-Snohomish,Excelsior Mountain,1473,4832,-121.29,47.9109,-121.29,47.9109,4,0,01/12/2010,31/12/2099,3,25/09/2021,AC7MA
W7W/SN-136,USA - Washington,WA-Snohomish,Greider Peak,1472,4829,-121.5978,47.9533,-121.5978,47.9533,4,0,01/12/2010,31/12/2099,0,,
W7W/SN-137,USA - Washington,WA-Snohomish,Bald Mountain,1457,4780,-121.6023,48.106,-121.6023,48.106,4,0,01/12/2010,31/12/2099,0,,
W7W/SN-138,USA - Washington,WA-Snohomish,4642 Dead Duck Mountain,1415,4642,-121.3528,48.1603,-121.3528,48.1603,4,0,01/12/2010,31/12/2099,0,,
W7W/SN-139,USA - Washington,WA-Snohomish,Meadow Mountain,1408,4620,-121.7787,48.1801,-121.7787,48.1801,4,0,01/12/2010,31/12/2099,2,14/05/2023,K7GYB
W7W/SN-140,USA - Washington,WA-Snohomish,Little Greider Peak,1403,4602,-121.571,47.9625,-121.571,47.9625,4,0,01/12/2010,31/12/2099,0,,
W7W/SN-141,USA - Washington,WA-Snohomish,Iron Mountain,1396,4580,-121.5432,48.1617,-121.5432,48.1617,4,0,01/12/2010,31/12/2099,0,,
W7W/SN-142,USA - Washington,WA-Snohomish,4534 Mt Resistor,1382,4534,-121.406,47.7874,-121.406,47.7874,4,0,01/12/2010,31/12/2099,0,,
W7W/SN-143,USA - Washington,WA-Snohomish,4500 Radioteletype Mtn,1372,4500,-121.5839,48.0444,-121.5839,48.0444,4,0,01/12/2010,31/12/2099,0,,
W7W/SN-144,USA - Washington,WA-Snohomish,4500 Relay Pk,1372,4500,-121.5896,48.0344,-121.5896,48.0344,4,0,01/12/2010,31/12/2099,0,,
W7W/SN-145,USA - Washington,WA-Snohomish,4485 Blackjack Peak,1367,4485,-121.6105,48.0347,-121.6105,48.0347,4,0,01/12/2010,31/12/2099,0,,
W7W/SN-146,USA - Washington,WA-Snohomish,Mount Ditney,1359,4460,-121.815,48.2092,-121.815,48.2092,4,0,01/12/2010,31/12/2099,0,,
W7W/SN-147,USA - Washington,WA-Snohomish,Green Mountain,1359,4460,-121.7222,48.1187,-121.7222,48.1187,4,0,01/12/2010,31/12/2099,7,03/07/2021,KA7GPP
W7W/SN-148,USA - Washington,WA-Snohomish,Ten-Four Mountain,1336,4384,-121.7091,47.8047,-121.7091,47.8047,4,0,01/12/2010,31/12/2099,4,25/05/2024,KK7LHY/P
W7W/SN-149,USA - Washington,WA-Snohomish,Philadelphia Mountain,1298,4258,-121.5431,47.7795,-121.5431,47.7795,4,0,01/12/2010,31/12/2099,3,26/04/2023,WW7D
W7W/SN-150,USA - Washington,WA-Snohomish,Wiley Ridge,1286,4220,-121.671,48.0965,-121.671,48.0965,4,0,01/12/2010,31/12/2099,0,,
W7W/SN-151,USA - Washington,WA-Snohomish,3940 Bornite Mountain,1201,3940,-121.622,48.1317,-121.622,48.1317,4,0,01/12/2010,31/12/2099,0,,
W7W/SN-152,USA - Washington,WA-Snohomish,The Eaglet,1159,3802,-121.771,48.0681,-121.771,48.0681,4,0,01/12/2010,31/12/2099,3,11/02/2023,KD7LEE
W7W/SN-153,USA - Washington,WA-Snohomish,Wheeler Mountain,1098,3604,-121.9025,48.2374,-121.9025,48.2374,4,0,01/12/2010,31/12/2099,2,30/11/2024,K7GYB
W7W/SN-154,USA - Washington,WA-Snohomish,3571 Multipath Mtn,1088,3571,-121.8825,48.2197,-121.8825,48.2197,4,0,01/12/2010,31/12/2099,2,13/07/2024,K7GYB
W7W/SN-155,USA - Washington,WA-Snohomish,Olo Mountain,1067,3500,-121.8613,48.161,-121.8613,48.161,4,0,01/12/2010,31/12/2099,4,12/06/2024,K9ARI
W7W/SN-156,USA - Washington,WA-Snohomish,3460 Mt Microphone,1055,3460,-121.7188,48.0356,-121.7188,48.0356,4,0,01/12/2010,31/12/2099,1,10/06/2024,KJ7LLS
W7W/SN-157,USA - Washington,WA-Snohomish,Gold Mountain,1042,3420,-121.545,48.2444,-121.545,48.2444,4,0,01/12/2010,31/12/2099,30,05/11/2024,K7CL
W7W/SN-158,USA - Washington,WA-Snohomish,Blue Mountain,945,3100,-121.722,47.9585,-121.722,47.9585,2,0,01/12/2010,31/12/2099,23,28/11/2024,KG7EJT
W7W/SN-159,USA - Washington,WA-Snohomish,Blue Mountain,933,3060,-121.9265,48.1859,-121.9265,48.1859,2,0,01/12/2010,31/12/2099,3,28/10/2023,K7GYB
W7W/SN-160,USA - Washington,WA-Snohomish,Stimson Hill,881,2892,-122.0745,48.2963,-122.0745,48.2963,2,0,01/12/2010,31/12/2099,9,03/04/2021,KJ7LLS
W7W/SN-161,USA - Washington,WA-Snohomish,2740 Modulation Hill,835,2740,-121.731,48.0121,-121.731,48.0121,2,0,01/12/2010,31/12/2099,0,,
W7W/SN-162,USA - Washington,WA-Snohomish,Haystack Mountain,828,2715,-121.6769,47.8232,-121.6769,47.8232,2,0,01/12/2010,31/12/2099,10,17/11/2023,WU7H
W7W/SN-163,USA - Washington,WA-Snohomish,2670 Git Out Ridge,814,2670,-121.7329,47.9801,-121.7329,47.9801,2,0,01/12/2010,31/12/2099,14,12/05/2024,WU7H
W7W/SN-164,USA - Washington,WA-Snohomish,2420 High Power Hill,738,2420,-121.8328,48.0116,-121.8328,48.0116,2,0,01/12/2010,31/12/2099,1,02/10/2022,K9ARI
W7W/SN-165,USA - Washington,WA-Snohomish,Worthy Hill,724,2375,-121.8599,48.0511,-121.8599,48.0511,2,0,01/12/2010,31/12/2099,2,06/02/2022,K7GYB
W7W/SN-166,USA - Washington,WA-Snohomish,Siberia Mountain,701,2300,-121.9524,48.1551,-121.9524,48.1551,2,0,01/12/2010,31/12/2099,3,27/05/2022,K7GYB
W7W/SN-167,USA - Washington,WA-Snohomish,Baby Blue,640,2100,-121.7413,47.9398,-121.7413,47.9398,2,0,01/12/2010,31/12/2099,28,04/01/2025,KC7EPG
W7W/SN-168,USA - Washington,WA-Snohomish,1810 Smelling Mountain,552,1810,-121.8833,48.0665,-121.8833,48.0665,2,0,01/12/2010,31/12/2099,2,09/04/2022,K7GYB
W7W/SN-169,USA - Washington,WA-Snohomish,Ebey Hill,546,1790,-122.0001,48.2449,-122.0001,48.2449,2,0,01/12/2010,31/12/2099,0,,
W7W/SN-170,USA - Washington,WA-Snohomish,King Benchmark,491,1610,-121.9235,47.8152,-121.9235,47.8152,1,0,01/12/2010,31/12/2099,4,10/06/2023,WA7BAR
W7W/SN-171,USA - Washington,WA-Snohomish,Lobotomy Hill,485,1590,-121.8905,47.8245,-121.8905,47.8245,1,0,01/12/2010,31/12/2099,1,16/05/2015,WW7D
W7W/SN-172,USA - Washington,WA-Snohomish,1490 Chitwood Peak,454,1490,-121.9126,48.0799,-121.9126,48.0799,1,0,01/12/2010,31/12/2099,3,13/03/2022,K7GYB
W7W/SN-173,USA - Washington,WA-Snohomish,1470 Encoder Hill,448,1470,-121.8958,48.0432,-121.8958,48.0432,1,0,01/12/2010,31/12/2099,9,29/11/2024,WA7OOO
W7W/SN-174,USA - Washington,WA-Snohomish,Young Love,442,1450,-121.8126,47.7967,-121.8126,47.7967,1,0,01/12/2010,31/12/2099,13,12/09/2024,VE6VID/W7
W7W/SN-175,USA - Washington,WA-Snohomish,French Point,433,1420,-121.7885,48.2623,-121.7885,48.2623,1,0,01/12/2010,31/12/2099,10,28/12/2024,KG7EJT
W7W/SN-176,USA - Washington,WA-Snohomish,1300 F-Layer Hill,396,1300,-121.88,48.0166,-121.88,48.0166,1,0,01/12/2010,30/11/2016,0,,
W7W/SN-177,USA - Washington,WA-Snohomish,Highwire,393,1290,-121.7521,47.8887,-121.7521,47.8887,1,0,01/12/2010,31/12/2099,48,28/05/2024,AI7OV
W7W/SN-178,USA - Washington,WA-Snohomish,Three Lakes Hill,369,1210,-121.9232,47.9537,-121.9232,47.9537,1,0,01/12/2010,31/12/2099,28,23/08/2024,WX7RAW
W7W/SN-179,USA - Washington,WA-Snohomish,1164 Good Copy Hill,355,1164,-122.0554,48.2683,-122.0554,48.2683,1,0,01/12/2010,31/12/2099,23,02/09/2024,WX7RAW
W7W/SN-180,USA - Washington,WA-Snohomish,Iron Mountain,344,1130,-121.9406,48.09,-121.9406,48.09,1,0,01/12/2010,31/12/2099,3,20/05/2018,K7GYB
W7W/SN-181,USA - Washington,WA-Snohomish,Siberian Bear,335,1100,-122.0229,48.1757,-122.0229,48.1757,1,0,01/12/2010,30/11/2016,0,,
W7W/SN-182,USA - Washington,WA-Snohomish,Jordan Benchmark,307,1006,-122.0183,48.1502,-122.0183,48.1502,1,0,01/12/2010,31/12/2099,3,13/10/2023,KA7GPP
W7W/SN-183,USA - Washington,WA-Snohomish,Bald Hill,225,737,-122.0329,47.8361,-122.0329,47.8361,1,0,01/12/2010,31/12/2099,19,14/03/2024,WW7D
W7W/SN-184,USA - Washington,WA-Snohomish,690 Hexidecimal Hill,210,690,-122.0404,48.1965,-122.0404,48.1965,1,0,01/12/2010,30/11/2016,0,,
W7W/SN-185,USA - Washington,WA-Snohomish,Tulalip Hill,186,610,-122.2501,48.1283,-122.2501,48.1283,1,0,01/12/2016,31/12/2099,42,05/01/2025,KG7EJT
W7W/SN-186,USA - Washington,WA-Snohomish,Portal Peak,2133,6999,-121.1797,48.0492,-121.1797,48.0492,8,3,01/12/2016,31/12/2099,0,,
W7W/SN-187,USA - Washington,WA-Snohomish,6438,1962,6438,-121.1324,48.2463,-121.1324,48.2463,6,3,01/12/2016,31/12/2099,0,,
W7W/SN-188,USA - Washington,WA-Snohomish,Stauk Mountain,1376,4513,-121.4633,48.0313,-121.4633,48.0313,4,0,01/12/2016,31/12/2099,0,,
W7W/SN-189,USA - Washington,WA-Snohomish,1250,381,1250,-121.88,48.0166,-121.88,48.0166,1,0,01/12/2016,31/12/2099,1,27/08/2017,K7GYB
W7W/SO-001,USA - Washington,WA-Southern Olympics,Mount Stone,2015,6612,-123.2667,47.6064,-123.2667,47.6064,8,3,01/12/2010,31/12/2099,3,22/06/2019,KJ7DDK
W7W/SO-002,USA - Washington,WA-Southern Olympics,Mount Skokomish,1961,6434,-123.2942,47.5911,-123.2942,47.5911,6,3,01/12/2010,31/12/2099,1,21/06/2019,KJ7DDK
W7W/SO-003,USA - Washington,WA-Southern Olympics,Mount Washington,1907,6255,-123.2461,47.5311,-123.2461,47.5311,6,3,01/12/2010,31/12/2099,6,19/08/2022,WE7CAT
W7W/SO-004,USA - Washington,WA-Southern Olympics,Mount Pershing,1876,6154,-123.2561,47.5521,-123.2561,47.5521,6,3,01/12/2010,31/12/2099,2,13/08/2016,KF7LTR
W7W/SO-005,USA - Washington,WA-Southern Olympics,Mount Cruiser,1860,6104,-123.3157,47.5643,-123.3157,47.5643,6,3,01/12/2010,31/12/2099,0,,
W7W/SO-006,USA - Washington,WA-Southern Olympics,Mount Lincoln,1789,5868,-123.328,47.5503,-123.328,47.5503,6,3,01/12/2010,31/12/2099,0,,
W7W/SO-007,USA - Washington,WA-Southern Olympics,Jefferson Peak,1743,5720,-123.2319,47.5614,-123.2319,47.5614,6,3,01/12/2010,31/12/2099,0,,
W7W/SO-008,USA - Washington,WA-Southern Olympics,Mount Gladys,1704,5589,-123.3267,47.5691,-123.3267,47.5691,6,3,01/12/2010,31/12/2099,0,,
W7W/SO-009,USA - Washington,WA-Southern Olympics,Copper Mountain,1654,5425,-123.2964,47.5227,-123.2964,47.5227,6,3,01/12/2010,31/12/2099,0,,
W7W/SO-010,USA - Washington,WA-Southern Olympics,Mount Olson,1612,5289,-123.4712,47.5786,-123.4712,47.5786,6,3,01/12/2010,31/12/2099,0,,
W7W/SO-011,USA - Washington,WA-Southern Olympics,5122 Six Ridge,1561,5122,-123.4728,47.5535,-123.4728,47.5535,6,3,01/12/2010,31/12/2099,0,,
W7W/SO-012,USA - Washington,WA-Southern Olympics,Five Ridge Peaks HP,1547,5077,-123.4416,47.5271,-123.4416,47.5271,6,3,01/12/2010,31/12/2099,0,,
W7W/SO-013,USA - Washington,WA-Southern Olympics,Capitol Peak,1540,5054,-123.493,47.4918,-123.493,47.4918,6,3,01/12/2010,31/12/2099,0,,
W7W/SO-014,USA - Washington,WA-Southern Olympics,4970 Lowpass Peak,1515,4970,-123.42,47.5316,-123.42,47.5316,6,3,01/12/2010,31/12/2099,0,,
W7W/SO-015,USA - Washington,WA-Southern Olympics,4851 Meteor Scatter Mtn,1479,4851,-123.4694,47.5184,-123.4694,47.5184,4,0,01/12/2010,31/12/2099,0,,
W7W/SO-016,USA - Washington,WA-Southern Olympics,Wonder Mountain,1478,4848,-123.4314,47.499,-123.4314,47.499,4,0,01/12/2010,31/12/2099,0,,
W7W/SO-017,USA - Washington,WA-Southern Olympics,Mount Church,1457,4780,-123.499,47.4699,-123.499,47.4699,4,0,01/12/2010,31/12/2099,0,,
W7W/SO-018,USA - Washington,WA-Southern Olympics,4755 Cub Peak,1449,4755,-123.2931,47.5378,-123.2931,47.5378,4,0,01/12/2010,31/12/2099,1,02/09/2023,WE7CAT
W7W/SO-019,USA - Washington,WA-Southern Olympics,Picket Fence,1428,4686,-123.3904,47.4825,-123.3904,47.4825,4,0,01/12/2010,31/12/2099,0,,
W7W/SO-020,USA - Washington,WA-Southern Olympics,West Three Peaks,1420,4660,-123.5604,47.4808,-123.5604,47.4808,4,0,01/12/2010,31/12/2099,0,,
W7W/SO-021,USA - Washington,WA-Southern Olympics,Lightning Peak,1419,4654,-123.351,47.4913,-123.351,47.4913,4,0,01/12/2010,31/12/2099,2,26/10/2019,KL0NP
W7W/SO-022,USA - Washington,WA-Southern Olympics,Mount Tebo,1419,4654,-123.4076,47.4752,-123.4076,47.4752,4,0,01/12/2010,31/12/2099,1,20/05/2019,KJ7DDK
W7W/SO-023,USA - Washington,WA-Southern Olympics,North Gibson Peak,1377,4517,-123.7323,47.4793,-123.7323,47.4793,4,0,01/12/2010,31/12/2099,0,,
W7W/SO-024,USA - Washington,WA-Southern Olympics,Colonel Bob,1375,4510,-123.7417,47.4889,-123.7417,47.4889,4,0,01/12/2010,31/12/2099,3,04/07/2020,K3OG
W7W/SO-025,USA - Washington,WA-Southern Olympics,4510 Multimode Summit,1375,4510,-123.4058,47.5032,-123.4058,47.5032,4,0,01/12/2010,31/12/2099,0,,
W7W/SO-026,USA - Washington,WA-Southern Olympics,4496 Near Vertical Incidence Pk,1370,4496,-123.6962,47.4947,-123.6962,47.4947,4,0,01/12/2010,31/12/2099,0,,
W7W/SO-027,USA - Washington,WA-Southern Olympics,4434 Longwire Mtn,1351,4434,-123.2112,47.5306,-123.2112,47.5306,4,0,01/12/2010,31/12/2099,0,,
W7W/SO-028,USA - Washington,WA-Southern Olympics,4375 Mt J-Pole,1334,4375,-123.5179,47.5162,-123.5179,47.5162,4,0,01/12/2010,31/12/2099,0,,
W7W/SO-029,USA - Washington,WA-Southern Olympics,4192 Incremental Pk,1278,4192,-123.6439,47.4706,-123.6439,47.4706,4,0,01/12/2010,31/12/2099,0,,
W7W/SO-030,USA - Washington,WA-Southern Olympics,Moonlight Dome,1267,4156,-123.6698,47.4598,-123.6698,47.4598,4,0,01/12/2010,31/12/2099,0,,
W7W/SO-031,USA - Washington,WA-Southern Olympics,4072m Mobile Mtn,1241,4072,-123.7574,47.4712,-123.7574,47.4712,4,0,01/12/2010,31/12/2099,0,,
W7W/SO-032,USA - Washington,WA-Southern Olympics,Chapel Peak,1213,3980,-123.4998,47.4346,-123.4998,47.4346,4,0,01/12/2010,31/12/2099,0,,
W7W/SO-033,USA - Washington,WA-Southern Olympics,3940 Multipath Peak,1201,3940,-123.5236,47.4373,-123.5236,47.4373,4,0,01/12/2010,31/12/2099,0,,
W7W/SO-034,USA - Washington,WA-Southern Olympics,Jefferson Ridge,1185,3889,-123.1767,47.5759,-123.1767,47.5759,4,0,01/12/2010,31/12/2099,0,,
W7W/SO-035,USA - Washington,WA-Southern Olympics,Wooded Peak,1178,3865,-123.7721,47.4843,-123.7721,47.4843,4,0,01/12/2010,31/12/2099,0,,
W7W/SO-036,USA - Washington,WA-Southern Olympics,Prospect Ridge,1162,3812,-123.3003,47.4638,-123.3003,47.4638,4,0,01/12/2010,31/12/2099,0,,
W7W/SO-037,USA - Washington,WA-Southern Olympics,3729 Keyer Mtn,1137,3729,-123.589,47.4537,-123.589,47.4537,4,0,01/12/2010,31/12/2099,0,,
W7W/SO-038,USA - Washington,WA-Southern Olympics,3620 Integrated Circuit Mtn,1103,3620,-123.7719,47.4603,-123.7719,47.4603,4,0,01/12/2010,31/12/2099,0,,
W7W/SO-039,USA - Washington,WA-Southern Olympics,Stovepipe Mountain,1102,3615,-123.7134,47.4393,-123.7134,47.4393,4,0,01/12/2010,31/12/2099,0,,
W7W/SO-040,USA - Washington,WA-Southern Olympics,Anderson Butte,1042,3420,-123.5584,47.3861,-123.5584,47.3861,4,0,01/12/2010,31/12/2099,1,25/04/2015,KF7PXT
W7W/SO-041,USA - Washington,WA-Southern Olympics,Rock Peak,1018,3340,-123.382,47.4048,-123.382,47.4048,4,0,01/12/2010,31/12/2099,1,28/10/2023,K7AGL
W7W/SO-042,USA - Washington,WA-Southern Olympics,Dusk Point,988,3241,-123.469,47.4111,-123.469,47.4111,2,0,01/12/2010,31/12/2099,1,26/05/2023,K7AGL
W7W/SO-043,USA - Washington,WA-Southern Olympics,3180 Selectivity Summit,969,3180,-123.684,47.4225,-123.684,47.4225,2,0,01/12/2010,31/12/2099,0,,
W7W/SO-044,USA - Washington,WA-Southern Olympics,3160 Rhombic Mtn,963,3160,-123.14,47.5348,-123.14,47.5348,2,0,01/12/2010,31/12/2099,2,21/08/2021,KF7ZYF
W7W/SO-045,USA - Washington,WA-Southern Olympics,3156 PSK-31 Peak,962,3156,-123.523,47.3495,-123.523,47.3495,2,0,01/12/2010,31/12/2099,0,,
W7W/SO-046,USA - Washington,WA-Southern Olympics,3140 Mt Resistor,957,3140,-123.5429,47.4188,-123.5429,47.4188,2,0,01/12/2010,31/12/2099,0,,
W7W/SO-047,USA - Washington,WA-Southern Olympics,3100 Op Amp Butte,945,3100,-123.625,47.4207,-123.625,47.4207,2,0,01/12/2010,31/12/2099,0,,
W7W/SO-048,USA - Washington,WA-Southern Olympics,South Mountain,933,3060,-123.3721,47.3127,-123.3721,47.3127,2,0,01/12/2010,31/12/2099,0,,
W7W/SO-049,USA - Washington,WA-Southern Olympics,3032 RTTY Peak,924,3032,-123.5578,47.4013,-123.5578,47.4013,2,0,01/12/2010,31/12/2099,0,,
W7W/SO-050,USA - Washington,WA-Southern Olympics,3021 Scanner Summit,921,3021,-123.4154,47.3504,-123.4154,47.3504,2,0,01/12/2010,31/12/2099,0,,
W7W/SO-051,USA - Washington,WA-Southern Olympics,Higley Peak,920,3020,-123.8873,47.5105,-123.8873,47.5105,2,0,01/12/2010,31/12/2099,1,03/05/2019,K9WBZ
W7W/SO-052,USA - Washington,WA-Southern Olympics,3020 Receiver Mtn,920,3020,-123.4355,47.3747,-123.4355,47.3747,2,0,01/12/2010,31/12/2099,1,26/05/2023,K7AGL
W7W/SO-053,USA - Washington,WA-Southern Olympics,3011 Q Signal Peak,918,3011,-123.3531,47.4483,-123.3531,47.4483,2,0,01/12/2010,31/12/2099,1,11/08/2019,KJ7DDK
W7W/SO-054,USA - Washington,WA-Southern Olympics,3000 Mt Potentiometer,914,3000,-123.1281,47.5347,-123.1281,47.5347,2,0,01/12/2010,31/12/2099,0,,
W7W/SO-055,USA - Washington,WA-Southern Olympics,2981 Mt Rotator,909,2981,-123.4082,47.4157,-123.4082,47.4157,2,0,01/12/2010,31/12/2099,0,,
W7W/SO-056,USA - Washington,WA-Southern Olympics,Quiemuth Peak,891,2922,-122.2982,46.7638,-122.2982,46.7638,2,0,01/12/2010,31/12/2099,0,,
W7W/SO-057,USA - Washington,WA-Southern Olympics,Klinkys Pinky,884,2900,-123.4699,47.3683,-123.4699,47.3683,2,0,01/12/2010,31/12/2099,0,,
W7W/SO-058,USA - Washington,WA-Southern Olympics,Humptulips Ridge,872,2860,-123.7228,47.4089,-123.7228,47.4089,2,0,01/12/2010,31/12/2099,0,,
W7W/SO-059,USA - Washington,WA-Southern Olympics,2740 Transmission Peak,835,2740,-123.75,47.3873,-123.75,47.3873,2,0,01/12/2010,31/12/2099,0,,
W7W/SO-060,USA - Washington,WA-Southern Olympics,2740 Mr Sunspot,835,2740,-123.5183,47.38,-123.5183,47.38,2,0,01/12/2010,31/12/2099,0,,
W7W/SO-061,USA - Washington,WA-Southern Olympics,Salmon River Lookout,835,2740,-123.9657,47.5052,-123.9657,47.5052,2,0,01/12/2010,31/12/2099,0,,
W7W/SO-062,USA - Washington,WA-Southern Olympics,Weatherwax Ridge,835,2740,-123.5823,47.3336,-123.5823,47.3336,2,0,01/12/2010,31/12/2099,1,05/05/2018,K7VK
W7W/SO-063,USA - Washington,WA-Southern Olympics,2733 Static Butte,833,2733,-123.3571,47.3788,-123.3571,47.3788,2,0,01/12/2010,31/12/2099,0,,
W7W/SO-064,USA - Washington,WA-Southern Olympics,2700 Mt Toroid,823,2700,-123.6869,47.3951,-123.6869,47.3951,2,0,01/12/2010,31/12/2099,0,,
W7W/SO-065,USA - Washington,WA-Southern Olympics,2665 Spectrum Peak,812,2665,-123.6635,47.4287,-123.6635,47.4287,2,0,01/12/2010,31/12/2099,0,,
W7W/SO-066,USA - Washington,WA-Southern Olympics,2660 Ragchew Mtn,811,2660,-123.1222,47.5572,-123.1222,47.5572,2,0,01/12/2010,31/12/2099,0,,
W7W/SO-067,USA - Washington,WA-Southern Olympics,Larch Mountain,811,2660,-123.1406,46.9872,-123.1406,46.9872,2,0,01/12/2010,31/12/2099,14,29/12/2024,WX7EMT
W7W/SO-068,USA - Washington,WA-Southern Olympics,2580 Rubber Duckie Peak,786,2580,-123.6564,47.3865,-123.6564,47.3865,2,0,01/12/2010,31/12/2099,0,,
W7W/SO-069,USA - Washington,WA-Southern Olympics,Dow Mountain,766,2514,-123.1842,47.4456,-123.1842,47.4456,2,0,01/12/2010,31/12/2099,6,03/07/2022,KJ7EHA
W7W/SO-070,USA - Washington,WA-Southern Olympics,2460 Mt Preamplifier,750,2460,-123.842,47.3786,-123.842,47.3786,2,0,01/12/2010,31/12/2099,0,,
W7W/SO-071,USA - Washington,WA-Southern Olympics,2460 Phase Peak,750,2460,-123.5345,47.4056,-123.5345,47.4056,2,0,01/12/2010,31/12/2099,0,,
W7W/SO-072,USA - Washington,WA-Southern Olympics,Cushman Hill,733,2406,-123.2485,47.4329,-123.2485,47.4329,2,0,01/12/2010,31/12/2099,1,21/08/2020,WA7BAR
W7W/SO-073,USA - Washington,WA-Southern Olympics,Rock Candy Mountain,718,2355,-123.111,47.0086,-123.111,47.0086,2,0,01/12/2010,31/12/2099,27,03/12/2024,K7CL
W7W/SO-074,USA - Washington,WA-Southern Olympics,2321 Repeater Peak,707,2321,-123.4456,47.4098,-123.4456,47.4098,2,0,01/12/2010,31/12/2099,0,,
W7W/SO-075,USA - Washington,WA-Southern Olympics,2264 Modulation Mtn,690,2264,-123.6802,47.3621,-123.6802,47.3621,2,0,01/12/2010,31/12/2099,0,,
W7W/SO-076,USA - Washington,WA-Southern Olympics,2060 Lower Sideband Pk,628,2060,-122.2418,46.7689,-122.2418,46.7689,2,0,01/12/2010,31/12/2099,0,,
W7W/SO-077,USA - Washington,WA-Southern Olympics,2035 ITU Peak,620,2035,-122.352,46.8085,-122.352,46.8085,2,0,01/12/2010,31/12/2099,0,,
W7W/SO-078,USA - Washington,WA-Southern Olympics,2011 Message Peak,613,2011,-123.1691,47.0261,-123.1691,47.0261,2,0,01/12/2010,31/12/2099,17,29/12/2024,WX7EMT
W7W/SO-079,USA - Washington,WA-Southern Olympics,Dennie Ahl Hill,611,2004,-123.2683,47.4013,-123.2683,47.4013,2,0,01/12/2010,31/12/2099,3,29/04/2023,K7AGL
W7W/SO-080,USA - Washington,WA-Southern Olympics,1930 Maidenhead Mtn,588,1930,-123.3345,47.3581,-123.3345,47.3581,2,0,01/12/2010,31/12/2099,1,29/04/2023,K7AGL
W7W/SO-081,USA - Washington,WA-Southern Olympics,1864 Intermediate Freq Peak,568,1864,-123.0572,46.9997,-123.0572,46.9997,2,0,01/12/2010,31/12/2099,2,01/01/2024,KD7QT
W7W/SO-082,USA - Washington,WA-Southern Olympics,Saddle Mountain,567,1860,-123.1765,47.4803,-123.1765,47.4803,2,0,01/12/2010,31/12/2099,7,16/11/2023,K7ATN
W7W/SO-083,USA - Washington,WA-Southern Olympics,Miller Hill,557,1828,-122.6587,46.8026,-122.6587,46.8026,2,0,01/12/2010,31/12/2099,0,,
W7W/SO-084,USA - Washington,WA-Southern Olympics,1823 Noise Blanker Peak,556,1823,-123.7614,47.3398,-123.7614,47.3398,2,0,01/12/2010,31/12/2099,0,,
W7W/SO-085,USA - Washington,WA-Southern Olympics,1820 Longpath Mtn,555,1820,-123.7458,47.3566,-123.7458,47.3566,2,0,01/12/2010,31/12/2099,1,14/01/2023,N7XW
W7W/SO-086,USA - Washington,WA-Southern Olympics,1780 Mt Moonbounce,543,1780,-123.7755,47.4218,-123.7755,47.4218,2,0,01/12/2010,31/12/2099,0,,
W7W/SO-087,USA - Washington,WA-Southern Olympics,Blue Mountain,543,1780,-123.4653,46.8281,-123.4653,46.8281,2,0,01/12/2010,31/12/2099,0,,
W7W/SO-088,USA - Washington,WA-Southern Olympics,Minot Peak,543,1780,-123.417,46.892,-123.417,46.892,2,0,01/12/2010,31/12/2099,1,29/03/2015,KF7PXT
W7W/SO-089,USA - Washington,WA-Southern Olympics,1744 Mt Feedpoint,532,1744,-124.0728,47.5188,-124.0728,47.5188,2,0,01/12/2010,31/12/2099,0,,
W7W/SO-090,USA - Washington,WA-Southern Olympics,1700 Duplex Summit,518,1700,-123.1498,47.4632,-123.1498,47.4632,2,0,01/12/2010,31/12/2099,6,16/11/2023,K7ATN
W7W/SO-091,USA - Washington,WA-Southern Olympics,Cougar Mountain,503,1651,-123.7456,47.2894,-123.7456,47.2894,2,0,01/12/2010,31/12/2099,0,,
W7W/SO-092,USA - Washington,WA-Southern Olympics,1620 Mt Harmonic,494,1620,-123.3055,47.3588,-123.3055,47.3588,1,0,01/12/2010,31/12/2099,1,07/03/2024,N7NWT
W7W/SO-093,USA - Washington,WA-Southern Olympics,1620 GPS Peak,490,1609,-123.122,47.516,-123.122,47.516,1,0,01/12/2010,31/12/2099,1,06/02/2021,KF7ZYF
W7W/SO-094,USA - Washington,WA-Southern Olympics,1609 Frequency Mtn,480,1574,-123.1851,47.0818,-123.1851,47.0818,1,0,01/12/2010,31/12/2099,1,11/09/2016,KF7PXT
W7W/SO-095,USA - Washington,WA-Southern Olympics,1574 Mt Grandfather,479,1570,-123.6907,47.3405,-123.6907,47.3405,1,0,01/12/2010,31/12/2099,0,,
W7W/SO-096,USA - Washington,WA-Southern Olympics,Wishka Benchmark,478,1568,-123.6882,47.2954,-123.6882,47.2954,1,0,01/12/2010,30/11/2016,0,,
W7W/SO-097,USA - Washington,WA-Southern Olympics,1540 Mt Conversion,469,1540,-123.3096,47.3093,-123.3096,47.3093,1,0,01/12/2010,31/12/2099,0,,
W7W/SO-098,USA - Washington,WA-Southern Olympics,1492 Diode Mtn,455,1492,-123.2786,47.1029,-123.2786,47.1029,1,0,01/12/2010,31/12/2099,0,,
W7W/SO-099,USA - Washington,WA-Southern Olympics,Crawford Mountain,454,1490,-122.7646,46.8429,-122.7646,46.8429,1,0,01/12/2010,31/12/2099,0,,
W7W/SO-100,USA - Washington,WA-Southern Olympics,Northcraft Mountain,443,1454,-122.81,46.8294,-122.81,46.8294,1,0,01/12/2010,31/12/2099,0,,
W7W/SO-101,USA - Washington,WA-Southern Olympics,Reed Hill,440,1442,-123.5917,47.297,-123.5917,47.297,1,0,01/12/2010,31/12/2099,0,,
W7W/SO-102,USA - Washington,WA-Southern Olympics,1396 Circuit Hill,426,1396,-123.79,47.3986,-123.79,47.3986,1,0,01/12/2010,31/12/2099,0,,
W7W/SO-103,USA - Washington,WA-Southern Olympics,1380 Mt Beacon,421,1380,-123.3284,47.3483,-123.3284,47.3483,1,0,01/12/2010,31/12/2099,1,30/01/2015,KF7PXT
W7W/SO-104,USA - Washington,WA-Southern Olympics,1380 Callsign Peak,421,1380,-123.1772,46.8607,-123.1772,46.8607,1,0,01/12/2010,31/12/2099,3,23/01/2023,KL7QT
W7W/SO-105,USA - Washington,WA-Southern Olympics,1340 Display Mtn,408,1340,-123.8072,47.2913,-123.8072,47.2913,1,0,01/12/2010,31/12/2099,0,,
W7W/SO-106,USA - Washington,WA-Southern Olympics,1295 Bug Hill,395,1295,-123.0893,47.0475,-123.0893,47.0475,1,0,01/12/2010,31/12/2099,7,07/03/2024,WX7EMT
W7W/SO-107,USA - Washington,WA-Southern Olympics,1260 Wavelength Peak,384,1260,-123.8181,47.3077,-123.8181,47.3077,1,0,01/12/2010,31/12/2099,1,24/08/2020,W7EEE
W7W/SO-108,USA - Washington,WA-Southern Olympics,Burnt Hill,383,1258,-123.8677,47.3252,-123.8677,47.3252,1,0,01/12/2010,31/12/2099,0,,
W7W/SO-109,USA - Washington,WA-Southern Olympics,1230 Kamilche Hill,375,1230,-123.1413,47.1401,-123.1413,47.1401,1,0,01/12/2010,31/12/2099,1,27/12/2017,W5RST
W7W/SO-110,USA - Washington,WA-Southern Olympics,Lone Mountain,359,1178,-123.9715,47.4634,-123.9715,47.4634,1,0,01/12/2010,31/12/2099,0,,
W7W/SO-111,USA - Washington,WA-Southern Olympics,Jonas Hill,353,1158,-122.6146,46.8296,-122.6146,46.8296,1,0,01/12/2010,31/12/2099,0,,
W7W/SO-112,USA - Washington,WA-Southern Olympics,1066 Mt Upper Sideband,325,1066,-123.1994,47.1586,-123.1994,47.1586,1,0,01/12/2010,31/12/2099,1,27/08/2013,KI0G
W7W/SO-113,USA - Washington,WA-Southern Olympics,Dayton Peak,325,1066,-123.2239,47.1893,-123.2239,47.1893,1,0,01/12/2010,31/12/2099,1,05/09/2021,W7LRH
W7W/SO-114,USA - Washington,WA-Southern Olympics,1033 Turner Hill,315,1033,-123.0361,47.044,-123.0361,47.044,1,0,01/12/2010,31/12/2099,2,29/01/2015,KF7PXT
W7W/SO-115,USA - Washington,WA-Southern Olympics,Scar Hill,299,980,-123.6937,46.856,-123.6937,46.856,1,0,01/12/2010,31/12/2099,0,,
W7W/SO-116,USA - Washington,WA-Southern Olympics,940 Surface Mount Hill,287,940,-123.8185,47.2118,-123.8185,47.2118,1,0,01/12/2010,31/12/2099,0,,
W7W/SO-117,USA - Washington,WA-Southern Olympics,857 Space Station Hill,261,857,-122.7934,46.8883,-122.7934,46.8883,1,0,01/12/2010,31/12/2099,0,,
W7W/SO-118,USA - Washington,WA-Southern Olympics,Arctic Peak,257,844,-123.7728,46.8772,-123.7728,46.8772,1,0,01/12/2010,31/12/2099,0,,
W7W/SO-119,USA - Washington,WA-Southern Olympics,Black Hills HP,246,807,-122.9803,47.0231,-122.9803,47.0231,1,0,01/12/2010,31/12/2099,4,01/12/2019,K7AHR
W7W/SO-120,USA - Washington,WA-Southern Olympics,Discovery Peak,1474,4837,-123.5616,47.5164,-123.5616,47.5164,4,0,01/12/2016,31/12/2099,0,,
W7W/SO-121,USA - Washington,WA-Southern Olympics,Green Hill,494,1622,-122.4097,46.7948,-122.4097,46.7948,1,0,01/12/2016,31/12/2099,0,,
W7W/SO-122,USA - Washington,WA-Southern Olympics,1620,494,1620,-123.6887,47.3002,-123.6887,47.3002,1,0,01/12/2016,31/12/2099,0,,
W7W/SO-123,USA - Washington,WA-Southern Olympics,1420,433,1420,-123.1219,46.9282,-123.1219,46.9282,1,0,01/12/2016,31/12/2099,5,26/09/2024,KI7HSG
W7W/ST-001,USA - Washington,WA-Stevens,Abercrombie Mountain,2227,7308,-117.46,48.9281,-117.46,48.9281,8,3,01/12/2010,31/12/2099,9,20/08/2024,W7MDN
W7W/ST-002,USA - Washington,WA-Stevens,Calispell Peak,2089,6855,-117.5025,48.4369,-117.5025,48.4369,8,3,01/12/2010,31/12/2099,10,24/10/2024,W7MDN
W7W/ST-003,USA - Washington,WA-Stevens,Sherlock Peak,1940,6365,-117.5034,48.8698,-117.5034,48.8698,6,3,01/12/2010,31/12/2099,2,25/07/2021,KJ7NXK
W7W/ST-004,USA - Washington,WA-Stevens,Huckleberry Mountain,1775,5825,-117.9772,48.211,-117.9772,48.211,6,3,01/12/2010,31/12/2099,3,01/10/2024,W7MDN
W7W/ST-005,USA - Washington,WA-Stevens,Rogers Benchmark,1760,5775,-117.742,48.7407,-117.742,48.7407,6,3,01/12/2010,31/12/2099,0,,
W7W/ST-006,USA - Washington,WA-Stevens,Chewelah Mountain,1760,5773,-117.5719,48.2844,-117.5719,48.2844,6,3,01/12/2010,31/12/2099,15,23/08/2024,W7MDN
W7W/ST-007,USA - Washington,WA-Stevens,Old Dominion Mountain,1760,5773,-117.7475,48.5803,-117.7475,48.5803,6,3,01/12/2010,31/12/2099,1,07/07/2021,W7MDN
W7W/ST-008,USA - Washington,WA-Stevens,Gillette Mountain,1759,5770,-117.8153,48.6888,-117.8153,48.6888,6,3,01/12/2010,31/12/2099,0,,
W7W/ST-009,USA - Washington,WA-Stevens,Mount Rogers,1694,5557,-117.7671,48.7263,-117.7671,48.7263,6,3,01/12/2010,31/12/2099,0,,
W7W/ST-010,USA - Washington,WA-Stevens,Goddards Peak,1691,5548,-117.535,48.3286,-117.535,48.3286,6,3,01/12/2010,31/12/2099,0,,
W7W/ST-011,USA - Washington,WA-Stevens,Monumental Mountain,1687,5534,-118.0657,48.4902,-118.0657,48.4902,6,3,01/12/2010,31/12/2099,6,13/08/2024,W7MDN
W7W/ST-012,USA - Washington,WA-Stevens,5434 Olivia Mtn,1656,5434,-117.5088,48.3573,-117.5088,48.3573,6,3,01/12/2010,31/12/2099,2,25/08/2022,W7MDN
W7W/ST-013,USA - Washington,WA-Stevens,Blacktail Butte,1654,5426,-117.6567,48.6781,-117.6567,48.6781,6,3,01/12/2010,31/12/2099,0,,
W7W/ST-014,USA - Washington,WA-Stevens,Dunn Mountain,1640,5380,-117.9591,48.3471,-117.9591,48.3471,6,3,01/12/2010,31/12/2099,3,01/10/2024,W7MDN
W7W/ST-015,USA - Washington,WA-Stevens,5339 Transponder Mtn,1627,5339,-117.5059,48.5038,-117.5059,48.5038,6,3,01/12/2010,31/12/2099,0,,
W7W/ST-016,USA - Washington,WA-Stevens,Old Douglas,1599,5245,-117.8496,48.6389,-117.8496,48.6389,6,3,01/12/2010,31/12/2099,0,,
W7W/ST-017,USA - Washington,WA-Stevens,5201 Inductor Mtn,1585,5201,-117.5303,48.2531,-117.5303,48.2531,6,3,01/12/2010,31/12/2099,4,08/10/2023,K7DJL
W7W/ST-018,USA - Washington,WA-Stevens,5170 Longwire Mtn,1576,5170,-117.5289,48.2056,-117.5289,48.2056,6,3,01/12/2010,31/12/2099,3,12/09/2022,W7MDN
W7W/ST-019,USA - Washington,WA-Stevens,Uncle Sam Mountain,1550,5085,-117.8289,48.7282,-117.8289,48.7282,6,3,01/12/2010,31/12/2099,0,,
W7W/ST-020,USA - Washington,WA-Stevens,Green Mountain,1546,5071,-117.6096,48.6305,-117.6096,48.6305,6,3,01/12/2010,31/12/2099,1,29/08/2022,W7MDN
W7W/ST-021,USA - Washington,WA-Stevens,Addy Mountain,1489,4885,-117.7564,48.4119,-117.7564,48.4119,4,0,01/12/2010,31/12/2099,0,,
W7W/ST-022,USA - Washington,WA-Stevens,Deadman Hill,1468,4815,-118.0511,48.3786,-118.0511,48.3786,4,0,01/12/2010,31/12/2099,0,,
W7W/ST-023,USA - Washington,WA-Stevens,North Dunn Mountain,1449,4754,-117.9736,48.3809,-117.9736,48.3809,4,0,01/12/2010,31/12/2099,0,,
W7W/ST-024,USA - Washington,WA-Stevens,4739 Mt Modulator,1444,4739,-117.5089,48.9946,-117.5089,48.9946,4,0,01/12/2010,31/12/2099,0,,
W7W/ST-025,USA - Washington,WA-Stevens,Lime Creek Mountain,1444,4739,-117.66,48.8825,-117.66,48.8825,4,0,01/12/2010,31/12/2099,0,,
W7W/ST-026,USA - Washington,WA-Stevens,Hope Mountain,1436,4712,-118.121,48.991,-118.121,48.991,4,0,01/12/2010,31/12/2099,0,,
W7W/ST-027,USA - Washington,WA-Stevens,Huckleberry Mountain South,1434,4704,-118.0769,48.0322,-118.0769,48.0322,4,0,01/12/2010,31/12/2099,0,,
W7W/ST-028,USA - Washington,WA-Stevens,Stone Mountain,1433,4700,-117.6678,48.9139,-117.6678,48.9139,4,0,01/12/2010,31/12/2099,0,,
W7W/ST-029,USA - Washington,WA-Stevens,Adams Mountain,1428,4685,-118.0926,48.0905,-118.0926,48.0905,4,0,01/12/2010,31/12/2099,0,,
W7W/ST-030,USA - Washington,WA-Stevens,Red Top Mountain,1420,4660,-117.5571,48.9613,-117.5571,48.9613,4,0,01/12/2010,31/12/2099,0,,
W7W/ST-031,USA - Washington,WA-Stevens,4635 Precedence Pk,1413,4635,-118.0834,48.0727,-118.0834,48.0727,4,0,01/12/2010,31/12/2099,0,,
W7W/ST-032,USA - Washington,WA-Stevens,Eagle Mountain,1408,4620,-117.6439,48.3203,-117.6439,48.3203,4,0,01/12/2010,31/12/2099,2,22/08/2024,W7MDN
W7W/ST-033,USA - Washington,WA-Stevens,Lane Mountain,1390,4561,-117.8653,48.1697,-117.8653,48.1697,4,0,01/12/2010,31/12/2099,0,,
W7W/ST-034,USA - Washington,WA-Stevens,Mineral Mountain,1384,4542,-118.025,48.8828,-118.025,48.8828,4,0,01/12/2010,31/12/2099,0,,
W7W/ST-035,USA - Washington,WA-Stevens,4540 Re-Transmission Pk,1384,4540,-117.5389,48.3719,-117.5389,48.3719,4,0,01/12/2010,31/12/2099,0,,
W7W/ST-036,USA - Washington,WA-Stevens,Jumbo Mountain,1383,4539,-118.0816,48.8634,-118.0816,48.8634,4,0,01/12/2010,31/12/2099,0,,
W7W/ST-037,USA - Washington,WA-Stevens,4534 Straight Key Summit,1382,4534,-117.6,48.5987,-117.6,48.5987,4,0,01/12/2010,31/12/2099,0,,
W7W/ST-038,USA - Washington,WA-Stevens,Wilson Mountain,1380,4528,-117.59,48.3691,-117.59,48.3691,4,0,01/12/2010,31/12/2099,0,,
W7W/ST-039,USA - Washington,WA-Stevens,Wellington Peak,1366,4483,-118.0767,48.2591,-118.0767,48.2591,4,0,01/12/2010,31/12/2099,0,,
W7W/ST-040,USA - Washington,WA-Stevens,4475 Transverter Peak,1364,4475,-117.6685,48.6371,-117.6685,48.6371,4,0,01/12/2010,31/12/2099,0,,
W7W/ST-041,USA - Washington,WA-Stevens,Divide Benchmark,1359,4460,-118.0413,48.0991,-118.0413,48.0991,4,0,01/12/2010,31/12/2099,1,20/05/2022,W7MDN
W7W/ST-042,USA - Washington,WA-Stevens,4418 Fading Mtn,1347,4418,-117.68,48.5731,-117.68,48.5731,4,0,01/12/2010,31/12/2099,0,,
W7W/ST-043,USA - Washington,WA-Stevens,Comstock,1331,4366,-117.8547,48.7001,-117.8547,48.7001,4,0,01/12/2010,31/12/2099,0,,
W7W/ST-044,USA - Washington,WA-Stevens,4355 Half Square Mtn,1327,4355,-117.7558,48.7958,-117.7558,48.7958,4,0,01/12/2010,31/12/2099,0,,
W7W/ST-045,USA - Washington,WA-Stevens,Irish Mountain,1315,4314,-117.7411,48.6576,-117.7411,48.6576,4,0,01/12/2010,31/12/2099,0,,
W7W/ST-046,USA - Washington,WA-Stevens,Flagstaff Mountain,1298,4260,-117.8693,48.9086,-117.8693,48.9086,4,0,01/12/2010,31/12/2099,0,,
W7W/ST-047,USA - Washington,WA-Stevens,4250 Integrated Circuit Mtn,1295,4250,-118.0852,48.9611,-118.0852,48.9611,4,0,01/12/2010,31/12/2099,0,,
W7W/ST-048,USA - Washington,WA-Stevens,4243 Low Earth Orbit Pk,1293,4243,-117.6052,48.5547,-117.6052,48.5547,4,0,01/12/2010,31/12/2099,0,,
W7W/ST-049,USA - Washington,WA-Stevens,4202 Mt Monoband,1281,4202,-117.6246,48.5478,-117.6246,48.5478,4,0,01/12/2010,31/12/2099,0,,
W7W/ST-050,USA - Washington,WA-Stevens,Bald Mountain,1279,4195,-117.5919,48.1519,-117.5919,48.1519,4,0,01/12/2010,31/12/2099,0,,
W7W/ST-051,USA - Washington,WA-Stevens,Grande Mountain,1265,4149,-117.8801,48.7756,-117.8801,48.7756,4,0,01/12/2010,31/12/2099,0,,
W7W/ST-052,USA - Washington,WA-Stevens,4135 Product Detector Pk,1260,4135,-118.0498,48.2354,-118.0498,48.2354,4,0,01/12/2010,31/12/2099,0,,
W7W/ST-053,USA - Washington,WA-Stevens,4124 Rhombic Ridge,1257,4124,-118.0476,48.209,-118.0476,48.209,4,0,01/12/2010,31/12/2099,0,,
W7W/ST-054,USA - Washington,WA-Stevens,OToole Mountain,1253,4112,-117.8839,48.8089,-117.8839,48.8089,4,0,01/12/2010,31/12/2099,0,,
W7W/ST-055,USA - Washington,WA-Stevens,Deer Mountain,1248,4094,-117.7622,48.3517,-117.7622,48.3517,4,0,01/12/2010,31/12/2099,1,18/08/2023,W7MDN
W7W/ST-056,USA - Washington,WA-Stevens,4049 Sub-Audible,1234,4049,-117.6133,48.7936,-117.6133,48.7936,4,0,01/12/2010,31/12/2099,0,,
W7W/ST-057,USA - Washington,WA-Stevens,Five Sisters,1233,4046,-117.6669,47.9581,-117.6669,47.9581,4,0,01/12/2010,31/12/2099,1,28/11/2021,W7MDN
W7W/ST-058,USA - Washington,WA-Stevens,Blue Grouse Mountain,1213,3980,-117.5096,48.0978,-117.5096,48.0978,4,0,01/12/2010,31/12/2099,1,09/08/2023,W7MDN
W7W/ST-059,USA - Washington,WA-Stevens,Paradis Peak,1213,3980,-117.9675,48.5144,-117.9675,48.5144,4,0,01/12/2010,31/12/2099,0,,
W7W/ST-060,USA - Washington,WA-Stevens,3977 Tribander Mtn,1212,3977,-117.654,48.3643,-117.654,48.3643,4,0,01/12/2010,31/12/2099,0,,
W7W/ST-061,USA - Washington,WA-Stevens,First Thought Mountain,1209,3965,-118.1665,48.897,-118.1665,48.897,4,0,01/12/2010,31/12/2099,0,,
W7W/ST-062,USA - Washington,WA-Stevens,3940 Fax Summit,1201,3940,-118.0722,48.8187,-118.0722,48.8187,4,0,01/12/2010,31/12/2099,0,,
W7W/ST-063,USA - Washington,WA-Stevens,Queen of Sheba,1199,3933,-117.8961,48.7156,-117.8961,48.7156,4,0,01/12/2010,31/12/2099,0,,
W7W/ST-064,USA - Washington,WA-Stevens,Belshazzar Mountain,1198,3931,-117.9223,48.9277,-117.9223,48.9277,4,0,01/12/2010,31/12/2099,0,,
W7W/ST-065,USA - Washington,WA-Stevens,3902 Halfwave Pk,1189,3902,-118.0425,48.285,-118.0425,48.285,4,0,01/12/2010,31/12/2099,0,,
W7W/ST-066,USA - Washington,WA-Stevens,3900 Intermediate Frequency Mtn,1189,3900,-117.994,48.9336,-117.994,48.9336,4,0,01/12/2010,31/12/2099,0,,
W7W/ST-067,USA - Washington,WA-Stevens,3900 Keyboard Butte,1189,3900,-117.8887,48.6637,-117.8887,48.6637,4,0,01/12/2010,31/12/2099,0,,
W7W/ST-068,USA - Washington,WA-Stevens,3888 Low Power Mtn,1185,3888,-117.895,48.9262,-117.895,48.9262,4,0,01/12/2010,31/12/2099,0,,
W7W/ST-069,USA - Washington,WA-Stevens,3871 Mt Moonbounce,1180,3871,-117.5468,48.1191,-117.5468,48.1191,4,0,01/12/2010,31/12/2099,0,,
W7W/ST-071,USA - Washington,WA-Stevens,Empey Mountain,1175,3856,-117.897,48.0884,-117.897,48.0884,4,0,01/12/2010,31/12/2099,0,,
W7W/ST-072,USA - Washington,WA-Stevens,3855 Near Vertical Incidence Pk,1175,3855,-117.5107,48.1672,-117.5107,48.1672,4,0,01/12/2010,31/12/2099,0,,
W7W/ST-073,USA - Washington,WA-Stevens,Lookout Mountain,1174,3853,-117.9258,48.7786,-117.9258,48.7786,4,0,01/12/2010,31/12/2099,0,,
W7W/ST-074,USA - Washington,WA-Stevens,Little Roundtop,1171,3843,-117.764,48.6304,-117.764,48.6304,4,0,01/12/2010,31/12/2099,0,,
W7W/ST-075,USA - Washington,WA-Stevens,Rabbit Mountain,1171,3841,-117.7175,48.6958,-117.7175,48.6958,4,0,01/12/2010,31/12/2099,0,,
W7W/ST-076,USA - Washington,WA-Stevens,Bodie Mountain,1155,3790,-117.7795,48.8753,-117.7795,48.8753,4,0,01/12/2010,31/12/2099,0,,
W7W/ST-077,USA - Washington,WA-Stevens,Deer Lake Mountain,1142,3747,-117.6049,48.0829,-117.6049,48.0829,4,0,01/12/2010,31/12/2099,0,,
W7W/ST-078,USA - Washington,WA-Stevens,Moberg Hill,1140,3740,-117.9079,48.6986,-117.9079,48.6986,4,0,01/12/2010,31/12/2099,0,,
W7W/ST-079,USA - Washington,WA-Stevens,Old Copper Hill,1140,3740,-118.1262,48.412,-118.1262,48.412,4,0,01/12/2010,31/12/2099,0,,
W7W/ST-080,USA - Washington,WA-Stevens,3735 Prominence Summit,1138,3735,-117.9141,48.7631,-117.9141,48.7631,4,0,01/12/2010,31/12/2099,0,,
W7W/ST-081,USA - Washington,WA-Stevens,3731 Rockbound Mtn,1137,3731,-118.0699,48.1642,-118.0699,48.1642,4,0,01/12/2010,31/12/2099,0,,
W7W/ST-082,USA - Washington,WA-Stevens,Quartzite Mountain,1132,3714,-117.6645,48.2758,-117.6645,48.2758,4,0,01/12/2010,31/12/2099,2,16/05/2024,NE7ET
W7W/ST-083,USA - Washington,WA-Stevens,3709 Sunspot Summit,1131,3709,-118.0685,48.2071,-118.0685,48.2071,4,0,01/12/2010,31/12/2099,0,,
W7W/ST-084,USA - Washington,WA-Stevens,Gold Hill,1128,3700,-118.0944,48.3538,-118.0944,48.3538,4,0,01/12/2010,31/12/2099,0,,
W7W/ST-085,USA - Washington,WA-Stevens,Hungry Hill,1122,3681,-118.1103,48.8903,-118.1103,48.8903,4,0,01/12/2010,31/12/2099,0,,
W7W/ST-086,USA - Washington,WA-Stevens,McDonald Mountain,1120,3674,-117.6486,48.4172,-117.6486,48.4172,4,0,01/12/2010,31/12/2099,0,,
W7W/ST-087,USA - Washington,WA-Stevens,Brewer Mountain,1119,3670,-117.6456,48.3971,-117.6456,48.3971,4,0,01/12/2010,31/12/2099,0,,
W7W/ST-088,USA - Washington,WA-Stevens,3624 Mt Triode,1105,3624,-117.9608,48.9344,-117.9608,48.9344,4,0,01/12/2010,31/12/2099,0,,
W7W/ST-089,USA - Washington,WA-Stevens,3612 Feed Point Mtn,1101,3612,-117.9928,48.8635,-117.9928,48.8635,4,0,01/12/2010,31/12/2099,0,,
W7W/ST-091,USA - Washington,WA-Stevens,Quartz Mountain,1086,3563,-118.1117,48.2979,-118.1117,48.2979,4,0,01/12/2010,31/12/2099,0,,
W7W/ST-092,USA - Washington,WA-Stevens,Day Mountain,1086,3562,-118.1187,48.4564,-118.1187,48.4564,4,0,01/12/2010,31/12/2099,0,,
W7W/ST-093,USA - Washington,WA-Stevens,McKinley Mountain,1079,3540,-118.1628,48.9653,-118.1628,48.9653,4,0,01/12/2010,31/12/2099,0,,
W7W/ST-094,USA - Washington,WA-Stevens,Roundtop Mountain,1071,3515,-117.625,48.2311,-117.625,48.2311,4,0,01/12/2010,31/12/2099,1,14/08/2023,W7MDN
W7W/ST-096,USA - Washington,WA-Stevens,Nicholls Mountain,1067,3500,-118.136,48.4502,-118.136,48.4502,4,0,01/12/2010,31/12/2099,0,,
W7W/ST-097,USA - Washington,WA-Stevens,Rattlesnake Mountain,1065,3493,-117.9632,48.6083,-117.9632,48.6083,4,0,01/12/2010,31/12/2099,0,,
W7W/ST-098,USA - Washington,WA-Stevens,Loon Lake Mountain,1059,3476,-117.589,48.0536,-117.589,48.0536,4,0,01/12/2010,31/12/2099,3,09/10/2024,W7MDN
W7W/ST-100,USA - Washington,WA-Stevens,Parker Mountain,1055,3461,-117.6428,48.2486,-117.6428,48.2486,4,0,01/12/2010,31/12/2099,0,,
W7W/ST-102,USA - Washington,WA-Stevens,3458 Gain Summit,1054,3458,-117.8975,48.1822,-117.8975,48.1822,4,0,01/12/2010,31/12/2099,0,,
W7W/ST-103,USA - Washington,WA-Stevens,3443 Ham Radio Butte,1049,3443,-117.818,48.2728,-117.818,48.2728,4,0,01/12/2010,31/12/2099,0,,
W7W/ST-105,USA - Washington,WA-Stevens,3430 Ionosphere Mtn,1045,3430,-117.6394,48.1565,-117.6394,48.1565,4,0,01/12/2010,31/12/2099,0,,
W7W/ST-106,USA - Washington,WA-Stevens,3425 Keyer Butte,1044,3425,-118.0985,48.1584,-118.0985,48.1584,4,0,01/12/2010,31/12/2099,0,,
W7W/ST-107,USA - Washington,WA-Stevens,Toulou Mountain,1042,3420,-118.1596,48.8486,-118.1596,48.8486,4,0,01/12/2010,31/12/2099,0,,
W7W/ST-108,USA - Washington,WA-Stevens,Jumpoff Joe Mountain,1042,3418,-117.6653,48.1179,-117.6653,48.1179,4,0,01/12/2010,31/12/2099,0,,
W7W/ST-109,USA - Washington,WA-Stevens,3411 Mt Lowband,1040,3411,-117.4487,48.0891,-117.4487,48.0891,4,0,01/12/2010,31/12/2099,0,,
W7W/ST-110,USA - Washington,WA-Stevens,3386 Mt Multiband,1032,3386,-117.7804,48.2623,-117.7804,48.2623,4,0,01/12/2010,31/12/2099,0,,
W7W/ST-111,USA - Washington,WA-Stevens,Colville Mountain,1029,3375,-117.8972,48.5729,-117.8972,48.5729,4,0,01/12/2010,31/12/2099,1,10/11/2023,W7MDN
W7W/ST-112,USA - Washington,WA-Stevens,Bald Benchmark,1024,3359,-118.1466,48.1069,-118.1466,48.1069,4,0,01/12/2010,31/12/2099,0,,
W7W/ST-113,USA - Washington,WA-Stevens,3340 Beitey Peak,1018,3340,-117.6394,48.1898,-117.6394,48.1898,4,0,01/12/2010,31/12/2099,1,11/11/2023,W7MDN
W7W/ST-114,USA - Washington,WA-Stevens,3328 Propogation Butte,1014,3328,-118.1333,48.1484,-118.1333,48.1484,4,0,01/12/2010,31/12/2099,0,,
W7W/ST-115,USA - Washington,WA-Stevens,Kelly Hill,1010,3315,-118.0733,48.7239,-118.0733,48.7239,4,0,01/12/2010,31/12/2099,0,,
W7W/ST-116,USA - Washington,WA-Stevens,Gold Hill,1000,3281,-118.0297,48.6291,-118.0297,48.6291,4,0,01/12/2010,31/12/2099,0,,
W7W/ST-117,USA - Washington,WA-Stevens,3268 Rotator Hill,996,3268,-118.1216,48.8478,-118.1216,48.8478,2,0,01/12/2010,31/12/2099,0,,
W7W/ST-118,USA - Washington,WA-Stevens,3220 Superhetrodyne Hill,981,3220,-117.5892,48.1773,-117.5892,48.1773,2,0,01/12/2010,31/12/2099,0,,
W7W/ST-119,USA - Washington,WA-Stevens,3172 Troposphere Hill,967,3172,-118.1582,48.0491,-118.1582,48.0491,2,0,01/12/2010,31/12/2099,0,,
W7W/ST-121,USA - Washington,WA-Stevens,3131 Vee Beam Hill,954,3131,-117.962,48.7873,-117.962,48.7873,2,0,01/12/2010,31/12/2099,0,,
W7W/ST-122,USA - Washington,WA-Stevens,Wrights Mountain,948,3111,-117.7673,48.2181,-117.7673,48.2181,2,0,01/12/2010,31/12/2099,0,,
W7W/ST-123,USA - Washington,WA-Stevens,3105 Wavelength Hill,946,3105,-117.7625,48.8855,-117.7625,48.8855,2,0,01/12/2010,31/12/2099,0,,
W7W/ST-124,USA - Washington,WA-Stevens,Miller Mountain,945,3100,-118.3222,48.0061,-118.3222,48.0061,2,0,01/12/2010,31/12/2099,1,05/12/2021,W7MDN
W7W/ST-125,USA - Washington,WA-Stevens,Castle Rock,939,3082,-117.8297,48.4604,-117.8297,48.4604,2,0,01/12/2010,31/12/2099,0,,
W7W/ST-126,USA - Washington,WA-Stevens,3075 Field Effect Hill,937,3075,-117.8522,48.2011,-117.8522,48.2011,2,0,01/12/2010,31/12/2099,0,,
W7W/ST-127,USA - Washington,WA-Stevens,3065 General Class Hill,934,3065,-117.981,48.7578,-117.981,48.7578,2,0,01/12/2010,31/12/2099,0,,
W7W/ST-128,USA - Washington,WA-Stevens,3016 Handitalkie Hill,919,3016,-117.9376,48.4317,-117.9376,48.4317,2,0,01/12/2010,31/12/2099,0,,
W7W/ST-129,USA - Washington,WA-Stevens,2980 ITU Hill,908,2980,-117.8662,48.2945,-117.8662,48.2945,2,0,01/12/2010,31/12/2099,0,,
W7W/ST-130,USA - Washington,WA-Stevens,2970 J-Pole Hill,905,2970,-118.0821,48.7638,-118.0821,48.7638,2,0,01/12/2010,31/12/2099,0,,
W7W/ST-131,USA - Washington,WA-Stevens,2970 Kilohertz Hill,905,2970,-118.0311,48.6619,-118.0311,48.6619,2,0,01/12/2010,31/12/2099,0,,
W7W/ST-133,USA - Washington,WA-Stevens,Silver Crown Mountain,897,2943,-117.7717,48.9045,-117.7717,48.9045,2,0,01/12/2010,31/12/2099,0,,
W7W/ST-134,USA - Washington,WA-Stevens,2893 Lower Sideband Hill,882,2893,-118.147,48.2103,-118.147,48.2103,2,0,01/12/2010,31/12/2099,0,,
W7W/ST-135,USA - Washington,WA-Stevens,Riecker Mountain,881,2890,-117.8542,48.3293,-117.8542,48.3293,2,0,01/12/2010,31/12/2099,0,,
W7W/ST-136,USA - Washington,WA-Stevens,2875 Multimode Hill,876,2875,-118.2029,48.9466,-118.2029,48.9466,2,0,01/12/2010,31/12/2099,0,,
W7W/ST-137,USA - Washington,WA-Stevens,2821 Noise Blanker Hill,860,2821,-118.0641,48.7744,-118.0641,48.7744,2,0,01/12/2010,31/12/2099,0,,
W7W/ST-138,USA - Washington,WA-Stevens,Island Mountain,852,2795,-117.8126,48.8792,-117.8126,48.8792,2,0,01/12/2010,31/12/2099,0,,
W7W/ST-139,USA - Washington,WA-Stevens,2780 Passband Hill,847,2780,-117.9736,48.4236,-117.9736,48.4236,2,0,01/12/2010,31/12/2099,0,,
W7W/ST-140,USA - Washington,WA-Stevens,Graham Hill,846,2775,-117.8424,48.5349,-117.8424,48.5349,2,0,01/12/2010,31/12/2099,0,,
W7W/ST-142,USA - Washington,WA-Stevens,Limekiln Hill,838,2748,-117.7314,48.0752,-117.7314,48.0752,2,0,01/12/2010,31/12/2099,0,,
W7W/ST-143,USA - Washington,WA-Stevens,Old Town Mountain,837,2745,-117.8624,48.5892,-117.8624,48.5892,2,0,01/12/2010,31/12/2099,0,,
W7W/ST-144,USA - Washington,WA-Stevens,Gold Hill,823,2700,-117.7649,48.3278,-117.7649,48.3278,2,0,01/12/2010,31/12/2099,0,,
W7W/ST-145,USA - Washington,WA-Stevens,2584 Tuner Hill,788,2584,-118.1955,48.11,-118.1955,48.11,2,0,01/12/2010,31/12/2099,0,,
W7W/ST-146,USA - Washington,WA-Stevens,Denny Benchmark,740,2427,-117.9498,48.8351,-117.9498,48.8351,2,0,01/12/2010,31/12/2099,0,,
W7W/ST-147,USA - Washington,WA-Stevens,2297 RTTY Hill,700,2297,-118.222,48.0678,-118.222,48.0678,2,0,01/12/2010,31/12/2099,0,,
W7W/ST-148,USA - Washington,WA-Stevens,4620,1408,4620,-118.0071,48.519,-118.0071,48.519,4,0,01/12/2016,31/12/2099,0,,
W7W/ST-149,USA - Washington,WA-Stevens,4153,1266,4153,-117.528,48.5784,-117.528,48.5784,4,0,01/12/2016,31/12/2099,0,,
W7W/ST-150,USA - Washington,WA-Stevens,Stoddard Mountain,1190,3904,-117.7573,48.8615,-117.7573,48.8615,4,0,01/12/2016,31/12/2099,0,,
W7W/ST-151,USA - Washington,WA-Stevens,Spokane Mountain,1179,3869,-118.0791,47.9565,-118.0791,47.9565,4,0,01/12/2016,31/12/2099,1,18/10/2021,W7MDN
W7W/ST-152,USA - Washington,WA-Stevens,Dunns Mountain,1090,3575,-117.6171,47.9037,-117.6171,47.9037,4,0,01/12/2016,31/12/2099,0,,
W7W/ST-153,USA - Washington,WA-Stevens,Grouse Ridge,1068,3505,-118.0527,47.9742,-118.0527,47.9742,4,0,01/12/2016,31/12/2099,1,18/10/2021,W7MDN
W7W/ST-154,USA - Washington,WA-Stevens,Wellpinit Mountain,1056,3463,-118.0207,47.8866,-118.0207,47.8866,4,0,01/12/2016,31/12/2099,2,07/07/2023,W7MDN
W7W/ST-155,USA - Washington,WA-Stevens,McMillan Mountain,1055,3460,-117.736,47.9225,-117.736,47.9225,4,0,01/12/2016,31/12/2099,1,04/10/2021,W7MDN
W7W/ST-156,USA - Washington,WA-Stevens,Mount Godfrey,1047,3436,-117.7401,47.875,-117.7401,47.875,4,0,01/12/2016,31/12/2099,1,21/11/2021,W7MDN
W7W/ST-157,USA - Washington,WA-Stevens,3152,961,3152,-117.9774,48.4654,-117.9774,48.4654,2,0,01/12/2016,31/12/2099,0,,
W7W/ST-158,USA - Washington,WA-Stevens,Little Mountain,957,3141,-117.6357,47.916,-117.6357,47.916,2,0,01/12/2016,31/12/2099,1,25/10/2021,W7MDN
W7W/ST-159,USA - Washington,WA-Stevens,Wellpinit Benchmark,903,2964,-117.9449,47.8625,-117.9449,47.8625,2,0,01/12/2016,31/12/2099,1,27/02/2021,W7MDN
W7W/ST-160,USA - Washington,WA-Stevens,2828,862,2828,-117.7184,48.1286,-117.7184,48.1286,2,0,01/12/2016,31/12/2099,0,,
W7W/ST-161,USA - Washington,WA-Stevens,2754,839,2754,-118.2562,47.9768,-118.2562,47.9768,2,0,01/12/2016,31/12/2099,0,,
W7W/WE-001,USA - Washington,WA-Washington East,Oregon Butte,1947,6387,-117.6795,46.1103,-117.6795,46.1103,6,3,01/12/2010,31/12/2099,5,17/08/2024,NS0TA
W7W/WE-002,USA - Washington,WA-Washington East,Garfield County HP,1945,6380,-117.5498,46.1199,-117.5498,46.1199,6,3,01/12/2010,31/12/2099,4,08/10/2022,W7MDN
W7W/WE-003,USA - Washington,WA-Washington East,Mount Misery,1940,6366,-117.5146,46.1229,-117.5146,46.1229,6,3,01/12/2010,31/12/2099,5,23/05/2024,AE7AP
W7W/WE-004,USA - Washington,WA-Washington East,Table Rock,1905,6250,-117.9114,46.0306,-117.9114,46.0306,6,3,01/12/2010,31/12/2099,9,16/08/2024,NS0TA
W7W/WE-005,USA - Washington,WA-Washington East,Burnt Flat,1823,5980,-117.8316,46.0377,-117.8316,46.0377,6,3,01/12/2010,31/12/2099,3,16/08/2024,NS0TA
W7W/WE-006,USA - Washington,WA-Washington East,Mount Spokane,1793,5883,-117.1123,47.9236,-117.1123,47.9236,6,3,01/12/2010,31/12/2099,62,03/10/2024,K6MW
W7W/WE-007,USA - Washington,WA-Washington East,Chase Mountain,1720,5642,-117.8581,46.1123,-117.8581,46.1123,6,3,01/12/2010,31/12/2099,10,16/08/2024,NS0TA
W7W/WE-008,USA - Washington,WA-Washington East,Weller Butte,1689,5540,-117.6732,46.0352,-117.6732,46.0352,6,3,01/12/2010,31/12/2099,0,,
W7W/WE-009,USA - Washington,WA-Washington East,Bald Butte,1670,5479,-117.6088,46.0874,-117.6088,46.0874,6,3,01/12/2010,31/12/2099,0,,
W7W/WE-010,USA - Washington,WA-Washington East,Halsey Butte,1644,5395,-117.5439,46.0752,-117.5439,46.0752,6,3,01/12/2010,31/12/2099,0,,
W7W/WE-011,USA - Washington,WA-Washington East,Mica Peak,1586,5205,-117.0817,47.5734,-117.0817,47.5734,6,3,01/12/2010,31/12/2099,18,01/01/2025,N7MCB
W7W/WE-012,USA - Washington,WA-Washington East,Quartz Mountain,1579,5180,-117.082,47.8852,-117.082,47.8852,6,3,01/12/2010,31/12/2099,43,09/07/2024,N7MCB
W7W/WE-013,USA - Washington,WA-Washington East,Prominencians Peak,1566,5139,-117.5777,46.0848,-117.5777,46.0848,6,3,01/12/2010,31/12/2099,0,,
W7W/WE-014,USA - Washington,WA-Washington East,Ragged Mountain,1506,4940,-117.0545,47.8696,-117.0545,47.8696,6,3,01/12/2010,31/12/2099,19,07/12/2024,AF7QD
W7W/WE-015,USA - Washington,WA-Washington East,4831 Field Effect Mtn,1472,4831,-117.0469,47.9476,-117.0469,47.9476,4,0,01/12/2010,31/12/2099,5,11/06/2023,W7MDN
W7W/WE-016,USA - Washington,WA-Washington East,4780 Diode Mtn,1457,4780,-117.6253,46.1042,-117.6253,46.1042,4,0,01/12/2010,31/12/2099,0,,
W7W/WE-017,USA - Washington,WA-Washington East,4140 Pentode Peak,1262,4140,-117.128,48.0171,-117.128,48.0171,4,0,01/12/2010,31/12/2099,13,24/09/2024,N7MCB
W7W/WE-018,USA - Washington,WA-Washington East,4061 Tetrode Peak,1238,4061,-117.0896,48.0295,-117.0896,48.0295,4,0,01/12/2010,31/12/2099,2,14/06/2020,K7DJL
W7W/WE-019,USA - Washington,WA-Washington East,Scoop Mtn,1220,4003,-117.6755,47.9418,-117.6755,47.9418,4,0,01/12/2010,30/11/2016,0,,
W7W/WE-020,USA - Washington,WA-Washington East,Tekoa Benchmark,1184,3886,-117.0693,47.3058,-117.0693,47.3058,4,0,01/12/2010,31/12/2099,2,02/04/2022,W7MDN
W7W/WE-021,USA - Washington,WA-Washington East,Krell Hill,1119,3670,-117.2944,47.5821,-117.2944,47.5821,4,0,01/12/2010,31/12/2099,39,11/11/2024,AF7QD
W7W/WE-022,USA - Washington,WA-Washington East,Kamiak Butte,1110,3641,-117.1671,46.8622,-117.1671,46.8622,4,0,01/12/2010,31/12/2099,32,23/12/2024,KG7EJT
W7W/WE-023,USA - Washington,WA-Washington East,Steptoe Butte,1101,3612,-117.2967,47.0326,-117.2967,47.0326,4,0,01/12/2010,31/12/2099,42,23/12/2024,KG7EJT
W7W/WE-024,USA - Washington,WA-Washington East,Lilienthal Mountain,1088,3568,-118.2333,47.9102,-118.2333,47.9102,4,0,01/12/2010,31/12/2099,2,26/03/2022,W7MDN
W7W/WE-025,USA - Washington,WA-Washington East,3516 Triode Mtn,1072,3516,-117.1349,47.758,-117.1349,47.758,4,0,01/12/2010,31/12/2099,14,16/11/2024,AF7QD
W7W/WE-026,USA - Washington,WA-Washington East,Gelbert Mountain,1064,3490,-117.128,47.3266,-117.128,47.3266,4,0,01/12/2010,31/12/2099,1,10/04/2019,K7DJL
W7W/WE-027,USA - Washington,WA-Washington East,Antoine Peak,1029,3375,-117.1692,47.7255,-117.1692,47.7255,4,0,01/12/2010,31/12/2099,52,22/12/2024,KJ7LVO
W7W/WE-028,USA - Washington,WA-Washington East,Parker Butte,1009,3310,-117.0556,46.8506,-117.0556,46.8506,4,0,01/12/2010,31/12/2099,1,13/02/2021,K7DJL
W7W/WE-029,USA - Washington,WA-Washington East,Ringo Butte,991,3251,-117.0499,46.8771,-117.0499,46.8771,2,0,01/12/2010,30/11/2016,0,,
W7W/WE-030,USA - Washington,WA-Washington East,Lookout Mountain,949,3114,-117.5093,47.813,-117.5093,47.813,2,0,01/12/2010,31/12/2099,8,28/03/2022,W7MDN
W7W/WE-031,USA - Washington,WA-Washington East,Hanning Butte,929,3049,-117.8913,47.5876,-117.8913,47.5876,2,0,01/12/2010,31/12/2099,3,03/09/2023,W7MDN
W7W/WE-032,USA - Washington,WA-Washington East,Morefield Butte,928,3045,-117.1338,47.4013,-117.1338,47.4013,2,0,01/12/2010,30/11/2016,0,,
W7W/WE-033,USA - Washington,WA-Washington East,Smoot Hill,921,3022,-117.238,46.8182,-117.238,46.8182,2,0,01/12/2010,31/12/2099,1,16/11/2024,K2VFZ
W7W/WE-034,USA - Washington,WA-Washington East,Shoemaker Butte,915,3001,-117.832,47.7431,-117.832,47.7431,2,0,01/12/2010,31/12/2099,3,14/08/2022,W7MDN
W7W/WE-035,USA - Washington,WA-Washington East,Booth Hill,899,2949,-117.7277,47.5544,-117.7277,47.5544,2,0,01/12/2010,31/12/2099,9,14/11/2021,KJ7QEX
W7W/WE-036,USA - Washington,WA-Washington East,Steam Shovel Hill,893,2930,-117.3149,47.1054,-117.3149,47.1054,2,0,01/12/2010,30/11/2016,0,,
W7W/WE-037,USA - Washington,WA-Washington East,Needham Hill,879,2884,-117.5605,47.5513,-117.5605,47.5513,2,0,01/12/2010,31/12/2099,4,12/03/2023,W7MDN
W7W/WE-038,USA - Washington,WA-Washington East,2820 Beacon Hill,860,2820,-117.0458,47.7642,-117.0458,47.7642,2,0,01/12/2010,31/12/2099,3,28/11/2021,KJ7QEX
W7W/WE-039,USA - Washington,WA-Washington East,Milan Hill,816,2677,-117.3044,47.9585,-117.3044,47.9585,2,0,01/12/2010,30/11/2016,0,,
W7W/WE-040,USA - Washington,WA-Washington East,Pitney Butte,808,2651,-118.1733,47.8784,-118.1733,47.8784,2,0,01/12/2010,30/11/2016,0,,
W7W/WE-041,USA - Washington,WA-Washington East,2356 Network Hill,718,2356,-118.3498,47.8279,-118.3498,47.8279,2,0,01/12/2010,31/12/2099,1,20/12/2020,W7MDN
W7W/WE-042,USA - Washington,WA-Washington East,1886 Bandplan Hill,575,1886,-117.9865,46.5459,-117.9865,46.5459,2,0,01/12/2010,31/12/2099,1,15/09/2012,KE7WOE
W7W/WE-043,USA - Washington,WA-Washington East,Benjamins Butte,502,1648,-118.3166,46.7109,-118.3166,46.7109,2,0,01/12/2010,31/12/2099,0,,
W7W/WE-044,USA - Washington,WA-Washington East,Hunt Benchmark,483,1584,-118.5914,46.5777,-118.5914,46.5777,1,0,01/12/2010,31/12/2099,0,,
W7W/WE-045,USA - Washington,WA-Washington East,Red Mountain,430,1410,-119.4256,46.2896,-119.4256,46.2896,1,0,01/12/2016,31/12/2099,1,11/06/2019,KJ7EHA
W7W/WE-046,USA - Washington,WA-Washington East,Candy Mountain,424,1391,-119.3664,46.259,-119.3664,46.259,1,0,01/12/2016,31/12/2099,5,07/04/2024,WV7W
W7W/WE-047,USA - Washington,WA-Washington East,Goose Hill,408,1339,-119.4298,46.2465,-119.4298,46.2465,1,0,01/12/2016,31/12/2099,2,24/08/2019,KJ7EHA
W7W/WE-048,USA - Washington,WA-Washington East,West Gable Mountains,340,1115,-119.5157,46.6029,-119.5157,46.6029,1,0,01/12/2016,31/12/2099,0,,
W7W/WE-049,USA - Washington,WA-Washington East,Saddle Butte,1798,5900,-117.4618,46.0704,-117.4618,46.0704,6,3,01/12/2016,31/12/2099,2,16/09/2023,W7PCT
W7W/WE-050,USA - Washington,WA-Washington East,Mount Wilson,1497,4913,-116.9777,45.998,-116.9777,45.998,4,0,01/12/2016,31/12/2099,0,,
W7W/WE-051,USA - Washington,WA-Washington East,Puffer Butte,1372,4500,-117.1749,46.0725,-117.1749,46.0725,4,0,01/12/2016,31/12/2099,9,24/05/2024,AE7AP
W7W/WE-052,USA - Washington,WA-Washington East,Tekoa Mountain,1222,4009,-117.0899,47.2583,-117.0899,47.2583,4,0,01/12/2016,31/12/2099,2,31/10/2021,W7MDN
W7W/WE-053,USA - Washington,WA-Washington East,Rattlesnake Benchmark,1106,3629,-119.84,46.4476,-119.84,46.4476,4,0,01/12/2016,31/12/2099,0,,
W7W/WE-054,USA - Washington,WA-Washington East,Rattlesnake Mountain,1091,3580,-119.6298,46.4153,-119.6298,46.4153,4,0,01/12/2016,31/12/2099,1,13/07/2019,KJ7EHA
W7W/WE-055,USA - Washington,WA-Washington East,Bald Butte,1050,3446,-117.0881,46.6336,-117.0881,46.6336,4,0,01/12/2016,31/12/2099,0,,
W7W/WE-056,USA - Washington,WA-Washington East,Bracken Point,1039,3408,-117.3255,46.2494,-117.3255,46.2494,4,0,01/12/2016,31/12/2099,1,08/05/2021,W7MDN
W7W/WE-057,USA - Washington,WA-Washington East,Ladow Butte,1005,3296,-117.0651,46.992,-117.0651,46.992,4,0,01/12/2016,31/12/2099,4,30/12/2023,KG7EJT
W7W/WE-058,USA - Washington,WA-Washington East,2850,869,2850,-118.7942,47.8711,-118.7942,47.8711,2,0,01/12/2016,31/12/2099,1,17/05/2019,K7DJL
W7W/WE-059,USA - Washington,WA-Washington East,Jump Off Joe,671,2200,-119.1298,46.1038,-119.1298,46.1038,2,0,01/12/2016,31/12/2099,10,21/11/2024,KR7RK
W7W/WE-060,USA - Washington,WA-Washington East,Chandler Butte,624,2046,-119.5641,46.2475,-119.5641,46.2475,2,0,01/12/2016,31/12/2099,8,10/11/2023,WV7W
W7W/WE-061,USA - Washington,WA-Washington East,Badger Mountain,486,1595,-119.3214,46.2344,-119.3214,46.2344,1,0,01/12/2016,31/12/2099,14,15/03/2024,KJ7LZA
W7W/WH-001,USA - Washington,WA-Whatcom,Mount Baker,3286,10781,-121.8144,48.7768,-121.8144,48.7768,10,3,01/12/2010,31/12/2099,17,22/08/2024,WA7OOO
W7W/WH-002,USA - Washington,WA-Whatcom,Mount Shuksan,2783,9131,-121.6028,48.8311,-121.6028,48.8311,10,3,01/12/2010,31/12/2099,3,05/07/2024,N6RUN
W7W/WH-003,USA - Washington,WA-Whatcom,Lincoln Peak,2774,9100,-121.8586,48.7683,-121.8586,48.7683,10,3,01/12/2010,31/12/2099,0,,
W7W/WH-004,USA - Washington,WA-Whatcom,Jack Mountain,2763,9066,-120.9564,48.7728,-120.9564,48.7728,10,3,01/12/2010,31/12/2099,0,,
W7W/WH-005,USA - Washington,WA-Whatcom,Mount Spickard,2737,8979,-121.2406,48.9697,-121.2406,48.9697,10,3,01/12/2010,31/12/2099,0,,
W7W/WH-006,USA - Washington,WA-Whatcom,Mount Redoubt,2734,8969,-121.3008,48.9578,-121.3008,48.9578,10,3,01/12/2010,31/12/2099,0,,
W7W/WH-007,USA - Washington,WA-Whatcom,Custer Ridge,2630,8630,-121.2497,48.989,-121.2497,48.989,10,3,01/12/2010,31/12/2099,0,,
W7W/WH-008,USA - Washington,WA-Whatcom,Mox Peaks (HP),2592,8504,-121.2569,48.9471,-121.2569,48.9471,10,3,01/12/2010,31/12/2099,0,,
W7W/WH-009,USA - Washington,WA-Whatcom,West Mox Peaks,2562,8407,-121.2625,48.9487,-121.2625,48.9487,10,3,01/12/2010,31/12/2099,0,,
W7W/WH-010,USA - Washington,WA-Whatcom,Mount Ballard,2542,8340,-120.7577,48.6857,-120.7577,48.6857,10,3,01/12/2010,31/12/2099,0,,
W7W/WH-011,USA - Washington,WA-Whatcom,Luna Peak,2533,8311,-121.2719,48.8308,-121.2719,48.8308,10,3,01/12/2010,31/12/2099,0,,
W7W/WH-012,USA - Washington,WA-Whatcom,Castle Peak,2532,8306,-120.862,48.982,-120.862,48.982,10,3,01/12/2010,31/12/2099,0,,
W7W/WH-013,USA - Washington,WA-Whatcom,Mount Fury,2530,8300,-121.3228,48.8117,-121.3228,48.8117,10,3,01/12/2010,31/12/2099,0,,
W7W/WH-014,USA - Washington,WA-Whatcom,Mount Challenger,2501,8207,-121.3422,48.8364,-121.3422,48.8364,10,3,01/12/2010,31/12/2099,0,,
W7W/WH-015,USA - Washington,WA-Whatcom,Mount Terror,2484,8151,-121.2992,48.7747,-121.2992,48.7747,8,3,01/12/2010,31/12/2099,0,,
W7W/WH-016,USA - Washington,WA-Whatcom,Crater Mountain,2477,8128,-120.92,48.7392,-120.92,48.7392,8,3,01/12/2010,31/12/2099,0,,
W7W/WH-017,USA - Washington,WA-Whatcom,Hozomeen Mountain,2459,8066,-121.0119,48.9819,-121.0119,48.9819,8,3,01/12/2010,31/12/2099,0,,
W7W/WH-018,USA - Washington,WA-Whatcom,Devils Tongue,2453,8048,-121.2166,48.9951,-121.2166,48.9951,8,3,01/12/2010,31/12/2099,0,,
W7W/WH-019,USA - Washington,WA-Whatcom,West McMillan Spire,2444,8020,-121.2786,48.7731,-121.2786,48.7731,8,3,01/12/2010,31/12/2099,0,,
W7W/WH-020,USA - Washington,WA-Whatcom,South Hozomeen Mountain,2439,8003,-120.9976,48.9729,-120.9976,48.9729,8,3,01/12/2010,31/12/2099,0,,
W7W/WH-021,USA - Washington,WA-Whatcom,American Border Peak,2437,7994,-121.665,48.9954,-121.665,48.9954,8,3,01/12/2010,31/12/2099,0,,
W7W/WH-022,USA - Washington,WA-Whatcom,Three Fools Peak,2420,7940,-120.7633,48.9006,-120.7633,48.9006,8,3,01/12/2010,31/12/2099,0,,
W7W/WH-023,USA - Washington,WA-Whatcom,West Twin Needles,2419,7936,-121.3126,48.7765,-121.3126,48.7765,8,3,01/12/2010,31/12/2099,0,,
W7W/WH-024,USA - Washington,WA-Whatcom,Bear Mountain,2417,7931,-121.3408,48.9306,-121.3408,48.9306,8,3,01/12/2010,31/12/2099,0,,
W7W/WH-025,USA - Washington,WA-Whatcom,Tombstone Peak,2406,7895,-121.2253,48.9619,-121.2253,48.9619,8,3,01/12/2010,31/12/2099,0,,
W7W/WH-026,USA - Washington,WA-Whatcom,Mount Larrabee,2396,7861,-121.6478,48.9791,-121.6478,48.9791,8,3,01/12/2010,31/12/2099,2,21/07/2021,KJ7RTO
W7W/WH-027,USA - Washington,WA-Whatcom,Full Moon Rising,2394,7855,-120.8978,48.9939,-120.8978,48.9939,8,3,01/12/2010,31/12/2099,0,,
W7W/WH-028,USA - Washington,WA-Whatcom,Shull Mountain,2387,7830,-120.7745,48.8572,-120.7745,48.8572,8,3,01/12/2010,31/12/2099,0,,
W7W/WH-029,USA - Washington,WA-Whatcom,Three Aunts,2371,7780,-120.8668,48.9619,-120.8668,48.9619,8,3,01/12/2010,31/12/2099,0,,
W7W/WH-030,USA - Washington,WA-Whatcom,Colonial Peak,2369,7771,-121.1217,48.6615,-121.1217,48.6615,8,3,01/12/2010,31/12/2099,0,,
W7W/WH-031,USA - Washington,WA-Whatcom,Tradition Peak,2361,7747,-121.2831,48.9125,-121.2831,48.9125,8,3,01/12/2010,31/12/2099,0,,
W7W/WH-032,USA - Washington,WA-Whatcom,Freezeout Mountain,2360,7744,-120.8825,48.9687,-120.8825,48.9687,8,3,01/12/2010,31/12/2099,0,,
W7W/WH-033,USA - Washington,WA-Whatcom,Yank Peak,2360,7742,-121.3197,48.9669,-121.3197,48.9669,8,3,01/12/2010,31/12/2099,0,,
W7W/WH-034,USA - Washington,WA-Whatcom,Elija Ridge,2359,7739,-120.9597,48.6503,-120.9597,48.6503,8,3,01/12/2010,31/12/2099,0,,
W7W/WH-035,USA - Washington,WA-Whatcom,Powder Mountain,2354,7724,-120.768,48.8773,-120.768,48.8773,8,3,01/12/2010,31/12/2099,0,,
W7W/WH-036,USA - Washington,WA-Whatcom,Mount Blum,2341,7680,-121.4823,48.7541,-121.4823,48.7541,8,3,01/12/2010,31/12/2099,1,11/07/2023,KJ7RTO
W7W/WH-037,USA - Washington,WA-Whatcom,Mount Prophet,2335,7660,-121.1627,48.8486,-121.1627,48.8486,8,3,01/12/2010,31/12/2099,0,,
W7W/WH-038,USA - Washington,WA-Whatcom,Blizzard Peak,2323,7622,-120.7553,48.9406,-120.7553,48.9406,8,3,01/12/2010,31/12/2099,0,,
W7W/WH-039,USA - Washington,WA-Whatcom,Joker Mountain,2317,7603,-120.879,48.9461,-120.879,48.9461,8,3,01/12/2010,31/12/2099,0,,
W7W/WH-040,USA - Washington,WA-Whatcom,Syncline Mountain,2310,7580,-120.7121,48.687,-120.7121,48.687,8,3,01/12/2010,31/12/2099,0,,
W7W/WH-041,USA - Washington,WA-Whatcom,Whatcom Peak,2309,7574,-121.3744,48.8575,-121.3744,48.8575,8,3,01/12/2010,31/12/2099,0,,
W7W/WH-042,USA - Washington,WA-Whatcom,Majestic Mountain,2298,7540,-120.7999,48.6859,-120.7999,48.6859,8,3,01/12/2010,31/12/2099,0,,
W7W/WH-043,USA - Washington,WA-Whatcom,The Keep,2298,7540,-120.8553,48.9981,-120.8553,48.9981,8,3,01/12/2010,31/12/2099,0,,
W7W/WH-044,USA - Washington,WA-Whatcom,Daemon Peak,2290,7514,-120.8398,48.8345,-120.8398,48.8345,8,3,01/12/2010,31/12/2099,0,,
W7W/WH-045,USA - Washington,WA-Whatcom,Neve Peak,2288,7505,-121.1348,48.6574,-121.1348,48.6574,8,3,01/12/2010,31/12/2099,0,,
W7W/WH-046,USA - Washington,WA-Whatcom,Paul Bunyans Stump,2286,7500,-121.1499,48.6659,-121.1499,48.6659,8,3,01/12/2010,31/12/2099,0,,
W7W/WH-047,USA - Washington,WA-Whatcom,Southwest Hozomeen,2277,7471,-121.0099,48.9696,-121.0099,48.9696,8,3,01/12/2010,31/12/2099,0,,
W7W/WH-048,USA - Washington,WA-Whatcom,Middle Peak,2275,7464,-121.4772,48.9956,-121.4772,48.9956,8,3,01/12/2010,31/12/2099,0,,
W7W/WH-049,USA - Washington,WA-Whatcom,Tomyhoi Peak,2266,7435,-121.7098,48.975,-121.7098,48.975,8,3,01/12/2010,31/12/2099,1,02/10/2022,KJ7RTO
W7W/WH-050,USA - Washington,WA-Whatcom,Beebe Mountain,2260,7416,-120.9241,48.6631,-120.9241,48.6631,8,3,01/12/2010,31/12/2099,0,,
W7W/WH-051,USA - Washington,WA-Whatcom,Ruby Mountain,2258,7408,-121.0428,48.6942,-121.0428,48.6942,8,3,01/12/2010,31/12/2099,1,28/06/2022,KJ7RTO
W7W/WH-052,USA - Washington,WA-Whatcom,Cone Mountain,2257,7405,-120.6814,48.6942,-120.6814,48.6942,8,3,01/12/2010,31/12/2099,2,01/09/2019,KG7EJT
W7W/WH-053,USA - Washington,WA-Whatcom,7385 Bitter Peak,2251,7385,-120.7687,48.7041,-120.7687,48.7041,8,3,01/12/2010,31/12/2099,0,,
W7W/WH-054,USA - Washington,WA-Whatcom,Elephant Butte,2249,7380,-121.2183,48.7925,-121.2183,48.7925,8,3,01/12/2010,31/12/2099,0,,
W7W/WH-055,USA - Washington,WA-Whatcom,Big Beaver Peak,2248,7374,-121.3253,48.8548,-121.3253,48.8548,8,3,01/12/2010,31/12/2099,0,,
W7W/WH-056,USA - Washington,WA-Whatcom,Jackita Ridge,2240,7350,-120.8519,48.7734,-120.8519,48.7734,8,3,01/12/2010,31/12/2099,0,,
W7W/WH-057,USA - Washington,WA-Whatcom,Bear Skull Mountain,2234,7330,-120.9317,48.8343,-120.9317,48.8343,8,3,01/12/2010,31/12/2099,0,,
W7W/WH-058,USA - Washington,WA-Whatcom,Mount Despair,2223,7292,-121.3767,48.7372,-121.3767,48.7372,8,3,01/12/2010,31/12/2099,0,,
W7W/WH-059,USA - Washington,WA-Whatcom,Nodoubt Peak,2222,7290,-121.3558,48.9817,-121.3558,48.9817,8,3,01/12/2010,31/12/2099,0,,
W7W/WH-060,USA - Washington,WA-Whatcom,Tamarack Peak,2222,7290,-120.7256,48.7733,-120.7256,48.7733,8,3,01/12/2010,31/12/2099,4,05/07/2024,KG7EJT
W7W/WH-061,USA - Washington,WA-Whatcom,San Juan Hill,2216,7270,-120.838,48.8036,-120.838,48.8036,8,3,01/12/2010,31/12/2099,0,,
W7W/WH-062,USA - Washington,WA-Whatcom,Mount Triumph,2213,7260,-121.3561,48.7067,-121.3561,48.7067,8,3,01/12/2010,31/12/2099,0,,
W7W/WH-063,USA - Washington,WA-Whatcom,Silesia Ridge,2213,7259,-121.5097,48.9722,-121.5097,48.9722,8,3,01/12/2010,31/12/2099,1,06/09/2024,N7JTT
W7W/WH-064,USA - Washington,WA-Whatcom,Spratt Mountain,2212,7258,-120.9486,48.8589,-120.9486,48.8589,8,3,01/12/2010,31/12/2099,0,,
W7W/WH-065,USA - Washington,WA-Whatcom,Genesis Peak,2208,7244,-121.1199,48.8336,-121.1199,48.8336,8,3,01/12/2010,31/12/2099,0,,
W7W/WH-066,USA - Washington,WA-Whatcom,Mount Sefrit,2192,7191,-121.5941,48.8919,-121.5941,48.8919,8,3,01/12/2010,31/12/2099,0,,
W7W/WH-067,USA - Washington,WA-Whatcom,The Saint,2190,7185,-121.1978,48.8689,-121.1978,48.8689,8,3,01/12/2010,31/12/2099,0,,
W7W/WH-068,USA - Washington,WA-Whatcom,Glee Peak,2188,7180,-121.2561,48.7542,-121.2561,48.7542,8,3,01/12/2010,31/12/2099,0,,
W7W/WH-069,USA - Washington,WA-Whatcom,Tarheel Peak,2188,7180,-120.9112,48.6433,-120.9112,48.6433,8,3,01/12/2010,31/12/2099,0,,
W7W/WH-070,USA - Washington,WA-Whatcom,Rambling Mountain,2180,7153,-121.202,48.9592,-121.202,48.9592,8,3,01/12/2010,31/12/2099,0,,
W7W/WH-071,USA - Washington,WA-Whatcom,Copper Mountain,2177,7142,-121.4669,48.9408,-121.4669,48.9408,8,3,01/12/2010,31/12/2099,1,07/09/2024,N7JTT
W7W/WH-072,USA - Washington,WA-Whatcom,Red Face Mountain,2177,7141,-121.3681,48.8905,-121.3681,48.8905,8,3,01/12/2010,31/12/2099,0,,
W7W/WH-073,USA - Washington,WA-Whatcom,Indian Mountain,2174,7133,-121.3897,48.8988,-121.3897,48.8988,8,3,01/12/2010,31/12/2099,0,,
W7W/WH-074,USA - Washington,WA-Whatcom,Ruth Mountain,2169,7115,-121.5328,48.8597,-121.5328,48.8597,8,3,01/12/2010,31/12/2099,3,01/09/2024,KK7LHY
W7W/WH-075,USA - Washington,WA-Whatcom,Hagan Mountain,2164,7100,-121.4911,48.724,-121.4911,48.724,8,3,01/12/2010,31/12/2099,0,,
W7W/WH-076,USA - Washington,WA-Whatcom,Taps Mountain,2160,7087,-121.3476,48.8922,-121.3476,48.8922,8,3,01/12/2010,31/12/2099,0,,
W7W/WH-077,USA - Washington,WA-Whatcom,Mount Crowder,2159,7082,-121.3519,48.7978,-121.3519,48.7978,8,3,01/12/2010,31/12/2099,0,,
W7W/WH-078,USA - Washington,WA-Whatcom,Icy Peak,2156,7073,-121.5254,48.8356,-121.5254,48.8356,8,3,01/12/2010,31/12/2099,0,,
W7W/WH-079,USA - Washington,WA-Whatcom,Tall Jim,2152,7062,-120.7388,48.8074,-120.7388,48.8074,8,3,01/12/2010,31/12/2099,0,,
W7W/WH-080,USA - Washington,WA-Whatcom,Bacon Peak,2152,7061,-121.5203,48.6627,-121.5203,48.6627,8,3,01/12/2010,31/12/2099,0,,
W7W/WH-081,USA - Washington,WA-Whatcom,Pocket Peak,2151,7056,-121.5517,48.9894,-121.5517,48.9894,8,3,01/12/2010,31/12/2099,0,,
W7W/WH-082,USA - Washington,WA-Whatcom,Davis Peak,2149,7051,-121.2026,48.7294,-121.2026,48.7294,8,3,01/12/2010,31/12/2099,0,,
W7W/WH-083,USA - Washington,WA-Whatcom,Royal Mountain,2146,7040,-120.8008,48.9592,-120.8008,48.9592,8,3,01/12/2010,31/12/2099,0,,
W7W/WH-084,USA - Washington,WA-Whatcom,The Sinner,2144,7035,-121.2105,48.8735,-121.2105,48.8735,8,3,01/12/2010,31/12/2099,0,,
W7W/WH-085,USA - Washington,WA-Whatcom,McKay Ridge,2140,7020,-120.8464,48.6911,-120.8464,48.6911,8,3,01/12/2010,31/12/2099,0,,
W7W/WH-086,USA - Washington,WA-Whatcom,Mount Chardonnay,2140,7020,-121.5658,48.9275,-121.5658,48.9275,8,3,01/12/2010,31/12/2099,1,01/07/2023,N7JTT
W7W/WH-087,USA - Washington,WA-Whatcom,South Twin Sister,2140,7020,-121.989,48.7056,-121.989,48.7056,8,3,01/12/2010,30/11/2016,0,,
W7W/WH-088,USA - Washington,WA-Whatcom,Alien Peak,2135,7006,-121.2237,48.9294,-121.2237,48.9294,8,3,01/12/2010,31/12/2099,0,,
W7W/WH-089,USA - Washington,WA-Whatcom,Pioneer Peak,2128,6980,-121.3776,48.7818,-121.3776,48.7818,8,3,01/12/2010,31/12/2099,0,,
W7W/WH-090,USA - Washington,WA-Whatcom,Outback Mountain,2125,6972,-120.9393,48.982,-120.9393,48.982,8,3,01/12/2010,31/12/2099,0,,
W7W/WH-091,USA - Washington,WA-Whatcom,Nooksack Ridge,2123,6966,-121.5789,48.8822,-121.5789,48.8822,8,3,01/12/2010,31/12/2099,0,,
W7W/WH-092,USA - Washington,WA-Whatcom,Old Damnation Peak,2114,6935,-121.3519,48.6978,-121.3519,48.6978,8,3,01/12/2010,31/12/2099,0,,
W7W/WH-093,USA - Washington,WA-Whatcom,Rhino Butte,2107,6914,-121.2439,48.7847,-121.2439,48.7847,8,3,01/12/2010,31/12/2099,0,,
W7W/WH-094,USA - Washington,WA-Whatcom,Hippo Butte,2100,6889,-121.2358,48.7897,-121.2358,48.7897,8,3,01/12/2010,31/12/2099,0,,
W7W/WH-095,USA - Washington,WA-Whatcom,Buck Heaven,2099,6887,-120.917,48.9837,-120.917,48.9837,8,3,01/12/2010,31/12/2099,0,,
W7W/WH-096,USA - Washington,WA-Whatcom,Passover Peak,2095,6874,-121.3251,48.8995,-121.3251,48.8995,8,3,01/12/2010,31/12/2099,0,,
W7W/WH-097,USA - Washington,WA-Whatcom,Controversy Peak,2091,6860,-121.1322,48.9425,-121.1322,48.9425,8,3,01/12/2010,31/12/2099,0,,
W7W/WH-098,USA - Washington,WA-Whatcom,East Goat Mountain,2091,6860,-121.6264,48.9283,-121.6264,48.9283,8,3,01/12/2010,31/12/2099,0,,
W7W/WH-099,USA - Washington,WA-Whatcom,Skagit Peak,2079,6820,-120.9501,48.9164,-120.9501,48.9164,8,3,01/12/2010,31/12/2099,0,,
W7W/WH-100,USA - Washington,WA-Whatcom,Welbow Butte,2091,6860,-120.8774,48.9284,-120.8774,48.9284,8,3,01/12/2010,31/12/2099,0,,
W7W/WH-101,USA - Washington,WA-Whatcom,Mineral Mountain,2079,6820,-121.4636,48.8597,-121.4636,48.8597,8,3,01/12/2010,31/12/2099,0,,
W7W/WH-102,USA - Washington,WA-Whatcom,Pinnacle Peak,2078,6819,-121.3081,48.7548,-121.3081,48.7548,8,3,01/12/2010,31/12/2099,0,,
W7W/WH-103,USA - Washington,WA-Whatcom,Lonesome Peak,2067,6780,-121.4666,48.7342,-121.4666,48.7342,8,3,01/12/2010,31/12/2099,0,,
W7W/WH-104,USA - Washington,WA-Whatcom,Nook Mountain,2067,6780,-121.5661,48.875,-121.5661,48.875,8,3,01/12/2010,31/12/2099,0,,
W7W/WH-105,USA - Washington,WA-Whatcom,Apple Peak,2061,6763,-120.9927,48.6582,-120.9927,48.6582,8,3,01/12/2010,31/12/2099,0,,
W7W/WH-106,USA - Washington,WA-Whatcom,Little Jack,2056,6745,-120.9784,48.7438,-120.9784,48.7438,8,3,01/12/2010,31/12/2099,0,,
W7W/WH-107,USA - Washington,WA-Whatcom,Mis-kai-whu Mountain,2051,6728,-121.1718,48.7834,-121.1718,48.7834,8,3,01/12/2010,31/12/2099,0,,
W7W/WH-108,USA - Washington,WA-Whatcom,West Goat Mountain,2050,6725,-121.6388,48.9277,-121.6388,48.9277,8,3,01/12/2010,31/12/2099,1,24/06/2021,KJ7RTO
W7W/WH-109,USA - Washington,WA-Whatcom,R Roost,2044,6705,-121.2529,48.7289,-121.2529,48.7289,8,3,01/12/2010,31/12/2099,0,,
W7W/WH-110,USA - Washington,WA-Whatcom,Granite Mountain,2039,6688,-121.5536,48.9044,-121.5536,48.9044,8,3,01/12/2010,31/12/2099,1,01/07/2023,N7JTT
W7W/WH-111,USA - Washington,WA-Whatcom,Montaña Sin Nombre,2039,6688,-121.1273,48.8697,-121.1273,48.8697,8,3,01/12/2010,31/12/2099,0,,
W7W/WH-112,USA - Washington,WA-Whatcom,North Twin,2030,6660,-121.9985,48.7154,-121.9985,48.7154,8,3,01/12/2010,31/12/2099,2,27/06/2021,KJ7RTO
W7W/WH-113,USA - Washington,WA-Whatcom,Little Sister,2018,6620,-121.9763,48.6924,-121.9763,48.6924,8,3,01/12/2010,31/12/2099,0,,
W7W/WH-114,USA - Washington,WA-Whatcom,Nameless Mountain,2017,6616,-121.1108,48.8814,-121.1108,48.8814,8,3,01/12/2010,31/12/2099,0,,
W7W/WH-115,USA - Washington,WA-Whatcom,Nlaka-pamux Peak,2014,6607,-121.1133,48.7684,-121.1133,48.7684,8,3,01/12/2010,31/12/2099,0,,
W7W/WH-116,USA - Washington,WA-Whatcom,Sackout Mountain,2010,6596,-121.5549,48.8703,-121.5549,48.8703,8,3,01/12/2010,31/12/2099,0,,
W7W/WH-117,USA - Washington,WA-Whatcom,Mystery Ridge,2007,6585,-121.4259,48.7442,-121.4259,48.7442,8,3,01/12/2010,31/12/2099,0,,
W7W/WH-118,USA - Washington,WA-Whatcom,Skymo Mountain,2006,6582,-121.0859,48.8574,-121.0859,48.8574,8,3,01/12/2010,31/12/2099,0,,
W7W/WH-119,USA - Washington,WA-Whatcom,Mystic Mountain,2004,6574,-121.1684,48.8903,-121.1684,48.8903,8,3,01/12/2010,31/12/2099,0,,
W7W/WH-120,USA - Washington,WA-Whatcom,Cady Point,1994,6542,-120.7959,48.7355,-120.7959,48.7355,6,3,01/12/2010,31/12/2099,0,,
W7W/WH-121,USA - Washington,WA-Whatcom,Lasiocarpa Ridge,1989,6527,-121.757,48.8295,-121.757,48.8295,6,3,01/12/2010,31/12/2099,0,,
W7W/WH-122,USA - Washington,WA-Whatcom,Winchester Mountain,1984,6510,-121.643,48.9565,-121.643,48.9565,6,3,01/12/2010,31/12/2099,21,24/10/2024,W7BCM
W7W/WH-123,USA - Washington,WA-Whatcom,30.06 Peak,1981,6500,-121.6264,48.9422,-121.6264,48.9422,6,3,01/12/2010,31/12/2099,1,21/07/2024,N7JTT
W7W/WH-124,USA - Washington,WA-Whatcom,Angel Wing,1977,6486,-120.9903,48.8006,-120.9903,48.8006,6,3,01/12/2010,31/12/2099,0,,
W7W/WH-125,USA - Washington,WA-Whatcom,Mamook Mountain,1973,6474,-121.3728,48.7111,-121.3728,48.7111,6,3,01/12/2010,31/12/2099,0,,
W7W/WH-126,USA - Washington,WA-Whatcom,Silesia Mountain,1964,6445,-121.5127,48.9071,-121.5127,48.9071,6,3,01/12/2010,31/12/2099,0,,
W7W/WH-127,USA - Washington,WA-Whatcom,Barnett Butte,1964,6444,-120.97,48.8356,-120.97,48.8356,6,3,01/12/2010,31/12/2099,0,,
W7W/WH-128,USA - Washington,WA-Whatcom,Native Knoll,1963,6439,-121.4583,48.7254,-121.4583,48.7254,6,3,01/12/2010,31/12/2099,0,,
W7W/WH-129,USA - Washington,WA-Whatcom,Silver Ridge,1961,6434,-121.1605,48.9938,-121.1605,48.9938,6,3,01/12/2010,31/12/2099,0,,
W7W/WH-130,USA - Washington,WA-Whatcom,Electric Butte,1957,6420,-121.4832,48.6473,-121.4832,48.6473,6,3,01/12/2010,31/12/2099,0,,
W7W/WH-131,USA - Washington,WA-Whatcom,Interloper Peak,1957,6420,-121.4569,48.7067,-121.4569,48.7067,6,3,01/12/2010,31/12/2099,0,,
W7W/WH-132,USA - Washington,WA-Whatcom,North Big Bosom Butte,1946,6384,-121.5881,48.9594,-121.5881,48.9594,6,3,01/12/2010,31/12/2099,0,,
W7W/WH-133,USA - Washington,WA-Whatcom,6362 Vee Beam Pk,1939,6362,-120.8748,48.8395,-120.8748,48.8395,6,3,01/12/2010,31/12/2099,0,,
W7W/WH-134,USA - Washington,WA-Whatcom,Ti-gaks Peak,1939,6362,-120.9575,48.9275,-120.9575,48.9275,6,3,01/12/2010,31/12/2099,0,,
W7W/WH-135,USA - Washington,WA-Whatcom,Church Mountain,1925,6315,-121.8828,48.9283,-121.8828,48.9283,6,3,01/12/2010,31/12/2099,2,11/06/2023,N7JTT
W7W/WH-136,USA - Washington,WA-Whatcom,Mount Herman,1908,6260,-121.7024,48.8662,-121.7024,48.8662,6,3,01/12/2010,31/12/2099,0,,
W7W/WH-137,USA - Washington,WA-Whatcom,Yellow Aster Butte,1902,6241,-121.6819,48.9544,-121.6819,48.9544,6,3,01/12/2010,31/12/2099,13,28/09/2024,KG7EJT
W7W/WH-138,USA - Washington,WA-Whatcom,Mount Watson,1896,6220,-121.5767,48.6556,-121.5767,48.6556,6,3,01/12/2010,31/12/2099,1,19/08/2020,KE7JWP
W7W/WH-139,USA - Washington,WA-Whatcom,Burgler Bear,1881,6170,-121.1075,48.9317,-121.1075,48.9317,6,3,01/12/2010,31/12/2099,0,,
W7W/WH-140,USA - Washington,WA-Whatcom,Foolish Mountain,1879,6164,-120.865,48.8744,-120.865,48.8744,6,3,01/12/2010,31/12/2099,0,,
W7W/WH-141,USA - Washington,WA-Whatcom,Damfino Peak,1873,6145,-121.7358,48.95,-121.7358,48.95,6,3,01/12/2010,31/12/2099,0,,
W7W/WH-142,USA - Washington,WA-Whatcom,Lunatic Peak,1864,6115,-121.2269,48.8239,-121.2269,48.8239,6,3,01/12/2010,31/12/2099,0,,
W7W/WH-143,USA - Washington,WA-Whatcom,Desolation Peak,1860,6102,-121.0166,48.9112,-121.0166,48.9112,6,3,01/12/2010,31/12/2099,1,10/09/2017,W7TAO
W7W/WH-144,USA - Washington,WA-Whatcom,Barbara Peak,1835,6020,-121.9569,48.6627,-121.9569,48.6627,6,3,01/12/2010,31/12/2099,0,,
W7W/WH-145,USA - Washington,WA-Whatcom,X Mountain,1823,5980,-121.3308,48.6925,-121.3308,48.6925,6,3,01/12/2010,31/12/2099,1,11/09/2024,KK7RTO
W7W/WH-146,USA - Washington,WA-Whatcom,5930 Shortwave Mtn,1807,5930,-121.7678,48.9327,-121.7678,48.9327,6,3,01/12/2010,31/12/2099,4,10/09/2024,KJ7LLS
W7W/WH-147,USA - Washington,WA-Whatcom,Mount Ann,1786,5860,-121.6665,48.8165,-121.6665,48.8165,6,3,01/12/2010,31/12/2099,0,,
W7W/WH-148,USA - Washington,WA-Whatcom,Barometer Mountain,1757,5763,-121.7421,48.8668,-121.7421,48.8668,6,3,01/12/2010,31/12/2099,0,,
W7W/WH-149,USA - Washington,WA-Whatcom,Anderson Butte,1750,5740,-121.5937,48.6716,-121.5937,48.6716,6,3,01/12/2010,31/12/2099,0,,
W7W/WH-150,USA - Washington,WA-Whatcom,5725 Twin Lead Pk,1745,5725,-121.5342,48.693,-121.5342,48.693,6,3,01/12/2010,31/12/2099,0,,
W7W/WH-151,USA - Washington,WA-Whatcom,North Easy Ridge,1737,5700,-121.4332,48.8909,-121.4332,48.8909,6,3,01/12/2010,31/12/2099,0,,
W7W/WH-152,USA - Washington,WA-Whatcom,Oakes Peak,1732,5681,-121.3919,48.6528,-121.3919,48.6528,6,3,01/12/2010,31/12/2099,1,12/02/2022,KJ7RTO
W7W/WH-153,USA - Washington,WA-Whatcom,Cowap Peak,1725,5658,-121.8004,48.9697,-121.8004,48.9697,6,3,01/12/2010,31/12/2099,15,29/08/2024,W7BCM
W7W/WH-154,USA - Washington,WA-Whatcom,Damnation Peak,1718,5635,-121.3853,48.6708,-121.3853,48.6708,6,3,01/12/2010,31/12/2099,0,,
W7W/WH-155,USA - Washington,WA-Whatcom,5622 Ipsoot Peak,1714,5622,-121.5473,48.7155,-121.5473,48.7155,6,3,01/12/2010,31/12/2099,0,,
W7W/WH-156,USA - Washington,WA-Whatcom,West Church Benchmark,1710,5610,-121.9094,48.9267,-121.9094,48.9267,6,3,01/12/2010,31/12/2099,3,19/05/2024,KJ7LLS
W7W/WH-157,USA - Washington,WA-Whatcom,Loomis Mountain,1706,5598,-121.8456,48.68,-121.8456,48.68,6,3,01/12/2010,31/12/2099,1,20/04/2024,KJ7RTO
W7W/WH-158,USA - Washington,WA-Whatcom,Groat Mountain,1701,5581,-121.967,48.7849,-121.967,48.7849,6,3,01/12/2010,31/12/2099,1,14/05/2022,KJ7RTO
W7W/WH-159,USA - Washington,WA-Whatcom,5580 Tribander Mtn,1701,5580,-121.5129,48.6997,-121.5129,48.6997,6,3,01/12/2010,31/12/2099,0,,
W7W/WH-160,USA - Washington,WA-Whatcom,Salvation Peak,1701,5580,-121.4006,48.6761,-121.4006,48.6761,6,3,01/12/2010,31/12/2099,0,,
W7W/WH-161,USA - Washington,WA-Whatcom,Bald Mountain,1671,5481,-121.9611,48.9672,-121.9611,48.9672,6,3,01/12/2010,31/12/2099,3,25/08/2024,KJ7LLS
W7W/WH-162,USA - Washington,WA-Whatcom,Park Butte,1664,5460,-121.8564,48.7167,-121.8564,48.7167,6,3,01/12/2010,31/12/2099,20,17/08/2024,KG7EJT
W7W/WH-163,USA - Washington,WA-Whatcom,Blister Mountain,1660,5447,-121.4906,48.8085,-121.4906,48.8085,6,3,01/12/2010,31/12/2099,0,,
W7W/WH-164,USA - Washington,WA-Whatcom,Little Chilly Hill,1642,5386,-121.4175,48.9664,-121.4175,48.9664,6,3,01/12/2010,31/12/2099,0,,
W7W/WH-165,USA - Washington,WA-Whatcom,5365 Skywave Pk,1635,5365,-121.9189,48.8017,-121.9189,48.8017,6,3,01/12/2010,31/12/2099,1,17/11/2014,N7RR
W7W/WH-166,USA - Washington,WA-Whatcom,West Canyon Ridge,1624,5327,-121.9152,48.9795,-121.9152,48.9795,6,3,01/12/2010,31/12/2099,3,15/10/2023,KJ7RTO
W7W/WH-167,USA - Washington,WA-Whatcom,Wobegon Peak,1587,5208,-121.6237,48.6503,-121.6237,48.6503,6,3,01/12/2010,31/12/2099,0,,
W7W/WH-168,USA - Washington,WA-Whatcom,North Lookout Mountain,1554,5100,-121.924,48.8307,-121.924,48.8307,6,3,01/12/2010,31/12/2099,5,06/02/2024,KJ7LLS
W7W/WH-169,USA - Washington,WA-Whatcom,Grouse Butte,1546,5071,-121.9428,48.8065,-121.9428,48.8065,6,3,01/12/2010,31/12/2099,0,,
W7W/WH-170,USA - Washington,WA-Whatcom,5060 Space Station Pk,1542,5060,-121.6046,48.6842,-121.6046,48.6842,6,3,01/12/2010,31/12/2099,1,03/09/2022,K7GYB
W7W/WH-171,USA - Washington,WA-Whatcom,Toboggan Mountain,1525,5004,-122.0356,48.8385,-122.0356,48.8385,6,3,01/12/2010,31/12/2099,1,24/04/2022,KJ7RTO
W7W/WH-172,USA - Washington,WA-Whatcom,Black Mountain,1523,4997,-122.0192,48.9854,-122.0192,48.9854,6,3,01/12/2010,31/12/2099,7,25/08/2024,KJ7LLS
W7W/WH-173,USA - Washington,WA-Whatcom,Isar Mtn,1506,4940,-121.9633,48.9989,-121.9633,48.9989,6,3,01/12/2010,30/11/2016,0,,
W7W/WH-174,USA - Washington,WA-Whatcom,4926 Mt Toroid,1501,4926,-121.9625,48.8108,-121.9625,48.8108,6,3,01/12/2010,31/12/2099,0,,
W7W/WH-175,USA - Washington,WA-Whatcom,Slide Mountain,1495,4905,-122,48.862,-122,48.862,4,0,01/12/2010,31/12/2099,0,,
W7W/WH-176,USA - Washington,WA-Whatcom,4820 Hot Wire,1469,4820,-121.4736,48.6614,-121.4736,48.6614,4,0,01/12/2010,31/12/2099,0,,
W7W/WH-177,USA - Washington,WA-Whatcom,4780 Squelch Pk,1457,4780,-121.9662,48.8418,-121.9662,48.8418,4,0,01/12/2010,31/12/2099,2,08/01/2023,KJ7RTO
W7W/WH-178,USA - Washington,WA-Whatcom,Porter Peak,1457,4780,-122.0656,48.8167,-122.0656,48.8167,4,0,01/12/2010,31/12/2099,1,19/06/2023,K7GYB
W7W/WH-179,USA - Washington,WA-Whatcom,4678 Tetrode Mtn,1426,4678,-121.9118,48.7194,-121.9118,48.7194,4,0,01/12/2010,31/12/2099,0,,
W7W/WH-180,USA - Washington,WA-Whatcom,Bald Mountain,1394,4574,-122.0261,48.6504,-122.0261,48.6504,4,0,01/12/2010,31/12/2099,1,13/07/2019,K7GYB
W7W/WH-181,USA - Washington,WA-Whatcom,Little Jackass Mountain,1337,4387,-121.066,48.9726,-121.066,48.9726,4,0,01/12/2010,31/12/2099,0,,
W7W/WH-182,USA - Washington,WA-Whatcom,Bowman Mountain,1289,4230,-122.0558,48.7407,-122.0558,48.7407,4,0,01/12/2010,31/12/2099,1,27/03/2022,K7GYB
W7W/WH-183,USA - Washington,WA-Whatcom,3804 Snowflea Hill,1159,3804,-121.6357,48.754,-121.6357,48.754,4,0,01/12/2010,31/12/2099,0,,
W7W/WH-184,USA - Washington,WA-Whatcom,Pumpkin Mountain,1061,3482,-121.0629,48.7851,-121.0629,48.7851,4,0,01/12/2010,31/12/2099,0,,
W7W/WH-185,USA - Washington,WA-Whatcom,Sumas Mountain,1045,3430,-122.2221,48.9118,-122.2221,48.9118,4,0,01/12/2010,31/12/2099,23,29/10/2024,KJ7LLS
W7W/WH-186,USA - Washington,WA-Whatcom,3338 Last Mtn,1017,3338,-121.0399,48.9638,-121.0399,48.9638,4,0,01/12/2010,31/12/2099,0,,
W7W/WH-187,USA - Washington,WA-Whatcom,Big Foot Hill,942,3090,-122.2732,48.775,-122.2732,48.775,2,0,01/12/2010,31/12/2099,4,17/09/2023,N7JTT
W7W/WH-188,USA - Washington,WA-Whatcom,Hades Hill,823,2700,-122.1719,48.9294,-122.1719,48.9294,2,0,01/12/2010,31/12/2099,3,27/02/2021,KI7JOM
W7W/WH-189,USA - Washington,WA-Whatcom,Deming Lookout,816,2678,-122.1995,48.8571,-122.1995,48.8571,2,0,01/12/2010,31/12/2099,6,03/10/2023,KJ7LLS
W7W/WH-190,USA - Washington,WA-Whatcom,Lookout Mountain,816,2677,-122.3607,48.6887,-122.3607,48.6887,2,0,01/12/2010,31/12/2099,7,21/07/2024,KI7JOM
W7W/WH-191,USA - Washington,WA-Whatcom,Blue Mountain,746,2448,-122.1268,48.707,-122.1268,48.707,2,0,01/12/2010,31/12/2099,4,19/03/2024,KJ7LLS
W7W/WH-192,USA - Washington,WA-Whatcom,Red Mountain,695,2281,-122.107,48.945,-122.107,48.945,2,0,01/12/2010,31/12/2099,2,06/03/2021,KJ7RTO
W7W/WH-193,USA - Washington,WA-Whatcom,Van Zandt Dike,689,2260,-122.1395,48.7766,-122.1395,48.7766,2,0,01/12/2010,31/12/2099,8,27/03/2023,KA7GPP
W7W/WH-194,USA - Washington,WA-Whatcom,Middle Chuckanut,594,1950,-122.4648,48.6527,-122.4648,48.6527,2,0,01/12/2010,31/12/2099,83,04/01/2025,W7MDN
W7W/WH-195,USA - Washington,WA-Whatcom,North Chuckanut Mountain,565,1855,-122.4523,48.6782,-122.4523,48.6782,2,0,01/12/2010,31/12/2099,48,09/12/2024,WU7H
W7W/WH-196,USA - Washington,WA-Whatcom,Vedder Mountain,518,1700,-122.1572,48.9921,-122.1572,48.9921,2,0,01/12/2010,31/12/2099,3,26/12/2024,N7JTT
W7W/WH-197,USA - Washington,WA-Whatcom,Lummi Peak,507,1665,-122.6414,48.6694,-122.6414,48.6694,2,0,01/12/2010,31/12/2099,5,29/08/2020,KV7DX
W7W/WH-198,USA - Washington,WA-Whatcom,Squalicum Mountain,472,1550,-122.3696,48.7821,-122.3696,48.7821,1,0,01/12/2010,31/12/2099,2,14/12/2020,WA7JTM
W7W/WH-199,USA - Washington,WA-Whatcom,Deming Tower Hill,443,1455,-122.2204,48.8037,-122.2204,48.8037,1,0,01/12/2010,31/12/2099,1,21/05/2018,N7RR
W7W/WH-200,USA - Washington,WA-Whatcom,1335 Magnetic Hill,407,1335,-122.4126,48.6814,-122.4126,48.6814,1,0,01/12/2010,31/12/2099,20,20/04/2024,KI7JOM
W7W/WH-201,USA - Washington,WA-Whatcom,Hilltop Hill,382,1254,-122.1733,48.9682,-122.1733,48.9682,1,0,01/12/2010,31/12/2099,0,,
W7W/WH-202,USA - Washington,WA-Whatcom,Brokenridge Peak,362,1188,-122.2411,48.9481,-122.2411,48.9481,1,0,01/12/2010,31/12/2099,0,,
W7W/WH-203,USA - Washington,WA-Whatcom,1060 Iowa Heights,323,1060,-122.3031,48.6595,-122.3031,48.6595,1,0,01/12/2010,31/12/2099,2,11/11/2021,KJ7RTO
W7W/WH-204,USA - Washington,WA-Whatcom,South Twin,2140,7020,-121.9875,48.7049,-121.9875,48.7049,8,3,01/12/2016,31/12/2099,1,09/08/2021,KJ7RTO
W7W/WH-205,USA - Washington,WA-Whatcom,6234 Eccentric Mountain,1900,6234,-120.8071,48.8299,-120.8071,48.8299,6,3,01/12/2016,31/12/2099,0,,
W7W/WH-206,USA - Washington,WA-Whatcom,South Lookout Mountain,1547,5076,-121.9315,48.8223,-121.9315,48.8223,6,3,01/12/2016,31/12/2099,8,19/02/2024,KJ7LLS
W7W/WH-207,USA - Washington,WA-Whatcom,1958Austin Hill,597,1958,-122.3267,48.6893,-122.3267,48.6893,2,0,01/12/2016,31/12/2099,10,21/11/2023,KJ7LLS
W7W/WH-208,USA - Washington,WA-Whatcom,Thunder Knob,572,1875,-121.1068,48.7043,-121.1068,48.7043,2,0,01/12/2016,31/12/2099,7,18/11/2023,NN7M
W7W/WH-209,USA - Washington,WA-Whatcom,1316,401,1316,-122.0793,48.9893,-122.0793,48.9893,1,0,01/12/2016,31/12/2099,0,,
