SummitCode,RegionName,SummitName,AltM,AltFt,Latitude,Longitude,Points,BonusPoints,ActivationCount,ParcelOwner1,Region1,ParcelOwner2,Region2,ParcelOwner3,Region3,ManualAccess,ComputedAccess,RFNearby,Notes 1,ValidFrom,ValidTo,CurrentlyActive,FAYear,FAMonth,FADay,FADate,FACalls
W7W/CH-001,WA-Chelan,Bonanza Peak,2899,9511,48.2382,-120.8664,10,3,1,,,,,,,,,,,1. Dec. 2010,31. Dec. 2099,TRUE,2022,7,16,2022-07-16,KJ7RTO
W7W/CH-002,WA-Chelan,Mount Stuart,2870,9415,47.4751,-120.9022,10,3,7,,,,,,,,,,,1. Dec. 2010,31. Dec. 2099,TRUE,2018,8,5,2018-08-05,KI7TQJ
W7W/CH-003,WA-Chelan,Mount Fernow,2819,9249,48.1626,-120.8075,10,3,1,,,,,,,,,,,1. Dec. 2010,31. Dec. 2099,TRUE,2022,9,3,2022-09-03,KJ7RTO
W7W/CH-004,WA-Chelan,Goode Mountain,2810,9220,48.483,-120.9113,10,3,0,NPS,North Cascades NP,,,,,Open,Open,None,,1. Dec. 2010,31. Dec. 2099,TRUE,1899,12,30,,
W7W/CH-005,WA-Chelan,Mount Maude,2761,9060,48.1376,-120.8037,10,3,2,,,,,,,,,,,1. Dec. 2010,31. Dec. 2099,TRUE,2019,9,21,2019-09-21,KG7EJT
W7W/CH-006,WA-Chelan,Copper Peak,2732,8964,48.1749,-120.8035,10,3,0,USFS,Wenatchee NF,,,,,Open,Open,,,1. Dec. 2010,31. Dec. 2099,TRUE,1899,12,30,,
W7W/CH-007,WA-Chelan,Dragontail Peak,2701,8860,47.479,-120.833,10,3,5,,,,,,,,,,,1. Dec. 2010,31. Dec. 2099,TRUE,2014,5,29,2014-05-29,"KG7LLK,K7ATN"
W7W/CH-008,WA-Chelan,Colchuck Peak,2653,8705,47.4783,-120.8464,10,3,2,,,,,,,,,,,1. Dec. 2010,31. Dec. 2099,TRUE,2022,6,12,2022-06-12,KJ7RTO
W7W/CH-009,WA-Chelan,Star Peak,2649,8690,48.2507,-120.4284,10,3,1,,,,,,,,,,,1. Dec. 2010,31. Dec. 2099,TRUE,2021,9,25,2021-09-25,KJ7RTO
W7W/CH-010,WA-Chelan,Cannon Mountain,2633,8638,47.5026,-120.8024,10,3,3,,,,,,,,,,,1. Dec. 2010,31. Dec. 2099,TRUE,2022,6,21,2022-06-21,"KJ7RTO,KJ7LLS"
W7W/CH-011,WA-Chelan,Sherpa Pk,2623,8606,47.4717,-120.8886,10,3,0,USFS,Wenatchee NF,,,,,Open,Open,,,1. Dec. 2010,30. Nov. 2016,FALSE,1899,12,30,,
W7W/CH-012,WA-Chelan,Clark Mountain,2622,8602,48.05,-120.9686,10,3,0,USFS,Wenatchee NF,,,,,Open,Open,,,1. Dec. 2010,31. Dec. 2099,TRUE,1899,12,30,,
W7W/CH-013,WA-Chelan,Cardinal Peak,2618,8590,48.1031,-120.6125,10,3,1,,,,,,,,,,,1. Dec. 2010,31. Dec. 2099,TRUE,2019,7,18,2019-07-18,KJ7DDK
W7W/CH-014,WA-Chelan,Buck Mountain,2599,8528,48.0936,-120.912,10,3,0,USFS,Wenatchee NF,,,,,Open,Open,,,1. Dec. 2010,31. Dec. 2099,TRUE,1899,12,30,,
W7W/CH-015,WA-Chelan,Enchantment Peaks (HP),2603,8540,47.4862,-120.8074,10,3,2,,,,,,,,,,,1. Dec. 2010,31. Dec. 2099,TRUE,2022,6,21,2022-06-21,"KJ7RTO,KJ7LLS"
W7W/CH-016,WA-Chelan,Storm King,2603,8540,48.4916,-120.9236,10,3,0,NPS,North Cascades NP,,,,,Open,Open,,,1. Dec. 2010,31. Dec. 2099,TRUE,1899,12,30,,
W7W/CH-017,WA-Chelan,Reynolds Peak,2594,8512,48.3723,-120.5632,10,3,0,NPS,Lake Chelan NRA,USFS,Okanogan NF,,,Open,Open,,,1. Dec. 2010,31. Dec. 2099,TRUE,1899,12,30,,
W7W/CH-018,WA-Chelan,Martin Peak,2594,8511,48.2417,-120.8158,10,3,1,,,,,,,,,,,1. Dec. 2010,31. Dec. 2099,TRUE,2022,7,17,2022-07-17,KJ7RTO
W7W/CH-019,WA-Chelan,Cashmere Mountain,2591,8501,47.5586,-120.8473,10,3,2,,,,,,,,,,,1. Dec. 2010,31. Dec. 2099,TRUE,2018,9,1,2018-09-01,WX7EMT
W7W/CH-020,WA-Chelan,Mount Bigelow,2579,8460,48.2182,-120.3541,10,3,1,,,,,,,,,,,1. Dec. 2010,31. Dec. 2099,TRUE,2022,8,28,2022-08-28,KJ7RTO
W7W/CH-021,WA-Chelan,Argonaut Peak,2576,8453,47.4702,-120.8613,10,3,0,USFS,Wenatchee NF,,,,,Open,Open,,,1. Dec. 2010,31. Dec. 2099,TRUE,1899,12,30,,
W7W/CH-022,WA-Chelan,Emerald Peak,2567,8422,48.1151,-120.629,10,3,0,USFS,Wenatchee NF,,,,,Open,Open,,,1. Dec. 2010,31. Dec. 2099,TRUE,1899,12,30,,
W7W/CH-023,WA-Chelan,Dumbell Mountain,2567,8421,48.1801,-120.8587,10,3,0,USFS,Wenatchee NF,,,,,Open,Open,,,1. Dec. 2010,31. Dec. 2099,TRUE,1899,12,30,,
W7W/CH-024,WA-Chelan,Luahna Peak,2566,8420,48.0607,-120.9848,10,3,0,USFS,Wenatchee NF,,,,,Open,Open,,,1. Dec. 2010,31. Dec. 2099,TRUE,1899,12,30,,
W7W/CH-025,WA-Chelan,Pinnacle Mountain,2566,8420,48.1319,-120.6702,10,3,0,USFS,Wenatchee NF,,,,,Open,Open,,,1. Dec. 2010,31. Dec. 2099,TRUE,1899,12,30,,
W7W/CH-026,WA-Chelan,Greenwood Mountain,2565,8415,48.1854,-120.8508,10,3,0,USFS,Wenatchee NF,,,,,Open,Open,,,1. Dec. 2010,31. Dec. 2099,TRUE,1899,12,30,,
W7W/CH-027,WA-Chelan,Saska Peak,2562,8404,48.1122,-120.6424,10,3,0,USFS,Wenatchee NF,,,,,Open,Open,,,1. Dec. 2010,31. Dec. 2099,TRUE,1899,12,30,,
W7W/CH-028,WA-Chelan,South Spectacle Butte,2558,8392,48.1265,-120.7597,10,3,0,USFS,Wenatchee NF,,,,,Open,Open,,,1. Dec. 2010,31. Dec. 2099,TRUE,1899,12,30,,
W7W/CH-029,WA-Chelan,Courtney Peak,2558,8392,48.2607,-120.4434,10,3,1,,,,,,,,,,,1. Dec. 2010,31. Dec. 2099,TRUE,2021,9,26,2021-09-26,KJ7RTO
W7W/CH-030,WA-Chelan,Devore Peak,2554,8380,48.2765,-120.7649,10,3,0,USFS,Wenatchee NF,,,,,Open,Open,,,1. Dec. 2010,31. Dec. 2099,TRUE,1899,12,30,,
W7W/CH-031,WA-Chelan,Martin Peak,2553,8375,48.1885,-120.3509,10,3,1,,,,,,,,,,,1. Dec. 2010,31. Dec. 2099,TRUE,2022,8,27,2022-08-27,KJ7RTO
W7W/CH-032,WA-Chelan,McClellan Peak,2549,8364,47.4702,-120.7858,10,3,0,USFS,Wenatchee NF,,,,,Open,Open,,,1. Dec. 2010,31. Dec. 2099,TRUE,1899,12,30,,
W7W/CH-033,WA-Chelan,Tupshin Peak,2542,8340,48.297,-120.7507,10,3,0,USFS,Wenatchee NF,,,,,Open,Open,,,1. Dec. 2010,31. Dec. 2099,TRUE,1899,12,30,,
W7W/CH-034,WA-Chelan,Flora Mountain,2536,8320,48.2432,-120.6956,10,3,0,USFS,Wenatchee NF,,,,,Open,Open,,,1. Dec. 2010,31. Dec. 2099,TRUE,1899,12,30,,
W7W/CH-035,WA-Chelan,Booker Mountain,2530,8300,48.475,-120.9766,10,3,0,NPS,North Cascades NP,,,,,Open,Open,,,1. Dec. 2010,31. Dec. 2099,TRUE,1899,12,30,,
W7W/CH-036,WA-Chelan,Spider Mountain,2530,8300,48.4101,-121.0376,10,3,0,USFS,Wenatchee NF,,,,,Open,Open,,,1. Dec. 2010,31. Dec. 2099,TRUE,1899,12,30,,
W7W/CH-037,WA-Chelan,The Temple,2527,8292,47.4904,-120.7696,10,3,0,USFS,Wenatchee NF,,,,,Open,Open,,,1. Dec. 2010,31. Dec. 2099,TRUE,1899,12,30,,
W7W/CH-038,WA-Chelan,Wy East Mountain,2530,8300,48.2551,-120.7686,10,3,0,USFS,Wenatchee NF,,,,,Open,Open,,,1. Dec. 2010,31. Dec. 2099,TRUE,1899,12,30,,
W7W/CH-039,WA-Chelan,Cheops,2521,8270,48.1967,-120.3489,10,3,0,USFS,Wenatchee NF,USFS,Okanogan NF,,,Open,Open,,,1. Dec. 2010,31. Dec. 2099,TRUE,1899,12,30,,
W7W/CH-040,WA-Chelan,Pyramid Mountain,2512,8243,48.0796,-120.5679,10,3,3,,,,,,,,,,,1. Dec. 2010,31. Dec. 2099,TRUE,2016,7,25,2016-07-25,"K7MAS,KG7EJT"
W7W/CH-041,WA-Chelan,West Riddle Peaks,2505,8220,48.2277,-120.7385,10,3,0,USFS,Wenatchee NF,,,,,Open,Open,,,1. Dec. 2010,31. Dec. 2099,TRUE,1899,12,30,,
W7W/CH-042,WA-Chelan,Gunsight Peak,2499,8198,48.3067,-120.9943,8,3,0,USFS,Wenatchee NF,,,,,Open,Open,,,1. Dec. 2010,31. Dec. 2099,TRUE,1899,12,30,,
W7W/CH-043,WA-Chelan,Castle Rock,2498,8197,48.2574,-120.6928,8,3,0,USFS,Wenatchee NF,NPS,Lake Chelan NRA,,,Open,Open,,,1. Dec. 2010,31. Dec. 2099,TRUE,1899,12,30,,
W7W/CH-044,WA-Chelan,Mount Gibbs,2482,8142,48.3941,-120.6104,8,3,0,NPS,Lake Chelan NRA,USFS,Okanogan NF,,,Open,Open,,,1. Dec. 2010,31. Dec. 2099,TRUE,1899,12,30,,
W7W/CH-045,WA-Chelan,Buckskin Mountain,2476,8124,48.1651,-120.7656,8,3,0,USFS,Wenatchee NF,,,,,Open,Open,,,1. Dec. 2010,31. Dec. 2099,TRUE,1899,12,30,,
W7W/CH-046,WA-Chelan,McGregor Mountain,2476,8122,48.4082,-120.7982,8,3,0,NPS,North Cascades NP,NPS,Lake Chelan NRA,,,Open,Open,,,1. Dec. 2010,31. Dec. 2099,TRUE,1899,12,30,,
W7W/CH-047,WA-Chelan,Agnes Mountain,2473,8115,48.3176,-120.9684,8,3,0,USFS,Wenatchee NF,,,,,Open,Open,,,1. Dec. 2010,31. Dec. 2099,TRUE,1899,12,30,,
W7W/CH-048,WA-Chelan,Finney Peak,2472,8110,48.2136,-120.4649,8,3,0,USFS,Wenatchee NF,,,,,Open,Open,,,1. Dec. 2010,31. Dec. 2099,TRUE,1899,12,30,,
W7W/CH-049,WA-Chelan,Big Chiwaukum,2469,8100,47.7031,-120.9349,8,3,1,USFS,Wenatchee NF,,,,,Open,Open,,,1. Dec. 2010,31. Dec. 2099,TRUE,2025,7,19,2025-07-19,KJ7RTO
W7W/CH-050,WA-Chelan,North Spectacle Butte,2469,8100,48.1331,-120.7675,8,3,0,USFS,Wenatchee NF,,,,,Open,Open,,,1. Dec. 2010,31. Dec. 2099,TRUE,1899,12,30,,
W7W/CH-051,WA-Chelan,Corteo Peak,2469,8100,48.5045,-120.7885,8,3,0,NPS,North Cascades NP,,,,,Open,Open,,,1. Dec. 2010,31. Dec. 2099,TRUE,1899,12,30,,
W7W/CH-052,WA-Chelan,North Star Mountain,2468,8096,48.2228,-120.9006,8,3,0,USFS,Wenatchee NF,,,,,Open,Open,,,1. Dec. 2010,31. Dec. 2099,TRUE,1899,12,30,,
W7W/CH-053,WA-Chelan,Bearcat Ridge,2452,8045,48.1285,-120.6172,8,3,0,USFS,Wenatchee NF,,,,,Open,Open,,,1. Dec. 2010,31. Dec. 2099,TRUE,1899,12,30,,
W7W/CH-054,WA-Chelan,Gopher Mountain,2450,8037,48.0971,-120.6559,8,3,0,USFS,Wenatchee NF,,,,,Open,Open,,,1. Dec. 2010,31. Dec. 2099,TRUE,1899,12,30,,
W7W/CH-055,WA-Chelan,Beefhide Butte,2448,8030,48.2275,-120.3913,8,3,0,USFS,Wenatchee NF,USFS,Okanogan NF,,,Open,Open,,,1. Dec. 2010,31. Dec. 2099,TRUE,1899,12,30,,
W7W/CH-056,WA-Chelan,Enigma Peak,2443,8015,48.2516,-120.7239,8,3,0,NPS,Lake Chelan NRA,USFS,Okanogan NF,,,Open,Open,,,1. Dec. 2010,31. Dec. 2099,TRUE,1899,12,30,,
W7W/CH-057,WA-Chelan,Camels Hump,2443,8015,48.3592,-120.5653,8,3,0,NPS,Lake Chelan NRA,USFS,Okanogan NF,,,Open,Open,,,1. Dec. 2010,31. Dec. 2099,TRUE,1899,12,30,,
W7W/CH-058,WA-Chelan,Eightmile Mountain,2437,7996,47.5321,-120.8973,8,3,0,USFS,Wenatchee NF,,,,,Open,Open,,,1. Dec. 2010,31. Dec. 2099,TRUE,1899,12,30,,
W7W/CH-059,WA-Chelan,Chilly Peak,2432,7980,48.0981,-120.7767,8,3,0,USFS,Wenatchee NF,,,,,Open,Open,,,1. Dec. 2010,31. Dec. 2099,TRUE,1899,12,30,,
W7W/CH-060,WA-Chelan,Mount Berge,2432,7980,48.1033,-120.9462,8,3,0,USFS,Wenatchee NF,,,,,Open,Open,,,1. Dec. 2010,31. Dec. 2099,TRUE,1899,12,30,,
W7W/CH-061,WA-Chelan,Choral Peak,2432,7980,48.0849,-120.6609,8,3,0,USFS,Wenatchee NF,,,,,Open,Open,,,1. Dec. 2010,31. Dec. 2099,TRUE,1899,12,30,,
W7W/CH-062,WA-Chelan,North Navarre Peak,2427,7963,48.1315,-120.3262,8,3,1,,,,,,,,,,,1. Dec. 2010,31. Dec. 2099,TRUE,2023,8,10,2023-08-10,WW7D
W7W/CH-063,WA-Chelan,7942 Mirror Mountain,2421,7942,48.1511,-120.6634,8,3,0,USFS,Wenatchee NF,,,,,Open,Open,,,1. Dec. 2010,31. Dec. 2099,TRUE,1899,12,30,,
W7W/CH-064,WA-Chelan,Heather Ridge,2416,7928,48.3221,-120.8519,8,3,0,USFS,Wenatchee NF,,,,,Open,Open,,,1. Dec. 2010,31. Dec. 2099,TRUE,1899,12,30,,
W7W/CH-065,WA-Chelan,McAlester Mountain,2416,7928,48.3982,-120.6537,8,3,0,NPS,Lake Chelan NRA,,,,,Open,Open,,,1. Dec. 2010,31. Dec. 2099,TRUE,1899,12,30,,
W7W/CH-066,WA-Chelan,Needle Peak,2408,7900,48.2796,-120.9027,8,3,0,USFS,Wenatchee NF,,,,,Open,Open,,,1. Dec. 2010,31. Dec. 2099,TRUE,1899,12,30,,
W7W/CH-067,WA-Chelan,Bowan Mountain,2406,7895,48.4082,-120.7303,8,3,0,NPS,Lake Chelan NRA,,,,,Open,Open,,,1. Dec. 2010,31. Dec. 2099,TRUE,1899,12,30,,
W7W/CH-068,WA-Chelan,Mount Lyall,2405,7892,48.2818,-120.857,8,3,0,USFS,Wenatchee NF,,,,,Open,Open,,,1. Dec. 2010,31. Dec. 2099,TRUE,1899,12,30,,
W7W/CH-069,WA-Chelan,Old Maid Mountain,2402,7882,48.1793,-120.3987,8,3,0,USFS,Wenatchee NF,,,,,Open,Open,,,1. Dec. 2010,31. Dec. 2099,TRUE,1899,12,30,,
W7W/CH-070,WA-Chelan,Black Tower,2402,7880,48.2448,-120.7818,8,3,0,USFS,Wenatchee NF,,,,,Open,Open,,,1. Dec. 2010,31. Dec. 2099,TRUE,1899,12,30,,
W7W/CH-071,WA-Chelan,Bryan Butte,2394,7855,48.1296,-120.2981,8,3,2,,,,,,,,,,,1. Dec. 2010,31. Dec. 2099,TRUE,2023,8,10,2023-08-10,WW7D
W7W/CH-072,WA-Chelan,Copper Benchmark,2390,7840,48.4968,-120.6283,8,3,0,USFS,Wenatchee NF,USFS,Okanogan NF,,,Open,Open,,,1. Dec. 2010,31. Dec. 2099,TRUE,1899,12,30,,
W7W/CH-073,WA-Chelan,Jack Ridge,2384,7820,47.5254,-120.9217,8,3,0,USFS,Wenatchee NF,,,,,Open,Open,,,1. Dec. 2010,31. Dec. 2099,TRUE,1899,12,30,,
W7W/CH-074,WA-Chelan,Sable Ridge,2384,7820,48.2566,-120.8068,8,3,0,USFS,Wenatchee NF,,,,,Open,Open,,,1. Dec. 2010,31. Dec. 2099,TRUE,1899,12,30,,
W7W/CH-075,WA-Chelan,Cornice Peak,2384,7820,48.5067,-120.6571,8,3,0,USFS,Wenatchee NF,USFS,Okanogan NF,,,Open,Open,,,1. Dec. 2010,31. Dec. 2099,TRUE,1899,12,30,,
W7W/CH-076,WA-Chelan,Switchblade Peak,2379,7805,48.4854,-120.6531,8,3,0,NPS,North Cascades NP,NPS,Wenatchee NF,USFS,Okanogan NF,Open,Open,,,1. Dec. 2010,31. Dec. 2099,TRUE,1899,12,30,,
W7W/CH-077,WA-Chelan,Whistler Mountain,2374,7790,48.5156,-120.708,8,3,1,,,,,,,,,,,1. Dec. 2010,31. Dec. 2099,TRUE,2023,6,15,2023-06-15,K7JRO
W7W/CH-078,WA-Chelan,7782 West Level Peak,2372,7782,48.3822,-120.6377,8,3,0,NPS,Lake Chelan NRA,,,,,Open,Open,,,1. Dec. 2010,31. Dec. 2099,TRUE,1899,12,30,,
W7W/CH-079,WA-Chelan,Frisco Mountain,2371,7780,48.4888,-120.7566,8,3,0,NPS,North Cascades NP,USFS,Wenatchee NF,,,Open,Open,,,1. Dec. 2010,31. Dec. 2099,TRUE,1899,12,30,,
W7W/CH-080,WA-Chelan,Lyall Ridge,2371,7780,48.3057,-120.8813,8,3,0,USFS,Wenatchee NF,,,,,Open,Open,,,1. Dec. 2010,31. Dec. 2099,TRUE,1899,12,30,,
W7W/CH-081,WA-Chelan,7780 Big Lou,2371,7780,47.6392,-120.8474,8,3,0,USFS,Wenatchee NF,,,,,Open,Open,,,1. Dec. 2010,31. Dec. 2099,TRUE,1899,12,30,,
W7W/CH-082,WA-Chelan,Receiver Mtn,2371,7780,48.2256,-120.4697,8,3,0,USFS,Wenatchee NF,,,,,Open,Open,,,1. Dec. 2010,30. Nov. 2016,FALSE,1899,12,30,,
W7W/CH-083,WA-Chelan,Ferry Peak,2370,7777,48.1338,-120.4015,8,3,0,USFS,Wenatchee NF,,,,,Open,Open,,,1. Dec. 2010,31. Dec. 2099,TRUE,1899,12,30,,
W7W/CH-084,WA-Chelan,Big Jim Mountain,2366,7763,47.6623,-120.8322,8,3,1,,,,,,,,,,,1. Dec. 2010,31. Dec. 2099,TRUE,2024,5,16,2024-05-16,KJ7RTO
W7W/CH-085,WA-Chelan,Hock Mountain,2362,7750,48.4515,-120.6669,8,3,0,NPS,North Cascades NP,NPS,Lake Chelan NRA,USFS,Okanogan NF,Open,Open,,,1. Dec. 2010,31. Dec. 2099,TRUE,1899,12,30,,
W7W/CH-086,WA-Chelan,Mount Benzarino,2359,7740,48.4897,-120.8171,8,3,0,NPS,North Cascades NP,,,,,Open,Open,,,1. Dec. 2010,31. Dec. 2099,TRUE,1899,12,30,,
W7W/CH-087,WA-Chelan,7738 Sideswiper Mtn,2359,7738,48.1502,-120.6387,8,3,0,USFS,Wenatchee NF,,,,,Open,Open,,,1. Dec. 2010,31. Dec. 2099,TRUE,1899,12,30,,
W7W/CH-088,WA-Chelan,Three Musketeers Ridge,2347,7700,47.5017,-120.7526,8,3,0,USFS,Wenatchee NF,,,,,Open,Open,,,1. Dec. 2010,31. Dec. 2099,TRUE,1899,12,30,,
W7W/CH-089,WA-Chelan,7730 Mt Microphone,2356,7730,48.2718,-120.8066,8,3,0,USFS,Wenatchee NF,,,,,Open,Open,,,1. Dec. 2010,31. Dec. 2099,TRUE,1899,12,30,,
W7W/CH-090,WA-Chelan,Fifth of July Mountain,2346,7696,48.0483,-120.7415,8,3,1,,,,,,,,,,,1. Dec. 2010,31. Dec. 2099,TRUE,2018,9,24,2018-09-24,KE7JWP
W7W/CH-091,WA-Chelan,Rampart Mountain,2345,7693,48.0354,-120.7295,8,3,0,USFS,Wenatchee NF,,,,,Open,Open,,,1. Dec. 2010,31. Dec. 2099,TRUE,1899,12,30,,
W7W/CH-092,WA-Chelan,Moore Mountain,2343,7686,48.2865,-120.5565,8,3,0,NPS,Lake Chelan NRA,USFS,Wenatchee NF,,,Open,Open,,,1. Dec. 2010,31. Dec. 2099,TRUE,1899,12,30,,
W7W/CH-093,WA-Chelan,Uno Peak,2335,7660,48.1188,-120.387,8,3,0,USFS,Wenatchee NF,,,,,Open,Open,,,1. Dec. 2010,31. Dec. 2099,TRUE,1899,12,30,,
W7W/CH-094,WA-Chelan,7628 Radioteletype Pk,2325,7628,48.4314,-120.6513,8,3,0,NPS,Lake Chelan NRA,USFS,Okanogan NF,,,Open,Open,,,1. Dec. 2010,31. Dec. 2099,TRUE,1899,12,30,,
W7W/CH-095,WA-Chelan,Bandit Peak,2324,7625,47.9867,-120.8719,8,3,0,USFS,Wenatchee NF,,,,,Open,Open,,,1. Dec. 2010,31. Dec. 2099,TRUE,1899,12,30,,
W7W/CH-096,WA-Chelan,Hinkhouse Peak,2310,7580,48.5373,-120.6554,8,3,0,USFS,Wenatchee NF,USFS,Okanogan NF,,,Open,Open,,,1. Dec. 2010,31. Dec. 2099,TRUE,1899,12,30,,
W7W/CH-097,WA-Chelan,Garland Peak,2294,7525,48.0158,-120.7111,8,3,0,USFS,Wenatchee NF,,,,,Open,Open,,,1. Dec. 2010,31. Dec. 2099,TRUE,1899,12,30,,
W7W/CH-098,WA-Chelan,Axis Peak,2301,7550,47.5082,-120.8737,8,3,0,USFS,Wenatchee NF,,,,,Open,Open,,,1. Dec. 2010,31. Dec. 2099,TRUE,1899,12,30,,
W7W/CH-099,WA-Chelan,Grindstone Mountain,2296,7533,47.6366,-120.9131,8,3,0,USFS,Wenatchee NF,,,,,Open,Open,,,1. Dec. 2010,31. Dec. 2099,TRUE,1899,12,30,,
W7W/CH-100,WA-Chelan,Trapper Mountain,2295,7530,48.4317,-121.0181,8,3,0,NPS,North Cascades NP,USFS,Wenatchee NF,,,Open,Open,,,1. Dec. 2010,31. Dec. 2099,TRUE,1899,12,30,,
W7W/CH-101,WA-Chelan,7492 Graham Harbor Mountain,2284,7492,48.0728,-120.5474,8,3,2,,,,,,,,,,,1. Dec. 2010,31. Dec. 2099,TRUE,2016,7,24,2016-07-24,"K7MAS,KG7EJT"
W7W/CH-102,WA-Chelan,7484 Camels Butte,2281,7484,48.3403,-120.5815,8,3,1,,,,,,,,,,,1. Dec. 2010,31. Dec. 2099,TRUE,2017,10,9,2017-10-09,KE7JWP
W7W/CH-103,WA-Chelan,The Cradle,2276,7467,47.5608,-121.0329,8,3,0,USFS,Wenatchee NF,,,,,Open,Open,,,1. Dec. 2010,31. Dec. 2099,TRUE,1899,12,30,,
W7W/CH-104,WA-Chelan,Three Wives,2271,7450,48.4362,-120.7302,8,3,0,NPS,North Cascades NP,,,,,Open,Open,,,1. Dec. 2010,31. Dec. 2099,TRUE,1899,12,30,,
W7W/CH-105,WA-Chelan,Splawn Mtn,2271,7450,48.3156,-120.5617,8,3,0,NPS,Lake Chelan NRA,USFS,Okanogan NF,,,Open,Open,,,1. Dec. 2010,30. Nov. 2016,FALSE,1899,12,30,,
W7W/CH-106,WA-Chelan,Sisi Ridge,2269,7444,48.3386,-120.8004,8,3,0,NPS,Lake Chelan NRA,USFS,Wenatchee NF,,,Open,Open,,,1. Dec. 2010,31. Dec. 2099,TRUE,1899,12,30,,
W7W/CH-107,WA-Chelan,Indian Head Peak,2262,7420,48.0063,-121.1017,8,3,0,USFS,Wenatchee NF,,,,,Open,Open,,,1. Dec. 2010,31. Dec. 2099,TRUE,1899,12,30,,
W7W/CH-108,WA-Chelan,7437 Phase Shift Mtn,2267,7437,48.1582,-120.7014,8,3,0,USFS,Wenatchee NF,,,,,Open,Open,,,1. Dec. 2010,31. Dec. 2099,TRUE,1899,12,30,,
W7W/CH-109,WA-Chelan,McGregor Benchmark,2263,7424,48.4031,-120.7599,8,3,0,NPS,Lake Chelan NRA,,,,,Open,Open,,,1. Dec. 2010,31. Dec. 2099,TRUE,1899,12,30,,
W7W/CH-110,WA-Chelan,South Goode Ridge,2262,7420,48.4629,-120.8982,8,3,0,NPS,North Cascades NP,,,,,Open,Open,,,1. Dec. 2010,31. Dec. 2099,TRUE,1899,12,30,,
W7W/CH-111,WA-Chelan,Mount David,2262,7420,47.963,-120.9895,8,3,0,USFS,Wenatchee NF,,,,,Open,Open,,,1. Dec. 2010,31. Dec. 2099,TRUE,1899,12,30,,
W7W/CH-112,WA-Chelan,Saddle Bow Mountain,2259,7410,48.2626,-120.9576,8,3,0,USFS,Wenatchee NF,,,,,Open,Open,,,1. Dec. 2010,31. Dec. 2099,TRUE,1899,12,30,,
W7W/CH-113,WA-Chelan,Vie Mountain,2249,7380,48.1401,-120.4265,8,3,0,USFS,Wenatchee NF,,,,,Open,Open,,,1. Dec. 2010,31. Dec. 2099,TRUE,1899,12,30,,
W7W/CH-114,WA-Chelan,7377 Rectifier Mtn,2249,7377,47.7286,-120.9244,8,3,0,USFS,Wenatchee NF,,,,,Open,Open,,,1. Dec. 2010,30. Nov. 2016,FALSE,1899,12,30,,
W7W/CH-115,WA-Chelan,Crow Hill,2245,7366,48.0296,-120.5237,8,3,2,,,,,,,,,,,1. Dec. 2010,31. Dec. 2099,TRUE,2016,7,23,2016-07-23,"K7MAS,KG7EJT"
W7W/CH-116,WA-Chelan,7363 Good Copy Mtn,2244,7363,48.075,-120.6754,8,3,0,USFS,Wenatchee NF,,,,,Open,Open,,,1. Dec. 2010,31. Dec. 2099,TRUE,1899,12,30,,
W7W/CH-117,WA-Chelan,Boulder Butte,2240,7350,48.3229,-120.5992,8,3,0,NPS,Lake Chelan NRA,,,,,Open,Open,,,1. Dec. 2010,31. Dec. 2099,TRUE,1899,12,30,,
W7W/CH-118,WA-Chelan,Tinpan Mountain,2262,7422,48.1685,-120.7344,8,3,0,USFS,Wenatchee NF,,,,,Open,Open,,,1. Dec. 2010,31. Dec. 2099,TRUE,1899,12,30,,
W7W/CH-119,WA-Chelan,Cape Horn,2230,7316,47.6571,-120.9178,8,3,2,,,,,,,,,,,1. Dec. 2010,31. Dec. 2099,TRUE,2018,8,18,2018-08-18,WU7H
W7W/CH-120,WA-Chelan,West Three Brothers,2226,7303,47.4233,-120.7757,8,3,7,,,,,,,,,,,1. Dec. 2010,31. Dec. 2099,TRUE,2015,5,31,2015-05-31,"KG7EJT,K7MAS"
W7W/CH-121,WA-Chelan,Edward Peak,2225,7300,47.5174,-120.7607,8,3,0,USFS,Wenatchee NF,,,,,Open,Open,,,1. Dec. 2010,31. Dec. 2099,TRUE,1899,12,30,,
W7W/CH-122,WA-Chelan,Mount Saul,2225,7300,48.0018,-121.0231,8,3,0,USFS,Wenatchee NF,,,,,Open,Open,,,1. Dec. 2010,31. Dec. 2099,TRUE,1899,12,30,,
W7W/CH-123,WA-Chelan,Graham Mountain,2224,7297,48.0573,-120.5311,8,3,3,,,,,,,,,,,1. Dec. 2010,31. Dec. 2099,TRUE,2016,7,24,2016-07-24,"K7MAS,KG7EJT"
W7W/CH-124,WA-Chelan,Whittier Peak,2219,7281,47.9471,-121.0315,8,3,0,USFS,Wenatchee NF,,,,,Open,Open,,,1. Dec. 2010,31. Dec. 2099,TRUE,1899,12,30,,
W7W/CH-125,WA-Chelan,7277 Static Mtn,2218,7277,48.0781,-120.7487,8,3,0,USFS,Wenatchee NF,,,,,Open,Open,,,1. Dec. 2010,30. Nov. 2016,FALSE,1899,12,30,,
W7W/CH-126,WA-Chelan,Rainbow Ridge,2206,7237,48.4089,-120.7046,8,3,0,NPS,Lake Chelan NRA,,,,,Open,Open,,,1. Dec. 2010,31. Dec. 2099,TRUE,1899,12,30,,
W7W/CH-127,WA-Chelan,7235 Sopa Peak,2205,7235,47.9919,-120.9302,8,3,0,USFS,Wenatchee NF,,,,,Open,Open,,,1. Dec. 2010,31. Dec. 2099,TRUE,1899,12,30,,
W7W/CH-128,WA-Chelan,Glory Mountain,2203,7228,48.4321,-120.9801,8,3,0,NPS,North Cascades NP,USFS,Wenatchee NF,,,Open,Open,,,1. Dec. 2010,31. Dec. 2099,TRUE,1899,12,30,,
W7W/CH-129,WA-Chelan,Rimrock Ridge East,2202,7224,48.3748,-120.9766,8,3,0,USFS,Wenatchee NF,,,,,Open,Open,,,1. Dec. 2010,30. Nov. 2016,FALSE,1899,12,30,,
W7W/CH-130,WA-Chelan,7220 Circuit Mtn,2201,7220,48.3031,-120.8326,8,3,0,USFS,Wenatchee NF,,,,,Open,Open,,,1. Dec. 2010,31. Dec. 2099,TRUE,1899,12,30,,
W7W/CH-131,WA-Chelan,Seven Sisters (HP),2195,7203,48.3774,-120.9342,8,3,0,USFS,Wenatchee NF,,,,,Open,Open,,,1. Dec. 2010,31. Dec. 2099,TRUE,1899,12,30,,
W7W/CH-132,WA-Chelan,Stormy Mountain,2194,7198,47.8979,-120.3522,8,3,12,,,,,,,,,,,1. Dec. 2010,31. Dec. 2099,TRUE,2014,10,9,2014-10-09,N7RR
W7W/CH-133,WA-Chelan,Rimrock Ridge West,2188,7180,48.3722,-121.0006,8,3,0,USFS,Wenatchee NF,,,,,Open,Open,,,1. Dec. 2010,31. Dec. 2099,TRUE,1899,12,30,,
W7W/CH-134,WA-Chelan,Harding Mountain,2186,7173,47.5276,-120.9859,8,3,0,USFS,Wenatchee NF,,,,,Open,Open,,,1. Dec. 2010,31. Dec. 2099,TRUE,1899,12,30,,
W7W/CH-135,WA-Chelan,Twisp Mountain,2183,7161,48.4612,-120.6509,8,3,0,NPS,North Cascades NP,USFS,Okanogan NF,,,Open,Open,,,1. Dec. 2010,31. Dec. 2099,TRUE,1899,12,30,,
W7W/CH-136,WA-Chelan,Lucerne Mountain,2179,7150,48.2103,-120.6903,8,3,0,USFS,Wenatchee NF,,,,,Open,Open,,,1. Dec. 2010,31. Dec. 2099,TRUE,1899,12,30,,
W7W/CH-137,WA-Chelan,Pelton Peak,2176,7140,48.4487,-121.0326,8,3,0,NPS,North Cascades NP,,,,,Open,Open,,,1. Dec. 2010,31. Dec. 2099,TRUE,1899,12,30,,
W7W/CH-138,WA-Chelan,7140 Halleluja Peak,2176,7140,48.4337,-120.987,8,3,0,NPS,North Cascades NP,USFS,Wenatchee NF,,,Open,Open,,,1. Dec. 2010,31. Dec. 2099,TRUE,1899,12,30,,
W7W/CH-139,WA-Chelan,7140 Circuitboard Mtn,2176,7140,48.3143,-120.818,8,3,0,USFS,Wenatchee NF,,,,,Open,Open,,,1. Dec. 2010,30. Nov. 2016,FALSE,1899,12,30,,
W7W/CH-140,WA-Chelan,Fourmile Ridge,2173,7128,47.9452,-120.4491,8,3,0,USFS,Wenatchee NF,,,,,Open,Open,,,1. Dec. 2010,31. Dec. 2099,TRUE,1899,12,30,,
W7W/CH-141,WA-Chelan,Big Goat Mountain,2170,7120,48.1033,-120.4144,8,3,0,USFS,Wenatchee NF,,,,,Open,Open,,,1. Dec. 2010,31. Dec. 2099,TRUE,1899,12,30,,
W7W/CH-142,WA-Chelan,Carne Mountain,2164,7100,48.0885,-120.803,8,3,10,,,,,,,,,,,1. Dec. 2010,31. Dec. 2099,TRUE,2015,10,16,2015-10-16,KG7EJT
W7W/CH-143,WA-Chelan,7100 Capacitor Mtn,2164,7100,48.4118,-121.0132,8,3,0,USFS,Wenatchee NF,,,,,Open,Open,,,1. Dec. 2010,31. Dec. 2099,TRUE,1899,12,30,,
W7W/CH-144,WA-Chelan,7100 Resistor Mtn,2164,7100,48.3827,-120.969,8,3,0,USFS,Wenatchee NF,,,,,Open,Open,,,1. Dec. 2010,31. Dec. 2099,TRUE,1899,12,30,,
W7W/CH-145,WA-Chelan,Old Gib Mountain,2155,7071,48.0579,-120.7942,8,3,0,USFS,Wenatchee NF,,,,,Open,Open,,,1. Dec. 2010,31. Dec. 2099,TRUE,1899,12,30,,
W7W/CH-146,WA-Chelan,Mount Howard,2153,7063,47.8145,-120.9545,8,3,1,,,,,,,,,,,1. Dec. 2010,31. Dec. 2099,TRUE,2023,8,31,2023-08-31,KJ7RTO
W7W/CH-147,WA-Chelan,Icicle Ridge,2142,7029,47.591,-120.7671,8,3,7,,,,,,,,,,,1. Dec. 2010,31. Dec. 2099,TRUE,2014,8,29,2014-08-29,NU7A
W7W/CH-148,WA-Chelan,Highchair Mountain,2138,7016,47.5678,-120.993,8,3,0,USFS,Wenatchee NF,,,,,Open,Open,,,1. Dec. 2010,31. Dec. 2099,TRUE,1899,12,30,,
W7W/CH-149,WA-Chelan,Tyee Ridge,2133,6998,47.8853,-120.5239,8,3,12,,,,,,,,,,,1. Dec. 2010,31. Dec. 2099,TRUE,2016,7,10,2016-07-10,WW7D
W7W/CH-150,WA-Chelan,6980 Integrated Circuit Mtn,2128,6980,48.4359,-120.8059,8,3,0,NPS,North Cascades NP,,,,,Open,Open,,,1. Dec. 2010,31. Dec. 2099,TRUE,1899,12,30,,
W7W/CH-151,WA-Chelan,The Trap,2128,6980,48.4308,-121.0082,8,3,0,NPS,North Cascades NP,USFS,Wenatchee NF,,,Open,Open,,,1. Dec. 2010,31. Dec. 2099,TRUE,1899,12,30,,
W7W/CH-152,WA-Chelan,Tolo Mountain,2113,6931,48.3953,-120.8962,8,3,0,NPS,North Cascades NP,USFS,Wenatchee NF,,,Open,Open,,,1. Dec. 2010,31. Dec. 2099,TRUE,1899,12,30,,
W7W/CH-153,WA-Chelan,Crook Mountain,2112,6930,47.9399,-120.8395,8,3,0,USFS,Wenatchee NF,,,,,Open,Open,,,1. Dec. 2010,31. Dec. 2099,TRUE,1899,12,30,,
W7W/CH-154,WA-Chelan,6913 Mount Sylvester,2107,6913,47.9551,-120.8516,8,3,0,USFS,Wenatchee NF,,,,,Open,Open,,,1. Dec. 2010,31. Dec. 2099,TRUE,1899,12,30,,
W7W/CH-155,WA-Chelan,6907 Tyee Ridge Middle Peak,2105,6907,47.8842,-120.5079,8,3,15,,,,,,,,,,,1. Dec. 2010,31. Dec. 2099,TRUE,2016,7,10,2016-07-10,WW7D
W7W/CH-156,WA-Chelan,Rock Mountain,2091,6860,47.7998,-120.9744,8,3,12,,,,,,,,,,,1. Dec. 2010,31. Dec. 2099,TRUE,2014,8,16,2014-08-16,NU7A
W7W/CH-157,WA-Chelan,Klone Peak,2079,6820,47.9618,-120.6209,8,3,1,,,,,,,,,,,1. Dec. 2010,31. Dec. 2099,TRUE,2017,9,13,2017-09-13,NU7A
W7W/CH-158,WA-Chelan,Bulls Tooth,2091,6860,47.6829,-121.0034,8,3,0,USFS,Wenatchee NF,,,,,Open,Open,,,1. Dec. 2010,31. Dec. 2099,TRUE,1899,12,30,,
W7W/CH-159,WA-Chelan,Bootjack Mountain,2069,6789,47.5788,-120.9635,8,3,6,,,,,,,,,,,1. Dec. 2010,31. Dec. 2099,TRUE,2015,7,14,2015-07-14,NU7A
W7W/CH-160,WA-Chelan,Kelly Mountain,2067,6780,47.9532,-120.6099,8,3,0,USFS,Wenatchee NF,,,,,Open,Open,,,1. Dec. 2010,31. Dec. 2099,TRUE,1899,12,30,,
W7W/CH-161,WA-Chelan,French Ridge,2063,6767,47.6022,-121.0756,8,3,0,USFS,Wenatchee NF,,,,,Open,Open,,,1. Dec. 2010,31. Dec. 2099,TRUE,1899,12,30,,
W7W/CH-162,WA-Chelan,Jim Hill Mountain,2062,6765,47.7379,-121.0096,8,3,0,USFS,Wenatchee NF,,,,,Open,Open,,,1. Dec. 2010,31. Dec. 2099,TRUE,1899,12,30,,
W7W/CH-163,WA-Chelan,Dad-DY Peak,2062,6764,47.9751,-120.8473,8,3,0,USFS,Wenatchee NF,,,,,Open,Open,,,1. Dec. 2010,31. Dec. 2099,TRUE,1899,12,30,,
W7W/CH-164,WA-Chelan,Painters Thumb,2056,6744,47.6752,-120.8509,8,3,0,USFS,Wenatchee NF,,,,,Open,Open,,,1. Dec. 2010,31. Dec. 2099,TRUE,1899,12,30,,
W7W/CH-165,WA-Chelan,6716 Shetipo Point,2047,6716,47.9969,-120.6816,8,3,0,USFS,Wenatchee NF,,,,,Open,Open,,,1. Dec. 2010,31. Dec. 2099,TRUE,1899,12,30,,
W7W/CH-166,WA-Chelan,Thor Peak,2074,6804,47.6583,-121.1076,8,3,0,USFS,Wenatchee NF,,,,,Open,Open,,,1. Dec. 2010,31. Dec. 2099,TRUE,1899,12,30,,
W7W/CH-167,WA-Chelan,Cougar Mountain,2042,6701,47.8913,-120.5809,8,3,2,,,,,,,,,,,1. Dec. 2010,31. Dec. 2099,TRUE,2021,9,11,2021-09-11,"WW7D,WU7H"
W7W/CH-168,WA-Chelan,Tyee Mountain,2028,6654,47.8641,-120.4713,8,3,19,,,,,,,,,,,1. Dec. 2010,31. Dec. 2099,TRUE,2016,7,10,2016-07-10,WW7D
W7W/CH-169,WA-Chelan,Bolt Peak,2016,6613,48.0439,-121.0426,8,3,0,USFS,Wenatchee NF,,,,,Open,Open,,,1. Dec. 2010,31. Dec. 2099,TRUE,1899,12,30,,
W7W/CH-170,WA-Chelan,Chikamin Ridge,2012,6602,47.9717,-120.6796,8,3,2,,,,,,,,,,,1. Dec. 2010,31. Dec. 2099,TRUE,2024,7,18,2024-07-18,"AC7MA,WW7D"
W7W/CH-171,WA-Chelan,Longfellow Mountain,2005,6577,47.9387,-121.0598,8,3,0,USFS,Wenatchee NF,,,,,Open,Open,,,1. Dec. 2010,31. Dec. 2099,TRUE,1899,12,30,,
W7W/CH-172,WA-Chelan,Frosty Mountain,1981,6500,47.674,-120.9703,6,3,0,USFS,Wenatchee NF,,,,,Open,Open,,,1. Dec. 2010,31. Dec. 2099,TRUE,1899,12,30,,
W7W/CH-173,WA-Chelan,6435 Resistance Mtn,1961,6435,48.0056,-120.9956,6,3,0,USFS,Wenatchee NF,,,,,Open,Open,,,1. Dec. 2010,31. Dec. 2099,TRUE,1899,12,30,,
W7W/CH-174,WA-Chelan,Bryant Peak,1951,6401,47.9593,-121.0726,6,3,0,USFS,Wenatchee NF,,,,,Open,Open,,,1. Dec. 2010,31. Dec. 2099,TRUE,1899,12,30,,
W7W/CH-175,WA-Chelan,6389 Mad Lake Point,1947,6389,47.9302,-120.6591,6,3,2,,,,,,,,,,,1. Dec. 2010,31. Dec. 2099,TRUE,2021,9,11,2021-09-11,"WW7D,WU7H"
W7W/CH-176,WA-Chelan,Labyrinth Mountain,1943,6376,47.8529,-121.0431,6,3,20,,,,,,,,,,,1. Dec. 2010,31. Dec. 2099,TRUE,2014,10,2,2014-10-02,N7RR
W7W/CH-177,WA-Chelan,6359 Single Lever Mtn,1938,6359,47.8982,-120.9664,6,3,0,USFS,Wenatchee NF,,,,,Open,Open,,,1. Dec. 2010,31. Dec. 2099,TRUE,1899,12,30,,
W7W/CH-178,WA-Chelan,Swallow Tail,1925,6317,47.6362,-121.1003,6,3,0,USFS,Wenatchee NF,,,,,Open,Open,,,1. Dec. 2010,31. Dec. 2099,TRUE,1899,12,30,,
W7W/CH-179,WA-Chelan,Lemool Mountain,1915,6284,47.6948,-121.0285,6,3,1,,,,,,,,,,,1. Dec. 2010,31. Dec. 2099,TRUE,2018,8,16,2018-08-16,WU7H
W7W/CH-180,WA-Chelan,Dirtyface Peak,1908,6260,47.8712,-120.8251,6,3,0,USFS,Wenatchee NF,,,,,Open,Open,,,1. Dec. 2010,31. Dec. 2099,TRUE,1899,12,30,,
W7W/CH-181,WA-Chelan,Alpine Lookout,1900,6235,47.812,-120.8644,6,3,9,,,,,,,,,,,1. Dec. 2010,31. Dec. 2099,TRUE,2014,8,7,2014-08-07,NU7A
W7W/CH-182,WA-Chelan,Dirtyface Benchmark,1897,6223,47.8677,-120.8154,6,3,0,USFS,Wenatchee NF,,,,,Open,Open,,,1. Dec. 2010,31. Dec. 2099,TRUE,1899,12,30,,
W7W/CH-183,WA-Chelan,Fox Peak,1894,6213,48.0884,-120.2331,6,3,9,,,,,,,,,,,1. Dec. 2010,31. Dec. 2099,TRUE,2020,8,1,2020-08-01,KJ7ARG
W7W/CH-184,WA-Chelan,6100Poison Peak,1859,6100,48.0739,-120.1831,6,3,10,,,,,,,,,,,1. Dec. 2010,31. Dec. 2099,TRUE,2020,5,23,2020-05-23,"KD7JB,KJ7ARG"
W7W/CH-185,WA-Chelan,Arrowhead Mountain,1838,6030,47.7577,-120.9658,6,3,1,,,,,,,,,,,1. Dec. 2010,31. Dec. 2099,TRUE,2022,1,23,2022-01-23,WX7EMT
W7W/CH-186,WA-Chelan,Rainbow Mountain,1847,6060,48.3773,-120.7131,6,3,0,NPS,Lake Chelan NRA,,,,,Open,Open,,,1. Dec. 2010,31. Dec. 2099,TRUE,1899,12,30,,
W7W/CH-187,WA-Chelan,Basalt Peak,1830,6004,47.9762,-120.7482,6,3,1,,,,,,,,,,,1. Dec. 2010,31. Dec. 2099,TRUE,2023,9,22,2023-09-22,K7HO
W7W/CH-188,WA-Chelan,Estes Butte,1816,5957,48.0213,-120.7952,6,3,0,USFS,Wenatchee NF,,,,,Open,Open,,,1. Dec. 2010,31. Dec. 2099,TRUE,1899,12,30,,
W7W/CH-189,WA-Chelan,5937 Irving Peak-North Peak,1810,5937,47.9054,-121.015,6,3,0,USFS,Wenatchee NF,,,,,Open,Open,,,1. Dec. 2010,31. Dec. 2099,TRUE,1899,12,30,,
W7W/CH-190,WA-Chelan,5925 Daedalus,1806,5925,47.8428,-121.061,6,3,0,USFS,Wenatchee NF,,,,,Open,Open,,,1. Dec. 2010,31. Dec. 2099,TRUE,1899,12,30,,
W7W/CH-191,WA-Chelan,5882 Wenatchee Ridge-South Peak,1793,5882,47.8916,-120.9914,6,3,0,USFS,Wenatchee NF,,,,,Open,Open,,,1. Dec. 2010,31. Dec. 2099,TRUE,1899,12,30,,
W7W/CH-192,WA-Chelan,Big Chief Mountain,1786,5858,47.7463,-121.0669,6,3,19,,,,,,,,,,,1. Dec. 2010,31. Dec. 2099,TRUE,2015,9,11,2015-09-11,K7MAS
W7W/CH-193,WA-Chelan,Lichtenberg Mountain,1781,5844,47.7881,-121.0912,6,3,3,,,,,,,,,,,1. Dec. 2010,31. Dec. 2099,TRUE,2019,7,26,2019-07-26,N7KRN
W7W/CH-194,WA-Chelan,Cady Ridge,1773,5816,47.9557,-121.1319,6,3,2,USFS,Wenatchee NF,,,,,Open,Open,,,1. Dec. 2010,31. Dec. 2099,TRUE,2025,7,29,2025-07-29,"AC7MA,K7JRO"
W7W/CH-195,WA-Chelan,Sugarloaf Peak,1772,5814,47.7574,-120.5279,6,3,68,,,,,,,,,,,1. Dec. 2010,31. Dec. 2099,TRUE,2015,6,11,2015-06-11,KY7S
W7W/CH-196,WA-Chelan,Chumstick Mountain,1771,5810,47.6505,-120.4511,6,3,61,,,,,,,,,,,1. Dec. 2010,31. Dec. 2099,TRUE,2015,6,11,2015-06-11,KY7S
W7W/CH-197,WA-Chelan,5774 Entiat Ridge Peak,1760,5774,47.6181,-120.4086,6,3,46,,,,,,,,,,,1. Dec. 2010,31. Dec. 2099,TRUE,2015,6,11,2015-06-11,KY7S
W7W/CH-198,WA-Chelan,5770 Contest Mtn,1759,5770,47.8566,-121.1462,6,3,1,,,,,,,,,,,1. Dec. 2010,31. Dec. 2099,TRUE,2018,8,13,2018-08-13,WU7H
W7W/CH-199,WA-Chelan,5754 Aegeus,1754,5754,47.8356,-121.0091,6,3,2,,,,,,,,,,,1. Dec. 2010,31. Dec. 2099,TRUE,2024,9,19,2024-09-19,"AC7MA,WW7D"
W7W/CH-200,WA-Chelan,5715 High Power Mtn,1742,5715,47.8866,-120.9352,6,3,0,USFS,Wenatchee NF,,,,,Open,Open,,,1. Dec. 2010,31. Dec. 2099,TRUE,1899,12,30,,
W7W/CH-201,WA-Chelan,5687 Low Power Mtn,1733,5687,47.9376,-120.8,6,3,0,USFS,Wenatchee NF,,,,,Open,Open,,,1. Dec. 2010,31. Dec. 2099,TRUE,1899,12,30,,
W7W/CH-202,WA-Chelan,Slide Peak,1706,5598,47.914,-120.2656,6,3,7,,,,,,,,,,,1. Dec. 2010,31. Dec. 2099,TRUE,2014,10,8,2014-10-08,N7RR
W7W/CH-203,WA-Chelan,Fall Mountain,1705,5594,47.8859,-121.1301,6,3,3,,,,,,,,,,,1. Dec. 2010,31. Dec. 2099,TRUE,2018,8,12,2018-08-12,WU7H
W7W/CH-204,WA-Chelan,Nason Ridge,1700,5576,47.7984,-121.0461,6,3,30,,,,,,,,,,,1. Dec. 2010,31. Dec. 2099,TRUE,2014,9,21,2014-09-21,N7KRN
W7W/CH-205,WA-Chelan,Estes Butte Lookout,1645,5397,47.9951,-120.7929,6,3,6,,,,,,,,,,,1. Dec. 2010,31. Dec. 2099,TRUE,2014,9,4,2014-09-04,NU7A
W7W/CH-206,WA-Chelan,5221 Twin Lead Mtn,1591,5221,47.6861,-120.4879,6,3,55,,,,,,,,,,,1. Dec. 2010,31. Dec. 2099,TRUE,2015,6,11,2015-06-11,KY7S
W7W/CH-207,WA-Chelan,Mission Ridge,1513,4963,47.3278,-120.4607,6,3,12,,,,,,,,,,,1. Dec. 2010,31. Dec. 2099,TRUE,2015,10,6,2015-10-06,NU7A
W7W/CH-208,WA-Chelan,Burch Mountain,1509,4951,47.5821,-120.3937,6,3,34,,,,,,,,,,,1. Dec. 2010,31. Dec. 2099,TRUE,2018,6,15,2018-06-15,"WU7H,WX7EMT"
W7W/CH-209,WA-Chelan,Roughhouse Mountain,1457,4780,47.3559,-120.6744,4,0,42,,,,,,,,,,,1. Dec. 2010,31. Dec. 2099,TRUE,2016,7,13,2016-07-13,"AC7MA,WA7NCL"
W7W/CH-210,WA-Chelan,Tiptop,1457,4780,47.4403,-120.6086,4,0,1,,,,,,,,,,,1. Dec. 2010,31. Dec. 2099,TRUE,2019,4,27,2019-04-27,WX7EMT
W7W/CH-211,WA-Chelan,Blag Mountain,1429,4687,47.6019,-120.5097,4,0,19,,,,,,,,,,,1. Dec. 2010,31. Dec. 2099,TRUE,2017,5,19,2017-05-19,"KG7EJT,K7MAS"
W7W/CH-212,WA-Chelan,Horse Lake Mountain,1420,4660,47.4195,-120.4438,4,0,13,,,,,,,,,,,1. Dec. 2010,31. Dec. 2099,TRUE,2017,4,28,2017-04-28,NU7A
W7W/CH-213,WA-Chelan,4523 Pant-Leg Peak,1379,4523,48.0467,-120.3047,4,0,1,,,,,,,,,,,1. Dec. 2010,31. Dec. 2099,TRUE,2024,10,19,2024-10-19,WA7BEN
W7W/CH-214,WA-Chelan,Tumwater Mountain,1372,4500,47.6164,-120.7013,4,0,20,,,,,,,,,,,1. Dec. 2010,31. Dec. 2099,TRUE,2015,10,21,2015-10-21,NU7A
W7W/CH-215,WA-Chelan,Round Mountain,1335,4379,48.229,-120.5724,4,0,0,USFS,Wenatchee NF,,,,,Open,Open,,,1. Dec. 2010,31. Dec. 2099,TRUE,1899,12,30,,
W7W/CH-216,WA-Chelan,Humility Hill,1328,4358,47.6229,-120.5217,4,0,4,,,,,,,,,,,1. Dec. 2010,31. Dec. 2099,TRUE,2017,5,19,2017-05-19,"KG7EJT,K7MAS"
W7W/CH-217,WA-Chelan,4218 Sideband Mtn,1286,4218,47.7254,-120.7935,4,0,0,Chelan Resources LLC,,,,,,Unstated,Unstated,,,1. Dec. 2010,31. Dec. 2099,TRUE,1899,12,30,,
W7W/CH-218,WA-Chelan,Natapoc Mountain,1286,4220,47.7442,-120.7095,4,0,1,,,,,,,,,,,1. Dec. 2010,31. Dec. 2099,TRUE,2020,7,19,2020-07-19,K7HO
W7W/CH-219,WA-Chelan,4133 Windy Hill,1260,4133,47.8072,-120.4424,4,0,13,,,,,,,,,,,1. Dec. 2010,31. Dec. 2099,TRUE,2016,7,11,2016-07-11,WW7D
W7W/CH-220,WA-Chelan,Domke Mountain,1240,4067,48.1761,-120.5636,4,0,0,USFS,Wenatchee NF,,,,,Open,Open,,,1. Dec. 2010,31. Dec. 2099,TRUE,1899,12,30,,
W7W/CH-221,WA-Chelan,Tibbetts Mountain,1254,4115,47.5729,-120.4887,4,0,38,,,,,,,,,,,1. Dec. 2010,31. Dec. 2099,TRUE,2017,4,29,2017-04-29,K7MAS
W7W/CH-222,WA-Chelan,3855 Spectrum Mtn,1175,3855,47.6728,-120.5609,4,0,21,,,,,,,,,,,1. Dec. 2010,31. Dec. 2099,TRUE,2020,6,6,2020-06-06,"WW7D,WU7H"
W7W/CH-223,WA-Chelan,Chelan Butte,1169,3835,47.807,-120.034,4,0,31,,,,,,,,,,,1. Dec. 2010,31. Dec. 2099,TRUE,2013,6,8,2013-06-08,WT0F
W7W/CH-224,WA-Chelan,3755 Frequency Mtn,1145,3755,47.7644,-120.2691,4,0,7,USFS,Wenatchee NF,,,,,Open,Open,,,1. Dec. 2010,31. Dec. 2099,TRUE,2025,4,19,2025-04-19,"KK7ULL,KC7EPG,KK7UIX,KK7UKE"
W7W/CH-225,WA-Chelan,Bear Mountain,1103,3620,47.8323,-120.1662,4,0,6,,,,,,,,,,,1. Dec. 2010,31. Dec. 2099,TRUE,2021,11,7,2021-11-07,K7NCM
W7W/CH-226,WA-Chelan,Sheep Rock,1067,3500,47.4029,-120.4806,4,0,0,USFS,Wenatchee NF,,,,,Open,Open,,,1. Dec. 2010,31. Dec. 2099,TRUE,1899,12,30,,
W7W/CH-227,WA-Chelan,Fourth of July Mountain,1078,3537,47.9622,-120.1634,4,0,14,,,,,,,,,,,1. Dec. 2010,31. Dec. 2099,TRUE,2016,9,10,2016-09-10,K7MAS
W7W/CH-228,WA-Chelan,3500 Camas Mountain,1067,3500,47.4892,-120.5956,4,0,23,,,,,,,,,,,1. Dec. 2010,31. Dec. 2099,TRUE,2015,4,25,2015-04-25,N7KRN
W7W/CH-229,WA-Chelan,3380 Full Wave Mtn,1030,3380,47.6805,-120.7474,4,0,2,,,,,,,,,,,1. Dec. 2010,31. Dec. 2099,TRUE,2019,4,28,2019-04-28,"K7MAS,KG7EJT"
W7W/CH-230,WA-Chelan,3380 Half Wave Mtn,1030,3380,47.938,-120.1317,4,0,5,,,,,,,,,,,1. Dec. 2010,31. Dec. 2099,TRUE,2021,12,8,2021-12-08,K7NCM
W7W/CH-231,WA-Chelan,Dick Mesa,1011,3318,47.691,-120.2703,4,0,4,,,,,,,,,,,1. Dec. 2010,31. Dec. 2099,TRUE,2019,4,5,2019-04-05,KJ7ARG
W7W/CH-232,WA-Chelan,3276 Keyboard Hill,999,3276,47.4511,-120.517,2,0,0,USFS,Wenatchee NF,,,,,Open,Open,,,1. Dec. 2010,31. Dec. 2099,TRUE,1899,12,30,,
W7W/CH-233,WA-Chelan,3271 Natapoc Mountain,997,3271,47.709,-120.7271,2,0,0,USFS,Wenatchee NF,,,,,Open,Open,,,1. Dec. 2010,31. Dec. 2099,TRUE,1899,12,30,,
W7W/CH-234,WA-Chelan,3100 Plain Ridge,945,3100,47.7598,-120.6338,2,0,2,,,,,,,,,,,1. Dec. 2010,31. Dec. 2099,TRUE,2020,6,19,2020-06-19,KA7GPP
W7W/CH-235,WA-Chelan,2860 Beaver Hill,872,2860,47.7462,-120.6487,2,0,8,,,,,,,,,,,1. Dec. 2010,31. Dec. 2099,TRUE,2018,6,17,2018-06-17,WB6NXJ
W7W/CH-236,WA-Chelan,2854 Activator Hill,870,2854,47.8313,-120.6345,2,0,0,USFS,Wenatchee NF,,,,,Open,Open,,,1. Dec. 2010,30. Nov. 2016,FALSE,1899,12,30,,
W7W/CH-237,WA-Chelan,Loop Hill,835,2740,47.829,-120.6867,2,0,10,,,,,,,,,,,1. Dec. 2010,31. Dec. 2099,TRUE,2019,2,23,2019-02-23,KB6ZSB
W7W/CH-238,WA-Chelan,Bee Sting Hill,812,2665,47.7771,-120.6443,2,0,4,,,,,,,,,,,1. Dec. 2010,31. Dec. 2099,TRUE,2022,10,12,2022-10-12,K7HO
W7W/CH-239,WA-Chelan,2562 Didahdit Hill,781,2562,47.8957,-119.9514,2,0,0,BLM,Spokane District:Wenatchee Field Office,,,,,Open,Open,,,1. Dec. 2010,31. Dec. 2099,TRUE,1899,12,30,,
W7W/CH-240,WA-Chelan,2220 Ice Cave Mountain,677,2220,47.9107,-119.9301,2,0,1,,,,,,,,,,,1. Dec. 2010,31. Dec. 2099,TRUE,2021,11,29,2021-11-29,K7NCM
W7W/CH-241,WA-Chelan,Eleven Bits Hill,624,2048,47.5253,-120.5283,2,0,6,,,,,,,,,,,1. Dec. 2010,31. Dec. 2099,TRUE,2021,5,4,2021-05-04,KA7GPP
W7W/CH-242,WA-Chelan,1820 Bug Hill,555,1820,47.8739,-119.9407,2,0,0,DON AND LYNN HOLDINGS LLC,,,,,,Restricted,Unstated,,,1. Dec. 2010,31. Dec. 2099,TRUE,1899,12,30,,
W7W/CH-243,WA-Chelan,Ice Box,2473,8112,48.112,-120.7952,8,3,0,USFS,Wenatchee NF,,,,,Open,Open,,,1. Dec. 2016,31. Dec. 2099,TRUE,1899,12,30,,
W7W/CH-244,WA-Chelan,Genius Peak,2450,8039,48.1671,-120.8501,8,3,0,USFS,Wenatchee NF,,,,,Open,Open,,,1. Dec. 2016,31. Dec. 2099,TRUE,1899,12,30,,
W7W/CH-245,WA-Chelan,7340,2237,7340,48.0781,-120.7487,8,3,0,USFS,Wenatchee NF,,,,,Open,Open,,,1. Dec. 2016,31. Dec. 2099,TRUE,1899,12,30,,
W7W/CH-246,WA-Chelan,Rainy Benchmark,2368,7768,48.4852,-120.7464,8,3,0,NPS,North Cascades NP,USFS,Wenatchee NF,,,Open,Open,,,1. Dec. 2016,31. Dec. 2099,TRUE,1899,12,30,,
W7W/CH-247,WA-Chelan,Rimrock Ridge,2213,7260,48.3755,-120.9783,8,3,0,USFS,Wenatchee NF,,,,,Open,Open,,,1. Dec. 2016,31. Dec. 2099,TRUE,1899,12,30,,
W7W/CH-248,WA-Chelan,Big Sister,2188,7180,48.3927,-120.9245,8,3,0,NPS,North Cascades NP,USFS,Wenatchee NF,,,Open,Open,,,1. Dec. 2016,31. Dec. 2099,TRUE,1899,12,30,,
W7W/CH-249,WA-Chelan,6748French Ridge-West Peak,2057,6748,47.5975,-121.0896,8,3,0,USFS,Wenatchee NF,,,,,Open,Open,,,1. Dec. 2016,31. Dec. 2099,TRUE,1899,12,30,,
W7W/CH-250,WA-Chelan,Cooper Mountain,1788,5867,48.0113,-120.0839,6,3,18,,,,,,,,,,,1. Dec. 2016,31. Dec. 2099,TRUE,2019,8,31,2019-08-31,"KJ7ARG,KD7JB"
W7W/CH-251,WA-Chelan,3273,998,3273,47.5601,-120.4666,2,0,1,,,,,,,,,,,1. Dec. 2016,31. Dec. 2099,TRUE,2021,11,16,2021-11-16,K7NCM
W7W/CH-252,WA-Chelan,2779,847,2779,47.8171,-120.6254,2,0,1,,,,,,,,,,,1. Dec. 2016,31. Dec. 2099,TRUE,2020,6,21,2020-06-21,K7HO
W7W/CW-001,WA-Central Washington,Mount Daniel,2432,7980,47.5657,-121.1782,8,3,2,,,,,,,,,,,1. Dec. 2010,31. Dec. 2099,TRUE,2020,10,3,2020-10-03,WX7EMT
W7W/CW-002,WA-Central Washington,Chimney Rock,2355,7727,47.507,-121.2899,8,3,0,USFS,Mt. Baker NF,USFS,Wenatchee NF,,,Open,Open,None,,1. Dec. 2010,31. Dec. 2099,TRUE,1899,12,30,,
W7W/CW-003,WA-Central Washington,Ingalls Peak,2335,7662,47.4725,-120.9463,8,3,2,,,,,,,,,,,1. Dec. 2010,31. Dec. 2099,TRUE,2023,9,17,2023-09-17,KI7QIV
W7W/CW-004,WA-Central Washington,Mount Hinman,2286,7500,47.5682,-121.2122,8,3,1,,,,,,,,,,,1. Dec. 2010,31. Dec. 2099,TRUE,2021,7,4,2021-07-04,KI7QIV
W7W/CW-005,WA-Central Washington,Lemah Mountain,2286,7500,47.4939,-121.3008,8,3,2,,,,,,,,,,,1. Dec. 2010,31. Dec. 2099,TRUE,2022,7,5,2022-07-05,KI7QIV
W7W/CW-006,WA-Central Washington,Summit Chief Mountain,2275,7464,47.5236,-121.2685,8,3,2,,,,,,,,,,,1. Dec. 2010,31. Dec. 2099,TRUE,2021,7,18,2021-07-18,KI7QIV
W7W/CW-007,WA-Central Washington,Lynch Peak,2225,7300,47.5838,-121.1719,8,3,0,USFS,Mt. Baker NF,USFS,Wenatchee NF,,,Open,Open,None,,1. Dec. 2010,31. Dec. 2099,TRUE,1899,12,30,,
W7W/CW-008,WA-Central Washington,Navaho Peak,2202,7223,47.4229,-120.8035,8,3,22,,,,,,,,,,,1. Dec. 2010,31. Dec. 2099,TRUE,2013,7,28,2013-07-28,WA7NCL
W7W/CW-009,WA-Central Washington,Bears Breast Mountain,2194,7197,47.54,-121.2255,8,3,0,USFS,Wenatchee NF,,,,,Open,Open,None,,1. Dec. 2010,31. Dec. 2099,TRUE,1899,12,30,,
W7W/CW-010,WA-Central Washington,Hawkins Mountain,2188,7180,47.4502,-121.0009,8,3,5,,,,,,,,,,,1. Dec. 2010,31. Dec. 2099,TRUE,2017,7,22,2017-07-22,WX7EMT
W7W/CW-011,WA-Central Washington,Granite Mountain,2177,7144,47.5809,-121.0907,8,3,1,USFS,Wenatchee NF,,,,,Open,Open,None,,1. Dec. 2010,31. Dec. 2099,TRUE,2025,7,19,2025-07-19,KK7LHY
W7W/CW-012,WA-Central Washington,Solomon Mountain,2163,7095,47.5183,-120.9964,8,3,2,,,,,,,,,,,1. Dec. 2010,31. Dec. 2099,TRUE,2018,8,12,2018-08-12,"KE7JWP,WX7EMT"
W7W/CW-013,WA-Central Washington,Earl Peak,2145,7036,47.4099,-120.8429,8,3,22,,,,,,,,,,,1. Dec. 2010,31. Dec. 2099,TRUE,2014,10,19,2014-10-19,K7MAS
W7W/CW-014,WA-Central Washington,Scatter Peaks,2143,7031,47.5043,-120.9945,8,3,0,USFS,Wenatchee NF,,,,,Open,Open,None,,1. Dec. 2010,31. Dec. 2099,TRUE,1899,12,30,,
W7W/CW-015,WA-Central Washington,Chikamin Peak,2140,7020,47.4755,-121.3109,8,3,3,,,,,,,,,,,1. Dec. 2010,31. Dec. 2099,TRUE,2018,10,14,2018-10-14,KI7QIV
W7W/CW-016,WA-Central Washington,Bills Peak,2108,6917,47.4278,-120.8919,8,3,4,,,,,,,,,,,1. Dec. 2010,31. Dec. 2099,TRUE,2018,5,27,2018-05-27,WX7EMT
W7W/CW-017,WA-Central Washington,Mission Peak,2096,6876,47.2848,-120.441,8,3,50,,,,,,,,,,,1. Dec. 2010,31. Dec. 2099,TRUE,2014,6,26,2014-06-26,KY7S
W7W/CW-018,WA-Central Washington,Tucquala Peak,2079,6821,47.5356,-121.0402,8,3,7,,,,,,,,,,,1. Dec. 2010,31. Dec. 2099,TRUE,2019,7,21,2019-07-21,"K7MAS,KG7EJT"
W7W/CW-019,WA-Central Washington,Teanaway Peak,2066,6779,47.4252,-120.9069,8,3,5,,,,,,,,,,,1. Dec. 2010,31. Dec. 2099,TRUE,2017,6,27,2017-06-27,WX7EMT
W7W/CW-020,WA-Central Washington,High Esmeralda,2062,6765,47.4407,-120.968,8,3,3,,,,,,,,,,,1. Dec. 2010,31. Dec. 2099,TRUE,2017,6,11,2017-06-11,WX7EMT
W7W/CW-021,WA-Central Washington,Sherpani Peak,2054,6740,47.5592,-121.0786,8,3,3,,,,,,,,,,,1. Dec. 2010,31. Dec. 2099,TRUE,2024,7,31,2024-07-31,"AC7MA,WW7D,K7JRO"
W7W/CW-022,WA-Central Washington,Cathedral Rock,2049,6724,47.5552,-121.1355,8,3,1,,,,,,,,,,,1. Dec. 2010,31. Dec. 2099,TRUE,2018,8,19,2018-08-19,KE7JWP
W7W/CW-023,WA-Central Washington,East Three Queens,2038,6687,47.4463,-121.2706,8,3,0,USFS,Wenatchee NF,,,,,Open,Open,None,,1. Dec. 2010,31. Dec. 2099,TRUE,1899,12,30,,
W7W/CW-024,WA-Central Washington,Goat Mountain,2018,6620,47.4686,-121.0634,8,3,0,USFS,Wenatchee NF,,,,,Open,Open,None,,1. Dec. 2010,31. Dec. 2099,TRUE,1899,12,30,,
W7W/CW-025,WA-Central Washington,Mons Venus,2010,6596,47.5488,-121.1888,8,3,0,USFS,Wenatchee NF,,,,,Open,Open,None,,1. Dec. 2010,31. Dec. 2099,TRUE,1899,12,30,,
W7W/CW-026,WA-Central Washington,Hibox Mountain,1996,6547,47.4317,-121.3005,6,3,4,,,,,,,,,,,1. Dec. 2010,31. Dec. 2099,TRUE,2017,9,9,2017-09-09,WX7EMT
W7W/CW-027,WA-Central Washington,Jolly Mountain,1964,6443,47.3835,-121.0212,6,3,17,,,,,,,,,,,1. Dec. 2010,31. Dec. 2099,TRUE,2016,10,10,2016-10-10,WX7EMT
W7W/CW-028,WA-Central Washington,Miller Peak,1951,6402,47.3941,-120.7441,6,3,25,,,,,,,,,,,1. Dec. 2010,31. Dec. 2099,TRUE,2015,5,20,2015-05-20,NU7A
W7W/CW-029,WA-Central Washington,The Louvre,1949,6394,47.408,-121.0001,6,3,3,,,,,,,,,,,1. Dec. 2010,31. Dec. 2099,TRUE,2022,8,25,2022-08-25,"WW7D,AC7MA,K7JRO"
W7W/CW-030,WA-Central Washington,Lion Rock,1945,6380,47.2526,-120.5856,6,3,82,,,,,,,,,,,1. Dec. 2010,31. Dec. 2099,TRUE,2011,9,11,2011-09-11,WA7NCL
W7W/CW-031,WA-Central Washington,Huckleberry Mountain,1932,6340,47.4742,-121.334,6,3,0,USFS,Mt. Baker NF,USFS,Wenatchee NF,,,Open,Open,None,,1. Dec. 2010,31. Dec. 2099,TRUE,1899,12,30,,
W7W/CW-032,WA-Central Washington,Manastash Ridge,1931,6335,47.0145,-121.0295,6,3,1,,,,,,,,,,,1. Dec. 2010,31. Dec. 2099,TRUE,2018,6,23,2018-06-23,WW7D
W7W/CW-033,WA-Central Washington,Quartz Mountain,1920,6300,47.0735,-121.0789,6,3,34,,,,,,,,,,,1. Dec. 2010,31. Dec. 2099,TRUE,2015,7,11,2015-07-11,WW7D
W7W/CW-034,WA-Central Washington,Alta Mountain,1908,6260,47.4411,-121.3318,6,3,5,,,,,,,,,,,1. Dec. 2010,31. Dec. 2099,TRUE,2013,9,12,2013-09-12,WA7NCL
W7W/CW-035,WA-Central Washington,Mount Clifty,1903,6245,47.1058,-121.1644,6,3,6,,,,,,,,,,,1. Dec. 2010,31. Dec. 2099,TRUE,2019,11,23,2019-11-23,"WX7EMT,KF7NYC"
W7W/CW-036,WA-Central Washington,Mount Lillian South,1887,6191,47.3094,-120.5141,6,3,56,,,,,,,,,,,1. Dec. 2010,31. Dec. 2099,TRUE,2014,6,26,2014-06-26,KY7S
W7W/CW-037,WA-Central Washington,Lookout Mountain,1886,6188,47.1123,-121.1301,6,3,6,,,,,,,,,,,1. Dec. 2010,31. Dec. 2099,TRUE,2018,7,14,2018-07-14,WW7D
W7W/CW-038,WA-Central Washington,Bentrim Hill,1853,6078,47.2899,-120.4893,6,3,43,,,,,,,,,,,1. Dec. 2010,31. Dec. 2099,TRUE,2014,6,26,2014-06-26,KY7S
W7W/CW-039,WA-Central Washington,Box Ridge,1839,6032,47.4247,-121.2831,6,3,0,USFS,Wenatchee NF,,,,,Open,Open,None,,1. Dec. 2010,31. Dec. 2099,TRUE,1899,12,30,,
W7W/CW-040,WA-Central Washington,Koppen Mountain,1838,6031,47.4071,-120.9591,6,3,13,,,,,,,,,,,1. Dec. 2010,31. Dec. 2099,TRUE,2015,9,10,2015-09-10,NU7A
W7W/CW-041,WA-Central Washington,Red Mountain,1798,5900,47.3975,-121.1445,6,3,3,,,,,,,,,,,1. Dec. 2010,31. Dec. 2099,TRUE,2014,7,7,2014-07-07,WA7NCL
W7W/CW-042,WA-Central Washington,Rampart Ridge,1789,5870,47.4109,-121.3445,6,3,11,,,,,,,,,,,1. Dec. 2010,31. Dec. 2099,TRUE,2014,8,19,2014-08-19,WA7NCL
W7W/CW-043,WA-Central Washington,Hard Knox,1786,5860,47.35,-121.2054,6,3,36,,,,,,,,,,,1. Dec. 2010,31. Dec. 2099,TRUE,2015,10,11,2015-10-11,"K7MAS,KG7EJT"
W7W/CW-044,WA-Central Washington,Thorp Mountain,1784,5854,47.3708,-121.2085,6,3,41,,,,,,,,,,,1. Dec. 2010,31. Dec. 2099,TRUE,2014,7,26,2014-07-26,WA7NCL
W7W/CW-045,WA-Central Washington,Blowout Mountain,1753,5750,47.1398,-121.3029,6,3,14,,,,,,,,,,,1. Dec. 2010,31. Dec. 2099,TRUE,2015,5,30,2015-05-30,WA7NCL
W7W/CW-046,WA-Central Washington,Elbow Peak,1750,5740,47.3419,-121.0131,6,3,5,,,,,,,,,,,1. Dec. 2010,31. Dec. 2099,TRUE,2015,5,2,2015-05-02,KG7EJT
W7W/CW-047,WA-Central Washington,Frost Mountain,1750,5740,47.0637,-120.9966,6,3,30,,,,,,,,,,,1. Dec. 2010,31. Dec. 2099,TRUE,2015,7,12,2015-07-12,WW7D
W7W/CW-048,WA-Central Washington,Sasse Mountain,1747,5730,47.3575,-121.0556,6,3,10,,,,,,,,,,,1. Dec. 2010,31. Dec. 2099,TRUE,2016,7,31,2016-07-31,"AC7MA,WA7NCL"
W7W/CW-049,WA-Central Washington,French Cabin Mountain-West Peak,1745,5724,47.3205,-121.1816,6,3,8,,,,,,,,,,,1. Dec. 2010,31. Dec. 2099,TRUE,2017,7,17,2017-07-17,WA7NCL
W7W/CW-050,WA-Central Washington,Pyramid Peak,1742,5715,47.1115,-121.4055,6,3,32,,,,,,,,,,,1. Dec. 2010,31. Dec. 2099,TRUE,2015,4,19,2015-04-19,AF7GL
W7W/CW-051,WA-Central Washington,Taneum Ridge,1737,5700,47.1083,-121.081,6,3,5,,,,,,,,,,,1. Dec. 2010,31. Dec. 2099,TRUE,2015,7,11,2015-07-11,WW7D
W7W/CW-052,WA-Central Washington,Silver Peak,1708,5605,47.3615,-121.4613,6,3,64,,,,,,,,,,,1. Dec. 2010,31. Dec. 2099,TRUE,2012,9,16,2012-09-16,KR7W
W7W/CW-053,WA-Central Washington,Polallie Ridge,1701,5580,47.4551,-121.1731,6,3,2,,,,,,,,,,,1. Dec. 2010,31. Dec. 2099,TRUE,2024,7,23,2024-07-23,"AC7MA,K7JRO"
W7W/CW-054,WA-Central Washington,Jester Mountain,1689,5540,47.372,-120.722,6,3,41,,,,,,,,,,,1. Dec. 2010,31. Dec. 2099,TRUE,2014,9,3,2014-09-03,K7MAS
W7W/CW-055,WA-Central Washington,Kachess Ridge,1684,5525,47.3285,-121.2066,6,3,23,,,,,,,,,,,1. Dec. 2010,31. Dec. 2099,TRUE,2017,7,16,2017-07-16,WA7NCL
W7W/CW-056,WA-Central Washington,Hicks Butte,1682,5518,47.1433,-121.0955,6,3,40,,,,,,,,,,,1. Dec. 2010,31. Dec. 2099,TRUE,2015,6,18,2015-06-18,KY7S
W7W/CW-057,WA-Central Washington,East Cole Butte,1678,5504,47.1781,-121.2187,6,3,18,,,,,,,,,,,1. Dec. 2010,31. Dec. 2099,TRUE,2015,8,1,2015-08-01,"AC7MA,WA7NCL"
W7W/CW-058,WA-Central Washington,Malcolm Mountain,1676,5500,47.3716,-120.9478,6,3,4,,,,,,,,,,,1. Dec. 2010,31. Dec. 2099,TRUE,2020,9,21,2020-09-21,"WA7NCL,AC7MA"
W7W/CW-059,WA-Central Washington,5434 Capacitor Mtn,1656,5434,47.0601,-121.1388,6,3,1,,,,,,,,,,,1. Dec. 2010,31. Dec. 2099,TRUE,2024,7,24,2024-07-24,WW7D
W7W/CW-060,WA-Central Washington,5380 ReJoyce Peak,1640,5380,47.1319,-121.2521,6,3,4,,,,,,,,,,,1. Dec. 2010,31. Dec. 2099,TRUE,2020,7,11,2020-07-11,"WX7EMT,K7JRO"
W7W/CW-061,WA-Central Washington,Red Top Mountain,1634,5361,47.3017,-120.7609,6,3,92,,,,,,,,,,,1. Dec. 2010,31. Dec. 2099,TRUE,2014,6,22,2014-06-22,KF7PXT
W7W/CW-062,WA-Central Washington,Thomas Mountain,1606,5269,47.2919,-121.1563,6,3,6,,,,,,,,,,,1. Dec. 2010,31. Dec. 2099,TRUE,2015,8,14,2015-08-14,WW7D
W7W/CW-063,WA-Central Washington,Keechelus Ridge,1570,5151,47.343,-121.2996,6,3,58,,,,,,,,,,,1. Dec. 2010,31. Dec. 2099,TRUE,2013,10,25,2013-10-25,KY7S
W7W/CW-064,WA-Central Washington,Ugly Duckling,1567,5140,47.3832,-121.3011,6,3,27,,,,,,,,,,,1. Dec. 2010,31. Dec. 2099,TRUE,2013,10,9,2013-10-09,KY7S
W7W/CW-065,WA-Central Washington,Snowshoe Butte,1565,5135,47.2271,-121.3657,6,3,33,,,,,,,,,,,1. Dec. 2010,31. Dec. 2099,TRUE,2013,9,26,2013-09-26,KY7S
W7W/CW-066,WA-Central Washington,Mount Catherine,1540,5052,47.3724,-121.4268,6,3,104,,,,,,,,,,,1. Dec. 2010,31. Dec. 2099,TRUE,2012,7,15,2012-07-15,KR7W
W7W/CW-067,WA-Central Washington,Cabin Mountain,1518,4980,47.2302,-121.2577,6,3,22,,,,,,,,,,,1. Dec. 2010,31. Dec. 2099,TRUE,2017,7,29,2017-07-29,KY7S
W7W/CW-068,WA-Central Washington,4907 Counterpoise Peak,1496,4907,47.1099,-121.3703,4,0,4,,,,,,,,,,,1. Dec. 2010,31. Dec. 2099,TRUE,2019,3,26,2019-03-26,"WU7H,WW7D"
W7W/CW-069,WA-Central Washington,Sleepover Peak,1494,4900,47.1852,-121.3098,4,0,13,,,,,,,,,,,1. Dec. 2010,31. Dec. 2099,TRUE,2014,11,19,2014-11-19,KY7S
W7W/CW-070,WA-Central Washington,Snaggle Tree Peak,1493,4898,47.2471,-121.3395,4,0,16,,,,,,,,,,,1. Dec. 2010,31. Dec. 2099,TRUE,2011,8,27,2011-08-27,AD7FC
W7W/CW-071,WA-Central Washington,Old Pass Hill,1489,4885,47.343,-120.6447,4,0,25,,,,,,,,,,,1. Dec. 2010,31. Dec. 2099,TRUE,2016,7,13,2016-07-13,"WA7NCL,AC7MA"
W7W/CW-072,WA-Central Washington,Bearjack Ridge East,1469,4820,47.3593,-120.7552,4,0,3,,,,,,,,,,,1. Dec. 2010,31. Dec. 2099,TRUE,2019,6,29,2019-06-29,WX7EMT
W7W/CW-073,WA-Central Washington,Teanaway Butte,1457,4780,47.3316,-120.9374,4,0,10,,,,,,,,,,,1. Dec. 2010,31. Dec. 2099,TRUE,2017,2,25,2017-02-25,KG7EJT
W7W/CW-074,WA-Central Washington,Loser Ridge,1408,4620,47.3225,-121.4027,4,0,44,,,,,,,,,,,1. Dec. 2010,31. Dec. 2099,TRUE,2012,8,11,2012-08-11,AC7MA
W7W/CW-075,WA-Central Washington,Big Muffin,1408,4620,47.2867,-121.4193,4,0,28,,,,,,,,,,,1. Dec. 2010,31. Dec. 2099,TRUE,2014,7,25,2014-07-25,KY7S
W7W/CW-076,WA-Central Washington,Amabilis Mountain,1396,4580,47.2935,-121.2613,4,0,96,,,,,,,,,,,1. Dec. 2010,31. Dec. 2099,TRUE,2011,10,15,2011-10-15,WA7NCL
W7W/CW-077,WA-Central Washington,Easton Ridge,1377,4517,47.2517,-121.1404,4,0,21,,,,,,,,,,,1. Dec. 2010,31. Dec. 2099,TRUE,2014,5,16,2014-05-16,KY7S
W7W/CW-078,WA-Central Washington,Island Mountain,1364,4475,47.4653,-121.2389,4,0,3,,,,,,,,,,,1. Dec. 2010,31. Dec. 2099,TRUE,2024,10,10,2024-10-10,"AC7MA,WW7D,K7JRO"
W7W/CW-079,WA-Central Washington,Tarzan Butte,1337,4385,47.3331,-120.896,4,0,6,,,,,,,,,,,1. Dec. 2010,31. Dec. 2099,TRUE,2019,11,11,2019-11-11,"AC7MA,WA7NCL"
W7W/CW-080,WA-Central Washington,Little Muffin,1311,4300,47.2888,-121.3943,4,0,21,,,,,,,,,,,1. Dec. 2010,31. Dec. 2099,TRUE,2014,7,25,2014-07-25,KY7S
W7W/CW-081,WA-Central Washington,4340 South Cle Elum Ridge-East Peak #1,1323,4340,47.1363,-120.9653,4,0,23,,,,,,,,,,,1. Dec. 2010,31. Dec. 2099,TRUE,2015,6,18,2015-06-18,KY7S
W7W/CW-082,WA-Central Washington,Badger Mountain,1297,4254,47.5837,-120.1794,4,0,7,,,,,,,,,,,1. Dec. 2010,31. Dec. 2099,TRUE,2017,4,16,2017-04-16,KG7EJT
W7W/CW-083,WA-Central Washington,4235 Inductance Mtn,1291,4235,47.1914,-121.1567,4,0,21,,,,,,,,,,,1. Dec. 2010,31. Dec. 2099,TRUE,2018,8,25,2018-08-25,WX7EMT
W7W/CW-084,WA-Central Washington,Ski Acres Hill,1286,4220,47.3991,-121.4337,4,0,37,,,,,,,,,,,1. Dec. 2010,31. Dec. 2099,TRUE,2013,10,3,2013-10-03,KY7S
W7W/CW-085,WA-Central Washington,4100 Snooze Peak,1250,4100,47.3711,-121.2788,4,0,33,,,,,,,,,,,1. Dec. 2010,31. Dec. 2099,TRUE,2013,10,9,2013-10-09,KY7S
W7W/CW-086,WA-Central Washington,3942 Mt Transistor,1202,3942,47.191,-120.6747,4,0,13,,,,,,,,,,,1. Dec. 2010,31. Dec. 2099,TRUE,2017,5,27,2017-05-27,WX7EMT
W7W/CW-087,WA-Central Washington,Cle Elum Ridge,1152,3780,47.2532,-120.9906,4,0,35,,,,,,,,,,,1. Dec. 2010,31. Dec. 2099,TRUE,2017,7,16,2017-07-16,WX7EMT
W7W/CW-088,WA-Central Washington,Monahan Mountain,1151,3775,47.2285,-121.2012,4,0,12,,,,,,,,,,,1. Dec. 2010,31. Dec. 2099,TRUE,2020,2,21,2020-02-21,K7JRO
W7W/CW-089,WA-Central Washington,Saddle Mountains (HP),1143,3750,46.8601,-120.1848,4,0,1,,,,,,,,,,,1. Dec. 2010,31. Dec. 2099,TRUE,2019,4,20,2019-04-20,WX7EMT
W7W/CW-090,WA-Central Washington,3460 Little Peak,1055,3460,47.1874,-121.1306,4,0,35,,,,,,,,,,,1. Dec. 2010,31. Dec. 2099,TRUE,2017,8,6,2017-08-06,KY7S
W7W/CW-091,WA-Central Washington,Boylston Mountains (HP),1106,3630,46.8877,-120.243,4,0,1,,,,,,,,,,,1. Dec. 2010,31. Dec. 2099,TRUE,2019,4,20,2019-04-20,WX7EMT
W7W/CW-092,WA-Central Washington,Lookout Mountain,1056,3465,47.1768,-120.7819,4,0,14,,,,,,,,,,,1. Dec. 2010,31. Dec. 2099,TRUE,2016,3,25,2016-03-25,"K7MAS,KG7EJT"
W7W/CW-093,WA-Central Washington,3366 Radial Peak,1026,3366,47.2055,-121.1545,4,0,8,,,,,,,,,,,1. Dec. 2010,31. Dec. 2099,TRUE,2020,5,9,2020-05-09,WX7EMT
W7W/CW-094,WA-Central Washington,East Manastash Ridge,984,3229,46.8629,-120.3751,2,0,1,,,,,,,,,,,1. Dec. 2010,31. Dec. 2099,TRUE,2019,7,6,2019-07-06,WX7EMT
W7W/CW-095,WA-Central Washington,Baldy,983,3225,46.799,-120.4273,2,0,20,,,,,,,,,,,1. Dec. 2010,31. Dec. 2099,TRUE,2013,3,23,2013-03-23,KR7W
W7W/CW-096,WA-Central Washington,3208 Gracie Point,978,3208,46.7589,-120.4804,2,0,18,,,,,,,,,,,1. Dec. 2010,31. Dec. 2099,TRUE,2017,4,1,2017-04-01,KG7EJT
W7W/CW-097,WA-Central Washington,Ulysses S. Hill,884,2899,47.3822,-119.8124,2,0,1,,,,,,,,,,,1. Dec. 2010,31. Dec. 2099,TRUE,2021,2,5,2021-02-05,N7KWO
W7W/CW-098,WA-Central Washington,Wilson Butte,832,2730,48.0183,-119.1385,2,0,0,RICE RICHARD S & KATHLEEN P,Smith Lake Rd S - HBWP,,,,,Restricted,Request,"3.7km, 100W, 151.565 MHz",,1. Dec. 2010,31. Dec. 2099,TRUE,1899,12,30,,
W7W/CW-099,WA-Central Washington,Wahatis Peak,821,2692,46.8065,-119.558,2,0,11,,,,,,,,,,,1. Dec. 2010,31. Dec. 2099,TRUE,2017,10,15,2017-10-15,WW7D
W7W/CW-100,WA-Central Washington,Sentinel Mountain,733,2405,46.8182,-119.8619,2,0,8,,,,,,,,,,,1. Dec. 2010,31. Dec. 2099,TRUE,2017,10,14,2017-10-14,KG7ONH
W7W/CW-101,WA-Central Washington,Steamboat Rock,705,2312,47.8713,-119.1241,2,0,25,,,,,,,,,,,1. Dec. 2010,31. Dec. 2099,TRUE,2015,4,28,2015-04-28,NU7A
W7W/CW-102,WA-Central Washington,High Hill,632,2074,47.4909,-119.446,2,0,4,,,,,,,,,,,1. Dec. 2010,31. Dec. 2099,TRUE,2019,12,29,2019-12-29,K7DJL
W7W/CW-103,WA-Central Washington,Pinto Ridge,608,1996,47.4832,-119.3305,2,0,1,,,,,,,,,,,1. Dec. 2010,31. Dec. 2099,TRUE,2020,1,3,2020-01-03,K7DJL
W7W/CW-104,WA-Central Washington,Frenchman Hills,583,1912,46.9924,-119.9087,2,0,5,,,,,,,,,,,1. Dec. 2010,31. Dec. 2099,TRUE,2018,5,24,2018-05-24,K3OG
W7W/CW-105,WA-Central Washington,Hex Mountain,1534,5034,47.3211,-121.0645,6,3,45,,,,,,,,,,,1. Dec. 2016,31. Dec. 2099,TRUE,2017,3,26,2017-03-26,"KG7EJT,K3OG,WX7EMT"
W7W/CW-106,WA-Central Washington,Roaring Ridge,1523,4998,47.3519,-121.4051,6,3,46,,,,,,,,,,,1. Dec. 2016,31. Dec. 2099,TRUE,2017,7,4,2017-07-04,"KY7S,WX7EMT"
W7W/CW-107,WA-Central Washington,2540,774,2540,48.1364,-119.1234,2,0,0,WDFW,Big Bend WA,,,,,Open,Open,None,,1. Dec. 2016,31. Dec. 2099,TRUE,1899,12,30,,
W7W/CW-108,WA-Central Washington,2098,639,2098,47.9024,-119.1187,2,0,1,,,,,,,,,,,1. Dec. 2016,31. Dec. 2099,TRUE,2021,2,8,2021-02-08,W7MDN
W7W/FR-001,WA-Ferry,Copper Butte,2176,7140,48.7025,-118.4655,8,3,14,,,,,,,,,,,1. Dec. 2010,31. Dec. 2099,TRUE,2016,8,12,2016-08-12,NU7A
W7W/FR-002,WA-Ferry,Snow Peak,2165,7103,48.5818,-118.4829,8,3,11,,,,,,,,,,,1. Dec. 2010,31. Dec. 2099,TRUE,2018,1,4,2018-01-04,AA7DV
W7W/FR-003,WA-Ferry,Scar Mountain,2148,7046,48.6815,-118.4604,8,3,1,,,,,,,,,,,1. Dec. 2010,31. Dec. 2099,TRUE,2020,8,16,2020-08-16,K7DJL
W7W/FR-004,WA-Ferry,Wapaloosie Mountain,2139,7018,48.6646,-118.4642,8,3,6,,,,,,,,,,,1. Dec. 2010,31. Dec. 2099,TRUE,2016,8,12,2016-08-12,NU7A
W7W/FR-005,WA-Ferry,Sherman Peak,2137,7011,48.5967,-118.479,8,3,18,,,,,,,,,,,1. Dec. 2010,31. Dec. 2099,TRUE,2018,7,11,2018-07-11,NU7A
W7W/FR-006,WA-Ferry,Bald Mountain,2115,6940,48.5591,-118.5023,8,3,6,,,,,,,,,,,1. Dec. 2010,31. Dec. 2099,TRUE,2019,1,31,2019-01-31,AF7QD
W7W/FR-007,WA-Ferry,White Mountain,2110,6923,48.5113,-118.4533,8,3,3,,,,,,,,,,,1. Dec. 2010,31. Dec. 2099,TRUE,2019,7,22,2019-07-22,"AC7MA,WA7NCL"
W7W/FR-008,WA-Ferry,Columbia Mountain,2067,6782,48.6207,-118.4825,8,3,29,,,,,,,,,,,1. Dec. 2010,31. Dec. 2099,TRUE,2016,8,11,2016-08-11,NU7A
W7W/FR-009,WA-Ferry,Midnight Mountain,2030,6660,48.7261,-118.4659,8,3,13,,,,,,,,,,,1. Dec. 2010,31. Dec. 2099,TRUE,2019,7,21,2019-07-21,"AC7MA,WA7NCL"
W7W/FR-010,WA-Ferry,King Mountain,2022,6634,48.6768,-118.4023,8,3,5,,,,,,,,,,,1. Dec. 2010,31. Dec. 2099,TRUE,2019,7,20,2019-07-20,"AC7MA,WA7NCL"
W7W/FR-011,WA-Ferry,Edds Mountain,2006,6580,48.5577,-118.5374,8,3,4,,,,,,,,,,,1. Dec. 2010,31. Dec. 2099,TRUE,2020,9,4,2020-09-04,K7DJL
W7W/FR-012,WA-Ferry,Mount Leona,1969,6460,48.768,-118.4736,6,3,0,USFS,Colville NF,,,,,Open,Open,,,1. Dec. 2010,31. Dec. 2099,TRUE,1899,12,30,,
W7W/FR-013,WA-Ferry,Profanity Peak,1958,6423,48.7842,-118.4308,6,3,0,USFS,Colville NF,,,,,Open,Open,,,1. Dec. 2010,31. Dec. 2099,TRUE,1899,12,30,,
W7W/FR-014,WA-Ferry,Grizzly Mountain,1950,6397,48.4273,-118.5002,6,3,0,COLVILLE RESERVATION,,,,,,Open?,Permit (Paid),,,1. Dec. 2010,31. Dec. 2099,TRUE,1899,12,30,,
W7W/FR-015,WA-Ferry,U S Mountain,1900,6232,48.7379,-118.4184,6,3,1,USFS,Colville NF,,,,,Open,Open,,,1. Dec. 2010,31. Dec. 2099,TRUE,2025,7,6,2025-07-06,WW7D
W7W/FR-016,WA-Ferry,Taylor Ridge,1887,6190,48.8064,-118.3782,6,3,0,USFS,Colville NF,,,,,Open,Open,,,1. Dec. 2010,31. Dec. 2099,TRUE,1899,12,30,,
W7W/FR-017,WA-Ferry,Togo Mountain,1884,6180,48.9345,-118.3694,6,3,0,USFS,Colville NF,,,,,Open,Open,,,1. Dec. 2010,31. Dec. 2099,TRUE,1899,12,30,,
W7W/FR-018,WA-Ferry,Seventeenmile Mountain,1878,6161,48.4873,-118.567,6,3,0,USFS,Colville NF,,,,,Open,Open,,,1. Dec. 2010,31. Dec. 2099,TRUE,1899,12,30,,
W7W/FR-019,WA-Ferry,6020 Wavelength Mtn,1835,6020,48.4225,-118.5569,6,3,0,COLVILLE RESERVATION,,,,,,Open?,Permit (Paid),,,1. Dec. 2010,31. Dec. 2099,TRUE,1899,12,30,,
W7W/FR-020,WA-Ferry,Marble Mountain,1827,5994,48.9038,-118.3793,6,3,0,USFS,Colville NF,,,,,Open,Open,,,1. Dec. 2010,31. Dec. 2099,TRUE,1899,12,30,,
W7W/FR-021,WA-Ferry,Graves Mountain,1813,5947,48.6373,-118.3591,6,3,3,,,,,,,,,,,1. Dec. 2010,31. Dec. 2099,TRUE,2019,7,20,2019-07-20,"AC7MA,WA7NCL"
W7W/FR-022,WA-Ferry,Fire Mountain,1796,5893,48.5082,-118.5724,6,3,0,USFS,Colville NF,,,,,Open,Open,,,1. Dec. 2010,31. Dec. 2099,TRUE,1899,12,30,,
W7W/FR-023,WA-Ferry,Paradise Peak,1779,5838,48.6005,-118.4186,6,3,1,USFS,Colville NF,,,,,Open,Open,,,1. Dec. 2010,31. Dec. 2099,TRUE,2025,6,8,2025-06-08,K2VFZ
W7W/FR-024,WA-Ferry,Mount Washington,1774,5819,48.5923,-118.5413,6,3,0,USFS,Colville NF,,,,,Open,Open,,,1. Dec. 2010,31. Dec. 2099,TRUE,1899,12,30,,
W7W/FR-025,WA-Ferry,Bodie Mountain,1750,5740,48.8273,-118.8326,6,3,1,,,,,,,,,,,1. Dec. 2010,31. Dec. 2099,TRUE,2020,8,13,2020-08-13,N7RR
W7W/FR-026,WA-Ferry,Rocky Mountain,1747,5730,48.8879,-118.4092,6,3,0,USFS,Colville NF,,,,,Open,Open,,,1. Dec. 2010,31. Dec. 2099,TRUE,1899,12,30,,
W7W/FR-027,WA-Ferry,5716 Uppersideband Pk,1742,5716,48.6454,-118.3995,6,3,0,USFS,Colville NF,,,,,Open,Open,,,1. Dec. 2010,31. Dec. 2099,TRUE,1899,12,30,,
W7W/FR-028,WA-Ferry,Lynx Mountain,1750,5740,48.3764,-118.4261,6,3,0,COLVILLE RESERVATION,,,,,,Open?,Permit (Paid),,,1. Dec. 2010,31. Dec. 2099,TRUE,1899,12,30,,
W7W/FR-029,WA-Ferry,White Mountain,1713,5620,48.9814,-118.6749,6,3,0,USFS,Colville NF,,,,,Open,Open,,,1. Dec. 2010,31. Dec. 2099,TRUE,1899,12,30,,
W7W/FR-030,WA-Ferry,5598 Solder Summit,1706,5598,48.7851,-118.3084,6,3,0,USFS,Colville NF,,,,,Open,Open,,,1. Dec. 2010,31. Dec. 2099,TRUE,1899,12,30,,
W7W/FR-031,WA-Ferry,5598 Mt Triode,1706,5598,48.374,-118.522,6,3,0,COLVILLE RESERVATION,,,,,,Open?,Permit (Paid),,,1. Dec. 2010,31. Dec. 2099,TRUE,1899,12,30,,
W7W/FR-032,WA-Ferry,Independent Mountain,1701,5580,48.9566,-118.34,6,3,0,USFS,Colville NF,,,,,Open,Open,,,1. Dec. 2010,31. Dec. 2099,TRUE,1899,12,30,,
W7W/FR-033,WA-Ferry,Oregon City Ridge,1677,5502,48.3148,-118.5083,6,3,0,COLVILLE RESERVATION,,,,,,Open?,Permit (Paid),,,1. Dec. 2010,31. Dec. 2099,TRUE,1899,12,30,,
W7W/FR-034,WA-Ferry,Horseshoe Mountain,1676,5500,48.7713,-118.829,6,3,0,BLM,Spokane District:Border Field Office,,,,,Open,Open,,,1. Dec. 2010,31. Dec. 2099,TRUE,1899,12,30,,
W7W/FR-035,WA-Ferry,Kelly Mountain,1652,5420,48.82,-118.7947,6,3,0,USFS,Colville NF,,,,,Open,Open,,,1. Dec. 2010,31. Dec. 2099,TRUE,1899,12,30,,
W7W/FR-036,WA-Ferry,5409 Sunspot Pk,1649,5409,48.2859,-118.5111,6,3,0,COLVILLE RESERVATION,,,,,,Open?,Permit (Paid),,,1. Dec. 2010,31. Dec. 2099,TRUE,1899,12,30,,
W7W/FR-037,WA-Ferry,Dry Mountain,1640,5380,48.8742,-118.3725,6,3,0,USFS,Colville NF,,,,,Open,Open,,,1. Dec. 2010,31. Dec. 2099,TRUE,1899,12,30,,
W7W/FR-038,WA-Ferry,Storm King Mountain,1640,5380,48.718,-118.8014,6,3,0,USFS,Colville NF,,,,,Open,Open,,,1. Dec. 2010,31. Dec. 2099,TRUE,1899,12,30,,
W7W/FR-039,WA-Ferry,C C MOUNTAIN,1618,5308,48.6799,-118.3136,6,3,0,USFS,Colville NF,,,,,Open,Open,,,1. Dec. 2010,31. Dec. 2099,TRUE,1899,12,30,,
W7W/FR-040,WA-Ferry,South Huckleberry Mountain,1607,5273,48.5346,-118.304,6,3,1,,,,,,,,,,,1. Dec. 2010,31. Dec. 2099,TRUE,2021,5,22,2021-05-22,W7MDN
W7W/FR-041,WA-Ferry,Huckleberry Ridge,1603,5260,48.9591,-118.3052,6,3,0,USFS,Colville NF,,,,,Open,Open,,,1. Dec. 2010,31. Dec. 2099,TRUE,1899,12,30,,
W7W/FR-042,WA-Ferry,5260 Sideswipper Mtn,1603,5260,48.9554,-118.6785,6,3,0,USFS,Colville NF,,,,,Open,Open,,,1. Dec. 2010,31. Dec. 2099,TRUE,1899,12,30,,
W7W/FR-043,WA-Ferry,Boundary Mountain,1580,5184,48.9799,-118.4261,6,3,0,USFS,Colville NF,,,,,Open,Open,,,1. Dec. 2010,31. Dec. 2099,TRUE,1899,12,30,,
W7W/FR-044,WA-Ferry,Hoodoo Mountain,1572,5158,48.653,-118.2393,6,3,1,,,,,,,,,,,1. Dec. 2010,31. Dec. 2099,TRUE,2021,5,21,2021-05-21,W7MDN
W7W/FR-045,WA-Ferry,Cooke Mountain,1554,5100,48.709,-118.5661,6,3,5,USFS,Colville NF,,,,,Open,Open,,,1. Dec. 2010,31. Dec. 2099,TRUE,2025,8,24,2025-08-24,"KD7LX,KK7ULL,KC7EPG,N1ELS,KK7UKE"
W7W/FR-046,WA-Ferry,Jackknife Mountain,1548,5080,48.7236,-118.2651,6,3,2,,,,,,,,,,,1. Dec. 2010,31. Dec. 2099,TRUE,2020,8,11,2020-08-11,N7RR
W7W/FR-047,WA-Ferry,Lake Butte,1534,5033,48.8146,-118.734,6,3,0,USFS,Colville NF,,,,,Open,Open,,,1. Dec. 2010,31. Dec. 2099,TRUE,1899,12,30,,
W7W/FR-048,WA-Ferry,4982 Gigahertz Pk,1519,4982,48.6491,-118.5527,6,3,5,USFS,Colville NF,,,,,Open,Open,,,1. Dec. 2010,31. Dec. 2099,TRUE,2025,8,25,2025-08-25,"KD7LX,KK7ULL,KC7EPG,N1ELS,KK7UKE"
W7W/FR-049,WA-Ferry,Bamber Mountain,1518,4980,48.9064,-118.7938,6,3,0,USFS,Colville NF,,,,,Open,Open,,,1. Dec. 2010,31. Dec. 2099,TRUE,1899,12,30,,
W7W/FR-050,WA-Ferry,Carson Mountain,1508,4946,48.3388,-118.3953,6,3,0,COLVILLE RESERVATION,,,,,,Open?,Permit (Paid),,,1. Dec. 2010,31. Dec. 2099,TRUE,1899,12,30,,
W7W/FR-051,WA-Ferry,4944 Rectifier Mtn,1507,4944,48.6184,-118.6133,6,3,0,WA DNR,NE Region:Highlands District,JOHN HANCOCK LIFE INSURANCE CO.,,,,Open/?,Open,,,1. Dec. 2010,31. Dec. 2099,TRUE,1899,12,30,,
W7W/FR-052,WA-Ferry,4940 Regenerative Pk,1506,4940,48.4179,-118.622,6,3,0,COLVILLE RESERVATION,,,,,,Open?,Permit (Paid),,,1. Dec. 2010,31. Dec. 2099,TRUE,1899,12,30,,
W7W/FR-053,WA-Ferry,4900 Sensitivity Summit,1494,4900,48.5298,-118.4047,4,0,0,USFS,Colville NF,,,,,Open,Open,,,1. Dec. 2010,31. Dec. 2099,TRUE,1899,12,30,,
W7W/FR-054,WA-Ferry,Cedar Ridge,1494,4900,48.5295,-118.3777,4,0,0,USFS,Colville NF,,,,,Open,Open,,,1. Dec. 2010,31. Dec. 2099,TRUE,1899,12,30,,
W7W/FR-055,WA-Ferry,North Boulder Ridge,1490,4890,48.8485,-118.2906,4,0,0,USFS,Colville NF,,,,,Open,Open,,,1. Dec. 2010,31. Dec. 2099,TRUE,1899,12,30,,
W7W/FR-056,WA-Ferry,Thirteenmile Mountain,1489,4885,48.5088,-118.6423,4,0,0,USFS,Colville NF,,,,,Open,Open,,,1. Dec. 2010,31. Dec. 2099,TRUE,1899,12,30,,
W7W/FR-057,WA-Ferry,Alligator Ridge,1485,4871,48.7266,-118.3203,4,0,0,USFS,Colville NF,,,,,Open,Open,,,1. Dec. 2010,31. Dec. 2099,TRUE,1899,12,30,,
W7W/FR-058,WA-Ferry,Iron Mountain,1479,4851,48.5559,-118.5983,4,0,0,USFS,Colville NF,,,,,Open,Open,,,1. Dec. 2010,31. Dec. 2099,TRUE,1899,12,30,,
W7W/FR-059,WA-Ferry,Keller Butte,1466,4811,48.0615,-118.7955,4,0,1,,,,,,,,,,,1. Dec. 2010,31. Dec. 2099,TRUE,2011,7,20,2011-07-20,WR5J
W7W/FR-060,WA-Ferry,Quartz Mountain,1463,4800,48.5696,-118.67,4,0,11,USFS,Colville NF,,,,,Open,Open,,,1. Dec. 2010,31. Dec. 2099,TRUE,2025,8,22,2025-08-22,KD7LX
W7W/FR-061,WA-Ferry,Sitdown Mountain,1458,4782,48.4217,-118.4063,4,0,0,COLVILLE RESERVATION,,,,,,Open?,Permit (Paid),,,1. Dec. 2010,31. Dec. 2099,TRUE,1899,12,30,,
W7W/FR-062,WA-Ferry,Central Peak,1457,4780,48.369,-118.8447,4,0,0,USA ITF COLVILLE CONF TRIBES,,USA INTRUST,,,,Unstated/Unstated,Permit (Paid),,,1. Dec. 2010,31. Dec. 2099,TRUE,1899,12,30,,
W7W/FR-063,WA-Ferry,Whitestone Ridge,1457,4780,48.0218,-118.5093,4,0,0,COLVILLE RESERVATION,,,,,,Open?,Permit (Paid),,,1. Dec. 2010,31. Dec. 2099,TRUE,1899,12,30,,
W7W/FR-064,WA-Ferry,Cody Butte,1452,4764,48.3414,-118.6623,4,0,0,COLVILLE RESERVATION,,,,,,Open?,Permit (Paid),,,1. Dec. 2010,31. Dec. 2099,TRUE,1899,12,30,,
W7W/FR-065,WA-Ferry,Murphy Hill,1444,4737,48.5907,-118.6081,4,0,0,USFS,Colville NF,,,,,Open,Open,,,1. Dec. 2010,31. Dec. 2099,TRUE,1899,12,30,,
W7W/FR-066,WA-Ferry,Jasper Mountain,1433,4700,48.8922,-118.2883,4,0,0,USFS,Colville NF,,,,,Open,Open,,,1. Dec. 2010,31. Dec. 2099,TRUE,1899,12,30,,
W7W/FR-067,WA-Ferry,Dollar Mountain,1433,4700,48.493,-118.3558,4,0,0,USFS,Colville NF,,,,,Open,Open,,,1. Dec. 2010,31. Dec. 2099,TRUE,1899,12,30,,
W7W/FR-068,WA-Ferry,Gold Mountain,1428,4686,48.1805,-118.467,4,0,0,COLVILLE RESERVATION,,,,,,Open?,Permit (Paid),,,1. Dec. 2010,31. Dec. 2099,TRUE,1899,12,30,,
W7W/FR-069,WA-Ferry,4639 Rotator Mtn,1414,4639,48.3826,-118.6396,4,0,0,COLVILLE RESERVATION,,,,,,Open?,Permit (Paid),,,1. Dec. 2010,31. Dec. 2099,TRUE,1899,12,30,,
W7W/FR-070,WA-Ferry,4622 Preamplifier Pk,1409,4622,47.9868,-118.4926,4,0,0,COLVILLE RESERVATION,,,,,,Open?,Permit (Paid),,,1. Dec. 2010,31. Dec. 2099,TRUE,1899,12,30,,
W7W/FR-071,WA-Ferry,4464 Modulator Mtn,1361,4464,48.8073,-118.7046,4,0,0,USFS,Colville NF,,,,,Open,Open,,,1. Dec. 2010,31. Dec. 2099,TRUE,1899,12,30,,
W7W/FR-072,WA-Ferry,4455 Mt J-Pole,1358,4455,48.6688,-118.2063,4,0,0,USFS,Colville NF,,,,,Open,Open,,,1. Dec. 2010,31. Dec. 2099,TRUE,1899,12,30,,
W7W/FR-073,WA-Ferry,Copper Mountain,1347,4420,48.6223,-118.7909,4,0,0,JOHN HANCOCK LIFE INS. CO. ACCT#72,,,,,,Unstated,Permit (Paid),,,1. Dec. 2010,31. Dec. 2099,TRUE,1899,12,30,,
W7W/FR-074,WA-Ferry,4393 Lower Sideband Mtn,1339,4393,48.1454,-118.7945,4,0,0,COLVILLE RESERVATION,,,,,,Open?,Permit (Paid),,,1. Dec. 2010,31. Dec. 2099,TRUE,1899,12,30,,
W7W/FR-075,WA-Ferry,4353 Meteor Scatter Pk,1327,4353,48.8139,-118.5228,4,0,1,,,,,,,,,,,1. Dec. 2010,31. Dec. 2099,TRUE,2020,5,24,2020-05-24,KJ7LSM
W7W/FR-076,WA-Ferry,Graphite Mountain,1323,4340,48.9742,-118.8345,4,0,0,USFS,Colville NF,,,,,Open,Open,,,1. Dec. 2010,31. Dec. 2099,TRUE,1899,12,30,,
W7W/FR-077,WA-Ferry,4339 Keyer Summit,1323,4339,48.2872,-118.6009,4,0,0,COLVILLE RESERVATION,,,,,,Open?,Permit (Paid),,,1. Dec. 2010,31. Dec. 2099,TRUE,1899,12,30,,
W7W/FR-078,WA-Ferry,4337 Mt Inductance,1322,4337,48.2283,-118.4769,4,0,0,COLVILLE RESERVATION,,,,,,Open?,Permit (Paid),,,1. Dec. 2010,31. Dec. 2099,TRUE,1899,12,30,,
W7W/FR-079,WA-Ferry,4288 Multiband Mtn,1307,4288,47.9652,-118.4485,4,0,0,COLVILLE RESERVATION,,,,,,Open?,Permit (Paid),,,1. Dec. 2010,31. Dec. 2099,TRUE,1899,12,30,,
W7W/FR-080,WA-Ferry,4180 Transponder Mtn,1274,4180,48.9641,-118.7949,4,0,0,USFS,Colville NF,WA DNR,,,,Open/Open,Open,,,1. Dec. 2010,31. Dec. 2099,TRUE,1899,12,30,,
W7W/FR-081,WA-Ferry,4180 Mt Telescope,1274,4180,48.3261,-118.3501,4,0,0,COLVILLE RESERVATION,,,,,,Open?,Permit (Paid),,,1. Dec. 2010,31. Dec. 2099,TRUE,1899,12,30,,
W7W/FR-082,WA-Ferry,4180 Steam Peak,1274,4180,48.1704,-118.6069,4,0,0,COLVILLE RESERVATION,,,,,,Open?,Permit (Paid),,,1. Dec. 2010,31. Dec. 2099,TRUE,1899,12,30,,
W7W/FR-083,WA-Ferry,Louie Benchmark,1272,4174,48.208,-118.6278,4,0,0,COLVILLE RESERVATION,,,,,,Open?,Permit (Paid),,,1. Dec. 2010,31. Dec. 2099,TRUE,1899,12,30,,
W7W/FR-084,WA-Ferry,4156 Mt Conversion,1267,4156,48.1777,-118.6591,4,0,0,COLVILLE RESERVATION,,,,,,Open?,Permit (Paid),,,1. Dec. 2010,31. Dec. 2099,TRUE,1899,12,30,,
W7W/FR-085,WA-Ferry,4140 Bug Mtn,1262,4140,48.4975,-118.7839,4,0,0,USFS,Colville NF,,,,,Open,Open,,,1. Dec. 2010,31. Dec. 2099,TRUE,1899,12,30,,
W7W/FR-086,WA-Ferry,4125 Mt Backscatter,1257,4125,48.4183,-118.6702,4,0,0,COLVILLE RESERVATION,,,,,,Open?,Permit (Paid),,,1. Dec. 2010,31. Dec. 2099,TRUE,1899,12,30,,
W7W/FR-087,WA-Ferry,4123 Amateur Radio Pk,1257,4123,48.8396,-118.6577,4,0,0,WA DNR,NE Region:Highlands District,"COPELAN, LLOIS B",,,,Open/Restricted,Open,,,1. Dec. 2010,31. Dec. 2099,TRUE,1899,12,30,,
W7W/FR-088,WA-Ferry,4116 Mt Clarifier,1255,4116,48.21,-118.7729,4,0,0,COLVILLE RESERVATION,,,,,,Open?,Permit (Paid),,,1. Dec. 2010,31. Dec. 2099,TRUE,1899,12,30,,
W7W/FR-089,WA-Ferry,4105 Bear Hide Peak,1251,4105,48.184,-118.3486,4,0,0,COLVILLE RESERVATION,,,,,,Open?,Permit (Paid),,,1. Dec. 2010,31. Dec. 2099,TRUE,1899,12,30,,
W7W/FR-090,WA-Ferry,Klondike Mountain,1250,4100,48.6875,-118.7249,4,0,2,,,,,,,,,,,1. Dec. 2010,31. Dec. 2099,TRUE,2020,8,9,2020-08-09,"WB7WUQ,N7RR"
W7W/FR-091,WA-Ferry,4099 Coaxial Summit,1249,4099,48.412,-118.6939,4,0,0,COLVILLE RESERVATION,,,,,,Open?,Permit (Paid),,,1. Dec. 2010,31. Dec. 2099,TRUE,1899,12,30,,
W7W/FR-092,WA-Ferry,Johnny George Mountain,1247,4090,47.9111,-118.4436,4,0,0,COLVILLE RESERVATION,,,,,,Open?,Permit (Paid),,,1. Dec. 2010,31. Dec. 2099,TRUE,1899,12,30,,
W7W/FR-093,WA-Ferry,4083 Mt Bandwidth,1244,4083,48.2239,-118.3538,4,0,0,COLVILLE RESERVATION,,,,,,Open?,Permit (Paid),,,1. Dec. 2010,31. Dec. 2099,TRUE,1899,12,30,,
W7W/FR-094,WA-Ferry,Cougar Mountain,1244,4081,48.5134,-118.6811,4,0,0,USFS,Colville NF,,,,,Open,Open,,,1. Dec. 2010,31. Dec. 2099,TRUE,1899,12,30,,
W7W/FR-095,WA-Ferry,4074 Capacitance Pk,1242,4074,48.4674,-118.6948,4,0,0,COLVILLE RESERVATION,,,,,,Open?,Permit (Paid),,,1. Dec. 2010,31. Dec. 2099,TRUE,1899,12,30,,
W7W/FR-096,WA-Ferry,Mica Mountain,1238,4063,47.9976,-118.7635,4,0,0,COLVILLE RESERVATION,,,,,,Open?,Permit (Paid),,,1. Dec. 2010,31. Dec. 2099,TRUE,1899,12,30,,
W7W/FR-097,WA-Ferry,Bangs Mountain,1226,4023,48.5668,-118.2211,4,0,0,USFS,Colville NF,,,,,Open,Open,,,1. Dec. 2010,31. Dec. 2099,TRUE,1899,12,30,,
W7W/FR-098,WA-Ferry,4012 Nanamkin Peak,1223,4012,48.3073,-118.7871,4,0,0,COLVILLE RESERVATION,,,,,,Open?,Permit (Paid),,,1. Dec. 2010,31. Dec. 2099,TRUE,1899,12,30,,
W7W/FR-099,WA-Ferry,4008 Near Vertical Incidence Pk,1222,4008,48.2176,-118.3896,4,0,0,COLVILLE RESERVATION,,,,,,Open?,Permit (Paid),,,1. Dec. 2010,31. Dec. 2099,TRUE,1899,12,30,,
W7W/FR-100,WA-Ferry,4003 Monoband Mtn,1220,4003,48.3936,-118.6759,4,0,0,COLVILLE RESERVATION,,,,,,Open?,Permit (Paid),,,1. Dec. 2010,31. Dec. 2099,TRUE,1899,12,30,,
W7W/FR-101,WA-Ferry,3978 Intermediate Frequency Pk,1212,3978,48.2479,-118.6422,4,0,0,COLVILLE RESERVATION,,,,,,Open?,Permit (Paid),,,1. Dec. 2010,31. Dec. 2099,TRUE,1899,12,30,,
W7W/FR-102,WA-Ferry,3962 Megahertz Mtn,1208,3962,48.1805,-118.3192,4,0,0,COLVILLE RESERVATION,,,,,,Open?,Permit (Paid),,,1. Dec. 2010,31. Dec. 2099,TRUE,1899,12,30,,
W7W/FR-103,WA-Ferry,3953 Mt Rhombic,1205,3953,48.2493,-118.4278,4,0,0,COLVILLE RESERVATION,,,,,,Open?,Permit (Paid),,,1. Dec. 2010,31. Dec. 2099,TRUE,1899,12,30,,
W7W/FR-104,WA-Ferry,Cub Benchmark,1201,3940,48.2607,-118.7294,4,0,0,COLVILLE RESERVATION,,,,,,Open?,Permit (Paid),,,1. Dec. 2010,31. Dec. 2099,TRUE,1899,12,30,,
W7W/FR-105,WA-Ferry,3926 Scanner Summit,1197,3926,48.3874,-118.7085,4,0,0,COLVILLE RESERVATION,,,,,,Open?,Permit (Paid),,,1. Dec. 2010,31. Dec. 2099,TRUE,1899,12,30,,
W7W/FR-106,WA-Ferry,Bald Peak,1189,3900,48.7246,-118.726,4,0,0,USFS,Colville NF,,,,,Open,Open,,,1. Dec. 2010,31. Dec. 2099,TRUE,1899,12,30,,
W7W/FR-107,WA-Ferry,3892 Quarter Wave Pk,1186,3892,48.2194,-118.5773,4,0,0,COLVILLE RESERVATION,,,,,,Open?,Permit (Paid),,,1. Dec. 2010,31. Dec. 2099,TRUE,1899,12,30,,
W7W/FR-108,WA-Ferry,Moon Mountain,1185,3888,48.2791,-118.3214,4,0,1,,,,,,,,,,,1. Dec. 2010,31. Dec. 2099,TRUE,2023,7,7,2023-07-07,W7MDN
W7W/FR-109,WA-Ferry,3860 Pentode Pk,1177,3860,48.2293,-118.8191,4,0,0,COLVILLE RESERVATION,,,,,,Open?,Permit (Paid),,,1. Dec. 2010,31. Dec. 2099,TRUE,1899,12,30,,
W7W/FR-110,WA-Ferry,3820 Middle Mountain South,1164,3820,48.1189,-118.3189,4,0,0,COLVILLE RESERVATION,,,,,,Open?,Permit (Paid),,,1. Dec. 2010,31. Dec. 2099,TRUE,1899,12,30,,
W7W/FR-111,WA-Ferry,3820 Aurora Mtn,1164,3820,47.9843,-118.5894,4,0,0,COLVILLE RESERVATION,,,,,,Open?,Permit (Paid),,,1. Dec. 2010,31. Dec. 2099,TRUE,1899,12,30,,
W7W/FR-112,WA-Ferry,3794 CW Ops Pk,1156,3794,48.767,-118.5934,4,0,0,"WILLARD, CHRISTOPHER & ANNETTE",,,,,,Restricted,Unstated,,,1. Dec. 2010,31. Dec. 2099,TRUE,1899,12,30,,
W7W/FR-113,WA-Ferry,3780 Mt Deviation,1152,3780,48.571,-118.7838,4,0,0,WA DNR,NE Region:Highlands District,"ANDERSON, JOHN D IRREVOCABLE LIVING TRUST",,,,Open/Unstated,Open,,,1. Dec. 2010,31. Dec. 2099,TRUE,1899,12,30,,
W7W/FR-114,WA-Ferry,Mount Tolman,1082,3549,48.0557,-118.7078,4,0,1,,,,,,,,,,,1. Dec. 2010,31. Dec. 2099,TRUE,2011,7,21,2011-07-21,WR5J
W7W/FR-115,WA-Ferry,3540 D-Layer Pk,1079,3540,48.4814,-118.3226,4,0,0,USFS,Colville NF,COLVILLE RESERVATION,,,,Open/Open?,Open,,,1. Dec. 2010,31. Dec. 2099,TRUE,1899,12,30,,
W7W/FR-116,WA-Ferry,Brush Mountain,1067,3500,48.4334,-118.2885,4,0,0,COLVILLE RESERVATION,,,,,,Open?,Permit (Paid),,,1. Dec. 2010,31. Dec. 2099,TRUE,1899,12,30,,
W7W/FR-117,WA-Ferry,Sclome Mountain,1059,3473,48.0885,-118.534,4,0,0,COLVILLE RESERVATION,,,,,,Open?,Permit (Paid),,,1. Dec. 2010,31. Dec. 2099,TRUE,1899,12,30,,
W7W/FR-118,WA-Ferry,Rainy Ridge,1058,3470,48.381,-118.2554,4,0,0,COLVILLE RESERVATION,,USA ITF COLVILLE CONF TRIBES,,"HANCOCK TIMBERLAND X, INC",,Open?/Unstated/Unstated,Permit (Paid),,,1. Dec. 2010,31. Dec. 2099,TRUE,1899,12,30,,
W7W/FR-119,WA-Ferry,Staehly Mountain,1032,3386,48.4831,-118.2496,4,0,0,USFS,Colville NF,"COWLEY, JACK L & GLADYS J",,,,Open/Restricted,Open,,,1. Dec. 2010,31. Dec. 2099,TRUE,1899,12,30,,
W7W/FR-120,WA-Ferry,3354 Break In Butte,1022,3354,48.3395,-118.3184,4,0,0,COLVILLE RESERVATION,,,,,,Open?,Permit (Paid),,,1. Dec. 2010,31. Dec. 2099,TRUE,1899,12,30,,
W7W/FR-121,WA-Ferry,3311 Critical Frequency Pk,1009,3311,48.2265,-118.2708,4,0,0,COLVILLE RESERVATION,,,,,,Open?,Permit (Paid),,,1. Dec. 2010,31. Dec. 2099,TRUE,1899,12,30,,
W7W/FR-122,WA-Ferry,Ant Mountain,1006,3300,48.4735,-118.2972,4,0,0,COLVILLE RESERVATION,,,,,,Open?,Permit (Paid),,,1. Dec. 2010,31. Dec. 2099,TRUE,1899,12,30,,
W7W/FR-123,WA-Ferry,Johnnys Hill,989,3246,48.3168,-118.2911,2,0,0,COLVILLE RESERVATION,,,,,,Open?,Permit (Paid),,,1. Dec. 2010,31. Dec. 2099,TRUE,1899,12,30,,
W7W/FR-124,WA-Ferry,3236 Halfwave Hill,986,3236,48.0808,-118.3669,2,0,0,COLVILLE RESERVATION,,,,,,Open?,Permit (Paid),,,1. Dec. 2010,31. Dec. 2099,TRUE,1899,12,30,,
W7W/FR-125,WA-Ferry,3230 Attenuator Hill,985,3230,48.3922,-118.2799,2,0,0,COLVILLE RESERVATION,,,,,,Open?,Permit (Paid),,,1. Dec. 2010,31. Dec. 2099,TRUE,1899,12,30,,
W7W/FR-126,WA-Ferry,3205 Circuit Hill,977,3205,48.8743,-118.6309,2,0,0,"MILLER, BRAD L & JENNIFER L",,,,,,Restricted,Unstated,,,1. Dec. 2010,31. Dec. 2099,TRUE,1899,12,30,,
W7W/FR-127,WA-Ferry,3135 Rainy Ridge-North Peak,956,3135,48.456,-118.3089,2,0,0,COLVILLE RESERVATION,,"SYSTEM GLOBAL TIMBERLANDS, LLC",,,,Unstated/Open,Permit (Paid),,,1. Dec. 2010,31. Dec. 2099,TRUE,1899,12,30,,
W7W/FR-128,WA-Ferry,Bald Hill,948,3110,48.513,-118.2286,2,0,0,"COWLEY, JACK L & GLADYS J",,,,,,Restricted,Unstated,,,1. Dec. 2010,31. Dec. 2099,TRUE,1899,12,30,,
W7W/FR-129,WA-Ferry,Stranger Mountain,929,3047,48.2634,-118.2396,2,0,0,COLVILLE RESERVATION,,,,,,Open?,Permit (Paid),,,1. Dec. 2010,31. Dec. 2099,TRUE,1899,12,30,,
W7W/FR-130,WA-Ferry,2922 Diode Mtn,891,2922,47.8696,-118.4248,2,0,0,COLVILLE RESERVATION,,,,,,Open?,Permit (Paid),,,1. Dec. 2010,31. Dec. 2099,TRUE,1899,12,30,,
W7W/FR-131,WA-Ferry,2540 Continuity Hill,774,2540,48.7578,-118.1516,2,0,0,MOORE RD RE LLC,,,,,,Unstated,Unstated,,,1. Dec. 2010,31. Dec. 2099,TRUE,1899,12,30,,
W7W/FR-132,WA-Ferry,Rattlesnake Mountain,745,2443,48.2462,-118.1934,2,0,0,COLVILLE RESERVATION,,,,,,Open?,Permit (Paid),,,1. Dec. 2010,31. Dec. 2099,TRUE,1899,12,30,,
W7W/FR-133,WA-Ferry,Mack Mountain,1889,6196,48.677,-118.3665,6,3,1,,,,,,,,,,,1. Dec. 2016,31. Dec. 2099,TRUE,2021,7,17,2021-07-17,AF7QD
W7W/FR-134,WA-Ferry,4192,1278,4192,48.5981,-118.7016,4,0,8,USFS,Colville NF,,,,,Open,Open,,,1. Dec. 2016,31. Dec. 2099,TRUE,2025,8,22,2025-08-22,KD7LX
W7W/FR-135,WA-Ferry,Brown Mountain,1232,4042,48.5543,-118.7146,4,0,0,USFS,Colville NF,,,,,Open,Open,,,1. Dec. 2016,31. Dec. 2099,TRUE,1899,12,30,,
W7W/FR-136,WA-Ferry,3872,1180,3872,48.5259,-118.7799,4,0,0,USFS,Colville NF,,,,,Open,Open,,,1. Dec. 2016,31. Dec. 2099,TRUE,1899,12,30,,
W7W/FR-137,WA-Ferry,3598,1097,3598,48.1175,-118.6442,4,0,0,COLVILLE RESERVATION,,,,,,Open?,Permit (Paid),,,1. Dec. 2016,31. Dec. 2099,TRUE,1899,12,30,,
W7W/KG-001,WA-King,Dip Top Peak,2222,7291,47.583,-121.1827,8,3,0,USFS,Mt. Baker NF,,,,,Open,Open,None,,1. Dec. 2010,31. Dec. 2099,TRUE,1899,12,30,,
W7W/KG-002,WA-King,Little Big Chief Mountain,2202,7225,47.5296,-121.2566,8,3,0,USFS,Mt. Baker NF,USFS,Wenatchee NF,,,Open,Open,None,,1. Dec. 2010,31. Dec. 2099,TRUE,1899,12,30,,
W7W/KG-003,WA-King,Mac Peak,2091,6859,47.6276,-121.1248,8,3,0,USFS,Mt. Baker NF,USFS,Wenatchee NF,,,Open,Open,None,,1. Dec. 2010,31. Dec. 2099,TRUE,1899,12,30,,
W7W/KG-004,WA-King,Nimbus Mountain,2046,6711,47.6618,-121.1238,8,3,2,,,,,,,,,,,1. Dec. 2010,31. Dec. 2099,TRUE,2020,10,7,2020-10-07,"AC7MA,K7JRO"
W7W/KG-005,WA-King,Big Snow Mountain,2036,6680,47.5348,-121.3659,8,3,2,,,,,,,,,,,1. Dec. 2010,31. Dec. 2099,TRUE,2016,7,30,2016-07-30,K3OG
W7W/KG-006,WA-King,La Bohn Peak,2007,6585,47.5624,-121.2496,8,3,0,USFS,Mt. Baker NF,,,,,Open,Open,None,,1. Dec. 2010,31. Dec. 2099,TRUE,1899,12,30,,
W7W/KG-007,WA-King,Mount Thomson,1998,6554,47.4723,-121.3606,6,3,2,,,,,,,,,,,1. Dec. 2010,31. Dec. 2099,TRUE,2022,9,18,2022-09-18,KJ7RTO
W7W/KG-008,WA-King,Burnt Boot Peak,1993,6540,47.5009,-121.3274,6,3,0,USFS,Mt. Baker NF,,,,,Open,Open,None,,1. Dec. 2010,31. Dec. 2099,TRUE,1899,12,30,,
W7W/KG-009,WA-King,Terrace Mountain,1939,6361,47.6218,-121.1974,6,3,1,,,,,,,,,,,1. Dec. 2010,31. Dec. 2099,TRUE,2022,8,21,2022-08-21,KI7QIV
W7W/KG-010,WA-King,Otter Benchmark,1938,6359,47.577,-121.2714,6,3,0,USFS,Mt. Baker NF,,,,,Open,Open,None,,1. Dec. 2010,31. Dec. 2099,TRUE,1899,12,30,,
W7W/KG-011,WA-King,Iron Cap Mountain,1935,6347,47.5537,-121.2853,6,3,0,USFS,Mt. Baker NF,,,,,Open,Open,None,,1. Dec. 2010,31. Dec. 2099,TRUE,1899,12,30,,
W7W/KG-012,WA-King,Surprise Mountain,1929,6330,47.6468,-121.1448,6,3,5,,,,,,,,,,,1. Dec. 2010,31. Dec. 2099,TRUE,2014,9,2,2014-09-02,N7KRN
W7W/KG-013,WA-King,Wild Goat Peak,1922,6305,47.5523,-121.3343,6,3,0,USFS,Mt. Baker NF,,,,,Open,Open,None,,1. Dec. 2010,31. Dec. 2099,TRUE,1899,12,30,,
W7W/KG-014,WA-King,Camp Robber Peak,1916,6286,47.5712,-121.3319,6,3,0,USFS,Mt. Baker NF,,,,,Open,Open,None,,1. Dec. 2010,31. Dec. 2099,TRUE,1899,12,30,,
W7W/KG-015,WA-King,Snoqualmie Mountain,1914,6278,47.4587,-121.4165,6,3,47,,,,,,,,,,,1. Dec. 2010,31. Dec. 2099,TRUE,2013,8,25,2013-08-25,K3XD
W7W/KG-016,WA-King,Malachite Peak,1908,6261,47.6238,-121.341,6,3,0,USFS,Mt. Baker NF,,,,,Open,Open,None,,1. Dec. 2010,31. Dec. 2099,TRUE,1899,12,30,,
W7W/KG-017,WA-King,Silver Eagle Peak,1908,6259,47.6168,-121.2714,6,3,0,USFS,Mt. Baker NF,,,,,Open,Open,None,,1. Dec. 2010,31. Dec. 2099,TRUE,1899,12,30,,
W7W/KG-018,WA-King,Kaleetan Peak,1908,6259,47.4625,-121.4781,6,3,4,,,,,,,,,,,1. Dec. 2010,31. Dec. 2099,TRUE,2018,9,5,2018-09-05,KE7JWP
W7W/KG-019,WA-King,Terrace Mountain West,1903,6243,47.6244,-121.2255,6,3,0,USFS,Mt. Baker NF,,,,,Open,Open,None,,1. Dec. 2010,31. Dec. 2099,TRUE,1899,12,30,,
W7W/KG-020,WA-King,K9,1903,6242,47.6871,-121.1141,6,3,0,USFS,Mt. Baker NF,USFS,Wenatchee NF,,,Open,Open,None,,1. Dec. 2010,31. Dec. 2099,TRUE,1899,12,30,,
W7W/KG-021,WA-King,Bald Eagle Peak,1902,6241,47.6079,-121.291,6,3,0,USFS,Mt. Baker NF,,,,,Open,Open,None,,1. Dec. 2010,31. Dec. 2099,TRUE,1899,12,30,,
W7W/KG-022,WA-King,Chair Peak,1901,6238,47.4596,-121.4668,6,3,6,,,,,,,,,,,1. Dec. 2010,31. Dec. 2099,TRUE,2019,10,6,2019-10-06,KI7QIV
W7W/KG-023,WA-King,Mount Fernow,1887,6190,47.7551,-121.2307,6,3,0,USFS,Mt. Baker NF,,,,,Open,Open,None,,1. Dec. 2010,31. Dec. 2099,TRUE,1899,12,30,,
W7W/KG-024,WA-King,Baring Mountain,1867,6125,47.7793,-121.4357,6,3,2,,,,,,,,,,,1. Dec. 2010,31. Dec. 2099,TRUE,2020,9,27,2020-09-27,KI7QIV
W7W/KG-025,WA-King,Mount Index,1826,5991,47.7743,-121.5804,6,3,1,,,,,,,,,,,1. Dec. 2010,31. Dec. 2099,TRUE,2024,7,27,2024-07-27,KJ7RTO
W7W/KG-026,WA-King,Malachite Peak South,1812,5945,47.6143,-121.351,6,3,0,USFS,Mt. Baker NF,,,,,Open,Open,None,,1. Dec. 2010,31. Dec. 2099,TRUE,1899,12,30,,
W7W/KG-027,WA-King,Preacher Mountain,1806,5924,47.4987,-121.519,6,3,0,USFS,Mt. Baker NF,,,,,Open,Open,None,,1. Dec. 2010,31. Dec. 2099,TRUE,1899,12,30,,
W7W/KG-028,WA-King,Lennox Mountain,1796,5894,47.6678,-121.473,6,3,1,,,,,,,,,,,1. Dec. 2010,31. Dec. 2099,TRUE,2021,6,9,2021-06-09,N7AKD
W7W/KG-029,WA-King,Red Mountain,1795,5890,47.456,-121.389,6,3,9,,,,,,,,,,,1. Dec. 2010,31. Dec. 2099,TRUE,2016,10,1,2016-10-01,WX7EMT
W7W/KG-030,WA-King,Caroline Peak,1794,5885,47.4811,-121.5037,6,3,1,,,,,,,,,,,1. Dec. 2010,31. Dec. 2099,TRUE,2017,7,26,2017-07-26,KE7JWP
W7W/KG-031,WA-King,Cowboy Mountain,1784,5853,47.7322,-121.102,6,3,29,,,,,,,,,,,1. Dec. 2010,31. Dec. 2099,TRUE,2015,10,5,2015-10-05,"K7MAS,KG7EJT"
W7W/KG-032,WA-King,Treen Peak,1757,5763,47.5637,-121.4701,6,3,0,USFS,Mt. Baker NF,,,,,Open,Open,None,,1. Dec. 2010,31. Dec. 2099,TRUE,1899,12,30,,
W7W/KG-033,WA-King,Captain Point,1745,5724,47.7669,-121.1938,6,3,14,,,,,,,,,,,1. Dec. 2010,31. Dec. 2099,TRUE,2021,7,28,2021-07-28,"AC7MA,WW7D,K7JRO"
W7W/KG-034,WA-King,5660 Display Pk,1725,5660,47.6371,-121.4757,6,3,0,USFS,Mt. Baker NF,,,,,Open,Open,None,,1. Dec. 2010,30. Nov. 2016,FALSE,1899,12,30,,
W7W/KG-035,WA-King,Lumiere Ridge,1722,5651,47.718,-121.0704,6,3,3,,,,,,,,,,,1. Dec. 2010,31. Dec. 2099,TRUE,2020,8,22,2020-08-22,"AC7MA,WW7D,WU7H"
W7W/KG-036,WA-King,Spinnaker Peak,1721,5645,47.7703,-121.1326,6,3,2,,,,,,,,,,,1. Dec. 2010,31. Dec. 2099,TRUE,2021,7,4,2021-07-04,"AC7MA,WW7D"
W7W/KG-037,WA-King,Granite Mountain,1716,5629,47.4177,-121.4814,6,3,48,,,,,,,,,,,1. Dec. 2010,31. Dec. 2099,TRUE,2013,8,5,2013-08-05,K3XD
W7W/KG-038,WA-King,Klinger Ridge,1713,5620,47.7632,-121.4206,6,3,0,USFS,Mt. Baker NF,,,,,Open,Open,None,,1. Dec. 2010,31. Dec. 2099,TRUE,1899,12,30,,
W7W/KG-039,WA-King,Eagle Rock,1711,5615,47.7759,-121.3554,6,3,1,,,,,,,,,,,1. Dec. 2010,31. Dec. 2099,TRUE,2024,9,30,2024-09-30,KI7QIV
W7W/KG-040,WA-King,East Tonga Ridge,1706,5596,47.6602,-121.1984,6,3,11,,,,,,,,,,,1. Dec. 2010,31. Dec. 2099,TRUE,2018,7,5,2018-07-05,WW7D
W7W/KG-041,WA-King,Cascade Mountain,1704,5591,47.61,-121.4276,6,3,0,USFS,Mt. Baker NF,,,,,Open,Open,None,,1. Dec. 2010,31. Dec. 2099,TRUE,1899,12,30,,
W7W/KG-042,WA-King,Mount Price,1703,5587,47.5037,-121.4084,6,3,0,USFS,Mt. Baker NF,,,,,Open,Open,None,,1. Dec. 2010,31. Dec. 2099,TRUE,1899,12,30,,
W7W/KG-043,WA-King,Mount Defiance,1702,5584,47.4352,-121.5642,6,3,40,,,,,,,,,,,1. Dec. 2010,31. Dec. 2099,TRUE,2013,7,6,2013-07-06,KF7HAP
W7W/KG-044,WA-King,Goat Mountain,1701,5580,47.6149,-121.5484,6,3,1,,,,,,,,,,,1. Dec. 2010,31. Dec. 2099,TRUE,2023,8,6,2023-08-06,KK7LHY/P
W7W/KG-045,WA-King,Red Mountain Benchmark,1700,5576,47.7168,-121.5164,6,3,1,,,,,,,,,,,1. Dec. 2010,31. Dec. 2099,TRUE,2023,12,28,2023-12-28,KI7QIV
W7W/KG-046,WA-King,Cascade Mountain North,1693,5553,47.6295,-121.4172,6,3,0,USFS,Mt. Baker NF,,,,,Open,Open,None,,1. Dec. 2010,31. Dec. 2099,TRUE,1899,12,30,,
W7W/KG-047,WA-King,Otter-Angeline,1691,5547,47.5743,-121.2985,6,3,0,USFS,Mt. Baker NF,,,,,Open,Open,None,,1. Dec. 2010,31. Dec. 2099,TRUE,1899,12,30,,
W7W/KG-048,WA-King,Crosby Mountain,1689,5540,47.7195,-121.4935,6,3,0,USFS,Mt. Baker NF,,,,,Open,Open,None,,1. Dec. 2010,31. Dec. 2099,TRUE,1899,12,30,,
W7W/KG-049,WA-King,McClain Peaks,1687,5535,47.6884,-121.5654,6,3,2,,,,,,,,,,,1. Dec. 2010,31. Dec. 2099,TRUE,2021,6,16,2021-06-16,N7AKD
W7W/KG-050,WA-King,Garfield Mountain,1682,5519,47.5528,-121.4934,6,3,0,USFS,Mt. Baker NF,,,,,Open,Open,None,,1. Dec. 2010,31. Dec. 2099,TRUE,1899,12,30,,
W7W/KG-051,WA-King,Pechugh Peak,1678,5505,47.1287,-121.4283,6,3,35,,,,,,,,,,,1. Dec. 2010,31. Dec. 2099,TRUE,2015,4,26,2015-04-26,AF7GL
W7W/KG-052,WA-King,Mount Sawyer,1677,5501,47.6669,-121.2243,6,3,26,,,,,,,,,,,1. Dec. 2010,31. Dec. 2099,TRUE,2015,8,6,2015-08-06,WW7D
W7W/KG-053,WA-King,East Peak,1676,5500,47.552,-121.4851,6,3,0,USFS,Mt. Baker NF,,,,,Open,Open,None,,1. Dec. 2010,31. Dec. 2099,TRUE,1899,12,30,,
W7W/KG-054,WA-King,Sky Mountain,1671,5482,47.7592,-121.1103,6,3,24,,,,,,,,,,,1. Dec. 2010,31. Dec. 2099,TRUE,2016,9,16,2016-09-16,"KG7EJT,K7MAS"
W7W/KG-055,WA-King,Meadow Mountain,1664,5460,47.3043,-121.4484,6,3,34,,,,,,,,,,,1. Dec. 2010,31. Dec. 2099,TRUE,2012,8,25,2012-08-25,"AC7MA,AC7MA"
W7W/KG-056,WA-King,Middle Cascade Mountain,1664,5460,47.6134,-121.4213,6,3,0,USFS,Mt. Baker NF,,,,,Open,Open,None,,1. Dec. 2010,31. Dec. 2099,TRUE,1899,12,30,,
W7W/KG-057,WA-King,Revolution Peak,1662,5454,47.4722,-121.5852,6,3,1,,,,,,,,,,,1. Dec. 2010,31. Dec. 2099,TRUE,2018,11,11,2018-11-11,K3OG
W7W/KG-058,WA-King,Red Mountain,1660,5447,47.7175,-121.5479,6,3,0,USFS,Mt. Baker NF,,,,,Open,Open,None,,1. Dec. 2010,31. Dec. 2099,TRUE,1899,12,30,,
W7W/KG-059,WA-King,Morpheus,1656,5432,47.6035,-121.4605,6,3,0,USFS,Mt. Baker NF,,,,,Open,Open,None,,1. Dec. 2010,31. Dec. 2099,TRUE,1899,12,30,,
W7W/KG-060,WA-King,Kelly Butte,1652,5420,47.1692,-121.4903,6,3,68,,,,,,,,,,,1. Dec. 2010,31. Dec. 2099,TRUE,2012,6,17,2012-06-17,W7/HG1DUL
W7W/KG-061,WA-King,Low Mountain,1652,5420,47.4351,-121.4689,6,3,2,,,,,,,,,,,1. Dec. 2010,31. Dec. 2099,TRUE,2021,5,30,2021-05-30,"K7JRO,AC7MA"
W7W/KG-062,WA-King,Dog Mountain,1648,5408,47.6076,-121.5009,6,3,5,,,,,,,,,,,1. Dec. 2010,31. Dec. 2099,TRUE,2021,7,1,2021-07-01,"KE7JWP,K7JRO,WX7EMT"
W7W/KG-063,WA-King,Tinkham Peak West,1645,5397,47.3492,-121.4546,6,3,28,,,,,,,,,,,1. Dec. 2010,31. Dec. 2099,TRUE,2013,10,17,2013-10-17,KY7S
W7W/KG-064,WA-King,Avalanche Mountain,1640,5380,47.4693,-121.4304,6,3,2,,,,,,,,,,,1. Dec. 2010,31. Dec. 2099,TRUE,2017,7,30,2017-07-30,K3OG
W7W/KG-065,WA-King,Angeline-Heart,1633,5359,47.577,-121.3122,6,3,2,,,,,,,,,,,1. Dec. 2010,31. Dec. 2099,TRUE,2014,8,21,2014-08-21,N7KRN
W7W/KG-066,WA-King,The Ark,1627,5339,47.5888,-121.5407,6,3,2,,,,,,,,,,,1. Dec. 2010,31. Dec. 2099,TRUE,2021,5,26,2021-05-26,N7AKD
W7W/KG-067,WA-King,South Twin Peaks,1623,5325,47.6127,-121.6036,6,3,0,USFS,Mt. Baker NF,,,,,Open,Open,None,,1. Dec. 2010,31. Dec. 2099,TRUE,1899,12,30,,
W7W/KG-068,WA-King,Wild Dare Mountain,1619,5311,47.496,-121.4822,6,3,0,USFS,Mt. Baker NF,,,,,Open,Open,None,,1. Dec. 2010,31. Dec. 2099,TRUE,1899,12,30,,
W7W/KG-069,WA-King,Mile High,1615,5300,47.5896,-121.424,6,3,0,USFS,Mt. Baker NF,,,,,Open,Open,None,,1. Dec. 2010,31. Dec. 2099,TRUE,1899,12,30,,
W7W/KG-070,WA-King,Cleveland Mountain,1615,5300,47.6809,-121.4245,6,3,0,USFS,Mt. Baker NF,,,,,Open,Open,None,,1. Dec. 2010,31. Dec. 2099,TRUE,1899,12,30,,
W7W/KG-071,WA-King,Galleon Mountain,1610,5283,47.5382,-121.4344,6,3,0,USFS,Mt. Baker NF,,,,,Open,Open,None,,1. Dec. 2010,31. Dec. 2099,TRUE,1899,12,30,,
W7W/KG-072,WA-King,Sorcery Mountain,1607,5273,47.5353,-121.4102,6,3,1,,,,,,,,,,,1. Dec. 2010,31. Dec. 2099,TRUE,2021,7,25,2021-07-25,K3OG
W7W/KG-073,WA-King,Bandera Mountain,1597,5241,47.4154,-121.5378,6,3,34,,,,,,,,,,,1. Dec. 2010,31. Dec. 2099,TRUE,2012,11,2,2012-11-02,K7ATN
W7W/KG-074,WA-King,Sawmill Ridge,1587,5207,47.151,-121.433,6,3,61,,,,,,,,,,,1. Dec. 2010,31. Dec. 2099,TRUE,2012,6,17,2012-06-17,W7/HG1DUL
W7W/KG-075,WA-King,Boomerang Peak,1580,5185,47.5974,-121.6136,6,3,1,,,,,,,,,,,1. Dec. 2010,31. Dec. 2099,TRUE,2021,6,23,2021-06-23,N7AKD
W7W/KG-076,WA-King,Humpback Mountain,1577,5174,47.3733,-121.4956,6,3,49,,,,,,,,,,,1. Dec. 2010,31. Dec. 2099,TRUE,2013,9,19,2013-09-19,KY7S
W7W/KG-077,WA-King,Floating Rock,1577,5174,47.5473,-121.4498,6,3,0,USFS,Mt. Baker NF,,,,,Open,Open,None,,1. Dec. 2010,31. Dec. 2099,TRUE,1899,12,30,,
W7W/KG-078,WA-King,Guye Peak,1575,5168,47.4419,-121.4086,6,3,34,,,,,,,,,,,1. Dec. 2010,31. Dec. 2099,TRUE,2015,6,14,2015-06-14,KG7EJT
W7W/KG-079,WA-King,Bessemer Mountain,1575,5166,47.5604,-121.6083,6,3,0,USFS,Mt. Baker NF,,,,,Open,Open,"1.2km, 40W 154.0175 MHz, 5W 159.4425 MHz",,1. Dec. 2010,31. Dec. 2099,TRUE,1899,12,30,,
W7W/KG-080,WA-King,McClellan Butte,1573,5162,47.4068,-121.6223,6,3,26,,,,,,,,,,,1. Dec. 2010,31. Dec. 2099,TRUE,2013,9,8,2013-09-08,K3XD
W7W/KG-081,WA-King,Mount Phelps,1573,5162,47.6784,-121.5789,6,3,0,USFS,Mt. Baker NF,,,,,Open,Open,None,,1. Dec. 2010,31. Dec. 2099,TRUE,1899,12,30,,
W7W/KG-082,WA-King,Russian Butte,1561,5123,47.4956,-121.5893,6,3,0,USFS,Mt. Baker NF,,,,,Open,Open,None,,1. Dec. 2010,31. Dec. 2099,TRUE,1899,12,30,,
W7W/KG-083,WA-King,Little Bulger,1558,5111,47.556,-121.39,6,3,0,USFS,Mt. Baker NF,,,,,Open,Open,None,,1. Dec. 2010,31. Dec. 2099,TRUE,1899,12,30,,
W7W/KG-084,WA-King,Pratt Mountain,1554,5099,47.4269,-121.5264,6,3,15,,,,,,,,,,,1. Dec. 2010,31. Dec. 2099,TRUE,2013,7,13,2013-07-13,N7RR
W7W/KG-085,WA-King,Mount Kent,1551,5087,47.3904,-121.6179,6,3,5,,,,,,,,,,,1. Dec. 2010,31. Dec. 2099,TRUE,2018,7,15,2018-07-15,WX7EMT
W7W/KG-086,WA-King,Beckler Peak,1543,5062,47.7357,-121.2816,6,3,38,,,,,,,,,,,1. Dec. 2010,31. Dec. 2099,TRUE,2012,9,15,2012-09-15,AC7MA
W7W/KG-087,WA-King,Frozen Mountain,1542,5060,47.7446,-121.5592,6,3,0,USFS,Mt. Baker NF,,,,,Open,Open,None,,1. Dec. 2010,31. Dec. 2099,TRUE,1899,12,30,,
W7W/KG-088,WA-King,Sopwith Camel Mountain,1542,5060,47.7085,-121.0897,6,3,9,,,,,,,,,,,1. Dec. 2010,31. Dec. 2099,TRUE,2019,6,9,2019-06-09,"AC7MA,WW7D"
W7W/KG-089,WA-King,Palmer Mountain,1537,5043,47.7348,-121.4843,6,3,0,USFS,Mt. Baker NF,,,,,Open,Open,None,,1. Dec. 2010,31. Dec. 2099,TRUE,1899,12,30,,
W7W/KG-090,WA-King,Paperboy,1528,5013,47.5869,-121.6043,6,3,1,,,,,,,,,,,1. Dec. 2010,31. Dec. 2099,TRUE,2021,6,23,2021-06-23,N7AKD
W7W/KG-091,WA-King,Moolock Mountain,1513,4965,47.5472,-121.6419,6,3,9,,,,,,,,,,,1. Dec. 2010,31. Dec. 2099,TRUE,2016,5,14,2016-05-14,K3OG
W7W/KG-092,WA-King,West Defiance,1501,4926,47.4581,-121.633,6,3,19,,,,,,,,,,,1. Dec. 2010,31. Dec. 2099,TRUE,2013,6,30,2013-06-30,K3XD
W7W/KG-093,WA-King,Huckleberry Mountain,1494,4903,47.1573,-121.5624,4,0,11,,,,,,,,,,,1. Dec. 2010,31. Dec. 2099,TRUE,2012,5,13,2012-05-13,W7/HG1DUL
W7W/KG-094,WA-King,Divide Ridge,1487,4878,47.1485,-121.5285,4,0,8,,,,,,,,,,,1. Dec. 2010,31. Dec. 2099,TRUE,2012,5,11,2012-05-11,W7/HG1DUL
W7W/KG-095,WA-King,Mount Teneriffe,1459,4788,47.509,-121.6951,4,0,27,,,,,,,,,,,1. Dec. 2010,31. Dec. 2099,TRUE,2015,1,1,2015-01-01,"WO7A,W7LOV"
W7W/KG-096,WA-King,Hancocks Comb,1433,4700,47.578,-121.6483,4,0,8,,,,,,,,,,,1. Dec. 2010,31. Dec. 2099,TRUE,2016,11,6,2016-11-06,K3OG
W7W/KG-097,WA-King,Big Kid,1420,4660,47.6384,-121.562,4,0,0,USFS,Mt. Baker NF,,,,,Open,Open,None,,1. Dec. 2010,31. Dec. 2099,TRUE,1899,12,30,,
W7W/KG-098,WA-King,Quartz Mountain,1420,4660,47.5636,-121.5796,4,0,0,USFS,Mt. Baker NF,,,,,Open,Open,None,,1. Dec. 2010,31. Dec. 2099,TRUE,1899,12,30,,
W7W/KG-099,WA-King,Little St. Helens,1397,4582,47.367,-121.5403,4,0,42,,,,,,,,,,,1. Dec. 2010,31. Dec. 2099,TRUE,2012,8,25,2012-08-25,KX7L
W7W/KG-100,WA-King,Rumble Mountain,1396,4580,47.2617,-121.4765,4,0,6,,,,,,,,,,,1. Dec. 2010,31. Dec. 2099,TRUE,2017,8,19,2017-08-19,KY7S
W7W/KG-101,WA-King,The Pulpit,1379,4523,47.5214,-121.5518,4,0,0,USFS,Mt. Baker NF,,,,,Open,Open,None,,1. Dec. 2010,31. Dec. 2099,TRUE,1899,12,30,,
W7W/KG-102,WA-King,Skyhomelyish Mountain,1370,4494,47.7502,-121.3637,4,0,1,,,,,,,,,,,1. Dec. 2010,31. Dec. 2099,TRUE,2020,10,3,2020-10-03,KV7DX
W7W/KG-103,WA-King,Bessequartz,1368,4487,47.5638,-121.5914,4,0,0,USFS,Mt. Baker NF,,,,,Open,Open,None,,1. Dec. 2010,31. Dec. 2099,TRUE,1899,12,30,,
W7W/KG-104,WA-King,Appomattox Spire,1359,4460,47.7363,-121.6066,4,0,0,SNOQUALMIE INDIAN TRIBE,Snoqualmie Forest,,,,,Restricted,Restricted,None,,1. Dec. 2010,31. Dec. 2099,TRUE,1899,12,30,,
W7W/KG-105,WA-King,Mount Gardner,1357,4453,47.368,-121.569,4,0,3,,,,,,,,,,,1. Dec. 2010,31. Dec. 2099,TRUE,2018,7,29,2018-07-29,K3OG
W7W/KG-106,WA-King,Dandy Peak,1347,4420,47.2799,-121.364,4,0,16,,,,,,,,,,,1. Dec. 2010,31. Dec. 2099,TRUE,2015,5,7,2015-05-07,KY7S
W7W/KG-107,WA-King,Grass Mountain,1336,4382,47.2038,-121.7956,4,0,0,MUCKLESHOOT FEDERAL CORP,White River Tree Farm,,,,,Restricted,Request,Lots,,1. Dec. 2010,31. Dec. 2099,TRUE,1899,12,30,,
W7W/KG-108,WA-King,East Grass Mountain,1319,4329,47.1913,-121.7119,4,0,1,,,,,,,,,"1.9km, 110 W, 451.775 MHz",,1. Dec. 2010,31. Dec. 2099,TRUE,2021,9,16,2021-09-16,N7AKD
W7W/KG-109,WA-King,Deconstruction Hill,1260,4135,47.2482,-121.4485,4,0,8,,,,,,,,,,,1. Dec. 2010,31. Dec. 2099,TRUE,2017,8,19,2017-08-19,KY7S
W7W/KG-110,WA-King,Grass Mountain North,1189,3900,47.2504,-121.8497,4,0,1,WA DNR,S Puget Sound Region:Rainier District:Black Diamond District,WA DNR,Green River Watershed,,,Restricted?,Open,None,"Open island, restricted surroundings",1. Dec. 2010,31. Dec. 2099,TRUE,2025,9,26,2025-09-26,NN7M
W7W/KG-111,WA-King,Hudson Mountain,1116,3660,47.2753,-121.8354,4,0,1,WA DNR,S Puget Sound Region:Rainier District:Black Diamond District,WA DNR,Green River Watershed,,,Restricted?,Open,"2.1km, 5W, 161.25 MHz","Open island, restricted surroundings",1. Dec. 2010,31. Dec. 2099,TRUE,2025,9,26,2025-09-26,NN7M
W7W/KG-112,WA-King,McDonald Mountain,1088,3570,47.3167,-121.8286,4,0,2,,,,,,,,,,,1. Dec. 2010,31. Dec. 2099,TRUE,2017,5,29,2017-05-29,K3OG
W7W/KG-113,WA-King,Rattlesnake Mountain,1067,3500,47.4512,-121.8037,4,0,88,,,,,,,,,,,1. Dec. 2010,31. Dec. 2099,TRUE,2012,7,24,2012-07-24,K7ZG
W7W/KG-114,WA-King,Boise Ridge,969,3180,47.2186,-121.8923,2,0,1,,,,,,,,,,,1. Dec. 2010,31. Dec. 2099,TRUE,2022,10,29,2022-10-29,KJ7RSX
W7W/KG-115,WA-King,Tiger Mountain,917,3010,47.4884,-121.9468,2,0,69,,,,,,,,,,,1. Dec. 2010,31. Dec. 2099,TRUE,2012,5,27,2012-05-27,K7ATN
W7W/KG-116,WA-King,West Tiger Mountain,897,2943,47.5036,-121.9756,2,0,75,,,,,,,,,,,1. Dec. 2010,31. Dec. 2099,TRUE,2012,6,15,2012-06-15,KX7L
W7W/KG-117,WA-King,Gambol Knob,835,2740,47.7744,-121.674,2,0,2,,,,,,,,,,,1. Dec. 2010,31. Dec. 2099,TRUE,2021,9,16,2021-09-16,"KE7JWP,WX7EMT"
W7W/KG-118,WA-King,Taylor Mountain,796,2610,47.4545,-121.8943,2,0,38,,,,,,,,,,,1. Dec. 2010,31. Dec. 2099,TRUE,2012,5,26,2012-05-26,"K5RHD,N7AVN,K9VD,K7ASQ"
W7W/KG-119,WA-King,Deep Devil,762,2500,47.6767,-121.7199,2,0,28,,,,,,,,,,,1. Dec. 2010,31. Dec. 2099,TRUE,2016,2,7,2016-02-07,WW7D
W7W/KG-120,WA-King,Lynch the Devil,652,2140,47.7121,-121.718,2,0,15,,,,,,,,,,,1. Dec. 2010,31. Dec. 2099,TRUE,2017,5,7,2017-05-07,K3OG
W7W/KG-121,WA-King,South Tiger Mountain,618,2028,47.4617,-121.9612,2,0,103,,,,,,,,,,,1. Dec. 2010,31. Dec. 2099,TRUE,2012,7,21,2012-07-21,K7ATN
W7W/KG-122,WA-King,Squak Mountain,617,2024,47.5042,-122.047,2,0,144,,,,,,,,,,,1. Dec. 2010,31. Dec. 2099,TRUE,2012,4,1,2012-04-01,"KK7DS,K7TAY"
W7W/KG-123,WA-King,Black Devil,616,2020,47.6526,-121.7265,2,0,22,,,,,,,,,,,1. Dec. 2010,31. Dec. 2099,TRUE,2015,11,27,2015-11-27,WW7D
W7W/KG-124,WA-King,Fuller Mountain,573,1880,47.5859,-121.7462,2,0,21,,,,,,,,,,,1. Dec. 2010,31. Dec. 2099,TRUE,2015,11,20,2015-11-20,WW7D
W7W/KG-125,WA-King,Lions Mane,567,1860,47.6192,-121.7187,2,0,20,,,,,,,,,,,1. Dec. 2010,31. Dec. 2099,TRUE,2016,1,24,2016-01-24,WW7D
W7W/KG-126,WA-King,Pinnacle Peak,549,1801,47.1738,-121.9734,2,0,69,,,,,,,,,,,1. Dec. 2010,31. Dec. 2099,TRUE,2011,7,20,2011-07-20,N7NGO
W7W/KG-127,WA-King,St. Paddys Peak,527,1730,47.3015,-121.8931,2,0,0,EMF Enterprises,,,,,,Permit,Permit (unk),Some,,1. Dec. 2010,31. Dec. 2099,TRUE,1899,12,30,,
W7W/KG-128,WA-King,Tokul Hills North,525,1722,47.6659,-121.7626,2,0,22,,,,,,,,,,,1. Dec. 2010,31. Dec. 2099,TRUE,2016,3,26,2016-03-26,WW7D
W7W/KG-129,WA-King,1710 Extra Class Mtn,521,1710,47.6729,-121.7772,2,0,11,,,,,,,,,,,1. Dec. 2010,31. Dec. 2099,TRUE,2017,6,30,2017-06-30,WX7EMT
W7W/KG-130,WA-King,1690 Hellschreiber Pk,515,1690,47.6875,-121.774,2,0,18,,,,,,,,,,,1. Dec. 2010,31. Dec. 2099,TRUE,2017,5,20,2017-05-20,WX7EMT
W7W/KG-131,WA-King,Baldy Hill,507,1664,47.1834,-121.9502,2,0,3,,,,,,,,,,,1. Dec. 2010,31. Dec. 2099,TRUE,2011,8,27,2011-08-27,"N7AVN,K7ASQ"
W7W/KG-132,WA-King,Wilderness Peak,487,1597,47.5201,-122.0933,1,0,103,,,,,,,,,,,1. Dec. 2010,31. Dec. 2099,TRUE,2013,5,2,2013-05-02,KR7W
W7W/KG-133,WA-King,Cumbersome Hill,472,1550,47.2793,-121.9154,1,0,0,COWAN AARON+MELINDA,,,,,,Restricted,Unstated,None,,1. Dec. 2010,31. Dec. 2099,TRUE,1899,12,30,,
W7W/KG-134,WA-King,Little Si,463,1519,47.4987,-121.756,1,0,11,,,,,,,,,,,1. Dec. 2010,30. Nov. 2016,FALSE,2011,7,8,2011-07-08,K7S
W7W/KG-135,WA-King,Sugarloaf Mountain,454,1490,47.3513,-121.904,1,0,1,,,,,,,,,,,1. Dec. 2010,31. Dec. 2099,TRUE,2020,5,19,2020-05-19,K3OG
W7W/KG-136,WA-King,Bayne Existence,448,1470,47.2976,-121.9158,1,0,0,SEGALE PROPERTIES LLC,,,,,,Restricted,Unstated,None,,1. Dec. 2010,31. Dec. 2099,TRUE,1899,12,30,,
W7W/KG-137,WA-King,North Grand Ridge,433,1422,47.5495,-121.9624,1,0,49,,,,,,,,,,,1. Dec. 2010,31. Dec. 2099,TRUE,2013,12,31,2013-12-31,AB7YL
W7W/KG-138,WA-King,1410 Frequency Peak,430,1410,47.7272,-121.8273,1,0,24,,,,,,,,,,,1. Dec. 2010,31. Dec. 2099,TRUE,2017,5,19,2017-05-19,K3OG
W7W/KG-139,WA-King,Black Diamond Hill,387,1270,47.3156,-121.9678,1,0,6,HEISEY TIMOTHY STUART,,,,,,Restricted,Unstated,None,,1. Dec. 2010,31. Dec. 2099,TRUE,2025,2,8,2025-02-08,KA7WYR
W7W/KG-140,WA-King,Mudbog Hill,381,1250,47.3459,-121.9618,1,0,1,,,,,,,,,,,1. Dec. 2010,31. Dec. 2099,TRUE,2016,1,23,2016-01-23,W7XH
W7W/KG-141,WA-King,1090 Mt Electric,332,1090,47.7394,-121.8625,1,0,56,,,,,,,,,,,1. Dec. 2010,31. Dec. 2099,TRUE,2012,2,4,2012-02-04,WA7NCL
W7W/KG-142,WA-King,Union Hill,204,670,47.6626,-121.9851,1,0,76,,,,,,,,,,,1. Dec. 2010,31. Dec. 2099,TRUE,2015,5,22,2015-05-22,WW7D
W7W/KG-143,WA-King,Maury Island,150,492,47.3798,-122.4141,1,0,32,,,,,,,,,,,1. Dec. 2016,31. Dec. 2099,TRUE,2017,2,25,2017-02-25,WX7EMT
W7W/KG-144,WA-King,Overcoat Peak,2265,7432,47.5139,-121.2921,8,3,0,USFS,Mt. Baker NF,USFS,Wenatchee NF,,,Open,Open,None,,1. Dec. 2016,31. Dec. 2099,TRUE,1899,12,30,,
W7W/KG-145,WA-King,Canoe Peak,1739,5706,47.6512,-121.4799,6,3,1,,,,,,,,,,,1. Dec. 2016,31. Dec. 2099,TRUE,2024,6,25,2024-06-25,K7JRO
W7W/KG-146,WA-King,Bearscout Peak,1591,5220,47.349,-121.4994,6,3,17,,,,,,,,,,,1. Dec. 2016,31. Dec. 2099,TRUE,2018,6,26,2018-06-26,WX7EMT
W7W/KG-147,WA-King,Colquhoun Peak,1577,5173,47.129,-121.4615,6,3,46,,,,,,,,,,,1. Dec. 2016,31. Dec. 2099,TRUE,2017,7,16,2017-07-16,K7MAS
W7W/KG-148,WA-King,Psilocybin Hill,1564,5130,47.3025,-121.4843,6,3,0,Seattle Public Utilities,Cedar River Watershed,,,,,Restricted,Restricted,None,,1. Dec. 2016,31. Dec. 2099,TRUE,1899,12,30,,
W7W/KG-149,WA-King,Paranoia Peak,1558,5112,47.2856,-121.543,6,3,0,Seattle Public Utilities,Cedar River Watershed,,,,,Restricted,Restricted,None,,1. Dec. 2016,31. Dec. 2099,TRUE,1899,12,30,,
W7W/KG-150,WA-King,4759,1451,4759,47.3101,-121.5855,4,0,0,Seattle Public Utilities,Cedar River Watershed,,,,,Restricted,Restricted,None,,1. Dec. 2016,31. Dec. 2099,TRUE,1899,12,30,,
W7W/KG-151,WA-King,Cougar Mountain,1373,4504,47.2654,-121.641,4,0,0,WA DNR,Green River Watershed,,,,,Restricted,Restricted,None,,1. Dec. 2016,31. Dec. 2099,TRUE,1899,12,30,,
W7W/KG-152,WA-King,4500,1372,4500,47.2878,-121.6268,4,0,0,WA DNR,Green River Watershed,Seattle Public Utilities,Cedar River Watershed,,,Restricted,Restricted,None,,1. Dec. 2016,31. Dec. 2099,TRUE,1899,12,30,,
W7W/KG-153,WA-King,Mount Lindsay,1335,4380,47.3336,-121.6823,4,0,0,Seattle Public Utilities,Cedar River Watershed,,,,,Restricted,Restricted,None,,1. Dec. 2016,31. Dec. 2099,TRUE,1899,12,30,,
W7W/KG-154,WA-King,High Devil,1335,4380,47.6863,-121.6314,4,0,0,Seattle Public Utilities,Tolt River Watershed,,,,,Restricted,Restricted,None,,1. Dec. 2016,31. Dec. 2099,TRUE,1899,12,30,,
W7W/KG-155,WA-King,4140,1262,4140,47.3859,-121.752,4,0,0,Seattle Public Utilities,Cedar River Watershed,,,,,Restricted,Restricted,None,,1. Dec. 2016,31. Dec. 2099,TRUE,1899,12,30,,
W7W/KG-156,WA-King,Rooster Comb Mountain,1252,4107,47.2501,-121.5731,4,0,0,USFS,Green River Watershed,BTG PACTUAL OEF PROPERTY 1,,,,Restricted,Restricted,None,,1. Dec. 2016,31. Dec. 2099,TRUE,1899,12,30,,
W7W/KG-157,WA-King,4060,1237,4060,47.3681,-121.7341,4,0,0,Seattle Public Utilities,Cedar River Watershed,,,,,Restricted,Restricted,None,,1. Dec. 2016,31. Dec. 2099,TRUE,1899,12,30,,
W7W/KG-158,WA-King,3115,949,3115,47.2446,-121.6981,2,0,0,WA DNR,Green River Watershed,,,,,Restricted,Restricted,None,,1. Dec. 2016,31. Dec. 2099,TRUE,1899,12,30,,
W7W/KG-159,WA-King,Little Mountain,906,2972,47.3715,-121.6725,2,0,0,Seattle Public Utilities,Cedar River Watershed,,,,,Restricted,Restricted,None,,1. Dec. 2016,31. Dec. 2099,TRUE,1899,12,30,,
W7W/KG-160,WA-King,2713,827,2713,47.3064,-121.7597,2,0,0,BTG PACTUAL OEF PROPERTY 1,Green River Watershed,,,,,Restricted,Restricted,None,,1. Dec. 2016,31. Dec. 2099,TRUE,1899,12,30,,
W7W/KG-161,WA-King,Lookout Mountain,677,2220,47.414,-121.8418,2,0,0,Seattle Public Utilities,Cedar River Watershed,,,,,Restricted,Restricted,None,,1. Dec. 2016,31. Dec. 2099,TRUE,1899,12,30,,
W7W/KG-162,WA-King,Radio Hill,594,1950,47.1868,-121.9039,2,0,0,MUCKLESHOOT FEDERAL CORP,White River Tree Farm,,,,,Restricted,Request,None,,1. Dec. 2016,31. Dec. 2099,TRUE,1899,12,30,,
W7W/LC-001,WA-Lower Columbia,Mount Saint Helens,2550,8365,46.1911,-122.1944,10,3,63,,,,,,,,,,,1. Dec. 2010,31. Dec. 2099,TRUE,2012,5,6,2012-05-06,K7ATN
W7W/LC-002,WA-Lower Columbia,Lemei Rock,1806,5925,46.0185,-121.7599,6,3,5,,,,,,,,,,,1. Dec. 2010,31. Dec. 2099,TRUE,2020,9,5,2020-09-05,K7AHR
W7W/LC-003,WA-Lower Columbia,Sunrise Peak,1796,5892,46.3327,-121.759,6,3,7,,,,,,,,,,,1. Dec. 2010,31. Dec. 2099,TRUE,2014,9,12,2014-09-12,KF7PXT
W7W/LC-004,WA-Lower Columbia,Mount Whittier,1793,5883,46.3256,-122.1332,6,3,1,,,,,,,,,,,1. Dec. 2010,31. Dec. 2099,TRUE,2016,8,17,2016-08-17,NS0TA
W7W/LC-005,WA-Lower Columbia,McCoy Peak,1785,5856,46.33,-121.8242,6,3,0,USFS,Gifford Pinchot NF,,,,,Open,Open,,,1. Dec. 2010,31. Dec. 2099,TRUE,1899,12,30,,
W7W/LC-006,WA-Lower Columbia,Mount Venus,1774,5820,46.3427,-122.162,6,3,0,USFS,Gifford Pinchot NF,,,,,Open,Open,,,1. Dec. 2010,31. Dec. 2099,TRUE,1899,12,30,,
W7W/LC-007,WA-Lower Columbia,Jumbo Peak,1768,5801,46.3092,-121.7683,6,3,5,,,,,,,,,,,1. Dec. 2010,31. Dec. 2099,TRUE,2020,6,24,2020-06-24,"KL0NP,WE7CAT,K3EXO"
W7W/LC-008,WA-Lower Columbia,Coldwater Peak,1750,5740,46.3,-122.1817,6,3,10,,,,,,,,,,,1. Dec. 2010,31. Dec. 2099,TRUE,2013,9,1,2013-09-01,KG7O
W7W/LC-009,WA-Lower Columbia,Strawberry Mountain,1749,5739,46.3838,-122.036,6,3,1,,,,,,,,,,,1. Dec. 2010,31. Dec. 2099,TRUE,2023,7,22,2023-07-22,KD7QOW
W7W/LC-010,WA-Lower Columbia,Blue Lake Ridge,1749,5738,46.3786,-121.6919,6,3,0,USFS,Gifford Pinchot NF,,,,,Open,Open,,,1. Dec. 2010,31. Dec. 2099,TRUE,1899,12,30,,
W7W/LC-011,WA-Lower Columbia,Craggy Peak,1750,5740,46.2634,-121.8572,6,3,2,,,,,,,,,,,1. Dec. 2010,31. Dec. 2099,TRUE,2015,8,2,2015-08-02,"KF7UOQ,KG7MZ"
W7W/LC-012,WA-Lower Columbia,Bird Mountain,1739,5706,46.0393,-121.7809,6,3,3,,,,,,,,,,,1. Dec. 2010,31. Dec. 2099,TRUE,2020,11,1,2020-11-01,K7AHR
W7W/LC-013,WA-Lower Columbia,Badger Peak,1726,5664,46.2833,-121.8942,6,3,2,,,,,,,,,,,1. Dec. 2010,31. Dec. 2099,TRUE,2012,11,3,2012-11-03,"K7TAY,KK7DS"
W7W/LC-014,WA-Lower Columbia,Juniper Peak,1710,5611,46.3681,-121.7781,6,3,1,,,,,,,,,,,1. Dec. 2010,31. Dec. 2099,TRUE,2023,7,26,2023-07-26,KD7QOW
W7W/LC-015,WA-Lower Columbia,Minnie Peak,1710,5610,46.3277,-122.1897,6,3,0,USFS,Gifford Pinchot NF,,,,,Open,Open,,,1. Dec. 2010,31. Dec. 2099,TRUE,1899,12,30,,
W7W/LC-016,WA-Lower Columbia,Kirk Rock,1706,5597,46.2714,-121.8786,6,3,0,USFS,Gifford Pinchot NF,,,,,Open,Open,,,1. Dec. 2010,31. Dec. 2099,TRUE,1899,12,30,,
W7W/LC-017,WA-Lower Columbia,Hat Rock,1697,5569,46.2668,-121.8192,6,3,1,,,,,,,,,,,1. Dec. 2010,31. Dec. 2099,TRUE,2021,10,2,2021-10-02,N7KOM
W7W/LC-018,WA-Lower Columbia,Strawberry Benchmark,1664,5460,46.3402,-122.0458,6,3,1,,,,,,,,,,,1. Dec. 2010,31. Dec. 2099,TRUE,2016,8,18,2016-08-18,NS0TA
W7W/LC-019,WA-Lower Columbia,Snagtooth Mountain,1659,5443,46.2558,-121.82,6,3,1,,,,,,,,,,,1. Dec. 2010,31. Dec. 2099,TRUE,2021,10,2,2021-10-02,N7KOM
W7W/LC-020,WA-Lower Columbia,Steamboat Mountain,1653,5424,46.1383,-121.728,6,3,32,,,,,,,,,,,1. Dec. 2010,31. Dec. 2099,TRUE,2012,9,8,2012-09-08,"K7TAY,KK7DS"
W7W/LC-021,WA-Lower Columbia,Goat Mountain,1652,5420,46.3637,-122.1021,6,3,3,,,,,,,,,,,1. Dec. 2010,31. Dec. 2099,TRUE,2012,7,4,2012-07-04,"K7TAY,KK7DS"
W7W/LC-022,WA-Lower Columbia,Gifford Peak,1636,5368,45.9819,-121.8049,6,3,11,,,,,,,,,,,1. Dec. 2010,31. Dec. 2099,TRUE,2020,9,5,2020-09-05,K7AHR
W7W/LC-023,WA-Lower Columbia,Black Mountain,1628,5340,46.3585,-122.1863,6,3,0,USFS,Gifford Pinchot NF,,,,,Open,Open,,,1. Dec. 2010,31. Dec. 2099,TRUE,1899,12,30,,
W7W/LC-024,WA-Lower Columbia,French Butte,1617,5306,46.3467,-121.9272,6,3,6,,,,,,,,,,,1. Dec. 2010,31. Dec. 2099,TRUE,2012,11,3,2012-11-03,"K7TAY,KK7DS"
W7W/LC-025,WA-Lower Columbia,East Crater,1615,5297,45.9982,-121.7862,6,3,12,,,,,,,,,,,1. Dec. 2010,31. Dec. 2099,TRUE,2020,9,6,2020-09-06,K7AHR
W7W/LC-026,WA-Lower Columbia,Dark Mountain,1613,5293,46.2769,-121.7702,6,3,1,,,,,,,,,,,1. Dec. 2010,31. Dec. 2099,TRUE,2021,10,2,2021-10-02,K7AHR
W7W/LC-027,WA-Lower Columbia,5245 End Fed Pk,1599,5245,46.2994,-122.1004,6,3,0,USFS,Gifford Pinchot NF,,,,,Open,Open,,,1. Dec. 2010,31. Dec. 2099,TRUE,1899,12,30,,
W7W/LC-028,WA-Lower Columbia,Quartz Creek Ridge,1599,5245,46.2285,-121.7514,6,3,6,,,,,,,,,,,1. Dec. 2010,31. Dec. 2099,TRUE,2021,10,3,2021-10-03,K7AHR
W7W/LC-029,WA-Lower Columbia,North Quartz Creek Ridge,1597,5238,46.2567,-121.7275,6,3,6,,,,,,,,,,,1. Dec. 2010,31. Dec. 2099,TRUE,2021,10,2,2021-10-02,K7AHR
W7W/LC-030,WA-Lower Columbia,Council Bluff,1579,5180,46.2716,-121.6378,6,3,12,,,,,,,,,,,1. Dec. 2010,31. Dec. 2099,TRUE,2019,6,29,2019-06-29,NA7Q
W7W/LC-031,WA-Lower Columbia,Green Mountain,1557,5107,46.3322,-121.5924,6,3,2,,,,,,,,,,,1. Dec. 2010,31. Dec. 2099,TRUE,2023,8,11,2023-08-11,K7AMM
W7W/LC-032,WA-Lower Columbia,5060 Full Quieting Mtn,1542,5060,46.099,-121.6631,6,3,7,,,,,,,,,,,1. Dec. 2010,31. Dec. 2099,TRUE,2021,6,24,2021-06-24,WJ7WJ
W7W/LC-033,WA-Lower Columbia,5042 Gray-Line Summit,1537,5042,46.3556,-121.6543,6,3,4,,,,,,,,,,,1. Dec. 2010,31. Dec. 2099,TRUE,2023,6,4,2023-06-04,"WE7CAT,KL0NP"
W7W/LC-034,WA-Lower Columbia,East Canyon Ridge,1518,4980,46.3035,-121.6452,6,3,10,,,,,,,,,,,1. Dec. 2010,31. Dec. 2099,TRUE,2022,8,4,2022-08-04,K7AHR
W7W/LC-035,WA-Lower Columbia,Goat Mountain,1513,4965,46.1637,-122.3007,6,3,10,,,,,,,,,,,1. Dec. 2010,31. Dec. 2099,TRUE,2020,7,19,2020-07-19,"WJ7WJ,K7AHR"
W7W/LC-036,WA-Lower Columbia,Red Mountain,1513,4965,45.9349,-121.8209,6,3,52,,,,,,,,,,,1. Dec. 2010,31. Dec. 2099,TRUE,2012,6,30,2012-06-30,"KK7DS,K7TAY"
W7W/LC-037,WA-Lower Columbia,4946 High Pass Mtn,1508,4946,46.3141,-121.7051,6,3,1,USFS,Gifford Pinchot NF,,,,,Open,Open,,,1. Dec. 2010,31. Dec. 2099,TRUE,2025,7,31,2025-07-31,WE7CAT
W7W/LC-038,WA-Lower Columbia,4900 CW Ops Pk,1494,4900,46.3363,-122.2238,4,0,0,"HIGH LAKES TIMBER, LLC",,,,,,Unstated,Unstated,,,1. Dec. 2010,31. Dec. 2099,TRUE,1899,12,30,,
W7W/LC-039,WA-Lower Columbia,Spud Hill,1494,4900,46.3447,-121.7346,4,0,0,USFS,Gifford Pinchot NF,,,,,Open,Open,,,1. Dec. 2010,31. Dec. 2099,TRUE,1899,12,30,,
W7W/LC-040,WA-Lower Columbia,Lone Butte,1457,4780,46.0546,-121.8397,4,0,1,,,,,,,,,,,1. Dec. 2010,31. Dec. 2099,TRUE,2020,6,25,2020-06-25,N0SLA
W7W/LC-041,WA-Lower Columbia,Little Huckleberry Mountain,1451,4761,45.8853,-121.7047,4,0,17,,,,,,,,,,,1. Dec. 2010,31. Dec. 2099,TRUE,2020,8,8,2020-08-08,"K7IMA,K7ATN"
W7W/LC-042,WA-Lower Columbia,Spud Mountain,1445,4740,46.2523,-122.3193,4,0,11,,,,,,,,,,,1. Dec. 2010,31. Dec. 2099,TRUE,2023,9,10,2023-09-10,K7WXW
W7W/LC-043,WA-Lower Columbia,West Twin Butte,1440,4726,46.1173,-121.7712,4,0,25,,,,,,,,,,,1. Dec. 2010,31. Dec. 2099,TRUE,2012,9,8,2012-09-08,K7TAY
W7W/LC-044,WA-Lower Columbia,4657 Mt Duplex,1419,4657,46.3512,-122.2177,4,0,0,"HIGH LAKES TIMBER, LLC",,,,,,Unstated,Unstated,,,1. Dec. 2010,31. Dec. 2099,TRUE,1899,12,30,,
W7W/LC-045,WA-Lower Columbia,Bismark Mountain,1410,4626,46.3053,-122.074,4,0,0,USFS,Gifford Pinchot NF,,,,,Open,Open,,,1. Dec. 2010,31. Dec. 2099,TRUE,1899,12,30,,
W7W/LC-046,WA-Lower Columbia,Castle Peak,1408,4621,46.2469,-122.2974,4,0,13,,,,,,,,,,,1. Dec. 2010,31. Dec. 2099,TRUE,2023,9,10,2023-09-10,K7WXW
W7W/LC-047,WA-Lower Columbia,4620 Extra Class Mtn,1408,4620,46.1893,-122.2648,4,0,1,,,,,,,,,,,1. Dec. 2010,31. Dec. 2099,TRUE,2023,9,16,2023-09-16,K7WXW
W7W/LC-048,WA-Lower Columbia,Windy Ridge,1405,4608,46.2569,-122.1239,4,0,4,,,,,,,,,,,1. Dec. 2010,31. Dec. 2099,TRUE,2015,10,16,2015-10-16,N7KRN
W7W/LC-049,WA-Lower Columbia,4598 Mt Full Wave,1401,4598,46.1891,-122.3583,4,0,1,,,,,,,,,,,1. Dec. 2010,31. Dec. 2099,TRUE,2023,9,16,2023-09-16,K7WXW
W7W/LC-050,WA-Lower Columbia,Squaw Butte,1398,4585,46.1172,-121.8025,4,0,13,,,,,,,,,,,1. Dec. 2010,31. Dec. 2099,TRUE,2021,9,6,2021-09-06,"ND7Y,N7KOM"
W7W/LC-051,WA-Lower Columbia,4562 Mt Ground Wave,1390,4562,46.2224,-122.273,4,0,10,,,,,,,,,,,1. Dec. 2010,31. Dec. 2099,TRUE,2023,9,10,2023-09-10,K7WXW
W7W/LC-052,WA-Lower Columbia,West Soda Peaks,1384,4540,45.8831,-122.0563,4,0,16,,,,,,,,,,,1. Dec. 2010,31. Dec. 2099,TRUE,2016,6,1,2016-06-01,NS0TA
W7W/LC-053,WA-Lower Columbia,Elk Mountain,1383,4538,46.132,-122.4622,4,0,2,,,,,,,,,,,1. Dec. 2010,31. Dec. 2099,TRUE,2022,10,1,2022-10-01,K7WXW
W7W/LC-054,WA-Lower Columbia,4500 High Power Mtn,1372,4500,46.2522,-122.0317,4,0,0,USFS,Gifford Pinchot NF,,,,,Open,Open,,,1. Dec. 2010,31. Dec. 2099,TRUE,1899,12,30,,
W7W/LC-055,WA-Lower Columbia,Green Lookout Mountain,1354,4442,45.8611,-122.1244,4,0,6,,,,,,,,,,,1. Dec. 2010,31. Dec. 2099,TRUE,2016,7,23,2016-07-23,NS0TA
W7W/LC-056,WA-Lower Columbia,Flattop Mountain,1347,4420,46.0271,-121.6146,4,0,20,,,,,,,,,,,1. Dec. 2010,31. Dec. 2099,TRUE,2012,10,5,2012-10-05,K7TAY
W7W/LC-057,WA-Lower Columbia,West Twin Rocks,1341,4398,45.8726,-122.1007,4,0,6,,,,,,,,,,,1. Dec. 2010,31. Dec. 2099,TRUE,2020,6,13,2020-06-13,K7AHR
W7W/LC-058,WA-Lower Columbia,Silver Star Mountain,1338,4390,45.7478,-122.2389,4,0,78,,,,,,,,,,,1. Dec. 2010,31. Dec. 2099,TRUE,2011,8,6,2011-08-06,K3BYU
W7W/LC-059,WA-Lower Columbia,Timbered Peak,1335,4381,45.9672,-122.0518,4,0,11,,,,,,,,,,,1. Dec. 2010,31. Dec. 2099,TRUE,2021,9,25,2021-09-25,K7AHR
W7W/LC-060,WA-Lower Columbia,Elk Rock,1335,4380,46.2971,-122.3466,4,0,12,,,,,,,,,,,1. Dec. 2010,31. Dec. 2099,TRUE,2012,10,6,2012-10-06,K7ATN
W7W/LC-061,WA-Lower Columbia,Bare Mountain,1329,4360,45.9101,-122.0717,4,0,8,,,,,,,,,,,1. Dec. 2010,31. Dec. 2099,TRUE,2020,6,14,2020-06-14,K7AHR
W7W/LC-062,WA-Lower Columbia,4340 Mt Continuity,1323,4340,45.8432,-122.1096,4,0,8,,,,,,,,,,,1. Dec. 2010,31. Dec. 2099,TRUE,2014,7,12,2014-07-12,AE7RP
W7W/LC-063,WA-Lower Columbia,Calamity Peak,1307,4287,45.9162,-122.1271,4,0,2,,,,,,,,,,,1. Dec. 2010,31. Dec. 2099,TRUE,2021,9,25,2021-09-25,K7AHR
W7W/LC-064,WA-Lower Columbia,Sister Rocks,1301,4268,45.9352,-122.044,4,0,16,,,,,,,,,,,1. Dec. 2010,31. Dec. 2099,TRUE,2021,9,25,2021-09-25,K7AHR
W7W/LC-065,WA-Lower Columbia,Spencer Butte,1294,4247,46.1607,-121.9416,4,0,5,,,,,,,,,,,1. Dec. 2010,31. Dec. 2099,TRUE,2015,9,26,2015-09-26,"KF7UOQ,KG7MZ"
W7W/LC-066,WA-Lower Columbia,Lookout Mountain,1287,4222,45.7997,-122.1043,4,0,40,,,,,,,,,,,1. Dec. 2010,31. Dec. 2099,TRUE,2012,7,28,2012-07-28,"K7TAY,KK7DS"
W7W/LC-067,WA-Lower Columbia,4220 D-Layer Mtn,1286,4220,45.8173,-122.0857,4,0,17,,,,,,,,,,,1. Dec. 2010,31. Dec. 2099,TRUE,2012,7,28,2012-07-28,"K7TAY,KK7DS"
W7W/LC-068,WA-Lower Columbia,Big Bull,1283,4208,46.1774,-122.4056,4,0,3,,,,,,,,,,,1. Dec. 2010,31. Dec. 2099,TRUE,2022,10,8,2022-10-08,K7WXW
W7W/LC-069,WA-Lower Columbia,Big Huckleberry Mountain,1281,4203,45.8472,-121.7836,4,0,30,,,,,,,,,,,1. Dec. 2010,31. Dec. 2099,TRUE,2012,10,4,2012-10-04,"K7TAY,KK7DS"
W7W/LC-070,WA-Lower Columbia,Crater Benchmark,1279,4195,45.9109,-121.751,4,0,1,,,,,,,,,,,1. Dec. 2010,31. Dec. 2099,TRUE,2014,8,3,2014-08-03,K7ATN
W7W/LC-071,WA-Lower Columbia,4180 Capacitor Pk,1274,4180,45.8881,-121.788,4,0,15,,,,,,,,,,,1. Dec. 2010,31. Dec. 2099,TRUE,2014,6,28,2014-06-28,"K7ATN,K7GEN"
W7W/LC-072,WA-Lower Columbia,Peterson Ridge,1274,4180,46.0119,-121.6408,4,0,6,,,,,,,,,,,1. Dec. 2010,31. Dec. 2099,TRUE,2021,9,11,2021-09-11,K7WXW
W7W/LC-073,WA-Lower Columbia,Siouxon Peak,1271,4169,45.9925,-122.1305,4,0,8,,,,,,,,,,,1. Dec. 2010,31. Dec. 2099,TRUE,2013,8,3,2013-08-03,K7KAH
W7W/LC-074,WA-Lower Columbia,Crazy Hills,1269,4165,46.0786,-121.858,4,0,3,,,,,,,,,,,1. Dec. 2010,31. Dec. 2099,TRUE,2023,11,16,2023-11-16,K7WXW
W7W/LC-075,WA-Lower Columbia,Marble Mountain,1255,4116,46.1089,-122.1291,4,0,1,,,,,,,,,,,1. Dec. 2010,31. Dec. 2099,TRUE,2016,5,29,2016-05-29,NS0TA
W7W/LC-076,WA-Lower Columbia,Huffman Peak,1252,4106,45.9798,-122.1627,4,0,7,,,,,,,,,,,1. Dec. 2010,31. Dec. 2099,TRUE,2022,7,22,2022-07-22,KJ7EHA
W7W/LC-077,WA-Lower Columbia,4100 Mt Bug,1250,4100,46.2271,-121.979,4,0,0,USFS,Gifford Pinchot NF,,,,,Open,Open,,,1. Dec. 2010,31. Dec. 2099,TRUE,1899,12,30,,
W7W/LC-078,WA-Lower Columbia,4100 Display Pk,1250,4100,46.256,-122.075,4,0,0,USFS,Gifford Pinchot NF,,,,,Open,Open,,,1. Dec. 2010,31. Dec. 2099,TRUE,1899,12,30,,
W7W/LC-079,WA-Lower Columbia,4100 Circuitboard Mtn,1250,4100,45.8587,-122.0873,4,0,4,,,,,,,,,,,1. Dec. 2010,31. Dec. 2099,TRUE,2020,6,13,2020-06-13,K7AHR
W7W/LC-080,WA-Lower Columbia,4020 Break In Pk,1225,4020,46.132,-122.2875,4,0,16,,,,,,,,,,,1. Dec. 2010,31. Dec. 2099,TRUE,2020,6,25,2020-06-25,N0SLA
W7W/LC-081,WA-Lower Columbia,Haystack Butte,1225,4020,46.0841,-121.6138,4,0,6,,,,,,,,,,,1. Dec. 2010,31. Dec. 2099,TRUE,2021,10,2,2021-10-02,K7WXW
W7W/LC-082,WA-Lower Columbia,Wo-Mann Butte,1213,3980,45.9241,-121.6609,4,0,2,,,,,,,,,,,1. Dec. 2010,31. Dec. 2099,TRUE,2021,7,31,2021-07-31,K7DAL
W7W/LC-083,WA-Lower Columbia,Mount Mitchell,1213,3980,46.0309,-122.1932,4,0,5,,,,,,,,,,,1. Dec. 2010,31. Dec. 2099,TRUE,2021,5,31,2021-05-31,KJ7EHA
W7W/LC-084,WA-Lower Columbia,Termination Point,1213,3980,45.9921,-121.9627,4,0,11,,,,,,,,,,,1. Dec. 2010,31. Dec. 2099,TRUE,2019,9,22,2019-09-22,"WU7H,WW7D"
W7W/LC-085,WA-Lower Columbia,3977 Discriminator Pk,1212,3977,45.7609,-122.2226,4,0,22,,,,,,,,,,,1. Dec. 2010,31. Dec. 2099,TRUE,2012,9,15,2012-09-15,K7ATN
W7W/LC-086,WA-Lower Columbia,Mann Butte,1212,3976,45.9415,-121.6432,4,0,2,,,,,,,,,,,1. Dec. 2010,31. Dec. 2099,TRUE,2021,9,4,2021-09-04,K7WXW
W7W/LC-087,WA-Lower Columbia,3970 Contest Pk,1210,3970,46.0283,-122.1715,4,0,0,POPE RESOURCES,Swift Reservoir Permit Area,WA DNR,Mt. St. Helens Forest – Phase 1,,,Open/Restricted?,Permit (Free),,,1. Dec. 2010,31. Dec. 2099,TRUE,1899,12,30,,
W7W/LC-088,WA-Lower Columbia,McKinley Ridge,1206,3957,45.7919,-122.1702,4,0,19,,,,,,,,,,,1. Dec. 2010,31. Dec. 2099,TRUE,2012,9,15,2012-09-15,K7ATN
W7W/LC-089,WA-Lower Columbia,Saturday Rock,1201,3940,45.8512,-122.163,4,0,11,,,,,,,,,,,1. Dec. 2010,31. Dec. 2099,TRUE,2017,9,2,2017-09-02,KI7EMX
W7W/LC-090,WA-Lower Columbia,Lakeview Peak,1179,3868,46.0676,-122.4028,4,0,5,,,,,,,,,,,1. Dec. 2010,31. Dec. 2099,TRUE,2012,6,17,2012-06-17,"KK7DS,K7TAY"
W7W/LC-091,WA-Lower Columbia,3860 Mt Binary,1177,3860,46.1681,-122.4316,4,0,3,,,,,,,,,,,1. Dec. 2010,31. Dec. 2099,TRUE,2022,10,8,2022-10-08,K7WXW
W7W/LC-092,WA-Lower Columbia,3844 Aurora Mtn,1172,3844,46.1341,-122.2391,4,0,13,,,,,,,,,,,1. Dec. 2010,31. Dec. 2099,TRUE,2016,4,30,2016-04-30,NS0TA
W7W/LC-093,WA-Lower Columbia,Rock Point,1164,3820,45.9669,-121.9854,4,0,6,,,,,,,,,,,1. Dec. 2010,31. Dec. 2099,TRUE,2022,7,23,2022-07-23,K7WXW
W7W/LC-094,WA-Lower Columbia,Birkenfeld Mountain,1152,3780,45.7161,-122.0026,4,0,23,,,,,,,,,,,1. Dec. 2010,31. Dec. 2099,TRUE,2014,9,1,2014-09-01,"K7NIT,K7ATN,K7WIX,K7GEN"
W7W/LC-095,WA-Lower Columbia,Quartz Creek Butte,1134,3719,46.1981,-121.7929,4,0,1,,,,,,,,,,,1. Dec. 2010,31. Dec. 2099,TRUE,2021,10,3,2021-10-03,K7AHR
W7W/LC-096,WA-Lower Columbia,3685 Condenser Mtn,1123,3685,45.9006,-122.1385,4,0,2,,,,,,,,,,,1. Dec. 2010,31. Dec. 2099,TRUE,2024,8,18,2024-08-18,K7VKK
W7W/LC-097,WA-Lower Columbia,Augspurger Mountain,1118,3668,45.7532,-121.7098,4,0,14,,,,,,,,,,,1. Dec. 2010,31. Dec. 2099,TRUE,2012,4,7,2012-04-07,K7ATN
W7W/LC-098,WA-Lower Columbia,3660 Attenuator Pk,1116,3660,46.0081,-122.1497,4,0,0,WA DNR,Pacific Cascade Region:Yacolt District:Lewis River Unit,,,,,Open,Open,,,1. Dec. 2010,31. Dec. 2099,TRUE,1899,12,30,,
W7W/LC-099,WA-Lower Columbia,Butler Butte,1090,3576,46.126,-122.4934,4,0,2,,,,,,,,,,,1. Dec. 2010,31. Dec. 2099,TRUE,2022,10,1,2022-10-01,K7WXW
W7W/LC-100,WA-Lower Columbia,3566 Mt Diode,1087,3566,46.1844,-122.4705,4,0,3,,,,,,,,,,,1. Dec. 2010,31. Dec. 2099,TRUE,2022,10,8,2022-10-08,K7WXW
W7W/LC-101,WA-Lower Columbia,Three Corner Rock,1082,3550,45.7324,-122.0496,4,0,74,,,,,,,,,,,1. Dec. 2010,31. Dec. 2099,TRUE,2012,6,10,2012-06-10,"KK7DS,K7TAY"
W7W/LC-102,WA-Lower Columbia,3537 Coaxial Mtn,1078,3537,46.1193,-122.1622,4,0,4,,,,,,,,,,,1. Dec. 2010,31. Dec. 2099,TRUE,2012,10,6,2012-10-06,K7ATN
W7W/LC-103,WA-Lower Columbia,Larch Mountain,1067,3500,45.7166,-122.2959,4,0,122,,,,,,,,,,,1. Dec. 2010,31. Dec. 2099,TRUE,2012,4,22,2012-04-22,K7ATN
W7W/LC-104,WA-Lower Columbia,Greenleaf Peak,1043,3422,45.714,-121.9669,4,0,37,,,,,,,,,,,1. Dec. 2010,31. Dec. 2099,TRUE,2012,2,19,2012-02-19,"KK7DS,K7TAY"
W7W/LC-105,WA-Lower Columbia,3420 Mt Beacon,1042,3420,46.135,-122.3975,4,0,3,,,,,,,,,,,1. Dec. 2010,31. Dec. 2099,TRUE,2022,11,26,2022-11-26,K7WXW
W7W/LC-106,WA-Lower Columbia,Big Butte,1042,3420,45.8761,-121.9401,4,0,16,,,,,,,,,,,1. Dec. 2010,31. Dec. 2099,TRUE,2014,8,3,2014-08-03,"K7NIT,K7ATN"
W7W/LC-107,WA-Lower Columbia,Middle Butte,1042,3420,45.9217,-121.9292,4,0,17,,,,,,,,,,,1. Dec. 2010,31. Dec. 2099,TRUE,2014,6,28,2014-06-28,"K7ATN,K7GEN"
W7W/LC-108,WA-Lower Columbia,3387 Mt Astronaut,1032,3387,46.1066,-122.4615,4,0,2,,,,,,,,,,,1. Dec. 2010,31. Dec. 2099,TRUE,2022,10,1,2022-10-01,K7WXW
W7W/LC-109,WA-Lower Columbia,3321 Mt Digital,1012,3321,46.1427,-122.0617,4,0,1,,,,,,,,,,,1. Dec. 2010,31. Dec. 2099,TRUE,2022,7,24,2022-07-24,ND7Y
W7W/LC-110,WA-Lower Columbia,Signal Peak,1002,3286,46.2857,-122.5515,4,0,10,,,,,,,,,,,1. Dec. 2010,31. Dec. 2099,TRUE,2023,9,2,2023-09-02,K7AGL
W7W/LC-111,WA-Lower Columbia,Cooney Benchmark,992,3253,46.0021,-122.2657,2,0,1,WA DNR,Pacific Cascade Region:Yacolt District:Lewis River Unit,,,,,Open,Open,,,1. Dec. 2010,31. Dec. 2099,TRUE,2025,6,7,2025-06-07,KC7JNU
W7W/LC-112,WA-Lower Columbia,3217 Bandwidth Mtn,981,3217,46.0245,-122.4203,2,0,14,,,,,,,,,,,1. Dec. 2010,31. Dec. 2099,TRUE,2012,6,17,2012-06-17,"K7TAY,KK7DS"
W7W/LC-113,WA-Lower Columbia,3053 ARRL Summit,931,3053,46.3455,-122.4015,2,0,2,,,,,,,,,,,1. Dec. 2010,31. Dec. 2099,TRUE,2023,12,16,2023-12-16,K7WXW
W7W/LC-114,WA-Lower Columbia,3038 DiDahDit Mtn,926,3038,46.0852,-122.0899,2,0,0,POPE RESOURCES,Marble Mountain Permit Area,,,,,Permit,Permit (Free),,,1. Dec. 2010,31. Dec. 2099,TRUE,1899,12,30,,
W7W/LC-115,WA-Lower Columbia,3020 Clarifier Pk,920,3020,45.8814,-121.8649,2,0,9,,,,,,,,,,,1. Dec. 2010,31. Dec. 2099,TRUE,2020,10,17,2020-10-17,"K7ATN,K7IMA,K7FOP"
W7W/LC-116,WA-Lower Columbia,Wolf Point,913,2996,46.2118,-122.5801,2,0,2,,,,,,,,,,,1. Dec. 2010,31. Dec. 2099,TRUE,2023,8,26,2023-08-26,K7WXW
W7W/LC-117,WA-Lower Columbia,Green Knob,903,2964,45.9011,-122.2571,2,0,0,WEYERHAEUSER TIMBER HOLDINGS INC,Yacolt permit area,,,,,Permit,Permit (Paid),,,1. Dec. 2010,31. Dec. 2099,TRUE,1899,12,30,,
W7W/LC-118,WA-Lower Columbia,Davis Peak,901,2955,45.9933,-122.5966,2,0,37,,,,,,,,,,,1. Dec. 2010,31. Dec. 2099,TRUE,2012,11,3,2012-11-03,KG7O
W7W/LC-119,WA-Lower Columbia,Dog Mountain,899,2948,45.717,-121.701,2,0,42,,,,,,,,,,,1. Dec. 2010,31. Dec. 2099,TRUE,2012,2,11,2012-02-11,"KK7DS,K7TAY"
W7W/LC-120,WA-Lower Columbia,Trout Creek Hill,896,2940,45.8367,-121.9953,2,0,27,,,,,,,,,,,1. Dec. 2010,31. Dec. 2099,TRUE,2012,7,28,2012-07-28,"K7TAY,KK7DS"
W7W/LC-121,WA-Lower Columbia,Hauk Butte,884,2900,45.7787,-121.6788,2,0,3,,,,,,,,,,,1. Dec. 2010,31. Dec. 2099,TRUE,2021,2,7,2021-02-07,KJ7EHA
W7W/LC-122,WA-Lower Columbia,Jack Mountain,860,2820,45.8399,-122.2507,2,0,0,USFS,Gifford Pinchot NF,WEYERHAEUSER TIMBER HOLDINGS INC,Yacolt permit area,,,Permit/Open,Open,,,1. Dec. 2010,31. Dec. 2099,TRUE,1899,12,30,,
W7W/LC-123,WA-Lower Columbia,Underwood Mountain,840,2755,45.7459,-121.5811,2,0,6,,,,,,,,,,,1. Dec. 2010,31. Dec. 2099,TRUE,2020,12,28,2020-12-28,KJ7EHA
W7W/LC-124,WA-Lower Columbia,Georges Peak,835,2740,46.1024,-122.5497,2,0,2,,,,,,,,,,,1. Dec. 2010,31. Dec. 2099,TRUE,2023,9,2,2023-09-02,K7WXW
W7W/LC-125,WA-Lower Columbia,2700 Circuit Pk,823,2700,45.8404,-121.8927,2,0,2,,,,,,,,,,,1. Dec. 2010,31. Dec. 2099,TRUE,2023,2,11,2023-02-11,K7AGL
W7W/LC-126,WA-Lower Columbia,Shingle Mountain,823,2700,45.8084,-121.668,2,0,4,,,,,,,,,,,1. Dec. 2010,31. Dec. 2099,TRUE,2021,1,23,2021-01-23,KJ7EHA
W7W/LC-127,WA-Lower Columbia,Baird Mountain,821,2692,46.1922,-122.6181,2,0,2,,,,,,,,,,,1. Dec. 2010,31. Dec. 2099,TRUE,2023,8,26,2023-08-26,K7WXW
W7W/LC-128,WA-Lower Columbia,2643 Bandplan Pk,806,2643,46.3258,-123.1774,2,0,0,SIERRA PACIFIC LAND/TIMBER COMPANY,,,,,,Open,Open,,,1. Dec. 2010,31. Dec. 2099,TRUE,1899,12,30,,
W7W/LC-129,WA-Lower Columbia,Abernathy Mountain,799,2620,46.3355,-123.0964,2,0,0,WEYERHAEUSER TIMBER HOLDINGS INC,,,,,,Permit,Permit (Paid),,,1. Dec. 2010,31. Dec. 2099,TRUE,1899,12,30,,
W7W/LC-130,WA-Lower Columbia,Goble Mountain,794,2604,46.1223,-122.6772,2,0,2,,,,,,,,,,,1. Dec. 2010,31. Dec. 2099,TRUE,2023,9,2,2023-09-02,K7WXW
W7W/LC-131,WA-Lower Columbia,Nineteen Mountain,774,2540,46.1304,-122.6205,2,0,3,,,,,,,,,,,1. Dec. 2010,31. Dec. 2099,TRUE,2023,1,7,2023-01-07,K7WXW
W7W/LC-132,WA-Lower Columbia,Baldy Mountain,762,2500,46.0928,-122.6979,2,0,2,,,,,,,,,,,1. Dec. 2010,31. Dec. 2099,TRUE,2023,9,2,2023-09-02,K7WXW
W7W/LC-133,WA-Lower Columbia,2466 Amplifier Pk,752,2466,46.1111,-122.3831,2,0,3,,,,,,,,,,,1. Dec. 2010,31. Dec. 2099,TRUE,2022,11,26,2022-11-26,K7WXW
W7W/LC-134,WA-Lower Columbia,Bunker Hill,738,2420,45.818,-121.9316,2,0,26,,,,,,,,,,,1. Dec. 2010,31. Dec. 2099,TRUE,2012,5,6,2012-05-06,KK7DS
W7W/LC-135,WA-Lower Columbia,Pilot Knob,689,2260,45.8015,-121.8857,2,0,6,,,,,,,,,,,1. Dec. 2010,31. Dec. 2099,TRUE,2022,7,2,2022-07-02,NR7Y
W7W/LC-136,WA-Lower Columbia,Bells Mountain,678,2223,45.8136,-122.3917,2,0,93,,,,,,,,,,,1. Dec. 2010,31. Dec. 2099,TRUE,2012,12,24,2012-12-24,K7ATN
W7W/LC-137,WA-Lower Columbia,2220 Mt Dial,677,2220,46.3345,-123.3407,2,0,0,THE CONSERVATION FUND,,,,,,Unstated,Unstated,,,1. Dec. 2010,31. Dec. 2099,TRUE,1899,12,30,,
W7W/LC-138,WA-Lower Columbia,Meridian Mountain,664,2180,46.2101,-122.7368,2,0,2,,,,,,,,,,,1. Dec. 2010,31. Dec. 2099,TRUE,2023,8,26,2023-08-26,K7WXW
W7W/LC-139,WA-Lower Columbia,Bobs Mountain,643,2110,45.6512,-122.1845,2,0,28,,,,,,,,,,,1. Dec. 2010,31. Dec. 2099,TRUE,2012,12,1,2012-12-01,"K7ATN,KG7O"
W7W/LC-140,WA-Lower Columbia,Green Mountain,628,2062,45.9608,-122.4542,2,0,5,,,,,,,,,,,1. Dec. 2010,31. Dec. 2099,TRUE,2013,3,23,2013-03-23,KG7O
W7W/LC-141,WA-Lower Columbia,2060 Capacitance Pk,628,2060,46.1855,-122.6523,2,0,2,,,,,,,,,,,1. Dec. 2010,31. Dec. 2099,TRUE,2023,8,26,2023-08-26,K7WXW
W7W/LC-142,WA-Lower Columbia,North Green Mountain,619,2030,46.0146,-122.7733,2,0,28,,,,,,,,,,,1. Dec. 2010,31. Dec. 2099,TRUE,2012,12,8,2012-12-08,K7ATN
W7W/LC-143,WA-Lower Columbia,Tumtum Mountain,611,2004,45.9342,-122.3369,2,0,2,,,,,,,,,,,1. Dec. 2010,31. Dec. 2099,TRUE,2013,3,9,2013-03-09,KG7O
W7W/LC-144,WA-Lower Columbia,Smith Mountain,600,1967,46.1524,-122.74,2,0,3,,,,,,,,,,,1. Dec. 2010,31. Dec. 2099,TRUE,2023,1,7,2023-01-07,K7WXW
W7W/LC-145,WA-Lower Columbia,Grays River Divide,591,1940,46.37,-123.4709,2,0,1,,,,,,,,,,,1. Dec. 2010,31. Dec. 2099,TRUE,2024,8,19,2024-08-19,AK7U
W7W/LC-146,WA-Lower Columbia,Wind Mountain,581,1907,45.7098,-121.7557,2,0,111,,,,,,,,,,,1. Dec. 2010,31. Dec. 2099,TRUE,2012,4,14,2012-04-14,K7ATN
W7W/LC-147,WA-Lower Columbia,Crown Point,555,1820,46.2805,-123.348,2,0,0,"ALCO HOLDINGS, LLC",,,,,,Unstated,Unstated,,,1. Dec. 2010,31. Dec. 2099,TRUE,1899,12,30,,
W7W/LC-148,WA-Lower Columbia,Yacolt Mountain,546,1790,45.8607,-122.4526,2,0,3,,,,,,,,,,,1. Dec. 2010,31. Dec. 2099,TRUE,2013,4,20,2013-04-20,"KG7O,K7ATN"
W7W/LC-149,WA-Lower Columbia,1660 Bandpass Mtn,506,1660,46.362,-123.0141,2,0,0,SIERRA PACIFIC LAND/TIMBER COMPANY,,,,,,Open,Open,,,1. Dec. 2010,31. Dec. 2099,TRUE,1899,12,30,,
W7W/LC-150,WA-Lower Columbia,1660 Amateur Radio Pk,506,1660,46.0126,-122.3664,2,0,0,WA DNR,Pacific Cascade Region:Yacolt District:Lewis River Unit,,,,,Open,Open,,,1. Dec. 2010,31. Dec. 2099,TRUE,1899,12,30,,
W7W/LC-151,WA-Lower Columbia,Bald Mountain,473,1552,45.9192,-122.5731,1,0,0,BIGHORN TIMBER LP,,,,,,Unstated,Unstated,,,1. Dec. 2010,31. Dec. 2099,TRUE,1899,12,30,,
W7W/LC-152,WA-Lower Columbia,1510 Deviation Mtn,460,1510,46.1795,-123.3166,1,0,1,,,,,,,,,,,1. Dec. 2010,31. Dec. 2099,TRUE,2019,4,25,2019-04-25,K9WBZ
W7W/LC-153,WA-Lower Columbia,Elk Mountain,459,1505,46.3278,-123.5509,1,0,1,WA DNR,Pacific Cascade Region: St. Helens District: Stella Unit,"HAMPTON TIMBER, LLC",Pacific and Wahkiakum counties,,,Open/Open,Open,,,1. Dec. 2010,31. Dec. 2099,TRUE,2025,6,29,2025-06-29,NN7O
W7W/LC-154,WA-Lower Columbia,Biddle Butte,445,1460,45.5805,-122.208,1,0,4,,,,,,,,,,,1. Dec. 2010,31. Dec. 2099,TRUE,2021,12,3,2021-12-03,N7LF
W7W/LC-155,WA-Lower Columbia,Speelyai Ridge,420,1378,45.9848,-122.3957,1,0,0,PACIFIC POWER/LIGHT CO,Merwin Reservoir,PARSON WASHINGTON PROPERTIES LLC,,,,Unstated/Restricted,Permit (Paid)?,,,1. Dec. 2010,31. Dec. 2099,TRUE,1899,12,30,,
W7W/LC-156,WA-Lower Columbia,1340 Callsign Hill,408,1340,45.9806,-122.3395,1,0,2,,,,,,,,,,,1. Dec. 2010,31. Dec. 2099,TRUE,2019,3,17,2019-03-17,K9WBZ
W7W/LC-157,WA-Lower Columbia,Altoona Hill,373,1225,46.2769,-123.6302,1,0,0,WEYERHAEUSER TIMBER HOLDINGS INC,,,,,,Permit,Permit (Paid),,,1. Dec. 2010,31. Dec. 2099,TRUE,1899,12,30,,
W7W/LC-158,WA-Lower Columbia,1140 Backscatter Hill,347,1140,45.9408,-122.3669,1,0,0,HAZEN RODNEY D,,,,,,Restricted,Unstated,,,1. Dec. 2010,31. Dec. 2099,TRUE,1899,12,30,,
W7W/LC-159,WA-Lower Columbia,Hogans Hill,335,1100,46.2763,-123.4311,1,0,0,WEYERHAEUSER TIMBER HOLDINGS INC,,,,,,Permit,Permit (Paid),,,1. Dec. 2010,31. Dec. 2099,TRUE,1899,12,30,,
W7W/LC-160,WA-Lower Columbia,Lutes Mountain,335,1100,46.2814,-123.4884,1,0,0,HAWAII ERS TIMBERLAND LLC,,,,,,Unstated,Unstated,,Maybe managed by Hancock?,1. Dec. 2010,31. Dec. 2099,TRUE,1899,12,30,,
W7W/LC-161,WA-Lower Columbia,1030 Activator Hill,314,1030,46.1241,-122.858,1,0,0,WEYERHAEUSER TIMBER HOLDINGS INC,,,,,,Permit,Permit (Paid),,,1. Dec. 2010,31. Dec. 2099,TRUE,1899,12,30,,
W7W/LC-162,WA-Lower Columbia,Wilkes Hills,265,870,46.3496,-122.8854,1,0,2,,,,,,,,,,,1. Dec. 2010,31. Dec. 2099,TRUE,2023,9,2,2023-09-02,K7AGL
W7W/LC-163,WA-Lower Columbia,Beacon Rock,262,860,45.6277,-122.0208,1,0,57,,,,,,,,,,,1. Dec. 2010,31. Dec. 2099,TRUE,2012,1,13,2012-01-13,WA7NYI
W7W/LC-164,WA-Lower Columbia,Prune Hill,233,765,45.5884,-122.4386,1,0,137,,,,,,,,,,,1. Dec. 2010,31. Dec. 2099,TRUE,2012,1,13,2012-01-13,WA7NYI
W7W/LC-165,WA-Lower Columbia,Mount Solo,174,570,46.1523,-122.996,1,0,0,CASEY ROBERT C/SUZANNA M,,,,,,Restricted,Unstated,,,1. Dec. 2010,31. Dec. 2099,TRUE,1899,12,30,,
W7W/LC-166,WA-Lower Columbia,Sawtooth Mountain,1632,5353,46.07,-121.7717,6,3,7,,,,,,,,,,,1. Dec. 2016,31. Dec. 2099,TRUE,2020,8,22,2020-08-22,"K7IMA,K7ATN"
W7W/LC-167,WA-Lower Columbia,3127,953,3127,46.1873,-121.7658,2,0,0,USFS,Gifford Pinchot NF,,,,,Open,Open,,,1. Dec. 2016,31. Dec. 2099,TRUE,1899,12,30,,
W7W/LC-168,WA-Lower Columbia,1980,604,1980,45.9641,-122.2899,2,0,5,WA DNR,Pacific Cascade Region:Yacolt District:Lewis River Unit,,,,,Open,Open,,,1. Dec. 2016,31. Dec. 2099,TRUE,2025,4,10,2025-04-10,WJ7V
W7W/LC-169,WA-Lower Columbia,1478,450,1478,45.9537,-122.3268,1,0,0,WEYERHAEUSER TIMBER HOLDINGS INC,,,,,,Permit,Permit (Paid),,,1. Dec. 2016,31. Dec. 2099,TRUE,1899,12,30,,
W7W/MC-001,WA-Middle Columbia,Mount Adams,3742,12276,46.2025,-121.4906,10,3,29,,,,,,,,,,,1. Dec. 2010,31. Dec. 2099,TRUE,2012,7,21,2012-07-21,W7/HG1DUL
W7W/MC-002,WA-Middle Columbia,Tieton Peak,2368,7768,46.5119,-121.3947,8,3,2,,,,,,,,,,,1. Dec. 2010,31. Dec. 2099,TRUE,2024,7,15,2024-07-15,"WE7CAT,KL0NP"
W7W/MC-003,WA-Middle Columbia,Mount Aix,2367,7766,46.7951,-121.2558,8,3,2,,,,,,,,,,,1. Dec. 2010,31. Dec. 2099,TRUE,2012,8,4,2012-08-04,W7/HG1DUL
W7W/MC-004,WA-Middle Columbia,Bismarck Peak,2312,7585,46.7656,-121.2739,8,3,1,,,,,,,,,,,1. Dec. 2010,31. Dec. 2099,TRUE,2022,7,14,2022-07-14,AF7GL
W7W/MC-005,WA-Middle Columbia,Goat Butte,2281,7484,46.2078,-121.4259,8,3,0,Yakama Nation,Tract D recreation area,,,,,Restricted,Open (seasonal),,,1. Dec. 2010,31. Dec. 2099,TRUE,1899,12,30,,
W7W/MC-006,WA-Middle Columbia,Bear Creek Mountain,2236,7337,46.5278,-121.3449,8,3,7,,,,,,,,,,,1. Dec. 2010,31. Dec. 2099,TRUE,2012,8,25,2012-08-25,KF7GTC
W7W/MC-007,WA-Middle Columbia,Nelson Butte,2188,7180,46.8236,-121.205,8,3,0,USFS,Wenatchee NF,,,,,Open,Open,,,1. Dec. 2010,31. Dec. 2099,TRUE,1899,12,30,,
W7W/MC-008,WA-Middle Columbia,7146 West Nelson Butte,2178,7146,46.8184,-121.2327,8,3,1,,,,,,,,,,,1. Dec. 2010,31. Dec. 2099,TRUE,2012,6,27,2012-06-27,W7/HG1DUL
W7W/MC-009,WA-Middle Columbia,Buffalo Hump,2128,6980,46.8533,-121.2373,8,3,1,,,,,,,,,,,1. Dec. 2010,31. Dec. 2099,TRUE,2022,10,1,2022-10-01,AF7GL
W7W/MC-010,WA-Middle Columbia,Darland Mountain,2128,6981,46.5138,-121.2099,8,3,13,,,,,,,,,,,1. Dec. 2010,31. Dec. 2099,TRUE,2011,8,22,2011-08-22,AD7FC
W7W/MC-011,WA-Middle Columbia,American Ridge,2128,6980,46.8746,-121.3747,8,3,0,USFS,Wenatchee NF,,,,,Open,Open,,,1. Dec. 2010,31. Dec. 2099,TRUE,1899,12,30,,
W7W/MC-012,WA-Middle Columbia,West Fifes Ridge,2115,6940,46.982,-121.3373,8,3,1,,,,,,,,,,,1. Dec. 2010,31. Dec. 2099,TRUE,2022,8,21,2022-08-21,AF7GL
W7W/MC-013,WA-Middle Columbia,6935 Kettle Point,2114,6935,46.891,-121.3631,8,3,0,USFS,Wenatchee NF,,,,,Open,Open,,,1. Dec. 2010,31. Dec. 2099,TRUE,1899,12,30,,
W7W/MC-014,WA-Middle Columbia,Divide Ridge,2103,6900,46.5581,-121.1622,8,3,3,,,,,,,,,,,1. Dec. 2010,31. Dec. 2099,TRUE,2022,9,4,2022-09-04,AF7GL
W7W/MC-015,WA-Middle Columbia,North Rattlesnake Peaks,2088,6850,46.7522,-121.2487,8,3,0,USFS,Wenatchee NF,,,,,Open,Open,,,1. Dec. 2010,31. Dec. 2099,TRUE,1899,12,30,,
W7W/MC-016,WA-Middle Columbia,Shellrock Peak,2083,6835,46.7091,-121.2327,8,3,3,,,,,,,,,,,1. Dec. 2010,31. Dec. 2099,TRUE,2022,7,2,2022-07-02,AF7GL
W7W/MC-017,WA-Middle Columbia,Signal Mtn,2043,6703,46.98,-121.44,8,3,0,USFS,Wenatchee NF,,,,,Open,Open,,,1. Dec. 2010,30. Nov. 2016,FALSE,1899,12,30,,
W7W/MC-018,WA-Middle Columbia,Spencer Point,2042,6700,46.455,-121.3186,8,3,0,USFS,Wenatchee NF,Yakama Nation,Reservation,,,Open,Open,,,1. Dec. 2010,31. Dec. 2099,TRUE,1899,12,30,,
W7W/MC-019,WA-Middle Columbia,McNeil Peak,2029,6658,46.6978,-121.2747,8,3,1,,,,,,,,,,,1. Dec. 2010,31. Dec. 2099,TRUE,2021,7,3,2021-07-03,AF7GL
W7W/MC-020,WA-Middle Columbia,6624 Mt Logbook,2019,6624,46.8043,-121.4371,8,3,0,USFS,Wenatchee NF,,,,,Open,Open,,,1. Dec. 2010,31. Dec. 2099,TRUE,1899,12,30,,
W7W/MC-021,WA-Middle Columbia,Old Scab Mountain,2014,6608,46.8941,-121.2165,8,3,5,,,,,,,,,,,1. Dec. 2010,31. Dec. 2099,TRUE,2012,7,15,2012-07-15,W7/HG1DUL
W7W/MC-022,WA-Middle Columbia,Dome Peak,2009,6591,46.5761,-121.1094,8,3,1,,,,,,,,,,,1. Dec. 2010,31. Dec. 2099,TRUE,2023,8,26,2023-08-26,AF7GL
W7W/MC-023,WA-Middle Columbia,Tahtlum Peak,2002,6567,46.8644,-121.4774,8,3,27,,,,,,,,,,,1. Dec. 2010,31. Dec. 2099,TRUE,2014,9,14,2014-09-14,KR7W
W7W/MC-024,WA-Middle Columbia,East Fifes Ridge,1993,6540,46.996,-121.2848,6,3,5,,,,,,,,,,,1. Dec. 2010,31. Dec. 2099,TRUE,2018,9,1,2018-09-01,"WW7D,WU7H"
W7W/MC-025,WA-Middle Columbia,Burnt Mountain,1992,6536,46.7078,-121.1962,6,3,13,,,,,,,,,,,1. Dec. 2010,31. Dec. 2099,TRUE,2011,9,10,2011-09-10,AD7FC
W7W/MC-026,WA-Middle Columbia,Goat Peak,1973,6473,46.9395,-121.265,6,3,6,,,,,,,,,,,1. Dec. 2010,31. Dec. 2099,TRUE,2013,10,13,2013-10-13,KR7W
W7W/MC-027,WA-Middle Columbia,Ironstone Mountain,1963,6441,46.6833,-121.2504,6,3,2,,,,,,,,,,,1. Dec. 2010,31. Dec. 2099,TRUE,2023,7,11,2023-07-11,AF7GL
W7W/MC-028,WA-Middle Columbia,Nile Ridge,1961,6435,46.8766,-121.2022,6,3,6,,,,,,,,,,,1. Dec. 2010,31. Dec. 2099,TRUE,2012,7,15,2012-07-15,W7/HG1DUL
W7W/MC-029,WA-Middle Columbia,Arnesons Peak,1957,6420,46.7201,-121.2934,6,3,1,USFS,Wenatchee NF,,,,,Open,Open,,,1. Dec. 2010,31. Dec. 2099,TRUE,2025,7,5,2025-07-05,WE7CAT
W7W/MC-030,WA-Middle Columbia,Timberwolf Mountain,1948,6391,46.7658,-121.1453,6,3,17,,,,,,,,,,,1. Dec. 2010,31. Dec. 2099,TRUE,2011,7,24,2011-07-24,AD7FC
W7W/MC-031,WA-Middle Columbia,6373 Brass Pounder Mtn,1942,6373,46.99,-121.41,6,3,0,USFS,Wenatchee NF,,,,,Open,Open,,,1. Dec. 2010,30. Nov. 2016,FALSE,1899,12,30,,
W7W/MC-032,WA-Middle Columbia,Pear Butte,1942,6372,46.7461,-121.3211,6,3,1,USFS,Wenatchee NF,,,,,Open,Open,,,1. Dec. 2010,31. Dec. 2099,TRUE,2025,7,5,2025-07-05,WE7CAT
W7W/MC-033,WA-Middle Columbia,6340 American Ridge #5,1932,6340,46.9096,-121.3088,6,3,1,,,,,,,,,,,1. Dec. 2010,31. Dec. 2099,TRUE,2022,10,8,2022-10-08,AF7GL
W7W/MC-034,WA-Middle Columbia,Tumac Mountain,1932,6340,46.7122,-121.3526,6,3,1,USFS,Wenatchee NF,USFS,Gifford Pinchot NF,,,Open,Open,,,1. Dec. 2010,31. Dec. 2099,TRUE,2025,7,6,2025-07-06,WE7CAT
W7W/MC-035,WA-Middle Columbia,6300 Tower Mtn,1920,6300,46.9613,-121.3625,6,3,3,,,,,,,,,,,1. Dec. 2010,31. Dec. 2099,TRUE,2024,8,19,2024-08-19,"AC7MA,WW7D,K7JRO"
W7W/MC-036,WA-Middle Columbia,Bethel Ridge,1916,6285,46.7177,-121.1142,6,3,18,,,,,,,,,,,1. Dec. 2010,31. Dec. 2099,TRUE,2011,8,14,2011-08-14,AD7FC
W7W/MC-037,WA-Middle Columbia,Crag Mountain,1892,6208,46.7791,-121.4241,6,3,0,USFS,Wenatchee NF,,,,,Open,Open,,,1. Dec. 2010,31. Dec. 2099,TRUE,1899,12,30,,
W7W/MC-038,WA-Middle Columbia,Raven Roost,1884,6180,47.0265,-121.3376,6,3,11,,,,,,,,,,,1. Dec. 2010,31. Dec. 2099,TRUE,2018,9,1,2018-09-01,"WU7H,WW7D"
W7W/MC-039,WA-Middle Columbia,6162 American Ridge #1,1878,6162,46.8455,-121.4328,6,3,1,,,,,,,,,,,1. Dec. 2010,31. Dec. 2099,TRUE,2021,9,25,2021-09-25,AF7GL
W7W/MC-040,WA-Middle Columbia,Miners Ridge,1859,6100,46.809,-121.3544,6,3,1,,,,,,,,,,,1. Dec. 2010,31. Dec. 2099,TRUE,2014,9,7,2014-09-07,AF7GL
W7W/MC-041,WA-Middle Columbia,Round Mountain,1820,5970,46.6342,-121.3309,6,3,3,,,,,,,,,,,1. Dec. 2010,31. Dec. 2099,TRUE,2014,8,8,2014-08-08,K7ATN
W7W/MC-042,WA-Middle Columbia,Spiral Butte,1811,5940,46.6651,-121.3512,6,3,0,USFS,Wenatchee NF,,,,,Open,Open,,,1. Dec. 2010,31. Dec. 2099,TRUE,1899,12,30,,
W7W/MC-043,WA-Middle Columbia,5934 Radio Mtn,1809,5934,46.7581,-121.3942,6,3,0,USFS,Wenatchee NF,,,,,Open,Open,,,1. Dec. 2010,31. Dec. 2099,TRUE,1899,12,30,,
W7W/MC-044,WA-Middle Columbia,5900 Packet Pk,1798,5900,46.39,-121.46,6,3,0,USFS,Gifford Pinchot NF,Yakama Nation,Reservation,,,Open/Restricted,Open,,,1. Dec. 2010,30. Nov. 2016,FALSE,1899,12,30,,
W7W/MC-045,WA-Middle Columbia,Indian Rock,1786,5860,45.9938,-120.8232,6,3,1,,,,,,,,,,,1. Dec. 2010,31. Dec. 2099,TRUE,2024,7,4,2024-07-04,NS0TA
W7W/MC-046,WA-Middle Columbia,5810 Callsign Pk,1771,5810,46.8014,-121.338,6,3,0,USFS,Wenatchee NF,,,,,Open,Open,,,1. Dec. 2010,31. Dec. 2099,TRUE,1899,12,30,,
W7W/MC-047,WA-Middle Columbia,Jumpoff Lookout Peak,1762,5780,46.6382,-121.0301,6,3,9,,,,,,,,,,,1. Dec. 2010,31. Dec. 2099,TRUE,2015,8,22,2015-08-22,KF7PXT
W7W/MC-048,WA-Middle Columbia,5780 Repeater Mtn,1762,5780,46.7389,-121.3375,6,3,1,USFS,Wenatchee NF,,,,,Open,Open,,,1. Dec. 2010,31. Dec. 2099,TRUE,2025,7,4,2025-07-04,WE7CAT
W7W/MC-049,WA-Middle Columbia,5335 RTTY Pk,1687,5535,46.56,-121.41,6,3,0,USFS,Gifford Pinchot NF,USFS,Wenatchee NF,,,Open,Open,,,1. Dec. 2010,30. Nov. 2016,FALSE,1899,12,30,,
W7W/MC-050,WA-Middle Columbia,Cleman Mountain,1559,5115,46.8236,-120.8577,6,3,13,,,,,,,,,,,1. Dec. 2010,31. Dec. 2099,TRUE,2017,8,4,2017-08-04,K7ASQ
W7W/MC-051,WA-Middle Columbia,Simcoe Butte,1462,4798,46.0006,-120.7042,4,0,1,Yakama Nation,Reservation,WESTERN PACIFIC TIMBER LLC,,,,Restricted/Restricted,Restricted,,,1. Dec. 2010,31. Dec. 2099,TRUE,2025,4,9,2025-04-09,K3OG
W7W/MC-052,WA-Middle Columbia,Lone Pine Butte,1439,4720,45.99,-120.5593,4,0,0,,,,,,,,,,,1. Dec. 2010,31. Dec. 2099,TRUE,1899,12,30,,
W7W/MC-053,WA-Middle Columbia,Goose Egg Mountain,1392,4566,46.652,-121.1138,4,0,0,USFS,Wenatchee NF,,,,,Open,Open,,,1. Dec. 2010,31. Dec. 2099,TRUE,1899,12,30,,
W7W/MC-054,WA-Middle Columbia,Kloochman Rock,1381,4532,46.6308,-121.0922,4,0,0,USFS,Wenatchee NF,,,,,Open,Open,,,1. Dec. 2010,31. Dec. 2099,TRUE,1899,12,30,,
W7W/MC-055,WA-Middle Columbia,4500 Relay Point,1372,4500,46.6613,-121.1432,4,0,1,,,,,,,,,,,1. Dec. 2010,31. Dec. 2099,TRUE,2024,6,16,2024-06-16,AF7GL
W7W/MC-056,WA-Middle Columbia,4420 Monte Cristo Range High Point,1347,4420,45.9246,-121.5903,4,0,23,,,,,,,,,,,1. Dec. 2010,31. Dec. 2099,TRUE,2018,11,4,2018-11-04,"K7FOP,K7ATN"
W7W/MC-057,WA-Middle Columbia,Pine Mountain,1311,4300,46.5856,-120.9025,4,0,0,Pine Mountain Ranch,,,,,,Permit,Permit (Paid),,,1. Dec. 2010,31. Dec. 2099,TRUE,1899,12,30,,
W7W/MC-058,WA-Middle Columbia,Rattler Benchmark,1287,4224,46.8661,-120.6635,4,0,25,,,,,,,,,,,1. Dec. 2010,31. Dec. 2099,TRUE,2011,10,1,2011-10-01,AD7FC
W7W/MC-059,WA-Middle Columbia,4140 Mt Insulator,1262,4140,45.92,-121.6,4,0,0,USFS,Gifford Pinchot NF,,,,,Open,Open,,,1. Dec. 2010,30. Nov. 2016,FALSE,1899,12,30,,
W7W/MC-060,WA-Middle Columbia,4128 Fancy Peak,1258,4128,46.6322,-121.1886,4,0,0,USFS,Wenatchee NF,,,,,Open,Open,,,1. Dec. 2010,31. Dec. 2099,TRUE,1899,12,30,,
W7W/MC-061,WA-Middle Columbia,Monte Carlo,1237,4060,45.872,-121.5712,4,0,28,,,,,,,,,,,1. Dec. 2010,31. Dec. 2099,TRUE,2012,10,13,2012-10-13,"AE7LD,K7TAY"
W7W/MC-062,WA-Middle Columbia,Grayback Mountain,1158,3799,45.9914,-121.0796,4,0,1,,,,,,,,,,,1. Dec. 2010,31. Dec. 2099,TRUE,2021,11,22,2021-11-22,N7LF
W7W/MC-063,WA-Middle Columbia,Stacker Butte,981,3220,45.7133,-121.1018,2,0,34,,,,,,,,,,,1. Dec. 2010,31. Dec. 2099,TRUE,2013,5,5,2013-05-05,AE7LD
W7W/MC-064,WA-Middle Columbia,Rattlesnake Hills West,977,3206,46.4895,-119.9825,2,0,0,J2 LAND & CATTLE LLC,,,,,,Unstated,Unstated,,,1. Dec. 2010,31. Dec. 2099,TRUE,1899,12,30,,
W7W/MC-065,WA-Middle Columbia,Maryhill Benchmark,954,3129,45.7403,-120.7305,2,0,1,,,,,,,,,,,1. Dec. 2010,31. Dec. 2099,TRUE,2023,5,15,2023-05-15,N7LF
W7W/MC-066,WA-Middle Columbia,Black Butte,936,3072,45.9354,-120.9467,2,0,0,CHERRY HILL LLC,,,,,,Unstated,Unstated,,,1. Dec. 2010,31. Dec. 2099,TRUE,1899,12,30,,
W7W/MC-067,WA-Middle Columbia,3056 Standoff Mtn,931,3056,45.9869,-121.1982,2,0,0,DGS TIMBER LLC,,JOHN HANCOCK LIFE INSURANCE CO #52,,,,Open/Permit,Open,,,1. Dec. 2010,31. Dec. 2099,TRUE,1899,12,30,,
W7W/MC-068,WA-Middle Columbia,3042 Ginpole Pk,927,3042,45.9116,-121.3451,2,0,0,WA DNR,SE Region:Klickitat District,,,,,Open,Open,,,1. Dec. 2010,31. Dec. 2099,TRUE,1899,12,30,,
W7W/MC-069,WA-Middle Columbia,Selah Butte,922,3024,46.7355,-120.4296,2,0,19,,,,,,,,,,,1. Dec. 2010,31. Dec. 2099,TRUE,2011,7,30,2011-07-30,AD7FC
W7W/MC-070,WA-Middle Columbia,Haystack Butte,905,2969,45.6811,-120.9086,2,0,4,,,,,,,,,,,1. Dec. 2010,31. Dec. 2099,TRUE,2021,9,29,2021-09-29,WB7VTY
W7W/MC-071,WA-Middle Columbia,2925 Centerfed Mtn,892,2925,45.9126,-121.4317,2,0,0,LUPINE COLUMBIA HOLDINGS LLC,Gilmer area,SIX S COMPANY,,,,Open?/Unstated,Restricted,,,1. Dec. 2010,31. Dec. 2099,TRUE,1899,12,30,,
W7W/MC-072,WA-Middle Columbia,2791 Transmit Pk,851,2791,45.8067,-121.319,2,0,11,,,,,,,,,,,1. Dec. 2010,31. Dec. 2099,TRUE,2021,1,3,2021-01-03,"K7ATN,K7IMA,K7FOP"
W7W/MC-073,WA-Middle Columbia,Goodnoe Benchmark,822,2697,45.7834,-120.5372,2,0,9,,,,,,,,,,,1. Dec. 2010,31. Dec. 2099,TRUE,2019,8,13,2019-08-13,NR5W
W7W/MC-074,WA-Middle Columbia,2650 Mt Crystal,808,2650,45.8194,-121.4132,2,0,8,,,,,,,,,,,1. Dec. 2010,31. Dec. 2099,TRUE,2022,2,24,2022-02-24,WJ7WJ
W7W/MC-075,WA-Middle Columbia,Baldy Peak,786,2580,45.8302,-121.5318,2,0,7,,,,,,,,,,,1. Dec. 2010,31. Dec. 2099,TRUE,2023,2,11,2023-02-11,K7AGL
W7W/MC-076,WA-Middle Columbia,Elephant Mountain,668,2192,46.5221,-120.3346,2,0,9,,,,,,,,,,,1. Dec. 2010,31. Dec. 2099,TRUE,2013,8,28,2013-08-28,K7ATN
W7W/MC-077,WA-Middle Columbia,2008 Mt Propagation,612,2008,46.5172,-120.4016,2,0,1,,,,,,,,,,,1. Dec. 2010,31. Dec. 2099,TRUE,2020,11,28,2020-11-28,WX7EMT
W7W/MC-078,WA-Middle Columbia,Snipes Mountain,397,1301,46.3114,-120.09,1,0,1,,,,,,,,,,,1. Dec. 2010,31. Dec. 2099,TRUE,2013,8,7,2013-08-07,K7ATN
W7W/MC-079,WA-Middle Columbia,Gilbert Peak,2494,8184,46.4885,-121.4079,8,3,3,,,,,,,,,,,1. Dec. 2016,31. Dec. 2099,TRUE,2020,6,17,2020-06-17,"WE7CAT,K3EXO,KL0NP"
W7W/MC-080,WA-Middle Columbia,7292Nelson Ridge-Northeast Peak,2223,7292,46.8369,-121.2563,8,3,1,,,,,,,,,,,1. Dec. 2016,31. Dec. 2099,TRUE,2022,8,14,2022-08-14,AF7GL
W7W/MC-081,WA-Middle Columbia,Jennies Butte,1957,6420,46.394,-121.3106,6,3,0,Yakama Nation,Reservation,,,,,Restricted,Restricted,,,1. Dec. 2016,31. Dec. 2099,TRUE,1899,12,30,,
W7W/MC-082,WA-Middle Columbia,6402,1951,6402,46.446,-121.4106,6,3,0,USFS,Gifford Pinchot NF,Yakama Nation,Reservation,,,Open/Restricted,Open,,,1. Dec. 2016,31. Dec. 2099,TRUE,1899,12,30,,
W7W/MC-083,WA-Middle Columbia,6349,1935,6349,46.4061,-121.374,6,3,0,Yakama Nation,Reservation,,,,,Restricted,Restricted,,,1. Dec. 2016,31. Dec. 2099,TRUE,1899,12,30,,
W7W/MC-084,WA-Middle Columbia,American Ridge 2,1912,6272,46.8632,-121.4155,6,3,0,USFS,Wenatchee NF,,,,,Open,Open,,,1. Dec. 2016,31. Dec. 2099,TRUE,1899,12,30,,
W7W/MC-085,WA-Middle Columbia,6197American Ridge #6,1889,6197,46.9279,-121.2853,6,3,1,,,,,,,,,,,1. Dec. 2016,31. Dec. 2099,TRUE,2022,10,8,2022-10-08,AF7GL
W7W/MC-086,WA-Middle Columbia,Diamond Butte,1767,5796,46.4413,-121.2568,6,3,0,Yakama Nation,Reservation,,,,,Restricted,Restricted,,,1. Dec. 2016,31. Dec. 2099,TRUE,1899,12,30,,
W7W/MC-087,WA-Middle Columbia,5580,1701,5580,46.4365,-121.3742,6,3,0,Yakama Nation,Reservation,,,,,Restricted,Restricted,,,1. Dec. 2016,31. Dec. 2099,TRUE,1899,12,30,,
W7W/MC-088,WA-Middle Columbia,Potato Hill,1642,5387,46.3331,-121.5011,6,3,3,,,,,,,,,,,1. Dec. 2016,31. Dec. 2099,TRUE,2019,6,29,2019-06-29,N7MKA
W7W/MC-089,WA-Middle Columbia,Signal Peak,1554,5100,46.2269,-121.1372,6,3,0,Yakama Nation,Reservation,,,,,Restricted,Restricted,,,1. Dec. 2016,31. Dec. 2099,TRUE,1899,12,30,,
W7W/MC-090,WA-Middle Columbia,King Mountain,1445,4740,46.0631,-121.4247,4,0,4,,,,,,,,,,,1. Dec. 2016,31. Dec. 2099,TRUE,2024,6,15,2024-06-15,NS0TA
W7W/MC-091,WA-Middle Columbia,Hog Ranch Buttes,1285,4216,46.6647,-120.1137,4,0,1,,,,,,,,,,,1. Dec. 2016,31. Dec. 2099,TRUE,2019,7,3,2019-07-03,WX7EMT
W7W/MC-092,WA-Middle Columbia,Yakima Ridge,1275,4184,46.59,-120.0775,4,0,1,,,,,,,,,,,1. Dec. 2016,31. Dec. 2099,TRUE,2019,7,6,2019-07-06,WX7EMT
W7W/MC-093,WA-Middle Columbia,Satus Peak,1275,4182,46.2572,-120.7533,4,0,0,Yakama Nation,Reservation,,,,,Restricted,Restricted,,,1. Dec. 2016,31. Dec. 2099,TRUE,1899,12,30,,
W7W/MC-094,WA-Middle Columbia,West Toppenish Ridge,1253,4110,46.227,-120.8715,4,0,0,Yakama Nation,Reservation,,,,,Restricted,Restricted,,,1. Dec. 2016,31. Dec. 2099,TRUE,1899,12,30,,
W7W/MC-095,WA-Middle Columbia,West Hog Ranch Buttes,1248,4096,46.6699,-120.1654,4,0,1,,,,,,,,,,,1. Dec. 2016,31. Dec. 2099,TRUE,2019,7,3,2019-07-03,WX7EMT
W7W/MC-096,WA-Middle Columbia,Mike Coon Hillside,1235,4052,46.2094,-121.062,4,0,0,Yakama Nation,Reservation,,,,,Restricted,Restricted,,,1. Dec. 2016,31. Dec. 2099,TRUE,1899,12,30,,
W7W/MC-097,WA-Middle Columbia,4050 Yakima Ridge-West Peak,1234,4050,46.6196,-120.239,4,0,1,,,,,,,,,,,1. Dec. 2016,31. Dec. 2099,TRUE,2019,7,3,2019-07-03,WX7EMT
W7W/MC-098,WA-Middle Columbia,McKays Butte,1231,4038,46.1486,-120.9406,4,0,0,Yakama Nation,Reservation,,,,,Restricted,Restricted,,,1. Dec. 2016,31. Dec. 2099,TRUE,1899,12,30,,
W7W/MC-099,WA-Middle Columbia,Toppenish Mountain,1100,3609,46.2725,-120.6675,4,0,0,Yakama Nation,Reservation,,,,,Restricted,Restricted,,,1. Dec. 2016,31. Dec. 2099,TRUE,1899,12,30,,
W7W/MC-100,WA-Middle Columbia,2884Lakeside Ridge,879,2884,45.9501,-121.2821,2,0,11,,,,,,,,,,,1. Dec. 2016,31. Dec. 2099,TRUE,2020,11,11,2020-11-11,"K7FOP,K7ATN"
W7W/NO-001,WA-Northern Olympics,Mount-West Peak Olympus,2429,7969,47.8014,-123.7107,8,3,2,,,,,,,,,,,1. Dec. 2010,31. Dec. 2099,TRUE,2021,6,26,2021-06-26,"WE7CAT,KL0NP"
W7W/NO-002,WA-Northern Olympics,Mount Deception,2374,7788,47.8134,-123.2334,8,3,5,,,,,,,,,,,1. Dec. 2010,31. Dec. 2099,TRUE,2016,5,30,2016-05-30,KF7LTR
W7W/NO-003,WA-Northern Olympics,Mount Constance,2364,7756,47.7727,-123.1272,8,3,1,NPS,Olympic NP,,,,,Open,Open,,,1. Dec. 2010,31. Dec. 2099,TRUE,2025,7,3,2025-07-03,KJ7RTO
W7W/NO-004,WA-Northern Olympics,Mount Johnson,2347,7700,47.8326,-123.2373,8,3,0,NPS,Olympic NP,,,,,Open,Open,,,1. Dec. 2010,31. Dec. 2099,TRUE,1899,12,30,,
W7W/NO-005,WA-Northern Olympics,Inner Constance,2337,7667,47.7698,-123.1465,8,3,0,NPS,Olympic NP,,,,,Open,Open,,,1. Dec. 2010,31. Dec. 2099,TRUE,1899,12,30,,
W7W/NO-006,WA-Northern Olympics,Mount Mystery,2328,7639,47.796,-123.2215,8,3,0,NPS,Olympic NP,,,,,Open,Open,,,1. Dec. 2010,31. Dec. 2099,TRUE,1899,12,30,,
W7W/NO-007,WA-Northern Olympics,Mount Clark,2295,7528,47.8356,-123.2319,8,3,0,NPS,Olympic NP,,,,,Open,Open,,,1. Dec. 2010,31. Dec. 2099,TRUE,1899,12,30,,
W7W/NO-008,WA-Northern Olympics,Athena,2245,7365,47.7815,-123.6895,8,3,0,NPS,Olympic NP,,,,,Open,Open,,,1. Dec. 2010,31. Dec. 2099,TRUE,1899,12,30,,
W7W/NO-009,WA-Northern Olympics,West Peak,2245,7365,47.7233,-123.3492,8,3,0,NPS,Olympic NP,,,,,Open,Open,,,1. Dec. 2010,31. Dec. 2099,TRUE,1899,12,30,,
W7W/NO-010,WA-Northern Olympics,Warrior Peak,2237,7340,47.784,-123.1333,8,3,0,NPS,Olympic NP,,,,,Open,Open,,,1. Dec. 2010,31. Dec. 2099,TRUE,1899,12,30,,
W7W/NO-011,WA-Northern Olympics,Mount Anderson,2231,7321,47.7212,-123.3317,8,3,0,NPS,Olympic NP,,,,,Open,Open,,,1. Dec. 2010,31. Dec. 2099,TRUE,1899,12,30,,
W7W/NO-012,WA-Northern Olympics,Gray Wolf Ridge,2200,7218,47.8814,-123.2064,8,3,4,,,,,,,,,,,1. Dec. 2010,31. Dec. 2099,TRUE,2019,7,29,2019-07-29,KL0NP
W7W/NO-013,WA-Northern Olympics,Mount Cameron,2192,7190,47.8258,-123.3342,8,3,1,,,,,,,,,,,1. Dec. 2010,31. Dec. 2099,TRUE,2016,7,15,2016-07-15,KF7LTR
W7W/NO-014,WA-Northern Olympics,Mount Mathias,2181,7156,47.805,-123.6767,8,3,0,NPS,Olympic NP,,,,,Open,Open,,,1. Dec. 2010,31. Dec. 2099,TRUE,1899,12,30,,
W7W/NO-015,WA-Northern Olympics,Mount Fricaba,2176,7139,47.8082,-123.2,8,3,0,NPS,Olympic NP,USFS,Olympic NF,,,Open,Open,,,1. Dec. 2010,31. Dec. 2099,TRUE,1899,12,30,,
W7W/NO-016,WA-Northern Olympics,Gray Wolf Ridge South,2157,7076,47.8628,-123.2223,8,3,2,,,,,,,,,,,1. Dec. 2010,31. Dec. 2099,TRUE,2019,7,30,2019-07-30,KL0NP
W7W/NO-017,WA-Northern Olympics,Mount Tom,2157,7076,47.793,-123.7579,8,3,0,NPS,Olympic NP,,,,,Open,Open,,,1. Dec. 2010,31. Dec. 2099,TRUE,1899,12,30,,
W7W/NO-018,WA-Northern Olympics,7060 Gray Wolf Pass NW,2152,7060,47.8247,-123.2834,8,3,0,NPS,Olympic NP,,,,,Open,Open,,,1. Dec. 2010,31. Dec. 2099,TRUE,1899,12,30,,
W7W/NO-019,WA-Northern Olympics,Petunia North,2133,6998,47.8431,-123.1973,8,3,5,,,,,,,,,,,1. Dec. 2010,31. Dec. 2099,TRUE,2013,8,14,2013-08-14,K7NEW
W7W/NO-020,WA-Northern Olympics,Mount Carrie,2132,6995,47.8942,-123.6493,8,3,1,,,,,,,,,,,1. Dec. 2010,31. Dec. 2099,TRUE,2019,11,2,2019-11-02,KL0NP
W7W/NO-021,WA-Northern Olympics,Buckhorn Mountain,2130,6988,47.8256,-123.1218,8,3,6,,,,,,,,,,,1. Dec. 2010,31. Dec. 2099,TRUE,2013,10,19,2013-10-19,K7NEW
W7W/NO-022,WA-Northern Olympics,Mercury,2118,6950,47.8203,-123.6706,8,3,0,NPS,Olympic NP,,,,,Open,Open,,,1. Dec. 2010,31. Dec. 2099,TRUE,1899,12,30,,
W7W/NO-023,WA-Northern Olympics,Little Mystery,2116,6941,47.7868,-123.2251,8,3,0,NPS,Olympic NP,,,,,Open,Open,,,1. Dec. 2010,31. Dec. 2099,TRUE,1899,12,30,,
W7W/NO-024,WA-Northern Olympics,Mount Worthington,2115,6938,47.8371,-123.1,8,3,2,,,,,,,,,,,1. Dec. 2010,31. Dec. 2099,TRUE,2019,9,14,2019-09-14,KL0NP
W7W/NO-025,WA-Northern Olympics,Mount Fairchild,2111,6925,47.9001,-123.6333,8,3,0,NPS,Olympic NP,,,,,Open,Open,,,1. Dec. 2010,31. Dec. 2099,TRUE,1899,12,30,,
W7W/NO-026,WA-Northern Olympics,Chimney Peak,2108,6917,47.6894,-123.4025,8,3,0,NPS,Olympic NP,,,,,Open,Open,,,1. Dec. 2010,31. Dec. 2099,TRUE,1899,12,30,,
W7W/NO-027,WA-Northern Olympics,Crystal Peak,2102,6896,47.7202,-123.3915,8,3,0,NPS,Olympic NP,,,,,Open,Open,,,1. Dec. 2010,31. Dec. 2099,TRUE,1899,12,30,,
W7W/NO-028,WA-Northern Olympics,Boulder Ridge,2088,6852,47.8067,-123.1245,8,3,1,,,,,,,,,,,1. Dec. 2010,31. Dec. 2099,TRUE,2019,9,13,2019-09-13,KL0NP
W7W/NO-029,WA-Northern Olympics,The Brothers,2085,6842,47.6536,-123.1404,8,3,4,,,,,,,,,,,1. Dec. 2010,31. Dec. 2099,TRUE,2013,7,14,2013-07-14,K7RR
W7W/NO-030,WA-Northern Olympics,Mount Claywood,2084,6836,47.8008,-123.3704,8,3,1,,,,,,,,,,,1. Dec. 2010,31. Dec. 2099,TRUE,2016,7,15,2016-07-15,KF7LTR
W7W/NO-031,WA-Northern Olympics,Baldy,2081,6827,47.895,-123.1892,8,3,16,,,,,,,,,,,1. Dec. 2010,31. Dec. 2099,TRUE,2011,8,6,2011-08-06,K7NEW
W7W/NO-032,WA-Northern Olympics,Diamond Mountain,2079,6822,47.7406,-123.2994,8,3,0,NPS,Olympic NP,,,,,Open,Open,,,1. Dec. 2010,31. Dec. 2099,TRUE,1899,12,30,,
W7W/NO-033,WA-Northern Olympics,6810 CW Ops Pk,2076,6810,47.8502,-123.3087,8,3,0,NPS,Olympic NP,,,,,Open,Open,,,1. Dec. 2010,31. Dec. 2099,TRUE,1899,12,30,,
W7W/NO-034,WA-Northern Olympics,McCartney Peak,2068,6784,47.8543,-123.3869,8,3,2,,,,,,,,,,,1. Dec. 2010,31. Dec. 2099,TRUE,2016,7,14,2016-07-14,KF7LTR
W7W/NO-035,WA-Northern Olympics,Elk Mountain,2066,6779,47.9261,-123.3615,8,3,56,,,,,,,,,,,1. Dec. 2010,31. Dec. 2099,TRUE,2011,8,10,2011-08-10,K7NEW
W7W/NO-036,WA-Northern Olympics,6759 Conversation Summit,2060,6759,47.8719,-123.3488,8,3,3,,,,,,,,,,,1. Dec. 2010,31. Dec. 2099,TRUE,2013,8,21,2013-08-21,K7NEW
W7W/NO-037,WA-Northern Olympics,Wellesley Peak,2060,6758,47.7912,-123.291,8,3,0,NPS,Olympic NP,,,,,Open,Open,,,1. Dec. 2010,31. Dec. 2099,TRUE,1899,12,30,,
W7W/NO-038,WA-Northern Olympics,Moose Benchmark,2058,6753,47.8842,-123.3662,8,3,11,,,,,,,,,,,1. Dec. 2010,31. Dec. 2099,TRUE,2013,9,4,2013-09-04,K7NEW
W7W/NO-039,WA-Northern Olympics,Bicentennial Peak,2054,6740,47.6969,-123.3914,8,3,0,NPS,Olympic NP,,,,,Open,Open,,,1. Dec. 2010,31. Dec. 2099,TRUE,1899,12,30,,
W7W/NO-040,WA-Northern Olympics,Mount Meany,2041,6695,47.7509,-123.5979,8,3,0,NPS,Olympic NP,,,,,Open,Open,,,1. Dec. 2010,31. Dec. 2099,TRUE,1899,12,30,,
W7W/NO-041,WA-Northern Olympics,6628 Copper Creek Peak,2020,6628,47.8524,-123.1196,8,3,2,,,,,,,,,,,1. Dec. 2010,31. Dec. 2099,TRUE,2012,9,15,2012-09-15,K7NEW
W7W/NO-042,WA-Northern Olympics,Sentinel Peak,2009,6592,47.7791,-123.3419,8,3,1,,,,,,,,,,,1. Dec. 2010,31. Dec. 2099,TRUE,2016,7,16,2016-07-16,KF7LTR
W7W/NO-043,WA-Northern Olympics,Mount Elk Lick,1986,6517,47.6884,-123.258,6,3,0,NPS,Olympic NP,,,,,Open,Open,,,1. Dec. 2010,31. Dec. 2099,TRUE,1899,12,30,,
W7W/NO-044,WA-Northern Olympics,Mount Queets,1974,6476,47.7623,-123.5952,6,3,0,NPS,Olympic NP,,,,,Open,Open,,,1. Dec. 2010,31. Dec. 2099,TRUE,1899,12,30,,
W7W/NO-045,WA-Northern Olympics,Mount Angeles,1967,6454,47.9955,-123.4671,6,3,15,,,,,,,,,,,1. Dec. 2010,31. Dec. 2099,TRUE,2012,8,18,2012-08-18,K7NEW
W7W/NO-046,WA-Northern Olympics,Stephen Peak,1956,6418,47.87,-123.5957,6,3,0,NPS,Olympic NP,,,,,Open,Open,,,1. Dec. 2010,31. Dec. 2099,TRUE,1899,12,30,,
W7W/NO-047,WA-Northern Olympics,Mount Lacrosse,1956,6417,47.6848,-123.3123,6,3,0,NPS,Olympic NP,,,,,Open,Open,,,1. Dec. 2010,31. Dec. 2099,TRUE,1899,12,30,,
W7W/NO-048,WA-Northern Olympics,White Mountain,1945,6380,47.6765,-123.3285,6,3,0,NPS,Olympic NP,,,,,Open,Open,,,1. Dec. 2010,31. Dec. 2099,TRUE,1899,12,30,,
W7W/NO-049,WA-Northern Olympics,6351 Bandpass Pk,1936,6351,47.8407,-123.6791,6,3,0,NPS,Olympic NP,,,,,Open,Open,,,1. Dec. 2010,31. Dec. 2099,TRUE,1899,12,30,,
W7W/NO-050,WA-Northern Olympics,Atlas,1934,6346,47.8386,-123.7388,6,3,0,NPS,Olympic NP,,,,,Open,Open,,,1. Dec. 2010,31. Dec. 2099,TRUE,1899,12,30,,
W7W/NO-051,WA-Northern Olympics,Turret,1932,6340,47.8088,-123.0942,6,3,0,USFS,Olympic NF,,,,,Open,Open,,,1. Dec. 2010,31. Dec. 2099,TRUE,1899,12,30,,
W7W/NO-052,WA-Northern Olympics,Mount Norton,1926,6319,47.7627,-123.4138,6,3,0,NPS,Olympic NP,,,,,Open,Open,,,1. Dec. 2010,31. Dec. 2099,TRUE,1899,12,30,,
W7W/NO-053,WA-Northern Olympics,East Peak,1920,6300,47.727,-123.3188,6,3,0,NPS,Olympic NP,,,,,Open,Open,,,1. Dec. 2010,31. Dec. 2099,TRUE,1899,12,30,,
W7W/NO-054,WA-Northern Olympics,Mount Pulitzer,1915,6283,47.8356,-123.5741,6,3,0,NPS,Olympic NP,,,,,Open,Open,,,1. Dec. 2010,31. Dec. 2099,TRUE,1899,12,30,,
W7W/NO-055,WA-Northern Olympics,Mount Townsend,1914,6280,47.8675,-123.0594,6,3,56,,,,,,,,,,,1. Dec. 2010,31. Dec. 2099,TRUE,2011,10,16,2011-10-16,K7NEW
W7W/NO-056,WA-Northern Olympics,Piros Spire,1908,6259,47.7445,-123.2607,6,3,0,NPS,Olympic NP,,,,,Open,Open,,,1. Dec. 2010,31. Dec. 2099,TRUE,1899,12,30,,
W7W/NO-057,WA-Northern Olympics,Eagle Point,1904,6247,47.9392,-123.4092,6,3,60,,,,,,,,,,,1. Dec. 2010,31. Dec. 2099,TRUE,2011,8,10,2011-08-10,K7NEW
W7W/NO-058,WA-Northern Olympics,Mount Seattle,1904,6246,47.7311,-123.578,6,3,0,NPS,Olympic NP,,,,,Open,Open,,,1. Dec. 2010,31. Dec. 2099,TRUE,1899,12,30,,
W7W/NO-059,WA-Northern Olympics,Mount Duckabush,1900,6233,47.632,-123.3576,6,3,0,NPS,Olympic NP,,,,,Open,Open,,,1. Dec. 2010,31. Dec. 2099,TRUE,1899,12,30,,
W7W/NO-060,WA-Northern Olympics,Mount Steel,1897,6225,47.6397,-123.3361,6,3,0,NPS,Olympic NP,,,,,Open,Open,,,1. Dec. 2010,31. Dec. 2099,TRUE,1899,12,30,,
W7W/NO-061,WA-Northern Olympics,Rocky Peak,1895,6218,47.9957,-123.4222,6,3,1,,,,,,,,,,,1. Dec. 2010,31. Dec. 2099,TRUE,2019,6,10,2019-06-10,KL0NP
W7W/NO-062,WA-Northern Olympics,Mount Dana,1893,6209,47.7913,-123.4857,6,3,0,NPS,Olympic NP,,,,,Open,Open,,,1. Dec. 2010,31. Dec. 2099,TRUE,1899,12,30,,
W7W/NO-063,WA-Northern Olympics,6206 Gray Line Pk,1892,6206,47.6886,-123.2825,6,3,0,NPS,Olympic NP,,,,,Open,Open,,,1. Dec. 2010,31. Dec. 2099,TRUE,1899,12,30,,
W7W/NO-064,WA-Northern Olympics,Mount Childs,1888,6193,47.8122,-123.5863,6,3,0,NPS,Olympic NP,,,,,Open,Open,,,1. Dec. 2010,31. Dec. 2099,TRUE,1899,12,30,,
W7W/NO-065,WA-Northern Olympics,Mount Christie,1883,6177,47.6981,-123.5455,6,3,0,NPS,Olympic NP,,,,,Open,Open,,,1. Dec. 2010,31. Dec. 2099,TRUE,1899,12,30,,
W7W/NO-066,WA-Northern Olympics,Cotleton,1867,6125,47.945,-123.7346,6,3,1,,,,,,,,,,,1. Dec. 2010,31. Dec. 2099,TRUE,2019,11,30,2019-11-30,KL0NP
W7W/NO-067,WA-Northern Olympics,Mount Hopper,1864,6114,47.6295,-123.2968,6,3,0,NPS,Olympic NP,,,,,Open,Open,,,1. Dec. 2010,31. Dec. 2099,TRUE,1899,12,30,,
W7W/NO-068,WA-Northern Olympics,Pyrites Creek East,1844,6049,47.6702,-123.4294,6,3,0,NPS,Olympic NP,,,,,Open,Open,,,1. Dec. 2010,31. Dec. 2099,TRUE,1899,12,30,,
W7W/NO-069,WA-Northern Olympics,Valhallas-Woden,1840,6038,47.7511,-123.7448,6,3,0,NPS,Olympic NP,,,,,Open,Open,,,1. Dec. 2010,31. Dec. 2099,TRUE,1899,12,30,,
W7W/NO-070,WA-Northern Olympics,6024 Hexadecimal Pk,1836,6024,47.7778,-123.5618,6,3,0,NPS,Olympic NP,,,,,Open,Open,,,1. Dec. 2010,31. Dec. 2099,TRUE,1899,12,30,,
W7W/NO-071,WA-Northern Olympics,Mount Delabarre,1836,6024,47.6862,-123.4934,6,3,0,NPS,Olympic NP,,,,,Open,Open,,,1. Dec. 2010,31. Dec. 2099,TRUE,1899,12,30,,
W7W/NO-072,WA-Northern Olympics,June 10 Peak,1835,6019,47.6588,-123.4625,6,3,0,NPS,Olympic NP,,,,,Open,Open,,,1. Dec. 2010,31. Dec. 2099,TRUE,1899,12,30,,
W7W/NO-073,WA-Northern Olympics,Blue Mountain,1831,6007,47.9548,-123.2594,6,3,59,,,,,,,,,,,1. Dec. 2010,31. Dec. 2099,TRUE,2011,9,14,2011-09-14,K7NEW
W7W/NO-074,WA-Northern Olympics,Mount Lena,1827,5995,47.6399,-123.2152,6,3,1,,,,,,,,,,,1. Dec. 2010,31. Dec. 2099,TRUE,2017,6,24,2017-06-24,KF7LTR
W7W/NO-075,WA-Northern Olympics,Mount Bretherton,1817,5960,47.6195,-123.21,6,3,1,,,,,,,,,,,1. Dec. 2010,31. Dec. 2099,TRUE,2017,6,24,2017-06-24,KF7LTR
W7W/NO-076,WA-Northern Olympics,Mount Wilder,1810,5939,47.7676,-123.5196,6,3,0,NPS,Olympic NP,,,,,Open,Open,,,1. Dec. 2010,31. Dec. 2099,TRUE,1899,12,30,,
W7W/NO-077,WA-Northern Olympics,5925 Gigahertz Pk,1806,5925,47.9324,-123.6874,6,3,0,NPS,Olympic NP,,,,,Open,Open,,,1. Dec. 2010,31. Dec. 2099,TRUE,1899,12,30,,
W7W/NO-078,WA-Northern Olympics,5925 Dummy Load Mtn,1806,5925,47.9223,-123.7014,6,3,0,NPS,Olympic NP,,,,,Open,Open,,,1. Dec. 2010,31. Dec. 2099,TRUE,1899,12,30,,
W7W/NO-079,WA-Northern Olympics,Cat Peak,1806,5925,47.9001,-123.6801,6,3,2,,,,,,,,,,,1. Dec. 2010,31. Dec. 2099,TRUE,2021,7,22,2021-07-22,"KL0NP,WE7CAT"
W7W/NO-080,WA-Northern Olympics,Mount Scott,1802,5913,47.841,-123.5297,6,3,0,NPS,Olympic NP,,,,,Open,Open,,,1. Dec. 2010,31. Dec. 2099,TRUE,1899,12,30,,
W7W/NO-081,WA-Northern Olympics,Muncaster Mountain,1801,5910,47.6379,-123.512,6,3,0,NPS,Olympic NP,,,,,Open,Open,,,1. Dec. 2010,31. Dec. 2099,TRUE,1899,12,30,,
W7W/NO-082,WA-Northern Olympics,Ludden Peak,1784,5854,47.8562,-123.5402,6,3,0,NPS,Olympic NP,,,,,Open,Open,,,1. Dec. 2010,31. Dec. 2099,TRUE,1899,12,30,,
W7W/NO-083,WA-Northern Olympics,5820 Mount Lena-East Peak,1774,5820,47.6377,-123.1956,6,3,0,NPS,Olympic NP,,,,,Open,Open,,,1. Dec. 2010,31. Dec. 2099,TRUE,1899,12,30,,
W7W/NO-084,WA-Northern Olympics,Dodger Point,1756,5760,47.8742,-123.5099,6,3,0,NPS,Olympic NP,,,,,Open,Open,,,1. Dec. 2010,31. Dec. 2099,TRUE,1899,12,30,,
W7W/NO-085,WA-Northern Olympics,ONeil Peak,1755,5758,47.6251,-123.396,6,3,0,NPS,Olympic NP,,,,,Open,Open,,,1. Dec. 2010,31. Dec. 2099,TRUE,1899,12,30,,
W7W/NO-086,WA-Northern Olympics,Hurricane Hill,1755,5757,47.9902,-123.5291,6,3,81,,,,,,,,,,,1. Dec. 2010,31. Dec. 2099,TRUE,2012,2,4,2012-02-04,K7NEW
W7W/NO-087,WA-Northern Olympics,Bumbershoot Peak,1750,5742,47.6108,-123.3756,6,3,0,NPS,Olympic NP,,,,,Open,Open,,,1. Dec. 2010,31. Dec. 2099,TRUE,1899,12,30,,
W7W/NO-088,WA-Northern Olympics,Overlook Peak,1737,5700,47.6399,-123.376,6,3,0,NPS,Olympic NP,,,,,Open,Open,,,1. Dec. 2010,31. Dec. 2099,TRUE,1899,12,30,,
W7W/NO-089,WA-Northern Olympics,Mount Jupiter,1737,5700,47.7059,-123.0611,6,3,1,,,,,,,,,,,1. Dec. 2010,31. Dec. 2099,TRUE,2012,9,1,2012-09-01,K7ATN
W7W/NO-090,WA-Northern Olympics,5660 Harmonic Summit,1725,5660,47.8919,-123.2634,6,3,0,NPS,Olympic NP,,,,,Open,Open,,,1. Dec. 2010,31. Dec. 2099,TRUE,1899,12,30,,
W7W/NO-091,WA-Northern Olympics,5645 Hurricane Ridge,1721,5645,47.9558,-123.4356,6,3,52,,,,,,,,,,,1. Dec. 2010,31. Dec. 2099,TRUE,2011,9,24,2011-09-24,K7NEW
W7W/NO-092,WA-Northern Olympics,5642 Fixed Control Mtn,1720,5642,47.6497,-123.2766,6,3,0,NPS,Olympic NP,,,,,Open,Open,,,1. Dec. 2010,31. Dec. 2099,TRUE,1899,12,30,,
W7W/NO-093,WA-Northern Olympics,Vidar-North,1718,5637,47.7427,-123.7614,6,3,0,NPS,Olympic NP,,,,,Open,Open,,,1. Dec. 2010,31. Dec. 2099,TRUE,1899,12,30,,
W7W/NO-094,WA-Northern Olympics,Boulder Peak,1715,5625,47.9718,-123.7578,6,3,0,NPS,Olympic NP,,,,,Open,Open,,,1. Dec. 2010,31. Dec. 2099,TRUE,1899,12,30,,
W7W/NO-095,WA-Northern Olympics,5624 Near Vertical Incidence Pk,1714,5624,47.6277,-123.5025,6,3,0,NPS,Olympic NP,,,,,Open,Open,,,1. Dec. 2010,31. Dec. 2099,TRUE,1899,12,30,,
W7W/NO-096,WA-Northern Olympics,Hoh Peak,1698,5570,47.7866,-123.8248,6,3,0,NPS,Olympic NP,,,,,Open,Open,,,1. Dec. 2010,31. Dec. 2099,TRUE,1899,12,30,,
W7W/NO-097,WA-Northern Olympics,Steeple Rock,1697,5567,47.9621,-123.454,6,3,5,,,,,,,,,,,1. Dec. 2010,30. Nov. 2016,FALSE,2011,9,28,2011-09-28,K7NEW
W7W/NO-098,WA-Northern Olympics,5565 Mt Moonbounce,1696,5565,47.6973,-123.6547,6,3,0,NPS,Olympic NP,,,,,Open,Open,,,1. Dec. 2010,31. Dec. 2099,TRUE,1899,12,30,,
W7W/NO-099,WA-Northern Olympics,Sleipner,1689,5540,47.74,-123.7719,6,3,0,NPS,Olympic NP,,,,,Open,Open,,,1. Dec. 2010,31. Dec. 2099,TRUE,1899,12,30,,
W7W/NO-100,WA-Northern Olympics,Mount Zindorf,1688,5539,47.6871,-123.6246,6,3,0,NPS,Olympic NP,,,,,Open,Open,,,1. Dec. 2010,31. Dec. 2099,TRUE,1899,12,30,,
W7W/NO-101,WA-Northern Olympics,5518 Mt Multiband,1682,5518,47.8474,-123.5955,6,3,0,NPS,Olympic NP,,,,,Open,Open,,,1. Dec. 2010,31. Dec. 2099,TRUE,1899,12,30,,
W7W/NO-102,WA-Northern Olympics,5500 Lowband Pk,1676,5500,47.7854,-123.0879,6,3,0,USFS,Olympic NF,,,,,Open,Open,,,1. Dec. 2010,31. Dec. 2099,TRUE,1899,12,30,,
W7W/NO-103,WA-Northern Olympics,5451 Kilohertz Mtn,1661,5451,47.7268,-123.4622,6,3,0,NPS,Olympic NP,,,,,Open,Open,,,1. Dec. 2010,31. Dec. 2099,TRUE,1899,12,30,,
W7W/NO-104,WA-Northern Olympics,Happy Lake Ridge,1649,5409,48.0042,-123.6822,6,3,0,NPS,Olympic NP,,,,,Open,Open,,,1. Dec. 2010,30. Nov. 2016,FALSE,1899,12,30,,
W7W/NO-105,WA-Northern Olympics,Mount Lawson,1646,5401,47.6563,-123.5885,6,3,0,NPS,Olympic NP,,,,,Open,Open,,,1. Dec. 2010,31. Dec. 2099,TRUE,1899,12,30,,
W7W/NO-106,WA-Northern Olympics,Lizard Head Peak,1638,5375,48.0117,-123.7222,6,3,1,,,,,,,,,,,1. Dec. 2010,31. Dec. 2099,TRUE,2019,8,17,2019-08-17,KL0NP
W7W/NO-107,WA-Northern Olympics,5365 Potentiometer Pk,1635,5365,47.7086,-123.1662,6,3,0,NPS,Olympic NP,,,,,Open,Open,,,1. Dec. 2010,31. Dec. 2099,TRUE,1899,12,30,,
W7W/NO-108,WA-Northern Olympics,5345 Mt Rhombic,1629,5345,47.6475,-123.5639,6,3,0,NPS,Olympic NP,,,,,Open,Open,,,1. Dec. 2010,31. Dec. 2099,TRUE,1899,12,30,,
W7W/NO-109,WA-Northern Olympics,5325 Second Hop Summit,1623,5325,47.9224,-123.742,6,3,1,,,,,,,,,,,1. Dec. 2010,31. Dec. 2099,TRUE,2019,8,15,2019-08-15,WU7H
W7W/NO-110,WA-Northern Olympics,Pelton Benchmark,1616,5301,47.7254,-123.7912,6,3,0,NPS,Olympic NP,,,,,Open,Open,,,1. Dec. 2010,31. Dec. 2099,TRUE,1899,12,30,,
W7W/NO-111,WA-Northern Olympics,Twin Lakes Benchmark,1616,5301,47.7659,-123.0709,6,3,1,,,,,,,,,,,1. Dec. 2010,31. Dec. 2099,TRUE,2019,9,30,2019-09-30,KL0NP
W7W/NO-112,WA-Northern Olympics,5299 Precendence Pk,1615,5299,47.7107,-123.6331,6,3,0,NPS,Olympic NP,,,,,Open,Open,,,1. Dec. 2010,31. Dec. 2099,TRUE,1899,12,30,,
W7W/NO-113,WA-Northern Olympics,5225 Op Amp Mtn,1593,5225,48.0184,-123.7507,6,3,2,,,,,,,,,,,1. Dec. 2010,31. Dec. 2099,TRUE,2014,9,10,2014-09-10,K7NEW
W7W/NO-114,WA-Northern Olympics,Unicorn Peak,1562,5125,48.0109,-123.5222,6,3,2,,,,,,,,,,,1. Dec. 2010,31. Dec. 2099,TRUE,2015,2,13,2015-02-13,W7OMR
W7W/NO-115,WA-Northern Olympics,Maynard Peak,1554,5100,47.9269,-123.1273,6,3,3,,,,,,,,,,,1. Dec. 2010,31. Dec. 2099,TRUE,2014,11,8,2014-11-08,WO7A
W7W/NO-116,WA-Northern Olympics,Hamilton Mountain,1552,5093,47.8129,-123.034,6,3,0,USFS,Olympic NF,,,,,Open,Open,,,1. Dec. 2010,31. Dec. 2099,TRUE,1899,12,30,,
W7W/NO-117,WA-Northern Olympics,Baldy Ridge,1547,5075,48.0452,-123.6841,6,3,1,,,,,,,,,,,1. Dec. 2010,31. Dec. 2099,TRUE,2019,8,4,2019-08-04,KL0NP
W7W/NO-118,WA-Northern Olympics,5060 RTTY Summit,1542,5060,47.7365,-123.8266,6,3,0,NPS,Olympic NP,,,,,Open,Open,,,1. Dec. 2010,31. Dec. 2099,TRUE,1899,12,30,,
W7W/NO-119,WA-Northern Olympics,5045 Mt Simplex,1538,5045,47.6322,-123.3237,6,3,0,NPS,Olympic NP,,,,,Open,Open,,,1. Dec. 2010,30. Nov. 2016,FALSE,1899,12,30,,
W7W/NO-120,WA-Northern Olympics,No Name Peak,1511,4956,47.5258,-123.6067,6,3,0,NPS,Olympic NP,,,,,Open,Open,,,1. Dec. 2010,31. Dec. 2099,TRUE,1899,12,30,,
W7W/NO-121,WA-Northern Olympics,4921 Sunspot Summit,1500,4921,47.7435,-123.8363,4,3,0,NPS,Olympic NP,,,,,Open,Open,,,1. Dec. 2010,31. Dec. 2099,TRUE,1899,12,30,,
W7W/NO-122,WA-Northern Olympics,4855 Mt Tuner,1480,4855,47.5509,-123.5398,4,0,0,NPS,Olympic NP,,,,,Open,Open,,,1. Dec. 2010,31. Dec. 2099,TRUE,1899,12,30,,
W7W/NO-123,WA-Northern Olympics,Aurora Peak,1455,4775,48.0263,-123.8071,4,0,2,,,,,,,,,,,1. Dec. 2010,31. Dec. 2099,TRUE,2019,11,17,2019-11-17,KL0NP
W7W/NO-124,WA-Northern Olympics,4729 Solder Summit,1441,4729,47.6627,-123.0765,4,0,0,USFS,Olympic NF,,,,,Open,Open,,,1. Dec. 2010,31. Dec. 2099,TRUE,1899,12,30,,
W7W/NO-125,WA-Northern Olympics,4660 Bon Jon Peak,1420,4660,47.8972,-123.0282,4,0,4,,,,,,,,,,,1. Dec. 2010,31. Dec. 2099,TRUE,2014,1,20,2014-01-20,"K7NEW,KF7JQV"
W7W/NO-126,WA-Northern Olympics,4654 Shortwave Summit,1419,4654,47.8025,-123.5236,4,0,0,NPS,Olympic NP,,,,,Open,Open,,,1. Dec. 2010,31. Dec. 2099,TRUE,1899,12,30,,
W7W/NO-127,WA-Northern Olympics,Sourdough Mountain,1410,4625,48.0261,-123.8616,4,0,1,,,,,,,,,,,1. Dec. 2010,31. Dec. 2099,TRUE,2019,11,17,2019-11-17,KL0NP
W7W/NO-128,WA-Northern Olympics,Tshletshy Ridge,1387,4552,47.6476,-123.7299,4,0,0,NPS,Olympic NP,,,,,Open,Open,,,1. Dec. 2010,31. Dec. 2099,TRUE,1899,12,30,,
W7W/NO-129,WA-Northern Olympics,Mount Storm King,1379,4525,48.0554,-123.741,4,0,1,,,,,,,,,,,1. Dec. 2010,31. Dec. 2099,TRUE,2019,7,17,2019-07-17,KL0NP
W7W/NO-130,WA-Northern Olympics,4425 Blackwood Peak,1349,4425,47.9362,-123.8828,4,0,1,,,,,,,,,,,1. Dec. 2010,31. Dec. 2099,TRUE,2019,8,13,2019-08-13,WU7H
W7W/NO-131,WA-Northern Olympics,4420 Harlow Peak,1347,4420,47.722,-123.8444,4,0,0,NPS,Olympic NP,,,,,Open,Open,,,1. Dec. 2010,31. Dec. 2099,TRUE,1899,12,30,,
W7W/NO-132,WA-Northern Olympics,Green Mountain,1345,4413,47.8597,-122.9727,4,0,1,,,,,,,,,,,1. Dec. 2010,31. Dec. 2099,TRUE,2019,10,17,2019-10-17,KL0NP
W7W/NO-133,WA-Northern Olympics,4401 VOX Mtn,1341,4401,47.6141,-123.6862,4,0,0,NPS,Olympic NP,,,,,Open,Open,,,1. Dec. 2010,31. Dec. 2099,TRUE,1899,12,30,,
W7W/NO-134,WA-Northern Olympics,Mount Zion,1304,4278,47.9233,-123.0106,4,0,32,,,,,,,,,,,1. Dec. 2010,31. Dec. 2099,TRUE,2011,10,22,2011-10-22,K7NEW
W7W/NO-135,WA-Northern Olympics,4110 Transverter Pk,1253,4110,47.6175,-123.1446,4,0,0,USFS,Olympic NF,,,,,Open,Open,,,1. Dec. 2010,31. Dec. 2099,TRUE,1899,12,30,,
W7W/NO-136,WA-Northern Olympics,3875 Superhetrodyne Mtn,1181,3875,47.99,-123.9825,4,0,1,,,,,,,,,,,1. Dec. 2010,31. Dec. 2099,TRUE,2022,8,30,2022-08-30,KL0NP
W7W/NO-137,WA-Northern Olympics,3844 Skywave Summit,1172,3844,47.7313,-123.8983,4,0,0,NPS,Olympic NP,WA DNR,,,,Open,Open,,,1. Dec. 2010,31. Dec. 2099,TRUE,1899,12,30,,
W7W/NO-138,WA-Northern Olympics,3780 Mt Sensitivity,1152,3780,47.7515,-123.8727,4,0,0,NPS,Olympic NP,,,,,Open,Open,,,1. Dec. 2010,31. Dec. 2099,TRUE,1899,12,30,,
W7W/NO-139,WA-Northern Olympics,Buck Mountain,1152,3780,47.7532,-122.9463,4,0,8,,,,,,,,,,,1. Dec. 2010,31. Dec. 2099,TRUE,2013,11,13,2013-11-13,"KF7JQV,K7NEW"
W7W/NO-140,WA-Northern Olympics,Mount Muller,1142,3748,48.0898,-123.9798,4,0,2,,,,,,,,,,,1. Dec. 2010,31. Dec. 2099,TRUE,2014,5,21,2014-05-21,K7NEW
W7W/NO-141,WA-Northern Olympics,3725 Mt Rotator,1135,3725,48.0868,-123.9257,4,0,2,,,,,,,,,,,1. Dec. 2010,31. Dec. 2099,TRUE,2019,8,10,2019-08-10,"KF7JQV,K7NEW"
W7W/NO-142,WA-Northern Olympics,East Sams Ridge,1128,3700,47.6225,-123.7963,4,0,0,NPS,Olympic NP,,,,,Open,Open,,,1. Dec. 2010,31. Dec. 2099,TRUE,1899,12,30,,
W7W/NO-143,WA-Northern Olympics,West Sams Ridge,1128,3700,47.6215,-123.8734,4,0,0,NPS,Olympic NP,USFS,Olympic NF,,,Open,Open,,,1. Dec. 2010,31. Dec. 2099,TRUE,1899,12,30,,
W7W/NO-144,WA-Northern Olympics,3660 Product Detector Pk,1116,3660,47.7494,-123.9168,4,0,0,NPS,Olympic NP,WA DNR,,,,Open,Open,,,1. Dec. 2010,31. Dec. 2099,TRUE,1899,12,30,,
W7W/NO-145,WA-Northern Olympics,3652 Rubber Duckie Hill,1113,3652,47.6541,-123.0428,4,0,4,,,,,,,,,,,1. Dec. 2010,31. Dec. 2099,TRUE,2021,1,3,2021-01-03,"KL0NP,K3exo,we7cat,kj7lry"
W7W/NO-146,WA-Northern Olympics,3620 PSK-31 Hill,1103,3620,48.0068,-124.0241,4,0,1,,,,,,,,,,,1. Dec. 2010,31. Dec. 2099,TRUE,2022,8,30,2022-08-30,KL0NP
W7W/NO-147,WA-Northern Olympics,Round Mountain,1079,3541,48.0009,-123.3504,4,0,4,,,,,,,,,,,1. Dec. 2010,31. Dec. 2099,TRUE,2015,1,31,2015-01-31,"KF7JQV,KE7ITL,W7LRH,K7NEW"
W7W/NO-148,WA-Northern Olympics,3500 Regenerative Hill,1067,3500,47.9766,-124.0828,4,0,1,,,,,,,,,,,1. Dec. 2010,31. Dec. 2099,TRUE,2022,9,13,2022-09-13,KL0NP
W7W/NO-149,WA-Northern Olympics,Ned Hill,1057,3469,47.9639,-123.1725,4,0,3,,,,,,,,,,,1. Dec. 2010,31. Dec. 2099,TRUE,2012,5,9,2012-05-09,K7NEW
W7W/NO-150,WA-Northern Olympics,Bear Mountain,1055,3460,47.9609,-123.066,4,0,2,,,,,,,,,,,1. Dec. 2010,31. Dec. 2099,TRUE,2013,11,11,2013-11-11,K7NEW
W7W/NO-151,WA-Northern Olympics,Pluto Peak,1055,3460,47.7386,-122.9907,4,0,5,,,,,,,,,,,1. Dec. 2010,31. Dec. 2099,TRUE,2013,11,27,2013-11-27,"K7NEW,KF7JQV"
W7W/NO-152,WA-Northern Olympics,Mount Turner,1042,3420,47.7357,-122.9242,4,0,8,,,,,,,,,,,1. Dec. 2010,31. Dec. 2099,TRUE,2015,2,7,2015-02-07,W7LRH
W7W/NO-153,WA-Northern Olympics,North Point,1030,3380,48.0844,-124.0723,4,0,4,,,,,,,,,,,1. Dec. 2010,31. Dec. 2099,TRUE,2019,10,31,2019-10-31,"K7NEW,KF7JQV"
W7W/NO-154,WA-Northern Olympics,Kloochman Rock,1023,3356,47.6695,-123.9678,4,0,0,NPS,Olympic NP,WA DNR,,,,Open,Open,,,1. Dec. 2010,31. Dec. 2099,TRUE,1899,12,30,,
W7W/NO-155,WA-Northern Olympics,3340 Portable Hill,1018,3340,47.5783,-123.8012,4,0,0,NPS,Olympic NP,USFS,Olympic NF,,,Open,Open,,,1. Dec. 2010,30. Nov. 2016,FALSE,1899,12,30,,
W7W/NO-156,WA-Northern Olympics,3325 Noise Blanker Hill,1013,3325,48.0305,-124.0456,4,0,0,USFS,Olympic NF,,,,,Open,Open,,,1. Dec. 2010,30. Nov. 2016,FALSE,1899,12,30,,
W7W/NO-157,WA-Northern Olympics,3300 Multipath Hill,1006,3300,47.8564,-124.0357,4,0,1,,,,,,,,,,,1. Dec. 2010,31. Dec. 2099,TRUE,2019,11,17,2019-11-17,KL0NP
W7W/NO-158,WA-Northern Olympics,Quilcene Ridge,994,3260,47.8015,-122.953,2,0,15,,,,,,,,,,,1. Dec. 2010,31. Dec. 2099,TRUE,2012,5,10,2012-05-10,N7KN
W7W/NO-159,WA-Northern Olympics,3220 Mt Multimode,981,3220,48.0299,-124.0215,2,0,1,,,,,,,,,,,1. Dec. 2010,31. Dec. 2099,TRUE,2022,8,26,2022-08-26,KL0NP
W7W/NO-160,WA-Northern Olympics,3151 Megahertz Hill,960,3151,47.7096,-124.0057,2,0,0,WA DNR,Olympics Region:Coast District:Upper Clearwater Unit,,,,,Open,Open,,,1. Dec. 2010,31. Dec. 2099,TRUE,1899,12,30,,
W7W/NO-161,WA-Northern Olympics,Pyramid Mountain,953,3125,48.0746,-123.8078,2,0,9,,,,,,,,,,,1. Dec. 2010,31. Dec. 2099,TRUE,2015,3,4,2015-03-04,K7NEW
W7W/NO-162,WA-Northern Olympics,3068 Longpath Hill,935,3068,47.9811,-124.1337,2,0,0,USFS,Olympic NF,,,,,Open,Open,,,1. Dec. 2010,31. Dec. 2099,TRUE,1899,12,30,,
W7W/NO-163,WA-Northern Olympics,Mount Walker,855,2804,47.7886,-122.9064,2,0,72,,,,,,,,,,,1. Dec. 2010,31. Dec. 2099,TRUE,2012,4,28,2012-04-28,"KJ7AE,K7NEW"
W7W/NO-164,WA-Northern Olympics,2740 J-Pole Hill,835,2740,47.5287,-123.9588,2,0,2,,,,,,,,,,,1. Dec. 2010,31. Dec. 2099,TRUE,2019,5,3,2019-05-03,K9WBZ
W7W/NO-165,WA-Northern Olympics,2731 Incremental Hill,832,2731,48.1089,-123.9093,2,0,0,,,,,,,,,,,1. Dec. 2010,31. Dec. 2099,TRUE,1899,12,30,,
W7W/NO-166,WA-Northern Olympics,2700 Ham Radio Hill,823,2700,47.6745,-124.0156,2,0,0,WA DNR,Olympics Region:Coast District:Upper Clearwater Unit,,,,,Open,Open,,,1. Dec. 2010,31. Dec. 2099,TRUE,1899,12,30,,
W7W/NO-167,WA-Northern Olympics,Ellis Mountain,811,2660,48.1583,-124.3147,2,0,0,USFS,Olympic NF,WA DNR,,,,Open,Open,,,1. Dec. 2010,31. Dec. 2099,TRUE,1899,12,30,,
W7W/NO-168,WA-Northern Olympics,The Foothills,805,2640,48.0508,-123.4329,2,0,2,,,,,,,,,,,1. Dec. 2010,31. Dec. 2099,TRUE,2014,12,13,2014-12-13,"K7NEW,KF7JQV"
W7W/NO-169,WA-Northern Olympics,Mount Pleasant,804,2638,48.0447,-123.3836,2,0,1,,,,,,,,,,,1. Dec. 2010,31. Dec. 2099,TRUE,2021,10,27,2021-10-27,K7NEW
W7W/NO-170,WA-Northern Olympics,2620 D-Star Hill,799,2620,47.7303,-124.1148,2,0,0,WA DNR,Olympics Region:Coast District:Upper Clearwater Unit,,,,,Open,Open,,,1. Dec. 2010,31. Dec. 2099,TRUE,1899,12,30,,
W7W/NO-171,WA-Northern Olympics,Burnt Hill,786,2580,48.021,-123.1084,2,0,6,,,,,,,,,,,1. Dec. 2010,31. Dec. 2099,TRUE,2011,12,31,2011-12-31,K7NEW
W7W/NO-172,WA-Northern Olympics,Skid Row,781,2563,47.9123,-122.9558,2,0,0,USFS,Olympic NF,,,,,Open,Open,,,1. Dec. 2010,31. Dec. 2099,TRUE,1899,12,30,,
W7W/NO-173,WA-Northern Olympics,Deadmans Hill,779,2556,48.0974,-124.1982,2,0,0,USFS,Olympic NF,,,,,Open,Open,,,1. Dec. 2010,31. Dec. 2099,TRUE,1899,12,30,,
W7W/NO-174,WA-Northern Olympics,Bigler Mountain,776,2545,48.0394,-124.1219,2,0,0,USFS,Olympic NF,FOREST PARTNERSHIP LLC,,,,Open/Unstated,Open,,,1. Dec. 2010,31. Dec. 2099,TRUE,1899,12,30,,
W7W/NO-175,WA-Northern Olympics,2525 Joyce Ridge,770,2525,48.1047,-123.7306,2,0,0,WA DNR,Olympics Region:Straits District:North Crescent Unit,,,,,Open,Open,,,1. Dec. 2010,31. Dec. 2099,TRUE,1899,12,30,,
W7W/NO-176,WA-Northern Olympics,2509 D-Layer Hill,765,2509,48.1366,-124.3114,2,0,0,WA DNR,Olympics Region:Ozette District:Sekiu Unit,,,,,Open,Open,,,1. Dec. 2010,31. Dec. 2099,TRUE,1899,12,30,,
W7W/NO-177,WA-Northern Olympics,2475 Continuity Hill,754,2475,48.0928,-123.703,2,0,0,WA DNR,Olympics Region:Straits District:North Crescent Unit,,,,,Open,Open,,,1. Dec. 2010,31. Dec. 2099,TRUE,1899,12,30,,
W7W/NO-178,WA-Northern Olympics,2462 Discriminator Hill,750,2462,48.1112,-123.9736,2,0,0,USFS,Olympic NF,,,,,Open,Open,,,1. Dec. 2010,31. Dec. 2099,TRUE,1899,12,30,,
W7W/NO-179,WA-Northern Olympics,Mount Octopus,750,2460,47.7494,-124.1777,2,0,0,WA DNR,Olympics Region:Coast District:Willy-Huel Unit,,,,,Open,Open,,,1. Dec. 2010,31. Dec. 2099,TRUE,1899,12,30,,
W7W/NO-180,WA-Northern Olympics,Lordodendron Hill,672,2204,47.8808,-122.9418,2,0,1,,,,,,,,,,,1. Dec. 2010,31. Dec. 2099,TRUE,2019,10,17,2019-10-17,KL0NP
W7W/NO-181,WA-Northern Olympics,2180 Beacon Hill,664,2180,47.9098,-124.2218,2,0,0,NPS,Olympic NP,,,,,Open,Open,,,1. Dec. 2010,31. Dec. 2099,TRUE,1899,12,30,,
W7W/NO-182,WA-Northern Olympics,2180 Astranaut Hill,664,2180,47.655,-124.0744,2,0,0,WA DNR,Olympics Region:Coast District:Upper Clearwater Unit,,,,,Open,Open,,,1. Dec. 2010,31. Dec. 2099,TRUE,1899,12,30,,
W7W/NO-183,WA-Northern Olympics,2175 Kelly Peak,663,2175,48.0831,-123.5955,2,0,1,,,,,,,,,,,1. Dec. 2010,31. Dec. 2099,TRUE,2021,4,1,2021-04-01,K7NEW
W7W/NO-184,WA-Northern Olympics,2175 Dry Hill,663,2175,48.0782,-123.5376,2,0,0,WA DNR,Olympics Region:Straits District:Port Angeles Unit,,,,,Open,Open,,,1. Dec. 2010,31. Dec. 2099,TRUE,1899,12,30,,
W7W/NO-185,WA-Northern Olympics,Blyn Mountain,652,2140,48.0161,-122.9266,2,0,1,,,,,,,,,,,1. Dec. 2010,31. Dec. 2099,TRUE,2013,5,1,2013-05-01,W7IMC
W7W/NO-186,WA-Northern Olympics,Stolzenberg Mountain,649,2128,48.1806,-124.4078,2,0,0,OLYMPIC TIMBER LLC,,,,,,Unstated,Permit (Paid)/Request,,,1. Dec. 2010,31. Dec. 2099,TRUE,1899,12,30,,
W7W/NO-187,WA-Northern Olympics,Big Skidder Hill,648,2126,47.9512,-122.9236,2,0,0,WA DNR,Olympics Region:Straits District:NE Jefferson Unit,,,,,Open,Open,,,1. Dec. 2010,31. Dec. 2099,TRUE,1899,12,30,,
W7W/NO-188,WA-Northern Olympics,2100 Backscatter Hill,640,2100,48.1205,-124.0213,2,0,1,,,,,,,,,,,1. Dec. 2010,31. Dec. 2099,TRUE,2022,8,28,2022-08-28,KL0NP
W7W/NO-189,WA-Northern Olympics,2060 Squelch Hill,628,2060,48.1149,-124.0854,2,0,1,,,,,,,,,,,1. Dec. 2010,31. Dec. 2099,TRUE,2022,8,28,2022-08-28,KL0NP
W7W/NO-190,WA-Northern Olympics,Lost Mountain,628,2060,48.0336,-123.2053,2,0,0,SHACKELTON LLC,,,,,,Unstated,Unstated,,,1. Dec. 2010,31. Dec. 2099,TRUE,1899,12,30,,
W7W/NO-191,WA-Northern Olympics,2025 Throughput Hill,617,2025,48.0852,-123.6755,2,0,0,WA DNR,Olympics Region:Straits District:North Crescent Unit,,,,,Open,Open,,,1. Dec. 2010,31. Dec. 2099,TRUE,1899,12,30,,
W7W/NO-192,WA-Northern Olympics,2018 Discovery View Hill,615,2018,48.0114,-122.9502,2,0,33,,,,,,,,,,,1. Dec. 2010,31. Dec. 2099,TRUE,2013,12,21,2013-12-21,"K7NEW,KF7JQV"
W7W/NO-193,WA-Northern Olympics,Snag Peak,614,2015,48.2081,-124.5214,2,0,0,OLYMPIC TIMBER LLC,,,,,,Unstated,Permit (Paid)/Request,,,1. Dec. 2010,31. Dec. 2099,TRUE,1899,12,30,,
W7W/NO-194,WA-Northern Olympics,1984 Wavelength Hill,605,1984,48.23,-124.5322,2,0,0,OLYMPIC TIMBER LLC,,,,,,Unstated,Permit (Paid)/Request,,,1. Dec. 2010,31. Dec. 2099,TRUE,1899,12,30,,
W7W/NO-195,WA-Northern Olympics,1967 Vee Beam Hill,600,1967,48.1881,-124.3677,2,0,0,WA DNR,Olympics Region:Ozette District:Clallam River Unit,,,,,Open,Open,,,1. Dec. 2010,31. Dec. 2099,TRUE,1899,12,30,,
W7W/NO-196,WA-Northern Olympics,1956 Selectivity Hill,596,1956,48.1191,-124.4129,2,0,0,RAYONIER FOREST RESOURCES LP,Clallam&west Jefferson counties,,,,,Unstated,Changing,,,1. Dec. 2010,31. Dec. 2099,TRUE,1899,12,30,,
W7W/NO-197,WA-Northern Olympics,Sekiu Mountain,592,1943,48.2145,-124.4692,2,0,0,OLYMPIC PENINSULA TIMBERLANDS LLC,,OLYMPIC TIMBER LLC,,,,Unstated/Permit,Permit (Free),,,1. Dec. 2010,31. Dec. 2099,TRUE,1899,12,30,,
W7W/NO-198,WA-Northern Olympics,Sooes Pk,591,1940,48.2847,-124.591,2,0,0,Makah Indian Reservation,,,,,,Restricted?,Restricted?,,,1. Dec. 2010,30. Nov. 2016,FALSE,1899,12,30,,
W7W/NO-199,WA-Northern Olympics,1886 Rockbound Hill,575,1886,48.2535,-124.5324,2,0,0,Makah Indian Reservation,,,,,,Restricted?,Restricted?,,,1. Dec. 2010,31. Dec. 2099,TRUE,1899,12,30,,
W7W/NO-200,WA-Northern Olympics,Calawah Ridge,561,1841,48.0019,-124.3122,2,0,0,USFS,Olympic NF,,,,,Open,Open,,,1. Dec. 2010,31. Dec. 2099,TRUE,1899,12,30,,
W7W/NO-201,WA-Northern Olympics,1825 Q Signal Hill,556,1825,48.1151,-123.8018,2,0,3,,,,,,,,,,,1. Dec. 2010,31. Dec. 2099,TRUE,2014,8,30,2014-08-30,K7NEW
W7W/NO-202,WA-Northern Olympics,1811 Preamplifier Hill,552,1811,48.0362,-124.1873,2,0,0,USFS,Olympic NF,,,,,Open,Open,,,1. Dec. 2010,31. Dec. 2099,TRUE,1899,12,30,,
W7W/NO-203,WA-Northern Olympics,Tyee Hill,548,1798,48.0874,-124.3474,2,0,0,WA DNR,Olympics Region:Ozette District:Dickodochtedar Unit,RAYONIER FOREST RESOURCES LP,,,,Open/Unstated,Open,,,1. Dec. 2010,31. Dec. 2099,TRUE,1899,12,30,,
W7W/NO-204,WA-Northern Olympics,1780 Passband Hill,543,1780,47.9383,-124.1889,2,0,0,NPS,Olympic NP,USFS,Olympic NF,,,Open,Open,,,1. Dec. 2010,31. Dec. 2099,TRUE,1899,12,30,,
W7W/NO-205,WA-Northern Olympics,1780 Scanner Hill,543,1780,48.2366,-124.4931,2,0,0,OLYMPIC TIMBER LLC,,,,,,Unstated,Permit (Paid)/Request,,,1. Dec. 2010,31. Dec. 2099,TRUE,1899,12,30,,
W7W/NO-206,WA-Northern Olympics,1765 Resonant Hill,538,1765,48.1625,-124.264,2,0,0,RING FAMILY LP,,BLOEDEL TIMBERLANDS DEV INC,,,,Unstated/Unstated,Unstated,,,1. Dec. 2010,31. Dec. 2099,TRUE,1899,12,30,,
W7W/NO-207,WA-Northern Olympics,1762 Phase Hill,537,1762,48.1209,-124.2467,2,0,0,USFS,Olympic NF,,,,,Open,Open,,,1. Dec. 2010,31. Dec. 2099,TRUE,1899,12,30,,
W7W/NO-208,WA-Northern Olympics,Reade Hill,533,1748,47.8898,-124.2965,2,0,0,USFS,Olympic NF,,,,,Open,Open,,,1. Dec. 2010,31. Dec. 2099,TRUE,1899,12,30,,
W7W/NO-209,WA-Northern Olympics,Elk Ridge,530,1740,47.9329,-124.2651,2,0,0,USFS,Olympic NF,,,,,Open,Open,,,1. Dec. 2010,31. Dec. 2099,TRUE,1899,12,30,,
W7W/NO-210,WA-Northern Olympics,1718 Re-Transmission Hill,524,1718,48.0164,-124.1479,2,0,0,FOREST PARTNERSHIP LLC,,,,,,Unstated,Unstated,,,1. Dec. 2010,31. Dec. 2099,TRUE,1899,12,30,,
W7W/NO-211,WA-Northern Olympics,1717 Intermediate Frequency Hill,523,1717,48.1314,-124.3401,2,0,0,RAYONIER FOREST RESOURCES LP,Clallam&west Jefferson counties,,,,,Unstated,Changing,,,1. Dec. 2010,31. Dec. 2099,TRUE,1899,12,30,,
W7W/NO-212,WA-Northern Olympics,1685 Low Earth Orbit Hill,514,1685,48.0799,-124.2315,2,0,0,WA DNR,Olympics Region:Ozette District:Upper Sol Duc Unit,,,,,Open,Open,,,1. Dec. 2010,31. Dec. 2099,TRUE,1899,12,30,,
W7W/NO-213,WA-Northern Olympics,1681 Meteor Hill,512,1681,48.0272,-124.2413,2,0,0,USFS,Olympic NF,,,,,Open,Open,,,1. Dec. 2010,31. Dec. 2099,TRUE,1899,12,30,,
W7W/NO-214,WA-Northern Olympics,1679 Monoband Hill,512,1679,47.66,-123.8926,2,0,0,NPS,Olympic NP,,,,,Open,Open,,,1. Dec. 2010,31. Dec. 2099,TRUE,1899,12,30,,
W7W/NO-215,WA-Northern Olympics,West Makah Peaks,511,1676,48.2931,-124.6176,2,0,0,Makah Indian Reservation,,,,,,Restricted?,Restricted?,,,1. Dec. 2010,31. Dec. 2099,TRUE,1899,12,30,,
W7W/NO-216,WA-Northern Olympics,1658 Mixer Hill,505,1658,48.267,-124.5828,2,0,0,OLYMPIC PENINSULA TIMBERLANDS LLC,,,,,,Permit,Permit (Free),,,1. Dec. 2010,31. Dec. 2099,TRUE,1899,12,30,,
W7W/NO-217,WA-Northern Olympics,1620 Message Hill,494,1620,47.9082,-124.2671,1,0,0,USFS,Olympic NF,,,,,Open,Open,,,1. Dec. 2010,31. Dec. 2099,TRUE,1899,12,30,,
W7W/NO-218,WA-Northern Olympics,1580 Meteor Scatter Hill,482,1580,48.1267,-124.4454,1,0,0,RAYONIER FOREST RESOURCES LP,Clallam&west Jefferson counties,,,,,Unstated,Changing,,,1. Dec. 2010,31. Dec. 2099,TRUE,1899,12,30,,
W7W/NO-219,WA-Northern Olympics,1580 Lowpass Hill,482,1580,47.6863,-124.23,1,0,0,WA DNR,Olympics Region:Coast District:Copper Mine Unit,,,,,Open,Open,,,1. Dec. 2010,31. Dec. 2099,TRUE,1899,12,30,,
W7W/NO-220,WA-Northern Olympics,1575 Fading Hill,480,1575,48.1035,-123.6334,1,0,0,WA DNR,Olympics Region:Straits District:North Crescent Unit,SHAWN AND JERI HANKINS,,INDRAJITH J AND MARIA GUNASEKARA AND WILLIQUETTE,,Open/Restricted/Restricted,Open,,,1. Dec. 2010,31. Dec. 2099,TRUE,1899,12,30,,
W7W/NO-221,WA-Northern Olympics,1540 Grandfather Hill,469,1540,48.1926,-124.3374,1,0,0,WA DNR,Olympics Region:Ozette District:Clallam River Unit,,,,,Open,Open,,,1. Dec. 2010,31. Dec. 2099,TRUE,1899,12,30,,
W7W/NO-222,WA-Northern Olympics,1468 Lower Sideband Hill,447,1468,48.2068,-124.321,1,0,0,WA DNR,Olympics Region:Ozette District:Clallam River Unit,,,,,Open,Open,,,1. Dec. 2010,31. Dec. 2099,TRUE,1899,12,30,,
W7W/NO-223,WA-Northern Olympics,1460 EME Hill,445,1460,47.8081,-124.2957,1,0,0,WA DNR,Olympics Region:Coast District:Kalaloch Unit,,,,,Open,Open,,,1. Dec. 2010,31. Dec. 2099,TRUE,1899,12,30,,
W7W/NO-224,WA-Northern Olympics,1454 General Class Hill,443,1454,47.6632,-124.2935,1,0,0,WA DNR,Olympics Region:Coast District:Kalaloch Unit,,,,,Open,Open,,,1. Dec. 2010,31. Dec. 2099,TRUE,1899,12,30,,
W7W/NO-225,WA-Northern Olympics,1426 Ragchew Hill,435,1426,47.7701,-124.2285,1,0,0,FRUIT GROWERS SUPPLY COMPANY,,,,,,Open?,Open,,,1. Dec. 2010,31. Dec. 2099,TRUE,1899,12,30,,
W7W/NO-226,WA-Northern Olympics,1420 Radiogram Hill,433,1420,48.204,-124.3801,1,0,0,OLYMPIC TIMBER LLC,,,,,,Unstated,Permit (Paid)/Request,,,1. Dec. 2010,31. Dec. 2099,TRUE,1899,12,30,,
W7W/NO-227,WA-Northern Olympics,Bahokus Peak,433,1420,48.371,-124.6705,1,0,3,,,,,,,,,,,1. Dec. 2010,31. Dec. 2099,TRUE,2017,5,22,2017-05-22,"WA7BAR,WA7JIL"
W7W/NO-228,WA-Northern Olympics,1420 Relay Hill,433,1420,47.6898,-124.2617,1,0,0,WA DNR,Olympics Region:Coast District:Copper Mine Unit,,,,,Open,Open,,,1. Dec. 2010,31. Dec. 2099,TRUE,1899,12,30,,
W7W/NO-229,WA-Northern Olympics,1393 Propagation Hill,425,1393,47.6901,-124.1222,1,0,0,WA DNR,Olympics Region:Coast District:Upper Clearwater Unit,,,,,Open,Open,,,1. Dec. 2010,31. Dec. 2099,TRUE,1899,12,30,,
W7W/NO-230,WA-Northern Olympics,Waatch Peak,411,1350,48.3197,-124.6289,1,0,0,Makah Indian Reservation,,,,,,Restricted?,Restricted?,,,1. Dec. 2010,31. Dec. 2099,TRUE,1899,12,30,,
W7W/NO-231,WA-Northern Olympics,Skid Mark,409,1341,47.8945,-122.9235,1,0,0,MARTIN C SAUNDERS,,,,,,Restricted,Unstated,,,1. Dec. 2010,31. Dec. 2099,TRUE,1899,12,30,,
W7W/NO-232,WA-Northern Olympics,1306 Radio Control Hill,398,1306,48.1028,-124.3125,1,0,0,RAYONIER FOREST RESOURCES LP,Clallam&west Jefferson counties,,,,,Unstated,Changing,,,1. Dec. 2010,31. Dec. 2099,TRUE,1899,12,30,,
W7W/NO-233,WA-Northern Olympics,1293 Troposphere Hill,394,1293,48.3029,-124.4788,1,0,0,OLYMPIC TIMBER LLC,,,,,,Unstated,Permit (Paid)/Request,,,1. Dec. 2010,31. Dec. 2099,TRUE,1899,12,30,,
W7W/NO-234,WA-Northern Olympics,1300 Signal Hill,396,1300,48.1342,-124.225,1,0,0,USFS,Olympic NF,OLYMPIC PENINSULA TIMBERLANDS LLC,,,,Open/Permit,Open,,,1. Dec. 2010,31. Dec. 2099,TRUE,1899,12,30,,
W7W/NO-235,WA-Northern Olympics,1260 Novice Hill,384,1260,48.1339,-124.3597,1,0,0,RAYONIER FOREST RESOURCES LP,Clallam&west Jefferson counties,,,,,Unstated,Changing,,,1. Dec. 2010,31. Dec. 2099,TRUE,1899,12,30,,
W7W/NO-236,WA-Northern Olympics,1258 Transponder Hill,383,1258,48.2237,-124.3863,1,0,0,OLYMPIC TIMBER LLC,,,,,,Unstated,Permit (Paid)/Request,,,1. Dec. 2010,31. Dec. 2099,TRUE,1899,12,30,,
W7W/NO-237,WA-Northern Olympics,1238 Spot Hill,377,1238,48.2404,-124.4348,1,0,0,WA DNR,Olympics Region:Ozette District:Sekiu Unit,OLYMPIC TIMBER LLC,,,,Unstated/Open,Open,,,1. Dec. 2010,31. Dec. 2099,TRUE,1899,12,30,,
W7W/NO-238,WA-Northern Olympics,1222 Transistor Hill,372,1222,47.8566,-124.3826,1,0,1,WA DNR,Olympics Region:Ozette District:Goodman Creek Unit,,,,,Open,Open,,,1. Dec. 2010,31. Dec. 2099,TRUE,2025,4,17,2025-04-17,K5EM
W7W/NO-239,WA-Northern Olympics,1220 Traffic Hill,372,1220,48.0377,-124.2979,1,0,0,USFS,Olympic NF,,,,,Open,Open,,,1. Dec. 2010,31. Dec. 2099,TRUE,1899,12,30,,
W7W/NO-240,WA-Northern Olympics,Gunderson Mountain,372,1220,48.0075,-124.4155,1,0,0,WA DNR,Olympics Region:Ozette District:Dickodochtedar Unit,RAYONIER FOREST RESOURCES LP,,,,Open,Open,,,1. Dec. 2010,31. Dec. 2099,TRUE,1899,12,30,,
W7W/NO-241,WA-Northern Olympics,Hoh Benchmark,370,1214,47.768,-124.4117,1,0,0,FRUIT GROWERS SUPPLY COMPANY,,,,,,Open?,Open,,,1. Dec. 2010,31. Dec. 2099,TRUE,1899,12,30,,
W7W/NO-242,WA-Northern Olympics,1198 Space Station Hill,365,1198,48.2842,-124.506,1,0,0,OLYMPIC TIMBER LLC,,,,,,Unstated,Permit (Paid)/Request,,,1. Dec. 2010,31. Dec. 2099,TRUE,1899,12,30,,
W7W/NO-243,WA-Northern Olympics,1184 Skip Hill,361,1184,48.2054,-124.5924,1,0,0,OLYMPIC PENINSULA TIMBERLANDS LLC,,,,,,Permit,Permit (Free),,,1. Dec. 2010,31. Dec. 2016,FALSE,1899,12,30,,
W7W/NO-244,WA-Northern Olympics,1180 Software Hill,360,1180,48.2282,-124.1681,1,0,0,JLCG LLC,,RING FAMILY LP,,,,Unstated/Unstated,Unstated,,,1. Dec. 2010,31. Dec. 2099,TRUE,1899,12,30,,
W7W/NO-245,WA-Northern Olympics,1180 Subaudible Hill,360,1180,48.1903,-124.6429,1,0,0,OLYMPIC PENINSULA TIMBERLANDS LLC,,,,,,Permit,Permit (Free),,,1. Dec. 2010,31. Dec. 2099,TRUE,1899,12,30,,
W7W/NO-246,WA-Northern Olympics,1180 Technician Hill,360,1180,48.3271,-124.6058,1,0,0,Makah Indian Reservation,,,,,,Restricted?,Restricted?,,,1. Dec. 2010,31. Dec. 2099,TRUE,1899,12,30,,
W7W/NO-247,WA-Northern Olympics,1180 Third Party Hill,360,1180,47.5494,-124.0677,1,0,0,WA DNR,Olympics Region:Coast District:Queets Unit,,,,,Open,Open,,,1. Dec. 2010,31. Dec. 2099,TRUE,1899,12,30,,
W7W/NO-248,WA-Northern Olympics,1180 Telescope Hill,360,1180,47.8175,-124.3524,1,0,0,WA DNR,Olympics Region:Ozette District:Goodman Creek Unit,,,,,Open,Open,,,1. Dec. 2010,31. Dec. 2099,TRUE,1899,12,30,,
W7W/NO-249,WA-Northern Olympics,1175 Top Loaded Hill,358,1175,48.1525,-123.9798,1,0,0,RAYONIER FOREST RESOURCES LP,Deep Creek Permit Area,,,,,Unstated,Permit (Paid),,,1. Dec. 2010,31. Dec. 2099,TRUE,1899,12,30,,
W7W/NO-250,WA-Northern Olympics,Striped Peak,355,1166,48.1565,-123.6846,1,0,7,,,,,,,,,,,1. Dec. 2010,31. Dec. 2099,TRUE,2015,5,12,2015-05-12,W7/DL6AP/P
W7W/NO-251,WA-Northern Olympics,1140 Remote Bass Hill,347,1140,48.1555,-124.0807,1,0,0,RING FAMILY LP,,,,,,Unstated,Unstated,,,1. Dec. 2010,31. Dec. 2099,TRUE,1899,12,30,,
W7W/NO-252,WA-Northern Olympics,1140 Mobile Hill,347,1140,48.2035,-124.5521,1,0,0,OLYMPIC TIMBER LLC,,,,,,Unstated,Permit (Paid)/Request,,,1. Dec. 2010,31. Dec. 2099,TRUE,1899,12,30,,
W7W/NO-253,WA-Northern Olympics,1100 Modulator Hill,335,1100,48.0585,-124.4819,1,0,0,RAYONIER FOREST RESOURCES LP,Clallam&west Jefferson counties,,,,,Unstated,Changing,,,1. Dec. 2010,31. Dec. 2099,TRUE,1899,12,30,,
W7W/NO-254,WA-Northern Olympics,1098 Maidenhead Hill,335,1098,48.143,-124.5227,1,0,0,OLYMPIC PENINSULA TIMBERLANDS LLC,,RAYONIER FOREST RESOURCES LP,,,,Unstated/Permit,Permit (Free),,,1. Dec. 2010,31. Dec. 2099,TRUE,1899,12,30,,
W7W/NO-255,WA-Northern Olympics,1060 End Fed Hill,323,1060,48.1301,-124.5487,1,0,0,JLCG LLC,,,,,,Unstated,Unstated,,,1. Dec. 2010,31. Dec. 2099,TRUE,1899,12,30,,
W7W/NO-256,WA-Northern Olympics,Bite Benchmark,287,940,48.0181,-124.6272,1,0,0,RAYONIER FOREST RESOURCES LP,Clallam&west Jefferson counties,,,,,Unstated,Changing,,,1. Dec. 2010,31. Dec. 2099,TRUE,1899,12,30,,
W7W/NO-257,WA-Northern Olympics,923 Feed Point Hill,281,923,48.0283,-124.457,1,0,0,RAYONIER FOREST RESOURCES LP,Clallam&west Jefferson counties,,,,,Unstated,Changing,,,1. Dec. 2010,31. Dec. 2099,TRUE,1899,12,30,,
W7W/NO-258,WA-Northern Olympics,Pointless Peak,277,910,47.9899,-122.8429,1,0,0,CITY OF PORT TOWNSEND,City Lake Reservoir,POPE RESOURCES,,,,Unstated/Permit,Unstated,,,1. Dec. 2010,31. Dec. 2099,TRUE,1899,12,30,,
W7W/NO-259,WA-Northern Olympics,820 Half Square Hill,250,820,48.2461,-124.2762,1,0,0,WA DNR,Olympics Region:Ozette District:Clallam River Unit,,,,,Open,Open,,,1. Dec. 2010,31. Dec. 2099,TRUE,1899,12,30,,
W7W/NO-260,WA-Northern Olympics,Birkestol Hill,250,820,48.0504,-124.5986,1,0,0,WA DNR,Olympics Region:Ozette District:Dickodochtedar Unit,,,,,Open,Open,,,1. Dec. 2010,31. Dec. 2099,TRUE,1899,12,30,,
W7W/NO-261,WA-Northern Olympics,780 Ground Wave Hill,238,780,48.216,-124.1107,1,0,0,PYSHT PROP LLC,,,,,,Unstated,Unstated,,,1. Dec. 2010,31. Dec. 2099,TRUE,1899,12,30,,
W7W/NO-262,WA-Northern Olympics,6434,1961,6434,47.9034,-123.3055,6,3,0,NPS,Olympic NP,,,,,Open,Open,,,1. Dec. 2016,31. Dec. 2099,TRUE,1899,12,30,,
W7W/NO-263,WA-Northern Olympics,5575,1699,5575,48.0138,-123.6903,6,3,1,,,,,,,,,,,1. Dec. 2016,31. Dec. 2099,TRUE,2020,5,29,2020-05-29,KL0NP
W7W/NO-264,WA-Northern Olympics,Bogachiel Peak,1668,5474,47.9053,-123.7775,6,3,6,,,,,,,,,,,1. Dec. 2016,31. Dec. 2099,TRUE,2017,8,31,2017-08-31,K7RR
W7W/NO-265,WA-Northern Olympics,Rhodie Mountain,1071,3513,47.6957,-122.9848,4,0,0,USFS,Olympic NF,,,,,Open,Open,,,1. Dec. 2016,31. Dec. 2099,TRUE,1899,12,30,,
W7W/NO-266,WA-Northern Olympics,3380,1030,3380,47.5849,-123.7981,4,0,0,NPS,Olympic NP,USFS,Olympic NF,,,Open,Open,,,1. Dec. 2016,31. Dec. 2099,TRUE,1899,12,30,,
W7W/NO-267,WA-Northern Olympics,3325,1013,3325,48.0305,-124.0456,4,0,0,USFS,Olympic NF,,,,,Open,Open,,,1. Dec. 2016,31. Dec. 2016,FALSE,1899,12,30,,
W7W/NO-268,WA-Northern Olympics,Sooes Peak,604,1980,48.2847,-124.591,2,0,0,Makah Indian Reservation,,,,,,Restricted?,Restricted?,,,1. Dec. 2016,31. Dec. 2016,FALSE,1899,12,30,,
W7W/NO-269,WA-Northern Olympics,1180,360,1180,48.2096,-124.594,1,0,0,OLYMPIC PENINSULA TIMBERLANDS LLC,,,,,,Permit,Permit (Free),,,1. Dec. 2016,31. Dec. 2099,TRUE,1899,12,30,,
W7W/OK-001,WA-Okanogan,North Gardner Mountain,2730,8956,48.5151,-120.5016,10,3,3,,,,,,,,,,,1. Dec. 2010,31. Dec. 2099,TRUE,2022,7,1,2022-07-01,"WE7CAT,KL0NP"
W7W/OK-002,WA-Okanogan,Gardner Mountain,2712,8898,48.5071,-120.4882,10,3,1,,,,,,,,,,,1. Dec. 2010,31. Dec. 2099,TRUE,2024,9,1,2024-09-01,KJ7RTO
W7W/OK-003,WA-Okanogan,Silver Star Mountain,2705,8876,48.5479,-120.5853,10,3,2,,,,,,,,,,,1. Dec. 2010,31. Dec. 2099,TRUE,2022,7,1,2022-07-01,KJ7RTO
W7W/OK-004,WA-Okanogan,Oval Peak,2681,8795,48.2872,-120.4249,10,3,1,,,,,,,,,,,1. Dec. 2010,31. Dec. 2099,TRUE,2021,9,26,2021-09-26,KJ7RTO
W7W/OK-005,WA-Okanogan,Mount Lago,2665,8745,48.8292,-120.5374,10,3,0,USFS,Okanogan NF,,,,,Open,Open,,,1. Dec. 2010,31. Dec. 2099,TRUE,1899,12,30,,
W7W/OK-006,WA-Okanogan,Robinson Mountain,2660,8726,48.7265,-120.5748,10,3,1,,,,,,,,,,,1. Dec. 2010,31. Dec. 2099,TRUE,2022,7,27,2022-07-27,KJ7RTO
W7W/OK-007,WA-Okanogan,Remmel Mountain,2647,8685,48.9234,-120.197,10,3,0,USFS,Okanogan NF,,,,,Open,Open,,,1. Dec. 2010,31. Dec. 2099,TRUE,1899,12,30,,
W7W/OK-008,WA-Okanogan,Ptarmigan Peak,2626,8614,48.8661,-120.5323,10,3,0,USFS,Okanogan NF,,,,,Open,Open,,,1. Dec. 2010,31. Dec. 2099,TRUE,1899,12,30,,
W7W/OK-009,WA-Okanogan,Cathedral Peak,2622,8601,48.9892,-120.1889,10,3,0,USFS,Okanogan NF,,,,,Open,Open,,,1. Dec. 2010,31. Dec. 2099,TRUE,1899,12,30,,
W7W/OK-010,WA-Okanogan,Mount Carru,2620,8595,48.8319,-120.5543,10,3,0,USFS,Okanogan NF,,,,,Open,Open,,,1. Dec. 2010,31. Dec. 2099,TRUE,1899,12,30,,
W7W/OK-011,WA-Okanogan,Monument Peak,2619,8592,48.7938,-120.5434,10,3,0,USFS,Okanogan NF,,,,,Open,Open,,,1. Dec. 2010,31. Dec. 2099,TRUE,1899,12,30,,
W7W/OK-012,WA-Okanogan,Raven Ridge,2618,8590,48.2379,-120.3318,10,3,1,,,,,,,,,,,1. Dec. 2010,31. Dec. 2099,TRUE,2022,8,28,2022-08-28,KJ7RTO
W7W/OK-013,WA-Okanogan,Osceola Peak,2617,8587,48.8308,-120.5764,10,3,0,USFS,Okanogan NF,,,,,Open,Open,,,1. Dec. 2010,31. Dec. 2099,TRUE,1899,12,30,,
W7W/OK-014,WA-Okanogan,Big Craggy Peak,2582,8470,48.7629,-120.328,10,3,1,,,,,,,,,,,1. Dec. 2010,31. Dec. 2099,TRUE,2022,9,24,2022-09-24,KJ7RTO
W7W/OK-015,WA-Okanogan,Lost Peak,2580,8464,48.8128,-120.4582,10,3,0,USFS,Okanogan NF,,,,,Open,Open,,,1. Dec. 2010,31. Dec. 2099,TRUE,1899,12,30,,
W7W/OK-016,WA-Okanogan,Lake Mountain,2551,8371,48.7815,-120.5115,10,3,0,USFS,Okanogan NF,,,,,Open,Open,,,1. Dec. 2010,31. Dec. 2099,TRUE,1899,12,30,,
W7W/OK-017,WA-Okanogan,Golden Horn,2550,8366,48.6033,-120.7327,10,3,0,USFS,Okanogan NF,,,,,Open,Open,,,1. Dec. 2010,31. Dec. 2099,TRUE,1899,12,30,,
W7W/OK-018,WA-Okanogan,West Craggy,2550,8366,48.7623,-120.346,10,3,1,,,,,,,,,,,1. Dec. 2010,31. Dec. 2099,TRUE,2022,9,24,2022-09-24,KJ7RTO
W7W/OK-019,WA-Okanogan,Amphitheater Mountain,2548,8358,48.9756,-120.1923,10,3,0,USFS,Okanogan NF,,,,,Open,Open,,,1. Dec. 2010,31. Dec. 2099,TRUE,1899,12,30,,
W7W/OK-020,WA-Okanogan,Windy Peak,2540,8333,48.9282,-119.9707,10,3,1,,,,,,,,,,,1. Dec. 2010,31. Dec. 2099,TRUE,2020,10,3,2020-10-03,K7DJL
W7W/OK-021,WA-Okanogan,Snagtooth Ridge,2539,8330,48.5345,-120.5895,10,3,0,USFS,Okanogan NF,,,,,Open,Open,,,1. Dec. 2010,31. Dec. 2099,TRUE,1899,12,30,,
W7W/OK-022,WA-Okanogan,Abernathy Peak,2536,8321,48.4777,-120.5245,10,3,0,USFS,Okanogan NF,,,,,Open,Open,,,1. Dec. 2010,31. Dec. 2099,TRUE,1899,12,30,,
W7W/OK-023,WA-Okanogan,Andrew Peak,2530,8301,48.9202,-120.2277,10,3,0,USFS,Okanogan NF,,,,,Open,Open,,,1. Dec. 2010,31. Dec. 2099,TRUE,1899,12,30,,
W7W/OK-024,WA-Okanogan,Kangaroo Ridge,2530,8300,48.5193,-120.6174,10,3,0,USFS,Okanogan NF,,,,,Open,Open,,,1. Dec. 2010,31. Dec. 2099,TRUE,1899,12,30,,
W7W/OK-025,WA-Okanogan,Apex Mountain,2529,8297,48.9616,-120.1453,10,3,0,USFS,Okanogan NF,,,,,Open,Open,,,1. Dec. 2010,31. Dec. 2099,TRUE,1899,12,30,,
W7W/OK-026,WA-Okanogan,Sheep Mountain,2522,8274,48.9766,-120.3886,10,3,0,USFS,Okanogan NF,,,,,Open,Open,,,1. Dec. 2010,31. Dec. 2099,TRUE,1899,12,30,,
W7W/OK-027,WA-Okanogan,Buttermilk Ridge,2520,8267,48.2664,-120.4354,10,3,0,USFS,Okanogan NF,,,,,Open,Open,,,1. Dec. 2010,31. Dec. 2099,TRUE,1899,12,30,,
W7W/OK-028,WA-Okanogan,Silver Moon,2515,8252,48.5478,-120.5696,10,3,0,USFS,Okanogan NF,,,,,Open,Open,,,1. Dec. 2010,31. Dec. 2099,TRUE,1899,12,30,,
W7W/OK-029,WA-Okanogan,Tiffany Mountain,2513,8245,48.6695,-119.9325,10,3,40,,,,,,,,,,,1. Dec. 2010,31. Dec. 2099,TRUE,2012,8,1,2012-08-01,N7RR
W7W/OK-030,WA-Okanogan,Many Trails Peak,2512,8241,48.8518,-120.4682,10,3,0,USFS,Okanogan NF,,,,,Open,Open,,,1. Dec. 2010,31. Dec. 2099,TRUE,1899,12,30,,
W7W/OK-031,WA-Okanogan,Fool Hen Mountain,2490,8168,48.8554,-120.3176,8,3,0,USFS,Okanogan NF,,,,,Open,Open,,,1. Dec. 2010,31. Dec. 2099,TRUE,1899,12,30,,
W7W/OK-032,WA-Okanogan,Peepsight Mountain,2483,8146,48.897,-120.2381,8,3,0,USFS,Okanogan NF,,,,,Open,Open,,,1. Dec. 2010,31. Dec. 2099,TRUE,1899,12,30,,
W7W/OK-033,WA-Okanogan,Sunrise Peak,2482,8144,48.7305,-120.3738,8,3,0,USFS,Okanogan NF,,,,,Open,Open,,,1. Dec. 2010,31. Dec. 2099,TRUE,1899,12,30,,
W7W/OK-034,WA-Okanogan,"Needles, The",2481,8140,48.6009,-120.6536,8,3,0,USFS,Okanogan NF,,,,,Open,Open,,,1. Dec. 2010,30. Nov. 2016,FALSE,1899,12,30,,
W7W/OK-035,WA-Okanogan,Armstrong Mountain,2481,8139,48.998,-119.939,8,3,1,,,,,,,,,,,1. Dec. 2010,31. Dec. 2099,TRUE,2013,8,21,2013-08-21,W7TAO
W7W/OK-036,WA-Okanogan,Wolframite Mountain,2480,8137,48.9855,-120.1295,8,3,0,USFS,Okanogan NF,,,,,Open,Open,,,1. Dec. 2010,31. Dec. 2099,TRUE,1899,12,30,,
W7W/OK-037,WA-Okanogan,North Three Pinnacles,2476,8124,48.7814,-120.4391,8,3,0,USFS,Okanogan NF,,,,,Open,Open,,,1. Dec. 2010,31. Dec. 2099,TRUE,1899,12,30,,
W7W/OK-038,WA-Okanogan,Freds Mountain,2469,8100,48.9244,-120.2653,8,3,0,USFS,Okanogan NF,,,,,Open,Open,,,1. Dec. 2010,31. Dec. 2099,TRUE,1899,12,30,,
W7W/OK-039,WA-Okanogan,McLeod Mountain,2469,8099,48.7044,-120.3838,8,3,1,,,,,,,,,,,1. Dec. 2010,31. Dec. 2099,TRUE,2024,6,25,2024-06-25,KE7JWP
W7W/OK-040,WA-Okanogan,Mount Rolo,2468,8096,48.8086,-120.6014,8,3,0,USFS,Okanogan NF,,,,,Open,Open,,,1. Dec. 2010,31. Dec. 2099,TRUE,1899,12,30,,
W7W/OK-041,WA-Okanogan,Arnold Peak,2466,8090,48.9887,-119.9219,8,3,1,,,,,,,,,,,1. Dec. 2010,31. Dec. 2099,TRUE,2013,8,21,2013-08-21,W7TAO
W7W/OK-042,WA-Okanogan,Devils Peak,2463,8081,48.7361,-120.6136,8,3,0,USFS,Okanogan NF,,,,,Open,Open,,,1. Dec. 2010,31. Dec. 2099,TRUE,1899,12,30,,
W7W/OK-043,WA-Okanogan,Shelokum Mountain,2459,8069,48.5111,-120.5298,8,3,0,USFS,Okanogan NF,,,,,Open,Open,,,1. Dec. 2010,31. Dec. 2099,TRUE,1899,12,30,,
W7W/OK-044,WA-Okanogan,Bauerman Ridge,2452,8044,48.9772,-120.0667,8,3,0,USFS,Okanogan NF,,,,,Open,Open,,,1. Dec. 2010,31. Dec. 2099,TRUE,1899,12,30,,
W7W/OK-045,WA-Okanogan,Bauble Butte,2446,8025,48.8959,-120.3166,8,3,0,USFS,Okanogan NF,,,,,Open,Open,,,1. Dec. 2010,31. Dec. 2099,TRUE,1899,12,30,,
W7W/OK-046,WA-Okanogan,Gilbert Mountain,2445,8023,48.481,-120.5809,8,3,0,USFS,Okanogan NF,,,,,Open,Open,,,1. Dec. 2010,31. Dec. 2099,TRUE,1899,12,30,,
W7W/OK-047,WA-Okanogan,Holliway Mountain,2444,8020,48.6172,-120.7307,8,3,0,USFS,Okanogan NF,,,,,Open,Open,,,1. Dec. 2010,31. Dec. 2099,TRUE,1899,12,30,,
W7W/OK-048,WA-Okanogan,Rock Mountain,2430,7971,48.6903,-119.9168,8,3,8,,,,,,,,,,,1. Dec. 2010,31. Dec. 2099,TRUE,2013,8,29,2013-08-29,"K7MWP,N7RR"
W7W/OK-049,WA-Okanogan,Horseshoe Mountain,2425,7956,48.97,-119.9248,8,3,1,,,,,,,,,,,1. Dec. 2010,31. Dec. 2099,TRUE,2013,8,20,2013-08-20,W7TAO
W7W/OK-050,WA-Okanogan,West Two Point Mountain,2425,7955,48.9013,-120.382,8,3,0,USFS,Okanogan NF,,,,,Open,Open,,,1. Dec. 2010,31. Dec. 2099,TRUE,1899,12,30,,
W7W/OK-051,WA-Okanogan,Skeptical Butte,2423,7949,48.8828,-120.3398,8,3,0,USFS,Okanogan NF,,,,,Open,Open,,,1. Dec. 2010,31. Dec. 2099,TRUE,1899,12,30,,
W7W/OK-052,WA-Okanogan,Obstruction Peak,2420,7940,48.8055,-120.2591,8,3,0,USFS,Okanogan NF,,,,,Open,Open,,,1. Dec. 2010,31. Dec. 2099,TRUE,1899,12,30,,
W7W/OK-053,WA-Okanogan,Beauty Peak,2419,7935,48.7307,-120.5454,8,3,0,USFS,Okanogan NF,,,,,Open,Open,,,1. Dec. 2010,31. Dec. 2099,TRUE,1899,12,30,,
W7W/OK-054,WA-Okanogan,Bald Mountain,2417,7931,48.9535,-120.2595,8,3,0,USFS,Okanogan NF,,,,,Open,Open,,,1. Dec. 2010,31. Dec. 2099,TRUE,1899,12,30,,
W7W/OK-055,WA-Okanogan,Gilbert Mountain Northwest,2413,7917,48.4888,-120.605,8,3,0,USFS,Okanogan NF,,,,,Open,Open,,,1. Dec. 2010,31. Dec. 2099,TRUE,1899,12,30,,
W7W/OK-056,WA-Okanogan,Spirit Mountain,2411,7910,48.2656,-120.3783,8,3,0,USFS,Okanogan NF,,,,,Open,Open,,,1. Dec. 2010,31. Dec. 2099,TRUE,1899,12,30,,
W7W/OK-057,WA-Okanogan,Mother Lode,2409,7905,48.4436,-120.6151,8,3,0,USFS,Okanogan NF,,,,,Open,Open,,,1. Dec. 2010,31. Dec. 2099,TRUE,1899,12,30,,
W7W/OK-058,WA-Okanogan,Chopaka Mountain,2402,7880,48.9575,-119.7849,8,3,0,WA DNR,Chopaka Mountain NAP,,,,,Restricted,Open (special care),,,1. Dec. 2010,31. Dec. 2099,TRUE,1899,12,30,,
W7W/OK-059,WA-Okanogan,Haig Mountain,2397,7865,48.9819,-120.0083,8,3,0,USFS,Okanogan NF,,,,,Open,Open,,,1. Dec. 2010,31. Dec. 2099,TRUE,1899,12,30,,
W7W/OK-060,WA-Okanogan,Eightmile Peak,2396,7860,48.7767,-120.35,8,3,0,USFS,Okanogan NF,,,,,Open,Open,,,1. Dec. 2010,31. Dec. 2099,TRUE,1899,12,30,,
W7W/OK-061,WA-Okanogan,7857 Mount Regard,2395,7857,48.9964,-119.9727,8,3,1,,,,,,,,,,,1. Dec. 2010,31. Dec. 2099,TRUE,2013,8,22,2013-08-22,W7TAO
W7W/OK-062,WA-Okanogan,7851 Little Fool Hen Mountain,2393,7851,48.8137,-120.2942,8,3,0,USFS,Okanogan NF,,,,,Open,Open,,,1. Dec. 2010,31. Dec. 2099,TRUE,1899,12,30,,
W7W/OK-063,WA-Okanogan,Pasayten Peak,2393,7850,48.7955,-120.6708,8,3,0,USFS,Okanogan NF,,,,,Open,Open,,,1. Dec. 2010,31. Dec. 2099,TRUE,1899,12,30,,
W7W/OK-064,WA-Okanogan,Mount Winthrop,2393,7850,48.9728,-120.7675,8,3,0,USFS,Okanogan NF,,,,,Open,Open,,,1. Dec. 2010,31. Dec. 2099,TRUE,1899,12,30,,
W7W/OK-065,WA-Okanogan,Old Baldy,2391,7844,48.5899,-119.9562,8,3,1,USFS,Okanogan NF,,,,,Open,Open,,,1. Dec. 2010,31. Dec. 2099,TRUE,2025,10,5,2025-10-05,W7BPM
W7W/OK-066,WA-Okanogan,7838 Flaming Peak,2389,7838,48.8927,-120.2724,8,3,0,USFS,Okanogan NF,,,,,Open,Open,,,1. Dec. 2010,31. Dec. 2099,TRUE,1899,12,30,,
W7W/OK-067,WA-Okanogan,Hurley Peak,2385,7824,48.9715,-119.7767,8,3,0,WA DNR,Chopaka Mountain NAP,,,,,Restricted,Open (special care),,,1. Dec. 2010,31. Dec. 2099,TRUE,1899,12,30,,
W7W/OK-068,WA-Okanogan,Snowshoe Mountain,2383,7818,48.9899,-119.8481,8,3,0,WA DNR,Loomis NRCA,,,,,Open,Open (special care),,,1. Dec. 2010,31. Dec. 2099,TRUE,1899,12,30,,
W7W/OK-069,WA-Okanogan,7816 Snowshoe Ridge High Point,2382,7816,48.3041,-120.4699,8,3,0,USFS,Okanogan NF,,,,,Open,Open,,,1. Dec. 2010,31. Dec. 2099,TRUE,1899,12,30,,
W7W/OK-070,WA-Okanogan,Crescent Mountain,2382,7816,48.4423,-120.5984,8,3,0,USFS,Okanogan NF,,,,,Open,Open,,,1. Dec. 2010,31. Dec. 2099,TRUE,1899,12,30,,
W7W/OK-071,WA-Okanogan,Buckskin Ridge,2382,7815,48.8171,-120.6529,8,3,0,USFS,Okanogan NF,,,,,Open,Open,,,1. Dec. 2010,31. Dec. 2099,TRUE,1899,12,30,,
W7W/OK-072,WA-Okanogan,East Pistol Peaks,2378,7802,48.7554,-120.4846,8,3,0,USFS,Okanogan NF,,,,,Open,Open,,,1. Dec. 2010,31. Dec. 2099,TRUE,1899,12,30,,
W7W/OK-073,WA-Okanogan,7789 Catleap Peak,2374,7789,48.6157,-120.6573,8,3,0,USFS,Okanogan NF,,,,,Open,Open,,,1. Dec. 2010,31. Dec. 2099,TRUE,1899,12,30,,
W7W/OK-074,WA-Okanogan,7787 Louis Peak,2373,7787,48.399,-120.5929,8,3,0,USFS,Okanogan NF,,,,,Open,Open,,,1. Dec. 2010,31. Dec. 2099,TRUE,1899,12,30,,
W7W/OK-075,WA-Okanogan,Burch Mountain,2372,7782,48.797,-120.3052,8,3,0,USFS,Okanogan NF,,,,,Open,Open,,,1. Dec. 2010,31. Dec. 2099,TRUE,1899,12,30,,
W7W/OK-076,WA-Okanogan,Soda Peak,2363,7752,48.9133,-120.7196,8,3,0,USFS,Okanogan NF,,,,,Open,Open,,,1. Dec. 2010,31. Dec. 2099,TRUE,1899,12,30,,
W7W/OK-077,WA-Okanogan,Nanny Goat Mountain,2347,7700,48.8358,-120.3789,8,3,0,USFS,Okanogan NF,,,,,Open,Open,,,1. Dec. 2010,31. Dec. 2099,TRUE,1899,12,30,,
W7W/OK-078,WA-Okanogan,Straight Ridge,2347,7700,48.6078,-120.6973,8,3,0,USFS,Okanogan NF,,,,,Open,Open,,,1. Dec. 2010,31. Dec. 2099,TRUE,1899,12,30,,
W7W/OK-079,WA-Okanogan,7697 Dial Ridge,2346,7697,48.8035,-120.3161,8,3,0,USFS,Okanogan NF,,,,,Open,Open,,,1. Dec. 2010,31. Dec. 2099,TRUE,1899,12,30,,
W7W/OK-080,WA-Okanogan,Coleman Peak,2344,7690,48.8541,-120.0919,8,3,0,USFS,Okanogan NF,,,,,Open,Open,,,1. Dec. 2010,31. Dec. 2099,TRUE,1899,12,30,,
W7W/OK-081,WA-Okanogan,Dollar Watch Mountain,2341,7679,48.8953,-120.4072,8,3,0,USFS,Okanogan NF,,,,,Open,Open,,,1. Dec. 2010,31. Dec. 2099,TRUE,1899,12,30,,
W7W/OK-082,WA-Okanogan,7665 Gabril Point,2336,7665,48.9435,-120.3614,8,3,0,USFS,Okanogan NF,,,,,Open,Open,,,1. Dec. 2010,31. Dec. 2099,TRUE,1899,12,30,,
W7W/OK-083,WA-Okanogan,Rock Mountain,2329,7641,48.9834,-119.9552,8,3,2,,,,,,,,,,,1. Dec. 2010,31. Dec. 2099,TRUE,2013,8,22,2013-08-22,W7TAO
W7W/OK-084,WA-Okanogan,Billy Goat Mountain,2327,7633,48.8123,-120.3439,8,3,0,USFS,Okanogan NF,,,,,Open,Open,,,1. Dec. 2010,31. Dec. 2099,TRUE,1899,12,30,,
W7W/OK-085,WA-Okanogan,Midnight Mountain,2315,7595,48.4326,-120.4369,8,3,0,USFS,Okanogan NF,,,,,Open,Open,,,1. Dec. 2010,31. Dec. 2099,TRUE,1899,12,30,,
W7W/OK-086,WA-Okanogan,Holman Peak,2301,7550,48.8676,-120.7334,8,3,0,USFS,Okanogan NF,,,,,Open,Open,,,1. Dec. 2010,31. Dec. 2099,TRUE,1899,12,30,,
W7W/OK-087,WA-Okanogan,Williams Butte,2298,7540,48.3705,-120.528,8,3,0,USFS,Okanogan NF,,,,,Open,Open,,,1. Dec. 2010,31. Dec. 2099,TRUE,1899,12,30,,
W7W/OK-088,WA-Okanogan,Quartz Mountain,2295,7530,48.9557,-120.42,8,3,0,USFS,Okanogan NF,,,,,Open,Open,,,1. Dec. 2010,31. Dec. 2099,TRUE,1899,12,30,,
W7W/OK-089,WA-Okanogan,Cal Peak,2283,7489,48.9077,-120.1262,8,3,0,USFS,Okanogan NF,,,,,Open,Open,,,1. Dec. 2010,31. Dec. 2099,TRUE,1899,12,30,,
W7W/OK-090,WA-Okanogan,Farewell Peak,2267,7439,48.741,-120.2165,8,3,0,USFS,Okanogan NF,,,,,Open,Open,,,1. Dec. 2010,31. Dec. 2099,TRUE,1899,12,30,,
W7W/OK-091,WA-Okanogan,North Twentymile Peak,2267,7437,48.7516,-120.0683,8,3,2,,,,,,,,,,,1. Dec. 2010,31. Dec. 2099,TRUE,2015,9,22,2015-09-22,NU7A
W7W/OK-092,WA-Okanogan,7422 Flagg Mountain South,2262,7422,48.6177,-120.6294,8,3,0,USFS,Okanogan NF,,,,,Open,Open,,,1. Dec. 2010,31. Dec. 2099,TRUE,1899,12,30,,
W7W/OK-093,WA-Okanogan,South Chopaka Mountain,2253,7391,48.9351,-119.7462,8,3,0,WA DNR,Loomis State Forest,,,,,Open,Open,,,1. Dec. 2010,31. Dec. 2099,TRUE,1899,12,30,,
W7W/OK-094,WA-Okanogan,Granite Mountain,2245,7366,48.4964,-119.8973,8,3,0,USFS,Okanogan NF,,,,,Open,Open,,,1. Dec. 2010,31. Dec. 2099,TRUE,1899,12,30,,
W7W/OK-095,WA-Okanogan,7300 Bandplan Summit,2225,7300,48.7039,-120.6254,8,3,0,USFS,Okanogan NF,,,,,Open,Open,,,1. Dec. 2010,31. Dec. 2099,TRUE,1899,12,30,,
W7W/OK-096,WA-Okanogan,7277 Aurora Mtn,2218,7277,48.859,-120.2674,8,3,0,USFS,Okanogan NF,,,,,Open,Open,,,1. Dec. 2010,31. Dec. 2099,TRUE,1899,12,30,,
W7W/OK-097,WA-Okanogan,7259 Handcock Ridge High Point,2213,7259,48.664,-120.6752,8,3,0,USFS,Okanogan NF,,,,,Open,Open,,,1. Dec. 2010,31. Dec. 2099,TRUE,1899,12,30,,
W7W/OK-098,WA-Okanogan,Setting Sun Mountain,2213,7259,48.6979,-120.445,8,3,0,USFS,Okanogan NF,,,,,Open,Open,,,1. Dec. 2010,31. Dec. 2099,TRUE,1899,12,30,,
W7W/OK-099,WA-Okanogan,Mount Bonaparte,2212,7257,48.7852,-119.1223,8,3,0,USFS,Okanogan NF,,,,,Open,Open,,,1. Dec. 2010,31. Dec. 2099,TRUE,1899,12,30,,
W7W/OK-100,WA-Okanogan,7253 Peak of the Pines,2211,7253,48.8764,-120.6981,8,3,0,USFS,Okanogan NF,,,,,Open,Open,,,1. Dec. 2010,31. Dec. 2099,TRUE,1899,12,30,,
W7W/OK-101,WA-Okanogan,Bunker Hill,2206,7239,48.974,-120.4839,8,3,0,USFS,Okanogan NF,,,,,Open,Open,,,1. Dec. 2010,31. Dec. 2099,TRUE,1899,12,30,,
W7W/OK-102,WA-Okanogan,Delancy Ridge,2203,7228,48.6173,-120.6042,8,3,0,USFS,Okanogan NF,,,,,Open,Open,,,1. Dec. 2010,31. Dec. 2099,TRUE,1899,12,30,,
W7W/OK-103,WA-Okanogan,Ike Mountain,2190,7186,48.7315,-120.1887,8,3,0,USFS,Okanogan NF,,,,,Open,Open,,,1. Dec. 2010,31. Dec. 2099,TRUE,1899,12,30,,
W7W/OK-104,WA-Okanogan,7168 Bottle Rocket Mountain,2185,7168,48.7518,-119.9292,8,3,11,,,,,,,,,,,1. Dec. 2010,31. Dec. 2099,TRUE,2020,8,15,2020-08-15,WA7NCL
W7W/OK-105,WA-Okanogan,Lincoln Butte,2153,7065,48.469,-120.63,8,3,0,NPS,North Cascades NP,USFS,Okanogan NF,,,Open,Open,,,1. Dec. 2010,31. Dec. 2099,TRUE,1899,12,30,,
W7W/OK-106,WA-Okanogan,Island Mountain,2148,7048,48.8958,-120.4493,8,3,0,USFS,Okanogan NF,,,,,Open,Open,,,1. Dec. 2010,31. Dec. 2099,TRUE,1899,12,30,,
W7W/OK-107,WA-Okanogan,Goat Peak,2134,7001,48.6321,-120.4039,8,3,33,,,,,,,,,,,1. Dec. 2010,31. Dec. 2099,TRUE,2012,8,26,2012-08-26,W7TAO
W7W/OK-108,WA-Okanogan,6961 Mt Packet,2122,6961,48.8049,-119.9318,8,3,0,USFS,Okanogan NF,,,,,Open,Open,,,1. Dec. 2010,31. Dec. 2099,TRUE,1899,12,30,,
W7W/OK-109,WA-Okanogan,6935 Middle Pasayten Peak,2114,6935,48.7401,-120.6484,8,3,1,USFS,Okanogan NF,,,,,Open,Open,,,1. Dec. 2010,31. Dec. 2099,TRUE,2025,8,9,2025-08-09,KG7EJT
W7W/OK-110,WA-Okanogan,6900 Three Forks Peak,2103,6900,48.9075,-120.6693,8,3,0,USFS,Okanogan NF,,,,,Open,Open,,,1. Dec. 2010,31. Dec. 2099,TRUE,1899,12,30,,
W7W/OK-111,WA-Okanogan,Blue Buck Ridge,2103,6900,48.5439,-119.9513,8,3,5,,,,,,,,,,,1. Dec. 2010,31. Dec. 2099,TRUE,2023,6,15,2023-06-15,WA7NCL
W7W/OK-112,WA-Okanogan,6852 Wildfire Mountain,2088,6852,48.9192,-120.4517,8,3,0,USFS,Okanogan NF,,,,,Open,Open,,,1. Dec. 2010,31. Dec. 2099,TRUE,1899,12,30,,
W7W/OK-113,WA-Okanogan,6794 Integrated Circuit Pk,2071,6794,48.7722,-120.2008,8,3,0,USFS,Okanogan NF,,,,,Open,Open,,,1. Dec. 2010,31. Dec. 2099,TRUE,1899,12,30,,
W7W/OK-114,WA-Okanogan,Moses Mountain,2065,6774,48.3716,-119.0611,8,3,1,,,,,,,,,,,1. Dec. 2010,31. Dec. 2099,TRUE,2023,7,6,2023-07-06,W7MDN
W7W/OK-115,WA-Okanogan,6738 Low Power Mtn,2054,6738,48.898,-119.8917,8,3,1,,,,,,,,,,,1. Dec. 2010,31. Dec. 2099,TRUE,2013,8,19,2013-08-19,W7TAO
W7W/OK-116,WA-Okanogan,Cecil Benchmark,2047,6715,48.761,-119.8348,8,3,7,WA DNR,Loomis State Forest,,,,,Open,Open,,,1. Dec. 2010,31. Dec. 2099,TRUE,2025,7,12,2025-07-12,"KK7ULL,KK7UIX,KC7EPG"
W7W/OK-117,WA-Okanogan,6700 Gain Summit,2042,6700,48.6884,-120.009,8,3,7,,,,,,,,,,,1. Dec. 2010,31. Dec. 2099,TRUE,2014,7,12,2014-07-12,"W7TAO,KR7W"
W7W/OK-118,WA-Okanogan,6698 Disaster Creek Mountain,2042,6698,48.796,-120.1911,8,3,0,USFS,Okanogan NF,,,,,Open,Open,,,1. Dec. 2010,31. Dec. 2099,TRUE,1899,12,30,,
W7W/OK-119,WA-Okanogan,6682 Eighty Meter Mtn,2037,6682,48.9477,-120.0313,8,3,0,USFS,Okanogan NF,,,,,Open,Open,,,1. Dec. 2010,31. Dec. 2099,TRUE,1899,12,30,,
W7W/OK-120,WA-Okanogan,Pearrygin Peak,2025,6644,48.531,-120.0271,8,3,0,USFS,Okanogan NF,,,,,Open,Open,,,1. Dec. 2010,31. Dec. 2099,TRUE,1899,12,30,,
W7W/OK-121,WA-Okanogan,6632 Deviation Mtn,2021,6632,48.9845,-120.6964,8,3,0,USFS,Okanogan NF,,,,,Open,Open,,,1. Dec. 2010,31. Dec. 2099,TRUE,1899,12,30,,
W7W/OK-122,WA-Okanogan,6581 Aurora Scatter Pk,2006,6581,48.8394,-119.9286,8,3,0,USFS,Okanogan NF,WA DNR,Loomis State Forest,,,Open,Open,,,1. Dec. 2010,31. Dec. 2099,TRUE,1899,12,30,,
W7W/OK-123,WA-Okanogan,Fawn Peak,2005,6577,48.6178,-120.3285,8,3,1,,,,,,,,,,,1. Dec. 2010,31. Dec. 2099,TRUE,2014,6,10,2014-06-10,N7KRN
W7W/OK-124,WA-Okanogan,6536 Duckhead Mountain,1992,6536,48.3071,-120.4439,6,3,0,USFS,Okanogan NF,,,,,Open,Open,,,1. Dec. 2010,31. Dec. 2099,TRUE,1899,12,30,,
W7W/OK-125,WA-Okanogan,McKinney Mountain,1972,6469,48.5215,-120.4062,6,3,0,USFS,Okanogan NF,,,,,Open,Open,,,1. Dec. 2010,31. Dec. 2099,TRUE,1899,12,30,,
W7W/OK-126,WA-Okanogan,Coxit Mountain,1955,6413,48.6901,-119.8458,6,3,1,,,,,,,,,,,1. Dec. 2010,31. Dec. 2099,TRUE,2020,8,15,2020-08-15,WA7NCL
W7W/OK-127,WA-Okanogan,6382 Counterpoise Mtn,1945,6382,48.6297,-120.0367,6,3,0,USFS,Okanogan NF,,,,,Open,Open,,,1. Dec. 2010,31. Dec. 2099,TRUE,1899,12,30,,
W7W/OK-128,WA-Okanogan,Beaver Mountain,1945,6380,48.457,-119.8703,6,3,0,USFS,Okanogan NF,,,,,Open,Open,,,1. Dec. 2010,31. Dec. 2099,TRUE,1899,12,30,,
W7W/OK-129,WA-Okanogan,Muckamuck Mountain,1942,6370,48.611,-119.8565,6,3,0,USFS,Okanogan NF,,,,,Open,Open,,,1. Dec. 2010,31. Dec. 2099,TRUE,1899,12,30,,
W7W/OK-130,WA-Okanogan,McDaniel Mountain,1932,6340,48.4877,-119.8694,6,3,0,USFS,Okanogan NF,,,,,Open,Open,,,1. Dec. 2010,31. Dec. 2099,TRUE,1899,12,30,,
W7W/OK-131,WA-Okanogan,6323 Mt Wavelength,1927,6323,48.6824,-120.6385,6,3,0,USFS,Okanogan NF,,,,,Open,Open,,,1. Dec. 2010,31. Dec. 2099,TRUE,1899,12,30,,
W7W/OK-132,WA-Okanogan,Holdover Ridge,1916,6285,48.944,-120.649,6,3,0,USFS,Okanogan NF,,,,,Open,Open,,,1. Dec. 2010,31. Dec. 2099,TRUE,1899,12,30,,
W7W/OK-133,WA-Okanogan,Tillman Mountain,1912,6272,48.8157,-119.7596,6,3,0,WA DNR,Loomis State Forest,,,,,Open,Open,,,1. Dec. 2010,31. Dec. 2099,TRUE,1899,12,30,,
W7W/OK-134,WA-Okanogan,Blue Buck Mountain,1897,6225,48.4901,-120.0511,6,3,1,,,,,,,,,,,1. Dec. 2010,31. Dec. 2099,TRUE,2024,6,11,2024-06-11,WA7NCL
W7W/OK-135,WA-Okanogan,Buck Mountain,1870,6135,48.4366,-119.8239,6,3,5,,,,,,,,,,,1. Dec. 2010,31. Dec. 2099,TRUE,2022,6,7,2022-06-07,WA7NCL
W7W/OK-136,WA-Okanogan,Mount Annie,1846,6055,48.6613,-119.0539,6,3,0,USFS,Okanogan NF,,,,,Open,Open,,,1. Dec. 2010,31. Dec. 2099,TRUE,1899,12,30,,
W7W/OK-137,WA-Okanogan,Tunk Mountain,1845,6053,48.5455,-119.2364,6,3,0,USFS,Okanogan NF,,,,,Open,Open,,,1. Dec. 2010,31. Dec. 2099,TRUE,1899,12,30,,
W7W/OK-138,WA-Okanogan,Driveway Butte,1823,5982,48.6341,-120.5324,6,3,4,,,,,,,,,,,1. Dec. 2010,31. Dec. 2099,TRUE,2014,6,18,2014-06-18,N7KRN
W7W/OK-139,WA-Okanogan,Thirtymile Peak,1821,5975,48.8481,-120.0096,6,3,0,USFS,Okanogan NF,,,,,Open,Open,,,1. Dec. 2010,31. Dec. 2099,TRUE,1899,12,30,,
W7W/OK-140,WA-Okanogan,Little Moses Mountain,1818,5963,48.4146,-119.04,6,3,0,COLVILLE RESERVATION,,,,,,Open?,Permit (Paid),,,1. Dec. 2010,31. Dec. 2099,TRUE,1899,12,30,,
W7W/OK-141,WA-Okanogan,Strawberry Mountain,1787,5863,48.4518,-118.9374,6,3,0,COLVILLE RESERVATION,,,,,,Open?,Permit (Paid),,,1. Dec. 2010,31. Dec. 2099,TRUE,1899,12,30,,
W7W/OK-142,WA-Okanogan,5853 Subaudible Mtn,1784,5853,48.7266,-119.8402,6,3,0,WA DNR,Loomis State Forest,,,,,Open,Open,,,1. Dec. 2010,31. Dec. 2099,TRUE,1899,12,30,,
W7W/OK-143,WA-Okanogan,5814 Tuner Mtn,1772,5814,48.4495,-119.255,6,3,0,COLVILLE RESERVATION,,,,,,Open?,Permit (Paid),,,1. Dec. 2010,31. Dec. 2099,TRUE,1899,12,30,,
W7W/OK-144,WA-Okanogan,Mount Phoebe,1772,5813,48.7783,-119.211,6,3,0,USFS,Okanogan NF,,,,,Open,Open,,,1. Dec. 2010,31. Dec. 2099,TRUE,1899,12,30,,
W7W/OK-145,WA-Okanogan,5812 Lightning Creek Ridge,1771,5812,48.4735,-119.9475,6,3,0,USFS,Okanogan NF,,,,,Open,Open,,,1. Dec. 2010,31. Dec. 2099,TRUE,1899,12,30,,
W7W/OK-146,WA-Okanogan,Eightmile Ridge,1768,5802,48.7309,-120.2653,6,3,0,USFS,Okanogan NF,,,,,Open,Open,,,1. Dec. 2010,31. Dec. 2099,TRUE,1899,12,30,,
W7W/OK-147,WA-Okanogan,Bailey Mountain,1767,5796,48.5053,-119.1189,6,3,0,USFS,Okanogan NF,,,,,Open,Open,,,1. Dec. 2010,31. Dec. 2099,TRUE,1899,12,30,,
W7W/OK-148,WA-Okanogan,Bobcat Mountain,1762,5780,48.4573,-119.8983,6,3,5,USFS,Okanogan NF,,,,,Open,Open,,,1. Dec. 2010,31. Dec. 2099,TRUE,2025,6,22,2025-06-22,KI7JOM
W7W/OK-149,WA-Okanogan,Omak Mountain,1752,5747,48.4493,-119.3088,6,3,0,COLVILLE RESERVATION,,,,,,Open?,Permit (Paid),,,1. Dec. 2010,31. Dec. 2099,TRUE,1899,12,30,,
W7W/OK-150,WA-Okanogan,Mission Peak,1751,5746,48.2852,-120.2917,6,3,0,USFS,Okanogan NF,,,,,Open,Open,,,1. Dec. 2010,31. Dec. 2099,TRUE,1899,12,30,,
W7W/OK-151,WA-Okanogan,5723 Timeless Mountain,1744,5723,48.4031,-120.3846,6,3,0,USFS,Okanogan NF,,,,,Open,Open,,,1. Dec. 2010,31. Dec. 2099,TRUE,1899,12,30,,
W7W/OK-152,WA-Okanogan,Fir Mountain,1733,5687,48.6655,-118.9352,6,3,0,USFS,Okanogan NF,,,,,Open,Open,,,1. Dec. 2010,31. Dec. 2099,TRUE,1899,12,30,,
W7W/OK-153,WA-Okanogan,5660 Monobound Mtn,1725,5660,48.4457,-119.1986,6,3,0,COLVILLE RESERVATION,,,,,,Open?,Permit (Paid),,,1. Dec. 2010,31. Dec. 2099,TRUE,1899,12,30,,
W7W/OK-154,WA-Okanogan,Juniper Point,1725,5659,48.8858,-119.749,6,3,0,WA DNR,Loomis State Forest,,,,,Open,Open,,,1. Dec. 2010,31. Dec. 2099,TRUE,1899,12,30,,
W7W/OK-155,WA-Okanogan,South Ridge,1717,5634,48.4141,-119.9703,6,3,0,USFS,Okanogan NF,,,,,Open,Open,,,1. Dec. 2010,31. Dec. 2099,TRUE,1899,12,30,,
W7W/OK-156,WA-Okanogan,Douglas Mountain,1711,5613,48.7704,-119.7265,6,3,0,WA DNR,Loomis State Forest,,,,,Open,Open,,,1. Dec. 2010,31. Dec. 2099,TRUE,1899,12,30,,
W7W/OK-157,WA-Okanogan,Buckhorn Mountain,1707,5602,48.9458,-118.9862,6,3,1,,,,,,,,,,,1. Dec. 2010,31. Dec. 2099,TRUE,2024,11,6,2024-11-06,K3OG
W7W/OK-158,WA-Okanogan,5580 Thompson Ridge,1701,5580,48.4633,-120.3498,6,3,0,USFS,Okanogan NF,,,,,Open,Open,,,1. Dec. 2010,31. Dec. 2099,TRUE,1899,12,30,,
W7W/OK-159,WA-Okanogan,5545 Mt Groundplane,1690,5545,48.6129,-120.5072,6,3,2,,,,,,,,,,,1. Dec. 2010,31. Dec. 2099,TRUE,2013,10,17,2013-10-17,N7RR
W7W/OK-160,WA-Okanogan,Lamb Butte,1690,5545,48.6613,-120.2117,6,3,0,USFS,Okanogan NF,,,,,Open,Open,,,1. Dec. 2010,31. Dec. 2099,TRUE,1899,12,30,,
W7W/OK-161,WA-Okanogan,Lookout Mountain,1681,5515,48.3131,-120.1875,6,3,23,,,,,,,,,,,1. Dec. 2010,31. Dec. 2099,TRUE,2015,9,21,2015-09-21,NU7A
W7W/OK-162,WA-Okanogan,Mineral Hill,1676,5500,48.5772,-119.8012,6,3,0,WA DNR,Loup Loup State Forest,,,,,Open,Open,,,1. Dec. 2010,31. Dec. 2099,TRUE,1899,12,30,,
W7W/OK-163,WA-Okanogan,First Butte,1674,5491,48.6192,-120.1088,6,3,18,,,,,,,,,,,1. Dec. 2010,31. Dec. 2099,TRUE,2013,8,8,2013-08-08,AF9W
W7W/OK-164,WA-Okanogan,Bear Mountain,1664,5460,48.4118,-119.923,6,3,6,,,,,,,,,,,1. Dec. 2010,31. Dec. 2099,TRUE,2015,9,27,2015-09-27,W7TAO
W7W/OK-165,WA-Okanogan,Clackmas Mountain,1664,5460,48.7215,-118.9051,6,3,0,USFS,Okanogan NF,,,,,Open,Open,,,1. Dec. 2010,31. Dec. 2099,TRUE,1899,12,30,,
W7W/OK-166,WA-Okanogan,West Twin Peaks,1654,5428,48.7171,-119.7519,6,3,0,WA DNR,Loomis State Forest,,,,,Open,Open,,,1. Dec. 2010,31. Dec. 2099,TRUE,1899,12,30,,
W7W/OK-167,WA-Okanogan,5391 High Pass Mtn,1643,5391,48.6337,-120.2734,6,3,1,,,,,,,,,,,1. Dec. 2010,31. Dec. 2099,TRUE,2023,9,21,2023-09-21,WA7JNJ
W7W/OK-168,WA-Okanogan,5379 Intermediate Frequency Pk,1640,5379,48.671,-119.784,6,3,0,WA DNR,Loomis State Forest,,,,,Open,Open,,,1. Dec. 2010,31. Dec. 2099,TRUE,1899,12,30,,
W7W/OK-169,WA-Okanogan,Little Buck Mountain,1638,5375,48.3877,-119.9274,6,3,3,,,,,,,,,,,1. Dec. 2010,31. Dec. 2099,TRUE,2018,3,10,2018-03-10,WX7EMT
W7W/OK-170,WA-Okanogan,Dugout Mountain,1635,5364,48.4976,-118.9608,6,3,0,USFS,Okanogan NF,,,,,Open,Open,,,1. Dec. 2010,31. Dec. 2099,TRUE,1899,12,30,,
W7W/OK-171,WA-Okanogan,Goat Mountain,1628,5340,48.0147,-119.9862,6,3,9,,,,,,,,,,,1. Dec. 2010,31. Dec. 2099,TRUE,2021,12,5,2021-12-05,K7NCM
W7W/OK-172,WA-Okanogan,5322 Lowband Mtn,1622,5322,48.3277,-119.0759,6,3,1,,,,,,,,,,,1. Dec. 2010,31. Dec. 2099,TRUE,2023,7,6,2023-07-06,W7MDN
W7W/OK-173,WA-Okanogan,Ramsey Peak,1620,5316,48.5613,-120.1115,6,3,1,,,,,,,,,,,1. Dec. 2010,31. Dec. 2099,TRUE,2023,6,16,2023-06-16,WA7NCL
W7W/OK-174,WA-Okanogan,Maple Mountain,1615,5300,48.7215,-118.8474,6,3,0,USFS,Okanogan NF,,,,,Open,Open,,,1. Dec. 2010,31. Dec. 2099,TRUE,1899,12,30,,
W7W/OK-175,WA-Okanogan,Middle Fork Ridge,1603,5258,48.1813,-120.2193,6,3,0,USFS,Okanogan NF,,,,,Open,Open,,,1. Dec. 2010,31. Dec. 2099,TRUE,1899,12,30,,
W7W/OK-176,WA-Okanogan,5208 Dual Lever Mtn,1587,5208,48.7209,-119.1462,6,3,0,USFS,Okanogan NF,,,,,Open,Open,,,1. Dec. 2010,30. Nov. 2016,FALSE,1899,12,30,,
W7W/OK-177,WA-Okanogan,Van Brunt Mountain,1576,5169,48.4232,-119.317,6,3,0,COLVILLE RESERVATION,,,,,,Open?,Permit (Paid),,,1. Dec. 2010,31. Dec. 2099,TRUE,1899,12,30,,
W7W/OK-178,WA-Okanogan,Aeneas Mountain,1575,5167,48.7432,-119.6224,6,3,0,WA DNR,Loomis State Forest,,,,,Open,Open,,,1. Dec. 2010,31. Dec. 2099,TRUE,1899,12,30,,
W7W/OK-179,WA-Okanogan,5163 Mt EME,1574,5163,48.465,-119.1151,6,3,0,COLVILLE RESERVATION,,,,,,Open?,Permit (Paid),,,1. Dec. 2010,31. Dec. 2099,TRUE,1899,12,30,,
W7W/OK-180,WA-Okanogan,Coco Mountain,1567,5140,48.5707,-118.8778,6,3,0,USFS,Okanogan NF,,,,,Open,Open,,,1. Dec. 2010,31. Dec. 2099,TRUE,1899,12,30,,
W7W/OK-181,WA-Okanogan,Funk Mountain,1561,5121,48.5998,-119.7446,6,3,2,,,,,,,,,,,1. Dec. 2010,31. Dec. 2099,TRUE,2020,6,23,2020-06-23,NN7M
W7W/OK-182,WA-Okanogan,Haley Mountain,1556,5104,48.8732,-119.2854,6,3,0,USFS,Okanogan NF,,,,,Open,Open,,,1. Dec. 2010,31. Dec. 2099,TRUE,1899,12,30,,
W7W/OK-183,WA-Okanogan,Cornell Butte,1554,5100,48.5978,-118.8885,6,3,0,USFS,Okanogan NF,,,,,Open,Open,,,1. Dec. 2010,31. Dec. 2099,TRUE,1899,12,30,,
W7W/OK-184,WA-Okanogan,5096 Lookout Ridge West,1553,5096,48.3072,-120.2395,6,3,0,USFS,Okanogan NF,,,,,Open,Open,,,1. Dec. 2010,31. Dec. 2099,TRUE,1899,12,30,,
W7W/OK-185,WA-Okanogan,Blue Goat Mountain,1541,5055,48.6686,-119.7201,6,3,0,WA DNR,Loomis State Forest,,,,,Open,Open,,,1. Dec. 2010,31. Dec. 2099,TRUE,1899,12,30,,
W7W/OK-186,WA-Okanogan,Mount Leecher,1530,5020,48.2507,-120.002,6,3,11,,,,,,,,,,,1. Dec. 2010,31. Dec. 2099,TRUE,2014,7,11,2014-07-11,"W7TAO,KR7W"
W7W/OK-187,WA-Okanogan,Sneed Mountain,1519,4982,48.5725,-119.1611,6,3,0,USFS,Okanogan NF,,,,,Open,Open,,,1. Dec. 2010,31. Dec. 2099,TRUE,1899,12,30,,
W7W/OK-188,WA-Okanogan,Ruby Hill,1511,4957,48.4633,-119.7379,6,3,0,WA DNR,Loup Loup State Forest,,,,,Open,Open,,,1. Dec. 2010,31. Dec. 2099,TRUE,1899,12,30,,
W7W/OK-189,WA-Okanogan,4942 Gigahertz Pk,1506,4942,48.8795,-119.1826,6,3,0,WA DNR,NE Region:Highlands District,,,,,Open,Open,,,1. Dec. 2010,31. Dec. 2099,TRUE,1899,12,30,,
W7W/OK-190,WA-Okanogan,South Fork Ridge,1506,4940,48.1607,-120.1783,6,3,0,USFS,Okanogan NF,,,,,Open,Open,,,1. Dec. 2010,31. Dec. 2099,TRUE,1899,12,30,,
W7W/OK-191,WA-Okanogan,Bimetalic Mountain,1503,4931,48.844,-119.1501,6,3,0,"BARNES ETAL, BETTY JEAN",,,,,,Restricted,Unstated,,,1. Dec. 2010,31. Dec. 2099,TRUE,1899,12,30,,
W7W/OK-192,WA-Okanogan,4869 Capacitance Pk,1484,4869,48.7848,-119.0408,4,0,0,WA DNR,NE Region:Highlands District,,,,,Open,Open,,,1. Dec. 2010,31. Dec. 2099,TRUE,1899,12,30,,
W7W/OK-193,WA-Okanogan,4859 Mt Bandpass,1481,4859,48.6225,-118.9154,4,0,0,USFS,Okanogan NF,,,,,Open,Open,,,1. Dec. 2010,31. Dec. 2099,TRUE,1899,12,30,,
W7W/OK-194,WA-Okanogan,4842 Amplifier Pk,1476,4842,48.3873,-119.1439,4,0,0,COLVILLE RESERVATION,,,,,,Open?,Permit (Paid),,,1. Dec. 2010,31. Dec. 2099,TRUE,1899,12,30,,
W7W/OK-195,WA-Okanogan,Block Hill,1476,4842,48.9964,-119.1627,4,0,0,"WELKE TRUST, ELTON & BONNIE",,,,,,Unstated,Unstated,,,1. Dec. 2010,31. Dec. 2099,TRUE,1899,12,30,,
W7W/OK-196,WA-Okanogan,Gold Ridge,1464,4802,48.2405,-120.2226,4,0,0,USFS,Okanogan NF,,,,,Open,Open,,,1. Dec. 2010,31. Dec. 2099,TRUE,1899,12,30,,
W7W/OK-197,WA-Okanogan,Middle Mountain,1463,4801,48.6289,-119.765,4,0,0,USFS,Okanogan NF,WA DNR,,,,Open,Open,,,1. Dec. 2010,31. Dec. 2099,TRUE,1899,12,30,,
W7W/OK-198,WA-Okanogan,Irene Mountain,1457,4780,48.7948,-118.9336,4,0,0,USFS,Okanogan NF,,,,,Open,Open,,,1. Dec. 2010,31. Dec. 2099,TRUE,1899,12,30,,
W7W/OK-199,WA-Okanogan,Pole Pick Mountain,1457,4780,48.3508,-119.9353,4,0,1,,,,,,,,,,,1. Dec. 2010,31. Dec. 2099,TRUE,2022,6,9,2022-06-09,WA7NCL
W7W/OK-200,WA-Okanogan,4767 Whisper Mtn,1453,4767,48.943,-119.1911,4,0,0,"DAVIS, JEFFREY",,"SHELLEY, DALE & REGINA",,,,Restricted/Restricted,Unstated,,,1. Dec. 2010,31. Dec. 2099,TRUE,1899,12,30,,
W7W/OK-201,WA-Okanogan,Strawberry Mountain,1445,4741,48.8409,-119.0356,4,0,0,USFS,Okanogan NF,,,,,Open,Open,,,1. Dec. 2010,31. Dec. 2099,TRUE,1899,12,30,,
W7W/OK-202,WA-Okanogan,Neville Ridge,1440,4725,48.4371,-119.731,4,0,0,WA DNR,Loup Loup State Forest,,,,,Open,Open,,,1. Dec. 2010,31. Dec. 2099,TRUE,1899,12,30,,
W7W/OK-203,WA-Okanogan,4714 Sunspot Mtn,1437,4714,48.5633,-120.1303,4,0,2,,,,,,,,,,,1. Dec. 2010,31. Dec. 2099,TRUE,2023,7,2,2023-07-02,"KI7JOM,KJ7LLS"
W7W/OK-204,WA-Okanogan,4709 Newby Ridge-South Peak,1435,4709,48.3226,-120.2747,4,0,1,,,,,,,,,,,1. Dec. 2010,31. Dec. 2099,TRUE,2024,6,13,2024-06-13,WA7NCL
W7W/OK-205,WA-Okanogan,4689 Rotator Mtn,1429,4689,48.61,-118.9929,4,0,0,WA DNR,NE Region:Highlands District,,,,,Open,Open,,,1. Dec. 2010,31. Dec. 2099,TRUE,1899,12,30,,
W7W/OK-206,WA-Okanogan,4660 Skywave Mtn,1420,4660,48.7528,-118.9645,4,0,0,"TEAGUE, ELONA",,,,,,Restricted,Unstated,,,1. Dec. 2010,31. Dec. 2099,TRUE,1899,12,30,,
W7W/OK-207,WA-Okanogan,Toroda Mountain,1420,4660,48.7635,-118.9384,4,0,0,WA DNR,NE Region:Highlands District,,,,,Open,Open,,,1. Dec. 2010,31. Dec. 2099,TRUE,1899,12,30,,
W7W/OK-208,WA-Okanogan,4658 Loop Loop Mountain,1420,4658,48.3836,-119.8759,4,0,1,WA DNR,Loup Loup State Forest,,,,,Open,Open,,,1. Dec. 2010,31. Dec. 2099,TRUE,2025,6,17,2025-06-17,WA7NCL
W7W/OK-209,WA-Okanogan,Ellemeham Mountain,1420,4658,48.931,-119.6189,4,0,0,"WAHL, LAMOYNE",,,,,,Restricted,Unstated,,,1. Dec. 2010,31. Dec. 2099,TRUE,1899,12,30,,
W7W/OK-210,WA-Okanogan,Armstrong Mountain,1408,4620,48.2669,-119.0859,4,0,0,COLVILLE RESERVATION,,,,,,Open?,Permit (Paid),,,1. Dec. 2010,31. Dec. 2099,TRUE,1899,12,30,,
W7W/OK-211,WA-Okanogan,4616 Near Vertical Incidence Pk,1407,4616,48.3199,-120.1316,4,0,0,USFS,Okanogan NF,,,,,Open,Open,,,1. Dec. 2010,31. Dec. 2099,TRUE,1899,12,30,,
W7W/OK-212,WA-Okanogan,Hungry Mountain,1407,4616,48.1414,-120.1469,4,0,2,,,,,,,,,,,1. Dec. 2010,31. Dec. 2099,TRUE,2014,10,3,2014-10-03,N7KRN
W7W/OK-213,WA-Okanogan,4614 Sow Peak,1406,4614,48.5446,-120.2722,4,0,1,,,,,,,,,,,1. Dec. 2010,31. Dec. 2099,TRUE,2022,9,11,2022-09-11,W7SEA
W7W/OK-214,WA-Okanogan,Finley Mountain,1399,4591,48.3159,-119.9633,4,0,0,USFS,Okanogan NF,,,,,Open,Open,,,1. Dec. 2010,31. Dec. 2099,TRUE,1899,12,30,,
W7W/OK-215,WA-Okanogan,4589 Groundrod Mtn,1399,4589,48.7114,-119.6509,4,0,0,BLM,Spokane District:Wenatchee Field Office,,,,,Open,Open,,,1. Dec. 2010,31. Dec. 2099,TRUE,1899,12,30,,
W7W/OK-216,WA-Okanogan,East Gold Ridge,1398,4585,48.2282,-120.1811,4,0,0,USFS,Okanogan NF,,,,,Open,Open,,,1. Dec. 2010,31. Dec. 2099,TRUE,1899,12,30,,
W7W/OK-217,WA-Okanogan,Woody Mountain,1397,4582,48.3632,-119.8427,4,0,1,WA DNR,Loup Loup State Forest,,,,,Open,Open,,,1. Dec. 2010,31. Dec. 2099,TRUE,2025,6,17,2025-06-17,WA7NCL
W7W/OK-218,WA-Okanogan,4562 High Power Mtn,1390,4562,48.8945,-119.1983,4,0,0,"CHLARSON, ALAN & SANDRA",,,,,,Restricted,Unstated,,,1. Dec. 2010,31. Dec. 2099,TRUE,1899,12,30,,
W7W/OK-219,WA-Okanogan,Little Bonaparte Mountain,1387,4549,48.7018,-119.0714,4,0,0,USFS,Okanogan NF,,,,,Open,Open,,,1. Dec. 2010,31. Dec. 2099,TRUE,1899,12,30,,
W7W/OK-220,WA-Okanogan,4537 Ionosphere Mtn,1383,4537,48.4723,-119.359,4,0,0,COLVILLE RESERVATION,,,,,,Open?,Permit (Paid),,,1. Dec. 2010,31. Dec. 2099,TRUE,1899,12,30,,
W7W/OK-221,WA-Okanogan,Fussy Mountain,1380,4529,48.3014,-119.2942,4,0,0,COLVILLE RESERVATION,,,,,,Open?,Permit (Paid),,,1. Dec. 2010,31. Dec. 2099,TRUE,1899,12,30,,
W7W/OK-222,WA-Okanogan,4500 Mt Keyer,1372,4500,48.974,-119.2363,4,0,0,"CLINKENBEARD, MICHAEL A",,CEDAR HILLS ESTATES LLC,,,,Restricted/Unstated,Unstated,,,1. Dec. 2010,31. Dec. 2099,TRUE,1899,12,30,,
W7W/OK-223,WA-Okanogan,Peacock Mountain,1369,4492,48.5149,-119.7582,4,0,0,WA DNR,Loup Loup State Forest,,,,,Open,Open,,,1. Dec. 2010,31. Dec. 2099,TRUE,1899,12,30,,
W7W/OK-224,WA-Okanogan,4482 Lower Sideband Pk,1366,4482,48.6878,-119.6645,4,0,0,HURLOW FAMILY WILDERNESS TRUST,,,,,,Unstated,Unstated,,,1. Dec. 2010,31. Dec. 2099,TRUE,1899,12,30,,
W7W/OK-225,WA-Okanogan,4472 Mt Autopatch,1363,4472,48.5733,-118.9695,4,0,0,"MC KILLOP, CLIFFORD",,,,,,Restricted,Unstated,,,1. Dec. 2010,31. Dec. 2099,TRUE,1899,12,30,,
W7W/OK-226,WA-Okanogan,Ritchie Ridge,1355,4445,48.4481,-119.7646,4,0,0,WA DNR,Loup Loup State Forest,,,,,Open,Open,,,1. Dec. 2010,31. Dec. 2099,TRUE,1899,12,30,,
W7W/OK-227,WA-Okanogan,Strawberry Mountain,1347,4419,48.9725,-119.0861,4,0,0,WDFW,Scotch Creek WAC:Chesaw Unit,,,,,Open,Open,,,1. Dec. 2010,31. Dec. 2099,TRUE,1899,12,30,,
W7W/OK-228,WA-Okanogan,4415 Brasspounder Mtn,1346,4415,48.8627,-119.2397,4,0,0,"COCHRAN ETAL, MICHAEL",,,,,,Restricted,Unstated,,,1. Dec. 2010,31. Dec. 2099,TRUE,1899,12,30,,
W7W/OK-229,WA-Okanogan,4402 Critical Frequency Pk,1342,4402,48.2647,-119.121,4,0,0,COLVILLE RESERVATION,,,,,,Open?,Permit (Paid),,,1. Dec. 2010,31. Dec. 2099,TRUE,1899,12,30,,
W7W/OK-230,WA-Okanogan,Grizzly Mountain,1333,4372,48.5501,-120.308,4,0,1,,,,,,,,,,,1. Dec. 2010,31. Dec. 2099,TRUE,2024,6,10,2024-06-10,WA7NCL
W7W/OK-231,WA-Okanogan,4368 Dummy Load Pk,1331,4368,48.4026,-119.6975,4,0,0,WA DNR,Loup Loup State Forest,,,,,Open,Open,,,1. Dec. 2010,31. Dec. 2099,TRUE,1899,12,30,,
W7W/OK-232,WA-Okanogan,4340 Encoder Pk,1323,4340,48.8486,-119.0109,4,0,0,USFS,Okanogan NF,,,,,Open,Open,,,1. Dec. 2010,31. Dec. 2099,TRUE,1899,12,30,,
W7W/OK-233,WA-Okanogan,Palmer Mountain,1320,4330,48.8708,-119.5852,4,0,0,BLM,Spokane District:Wenatchee Field Office,,,,,Open,Open,,,1. Dec. 2010,31. Dec. 2099,TRUE,1899,12,30,,
W7W/OK-234,WA-Okanogan,Mulcahy Mountain,1316,4317,48.913,-119.5708,4,0,0,BLM,Spokane District:Wenatchee Field Office,"LOUSTAU TRUST ETAL, NICOLIE",,,,Open/Restricted,Open,,,1. Dec. 2010,31. Dec. 2099,TRUE,1899,12,30,,
W7W/OK-235,WA-Okanogan,Meader Mountain,1315,4315,48.5908,-119.3558,4,0,0,WA DNR,NE Region:South Okanogan District,"WILSON, ALBERT & RUTHANN",,,,Restricted/Open,Open,,,1. Dec. 2010,31. Dec. 2099,TRUE,1899,12,30,,
W7W/OK-236,WA-Okanogan,Wright Mountain,1314,4312,48.4325,-119.6949,4,0,0,WDFW,Sinlahekin WAC:Buzzard Lake Unit,WA DNR,Loup Loup State Forest,,,Open,Open,,,1. Dec. 2010,31. Dec. 2099,TRUE,1899,12,30,,
W7W/OK-237,WA-Okanogan,4283 Newby Ridge-North Peak,1305,4283,48.3546,-120.2907,4,0,0,USFS,Okanogan NF,,,,,Open,Open,,,1. Dec. 2010,31. Dec. 2099,TRUE,1899,12,30,,
W7W/OK-238,WA-Okanogan,Thrapp Mountain,1300,4266,48.3078,-119.8916,4,0,0,USFS,Okanogan NF,WA DNR,,,,Open,Open,,,1. Dec. 2010,31. Dec. 2099,TRUE,1899,12,30,,
W7W/OK-239,WA-Okanogan,4260 Ginpole Pk,1298,4260,48.256,-119.9334,4,0,0,USFS,Okanogan NF,,,,,Open,Open,,,1. Dec. 2010,31. Dec. 2099,TRUE,1899,12,30,,
W7W/OK-240,WA-Okanogan,Palmer Benchmark,1293,4242,48.8482,-119.6133,4,0,0,BLM,Spokane District:Wenatchee Field Office,,,,,Open,Open,,,1. Dec. 2010,31. Dec. 2099,TRUE,1899,12,30,,
W7W/OK-241,WA-Okanogan,4203 Callsign Mtn,1281,4203,48.4903,-119.7628,4,0,0,WA DNR,Loup Loup State Forest,,,,,Open,Open,,,1. Dec. 2010,31. Dec. 2099,TRUE,1899,12,30,,
W7W/OK-242,WA-Okanogan,Bullfrog Mountain,1275,4183,48.9228,-119.5977,4,0,0,"PECORARO, SHANNON & PECORARO, JESSE",,,,,,Restricted,Unstated,,,1. Dec. 2010,31. Dec. 2099,TRUE,1899,12,30,,
W7W/OK-243,WA-Okanogan,4180 Gold Strawberry Peak,1274,4180,48.3438,-118.925,4,0,0,COLVILLE RESERVATION,,,,,,Open?,Permit (Paid),,,1. Dec. 2010,31. Dec. 2099,TRUE,1899,12,30,,
W7W/OK-244,WA-Okanogan,4167 Amateur Radio Summit,1270,4167,48.3085,-118.875,4,0,0,COLVILLE RESERVATION,,,,,,Open?,Permit (Paid),,,1. Dec. 2010,31. Dec. 2099,TRUE,1899,12,30,,
W7W/OK-245,WA-Okanogan,4140 Wireless Mtn,1262,4140,48.259,-119.1536,4,0,0,COLVILLE RESERVATION,,,,,,Open?,Permit (Paid),,,1. Dec. 2010,31. Dec. 2099,TRUE,1899,12,30,,
W7W/OK-246,WA-Okanogan,4122 Fenceline Peak,1256,4122,48.391,-120.3364,4,0,0,USFS,Okanogan NF,,,,,Open,Open,,,1. Dec. 2010,31. Dec. 2099,TRUE,1899,12,30,,
W7W/OK-247,WA-Okanogan,4119 Twin Lead Mtn,1255,4119,48.4924,-119.4075,4,0,0,WA DNR,NE Region:South Okanogan District,,,,,Open,Open,,,1. Dec. 2010,31. Dec. 2099,TRUE,1899,12,30,,
W7W/OK-248,WA-Okanogan,4119 Vee Beam Pk,1255,4119,48.964,-118.9055,4,0,0,USFS,Okanogan NF,,,,,Open,Open,,,1. Dec. 2010,31. Dec. 2099,TRUE,1899,12,30,,
W7W/OK-249,WA-Okanogan,4112 RTTY Pk,1253,4112,48.3048,-119.3293,4,0,0,COLVILLE RESERVATION,,,,,,Open?,Permit (Paid),,,1. Dec. 2010,31. Dec. 2099,TRUE,1899,12,30,,
W7W/OK-250,WA-Okanogan,4096 Software Summit,1248,4096,48.7034,-119.6159,4,0,0,SCHMIDT RANCHES LLC,,,,,,Unstated,Unstated,,,1. Dec. 2010,31. Dec. 2099,TRUE,1899,12,30,,
W7W/OK-251,WA-Okanogan,4060 Mt Multipath,1237,4060,48.2813,-119.1612,4,0,0,COLVILLE RESERVATION,,,,,,Open?,Permit (Paid),,,1. Dec. 2010,31. Dec. 2099,TRUE,1899,12,30,,
W7W/OK-252,WA-Okanogan,Island Mountain,1235,4052,48.6999,-119.2539,4,0,0,USFS,Okanogan NF,"PROPHET ETUX, EDWARD",,,,Restricted/Open,Open,,,1. Dec. 2010,31. Dec. 2099,TRUE,1899,12,30,,
W7W/OK-253,WA-Okanogan,4039 Noise Blanker Summit,1231,4039,48.4344,-120.0877,4,0,0,WDFW,Methow WAC:Methow Unit,,,,,Open,Open (seasonal),,,1. Dec. 2010,31. Dec. 2099,TRUE,1899,12,30,,
W7W/OK-254,WA-Okanogan,4020 Propogation Pk,1225,4020,48.3529,-118.9596,4,0,0,COLVILLE RESERVATION,,,,,,Open?,Permit (Paid),,,1. Dec. 2010,31. Dec. 2099,TRUE,1899,12,30,,
W7W/OK-255,WA-Okanogan,4015 Longpath Mtn,1224,4015,48.184,-120.0311,4,0,0,WA DNR,NE Region:South Okanogan District,,,,,Open,Open,,,1. Dec. 2010,31. Dec. 2099,TRUE,1899,12,30,,
W7W/OK-256,WA-Okanogan,Flagg Mountain,1220,4004,48.5989,-120.3851,4,0,19,,,,,,,,,,,1. Dec. 2010,31. Dec. 2099,TRUE,2013,7,22,2013-07-22,N7RR
W7W/OK-257,WA-Okanogan,3987 Snowtrax Peak,1215,3987,48.4127,-120.2533,4,0,0,USFS,Okanogan NF,,,,,Open,Open,,,1. Dec. 2010,31. Dec. 2099,TRUE,1899,12,30,,
W7W/OK-258,WA-Okanogan,Barker Mountain,1213,3980,48.6785,-119.2996,4,0,0,WA DNR,Barker Mountain NAP,,,,,Restricted,Open (special care),,,1. Dec. 2010,31. Dec. 2099,TRUE,1899,12,30,,
W7W/OK-259,WA-Okanogan,Grandview Mountain,1205,3953,48.8893,-119.6559,4,0,0,WA DNR,Loomis State Forest,,,,,Open,Open,,,1. Dec. 2010,31. Dec. 2099,TRUE,1899,12,30,,
W7W/OK-260,WA-Okanogan,Whitmore Mountain,1204,3949,48.1782,-119.2499,4,0,0,COLVILLE RESERVATION,,WELLS CATTLE RANCH LLC,,,,Open?/Unstated,Permit (Paid),,,1. Dec. 2010,31. Dec. 2099,TRUE,1899,12,30,,
W7W/OK-261,WA-Okanogan,3938 Impedance Mtn,1200,3938,48.1149,-120.1183,4,0,0,USFS,Okanogan NF,,,,,Open,Open,,,1. Dec. 2010,31. Dec. 2099,TRUE,1899,12,30,,
W7W/OK-262,WA-Okanogan,3909 Half Square Mtn,1191,3909,48.9118,-119.6866,4,0,0,WA DNR,Loomis State Forest,,,,,Open,Open,,,1. Dec. 2010,31. Dec. 2099,TRUE,1899,12,30,,
W7W/OK-263,WA-Okanogan,Cook Mountain,1188,3897,48.3563,-119.7868,4,0,0,WA DNR,Loup Loup State Forest,,,,,Open,Open,,,1. Dec. 2010,31. Dec. 2099,TRUE,1899,12,30,,
W7W/OK-264,WA-Okanogan,3896 GPS Pk,1188,3896,48.3617,-120.241,4,0,0,USFS,Okanogan NF,,,,,Open,Open,,,1. Dec. 2010,31. Dec. 2099,TRUE,1899,12,30,,
W7W/OK-265,WA-Okanogan,3888 Mt Duplex,1185,3888,48.5315,-120.1434,4,0,1,,,,,,,,,,,1. Dec. 2010,31. Dec. 2099,TRUE,2022,7,13,2022-07-13,K7JRO
W7W/OK-266,WA-Okanogan,Knowlton Knob,1174,3852,48.1639,-119.9017,4,0,0,WA DNR,NE Region:South Okanogan District,,,,,Open,Open,,,1. Dec. 2010,31. Dec. 2099,TRUE,1899,12,30,,
W7W/OK-267,WA-Okanogan,Schalow Mountain,1173,3848,48.5833,-119.6856,4,0,0,USFS,Okanogan NF,,,,,Open,Open,,,1. Dec. 2010,31. Dec. 2099,TRUE,1899,12,30,,
W7W/OK-268,WA-Okanogan,3842 Endfed Summit,1171,3842,48.5311,-120.2458,4,0,0,WDFW,Methow WAC:Rendezvous Unit,,,,,Open,Open (seasonal),,,1. Dec. 2010,31. Dec. 2099,TRUE,1899,12,30,,
W7W/OK-269,WA-Okanogan,3820 Full Quieting Pk,1164,3820,48.0793,-120.06,4,0,0,USFS,Okanogan NF,,,,,Open,Open,,,1. Dec. 2010,31. Dec. 2099,TRUE,1899,12,30,,
W7W/OK-270,WA-Okanogan,Bowen Mountain,1138,3734,48.4676,-120.105,4,0,2,,,,,,,,,,,1. Dec. 2010,31. Dec. 2099,TRUE,2015,9,26,2015-09-26,W7TAO
W7W/OK-271,WA-Okanogan,Gold Hill,1130,3707,48.8093,-119.6829,4,0,0,WA DNR,Loomis State Forest,,,,,Open,Open,,,1. Dec. 2010,31. Dec. 2099,TRUE,1899,12,30,,
W7W/OK-272,WA-Okanogan,Baker Mountain,1091,3580,48.5918,-119.3943,4,0,0,COLVILLE CONFEDERATED TRIBES,,,,,,Open?,Permit (Paid),,,1. Dec. 2010,31. Dec. 2099,TRUE,1899,12,30,,
W7W/OK-273,WA-Okanogan,3578 Global Positioning Pk,1091,3578,48.4026,-120.2068,4,0,0,WDFW,Methow WAC:Big Buck Unit,,,,,Open,Open (seasonal),,,1. Dec. 2010,31. Dec. 2099,TRUE,1899,12,30,,
W7W/OK-274,WA-Okanogan,3537 Autotuner Pk,1078,3537,48.5233,-119.0041,4,0,0,USFS,Okanogan NF,,,,,Open,Open,,,1. Dec. 2010,31. Dec. 2099,TRUE,1899,12,30,,
W7W/OK-275,WA-Okanogan,Patterson Mountain,1070,3511,48.4531,-120.2269,4,0,24,,,,,,,,,,,1. Dec. 2010,31. Dec. 2099,TRUE,2016,5,17,2016-05-17,NU7A
W7W/OK-276,WA-Okanogan,Dunn Mountain,1070,3510,48.5648,-119.6466,4,0,0,WA DNR,NE Region:South Okanogan District,SCHOLZ LAND LLC,,,,Unstated/Open,Open,,,1. Dec. 2010,31. Dec. 2099,TRUE,1899,12,30,,
W7W/OK-277,WA-Okanogan,Bald Knob,1064,3492,48.1527,-119.8552,4,0,0,WA DNR,NE Region:South Okanogan District,"LLOYD, ROBERT A",,,,Open,Open,,,1. Dec. 2010,31. Dec. 2099,TRUE,1899,12,30,,
W7W/OK-278,WA-Okanogan,Hunter Mountain,1057,3468,48.1102,-120.0554,4,0,0,USFS,Okanogan NF,,,,,Open,Open,,,1. Dec. 2010,31. Dec. 2099,TRUE,1899,12,30,,
W7W/OK-279,WA-Okanogan,Squaw Mountain,1055,3460,48.1831,-119.0646,4,0,0,COLVILLE RESERVATION,,,,,,Open?,Permit (Paid),,,1. Dec. 2010,31. Dec. 2099,TRUE,1899,12,30,,
W7W/OK-280,WA-Okanogan,3457 Sage Hill West,1054,3457,48.5431,-120.2257,4,0,1,,,,,,,,,,,1. Dec. 2010,31. Dec. 2099,TRUE,2022,9,12,2022-09-12,W7SEA
W7W/OK-281,WA-Okanogan,Tonasket Benchmark,1050,3444,48.6553,-119.4033,4,0,0,BLM,Spokane District:Wenatchee Field Office,,,,,Open,Open,,,1. Dec. 2010,31. Dec. 2099,TRUE,1899,12,30,,
W7W/OK-282,WA-Okanogan,3430 Crystal Mtn,1045,3430,48.3276,-120.0139,4,0,0,USFS,Okanogan NF,,,,,Open,Open,,,1. Dec. 2010,31. Dec. 2099,TRUE,1899,12,30,,
W7W/OK-283,WA-Okanogan,3420 Mt Vox,1042,3420,48.2699,-118.9171,4,0,0,COLVILLE RESERVATION,,,,,,Open?,Permit (Paid),,,1. Dec. 2010,31. Dec. 2099,TRUE,1899,12,30,,
W7W/OK-284,WA-Okanogan,3404 Sage Hill East,1038,3404,48.5411,-120.2121,4,0,0,WDFW,Methow WAC:Rendezvous Unit,,,,,Open,Open (seasonal),,,1. Dec. 2010,30. Nov. 2016,FALSE,1899,12,30,,
W7W/OK-285,WA-Okanogan,Stowe Mountain,1031,3382,48.6027,-119.4268,4,0,0,COLVILLE CONFEDERATED TRIBES,,,,,,Open?,Permit (Paid),,,1. Dec. 2010,31. Dec. 2099,TRUE,1899,12,30,,
W7W/OK-286,WA-Okanogan,Pine Benchmark,1003,3292,48.6699,-119.5969,4,0,0,YOCUM LIVING TRUST,,,,,,Unstated,Unstated,,,1. Dec. 2010,31. Dec. 2099,TRUE,1899,12,30,,
W7W/OK-287,WA-Okanogan,3275 Cap Wright Hill,998,3275,48.3873,-120.0828,2,0,0,"LEHMAN, CHARLES & YOUNGME",,,,,,Restricted?,Unstated,,Also marked as ACEP-ALE land,1. Dec. 2010,31. Dec. 2099,TRUE,1899,12,30,,
W7W/OK-288,WA-Okanogan,Little Chopaka Mountain,990,3248,48.9745,-119.694,2,0,0,BLM,Spokane District:Wenatchee Field Office,,,,,Open,Open,,,1. Dec. 2010,31. Dec. 2099,TRUE,1899,12,30,,
W7W/OK-289,WA-Okanogan,Leader Mountain,986,3235,48.3656,-119.6582,2,0,0,WA DNR,Loup Loup State Forest,,,,,Open,Open,,,1. Dec. 2010,31. Dec. 2099,TRUE,1899,12,30,,
W7W/OK-290,WA-Okanogan,3210 Two Meter Hill,978,3210,48.5321,-119.4464,2,0,0,WA DNR,NE Region:South Okanogan District,,,,,Open,Open,,,1. Dec. 2010,31. Dec. 2099,TRUE,1899,12,30,,
W7W/OK-291,WA-Okanogan,Kamo Hills,977,3205,48.3134,-119.5159,2,0,0,COLVILLE RESERVATION,,,,,,Open?,Permit (Paid),,,1. Dec. 2010,31. Dec. 2099,TRUE,1899,12,30,,
W7W/OK-292,WA-Okanogan,3203 Upper Sideband Hill,976,3203,48.3276,-119.7685,2,0,0,WA DNR,Loup Loup State Forest,,,,,Open,Open,,,1. Dec. 2010,31. Dec. 2099,TRUE,1899,12,30,,
W7W/OK-293,WA-Okanogan,Green Benchmark,974,3195,48.4553,-119.6503,2,0,0,WOODWARD RANCH INC,,,,,,Unstated,Unstated,,,1. Dec. 2010,31. Dec. 2099,TRUE,1899,12,30,,
W7W/OK-294,WA-Okanogan,Wannacut Benchmark,964,3162,48.8799,-119.5006,2,0,0,"BEREZAN, GRANT & ADELE ACRECH",,BROADWELL LIVING TRUST,,,,Restricted/?,Unstated,,,1. Dec. 2010,31. Dec. 2099,TRUE,1899,12,30,,
W7W/OK-295,WA-Okanogan,3161 Voltage Hill,963,3161,48.5281,-119.7357,2,0,0,BLM,Spokane District:Wenatchee Field Office,,,,,Open,Open,,,1. Dec. 2010,31. Dec. 2099,TRUE,1899,12,30,,
W7W/OK-296,WA-Okanogan,3143 Quarterwave Hill,958,3143,48.3501,-119.7524,2,0,0,WA DNR,Loup Loup State Forest,,,,,Open,Open,,,1. Dec. 2010,31. Dec. 2099,TRUE,1899,12,30,,
W7W/OK-297,WA-Okanogan,Chiliwist Butte,958,3142,48.3152,-119.754,2,0,0,WA DNR,Loup Loup State Forest,,,,,Open,Open,,,1. Dec. 2010,31. Dec. 2099,TRUE,1899,12,30,,
W7W/OK-298,WA-Okanogan,3140 Rubber Duckie Hill,957,3140,48.5905,-119.6501,2,0,0,WDFW,Sinlahekin WAC:Sinlahekin Unit,,,,,Open,Open,,,1. Dec. 2010,31. Dec. 2099,TRUE,1899,12,30,,
W7W/OK-299,WA-Okanogan,Dent Mountain,957,3140,48.2472,-119.8039,2,0,0,GAMBLE LAND & TIMBER LTD,,,,,,Unstated,Unstated,,,1. Dec. 2010,31. Dec. 2099,TRUE,1899,12,30,,
W7W/OK-300,WA-Okanogan,Chilson Mountain,945,3100,48.5617,-119.6042,2,0,0,WA DNR,NE Region:South Okanogan District,,,,,Open,Open,,,1. Dec. 2010,31. Dec. 2099,TRUE,1899,12,30,,
W7W/OK-301,WA-Okanogan,White Rock,942,3090,48.8343,-119.5304,2,0,2,,,,,,,,,,,1. Dec. 2010,31. Dec. 2099,TRUE,2019,7,21,2019-07-21,"KJ7ARG,KD7JB"
W7W/OK-302,WA-Okanogan,Arbuckle Mountain,936,3071,47.9612,-119.9013,2,0,0,BLM,Spokane District:Wenatchee Field Office,WA DNR,,,,Open/Open,Open,,,1. Dec. 2010,31. Dec. 2099,TRUE,1899,12,30,,
W7W/OK-303,WA-Okanogan,3067 Solder Hill,935,3067,48.9426,-119.5071,2,0,0,ELLIS-BARNES LIVESTOCK CO,,,,,,Restricted?,Restricted?,,,1. Dec. 2010,31. Dec. 2099,TRUE,1899,12,30,,
W7W/OK-304,WA-Okanogan,3067 Multipath Hill,935,3067,48.9178,-119.5354,2,0,0,ELLIS-BARNES LIVESTOCK CO,,,,,,Restricted?,Restricted?,,,1. Dec. 2010,31. Dec. 2099,TRUE,1899,12,30,,
W7W/OK-305,WA-Okanogan,3027 Keep Out Mountain,923,3027,48.3504,-120.1608,2,0,0,USFS,Okanogan NF,,,,,Open,Open,,,1. Dec. 2010,31. Dec. 2099,TRUE,1899,12,30,,
W7W/OK-306,WA-Okanogan,3022 Happy Hill,921,3022,48.497,-119.7126,2,0,0,BLM,Spokane District:Wenatchee Field Office,,,,,Open,Open,,,1. Dec. 2010,31. Dec. 2099,TRUE,1899,12,30,,
W7W/OK-307,WA-Okanogan,Carter Mountain,920,3019,48.6269,-119.5642,2,0,0,WA DNR,NE Region:Highlands District,,,,,Open,Open,,,1. Dec. 2010,31. Dec. 2099,TRUE,1899,12,30,,
W7W/OK-308,WA-Okanogan,Fox Mountain,908,2980,48.3398,-119.7163,2,0,0,WA DNR,Loup Loup State Forest,,,,,Open,Open,,,1. Dec. 2010,31. Dec. 2099,TRUE,1899,12,30,,
W7W/OK-309,WA-Okanogan,2966 Stay Out Mountain,904,2966,48.3495,-120.1404,2,0,0,WA DNR,NE Region:South Okanogan District,LOOKOUT MOUNTAIN RANCH LLC,,,,Unstated/Open,Open,,,1. Dec. 2010,31. Dec. 2099,TRUE,1899,12,30,,
W7W/OK-310,WA-Okanogan,2965 PSK-31 Hill,904,2965,48.3467,-119.414,2,0,0,COLVILLE RESERVATION,,,,,,Open?,Permit (Paid),,,1. Dec. 2010,31. Dec. 2099,TRUE,1899,12,30,,
W7W/OK-311,WA-Okanogan,Harmony Heights,903,2961,48.1191,-119.8343,2,0,0,"BAGGETT, JAMES",,,,,,Restricted?,Unstated,,"Large activation area in Harmony Heights housing division, not sure if road is public/private",1. Dec. 2010,31. Dec. 2099,TRUE,1899,12,30,,
W7W/OK-312,WA-Okanogan,Hamilton Mountain,893,2930,48.1684,-119.1525,2,0,0,COLVILLE RESERVATION,,,,,,Open?,Permit (Paid),,,1. Dec. 2010,31. Dec. 2099,TRUE,1899,12,30,,
W7W/OK-313,WA-Okanogan,Kruger Mountain,878,2880,48.9891,-119.495,2,0,0,BLM,Spokane District:Wenatchee Field Office,,,,,Open,Open,,,1. Dec. 2010,31. Dec. 2099,TRUE,1899,12,30,,
W7W/OK-314,WA-Okanogan,Whitestone Mountain,869,2851,48.7721,-119.4748,2,0,0,WHITESTONE CATTLE CO LLC,,,,,,Unstated,Unstated,,,1. Dec. 2010,31. Dec. 2099,TRUE,1899,12,30,,
W7W/OK-315,WA-Okanogan,Boot Mountain,866,2842,48.2165,-119.313,2,0,0,COLVILLE RESERVATION,,,,,,Open?,Permit (Paid),,,1. Dec. 2010,31. Dec. 2099,TRUE,1899,12,30,,
W7W/OK-316,WA-Okanogan,2838 Moccasin Mountain,865,2838,48.4221,-120.1948,2,0,0,WDFW,Methow WAC:Big Buck Unit,MOCCASIN LAKE RANCH #1 INC,,WA DNR,,Open/Unstated/Open,Open (seasonal),,,1. Dec. 2010,30. Nov. 2016,FALSE,1899,12,30,,
W7W/OK-317,WA-Okanogan,Pogue Mountain,863,2830,48.4454,-119.6177,2,0,0,WDFW,Scotch Creek WAC:Pogue Mountain Unit,,,,,Open,Open,,,1. Dec. 2010,31. Dec. 2099,TRUE,1899,12,30,,
W7W/OK-318,WA-Okanogan,Pickens Mountain,853,2798,48.7954,-119.3809,2,0,0,TV DISTRICT #1,,"VOUCHIDES, PAUL & DEBRA",,,,Restricted/Unstated,Unstated,,,1. Dec. 2010,31. Dec. 2099,TRUE,1899,12,30,,
W7W/OK-319,WA-Okanogan,2740 Guyline Hill,835,2740,48.4382,-120.1278,2,0,0,"REDMAN, ERIC & HEATHER",,,,,,Restricted,Unstated,,,1. Dec. 2010,31. Dec. 2099,TRUE,1899,12,30,,
W7W/OK-320,WA-Okanogan,Studhorse Mountain,823,2700,48.468,-120.1501,2,0,1,,,,,,,,,,,1. Dec. 2010,31. Dec. 2099,TRUE,2020,8,30,2020-08-30,K3OG
W7W/OK-321,WA-Okanogan,Soap Lake Mountain,828,2718,48.2544,-119.6785,2,0,0,COLVILLE RESERVATION,,,,,,Open?,Permit (Paid),,,1. Dec. 2010,31. Dec. 2099,TRUE,1899,12,30,,
W7W/OK-322,WA-Okanogan,Cayuse Mountain,809,2654,48.7591,-119.5177,2,0,0,DER RANCHES LLLP,,,,,,Unstated,Unstated,,,1. Dec. 2010,31. Dec. 2099,TRUE,1899,12,30,,
W7W/OK-323,WA-Okanogan,2634 ITU Hill,803,2634,48.0289,-118.918,2,0,0,COLVILLE RESERVATION,,,,,,Open?,Permit (Paid),,,1. Dec. 2010,31. Dec. 2099,TRUE,1899,12,30,,
W7W/OK-324,WA-Okanogan,2500 J-Pole Hill,762,2500,48.1118,-118.9667,2,0,0,COLVILLE RESERVATION,,,,,,Open?,Permit (Paid),,,1. Dec. 2010,31. Dec. 2099,TRUE,1899,12,30,,
W7W/OK-325,WA-Okanogan,Tenas Mountain,750,2460,48.088,-119.8706,2,0,2,,,,,,,,,,,1. Dec. 2010,31. Dec. 2099,TRUE,2021,11,30,2021-11-30,K7NCM
W7W/OK-326,WA-Okanogan,South Whitestone Mountain,749,2458,48.7337,-119.4416,2,0,0,BLM,Spokane District:Wenatchee Field Office,,,,,Open,Open,,,1. Dec. 2010,31. Dec. 2099,TRUE,1899,12,30,,
W7W/OK-327,WA-Okanogan,Duffys Mountain,740,2427,48.7274,-119.3853,2,0,0,BLM,Spokane District:Wenatchee Field Office,SAND LAND LLC,,,,Open/Unstated,Open,,,1. Dec. 2010,31. Dec. 2099,TRUE,1899,12,30,,
W7W/OK-328,WA-Okanogan,2420 Kilohertz Hill,738,2420,48.4947,-119.633,2,0,0,WA DNR,NE Region:South Okanogan District,,,,,Open,Open,,,1. Dec. 2010,31. Dec. 2099,TRUE,1899,12,30,,
W7W/OK-329,WA-Okanogan,Harris Mountain,738,2420,48.3441,-119.6518,2,0,0,BLM,Spokane District:Wenatchee Field Office,,,,,Open,Open,,,1. Dec. 2010,31. Dec. 2099,TRUE,1899,12,30,,
W7W/OK-330,WA-Okanogan,2418 Lowpass Hill,737,2418,48.3506,-119.4571,2,0,0,COLVILLE RESERVATION,,,,,,Open?,Permit (Paid),,,1. Dec. 2010,31. Dec. 2099,TRUE,1899,12,30,,
W7W/OK-331,WA-Okanogan,Rattlesnake Point,733,2406,48.2549,-119.7538,2,0,0,WA DNR,NE Region:South Okanogan District,,,,,Open,Open,,,1. Dec. 2010,31. Dec. 2099,TRUE,1899,12,30,,
W7W/OK-332,WA-Okanogan,2215 CW Ops Hill,675,2215,48.182,-119.7602,2,0,1,WA DNR,NE Region:South Okanogan District,"KLINE, JAMES & LYNNE",,,,Open/Restricted,Open,,,1. Dec. 2010,31. Dec. 2099,TRUE,2025,11,2,2025-11-02,KK7LHY
W7W/OK-333,WA-Okanogan,2137 DX Reach Hill,651,2137,48.3949,-119.6235,2,0,0,OC VERN & DONNA HARKNESS LLC,,,,,,Unstated,Unstated,,,1. Dec. 2010,31. Dec. 2099,TRUE,1899,12,30,,
W7W/OK-334,WA-Okanogan,2130 Extra Class Hill,649,2130,48.4024,-119.5866,2,0,0,BLM,Spokane District:Wenatchee Field Office,,,,,Open,Open,,,1. Dec. 2010,31. Dec. 2099,TRUE,1899,12,30,,
W7W/OK-335,WA-Okanogan,2125 Fullwave Hill,648,2125,48.9854,-119.4064,2,0,0,GLG LAND HOLDINGS LLC,,,,,,Unstated,Unstated,,,1. Dec. 2010,31. Dec. 2099,TRUE,1899,12,30,,
W7W/OK-336,WA-Okanogan,Short Mountain,628,2060,48.5658,-119.4985,2,0,0,SCHOLZ LAND LLC,,"MIRZAZADEH ETUX, ABBAS",,,,Restricted/Unstated,Unstated,,,1. Dec. 2010,31. Dec. 2099,TRUE,1899,12,30,,
W7W/OK-337,WA-Okanogan,2011 Good Copy Hill,613,2011,48.8286,-119.3873,2,0,1,,,,,,,,,,,1. Dec. 2010,31. Dec. 2099,TRUE,2019,4,7,2019-04-07,KJ7ARG
W7W/OK-338,WA-Okanogan,2006 Bug Hill,611,2006,48.6782,-119.4969,2,0,0,"PEACEMAKER, SAMUEL & LAURA",,,,,,Restricted,Unstated,,,1. Dec. 2010,31. Dec. 2099,TRUE,1899,12,30,,
W7W/OK-339,WA-Okanogan,2005 Current Hill,611,2005,48.6456,-119.4443,2,0,1,,,,,,,,,,,1. Dec. 2010,31. Dec. 2099,TRUE,2024,11,6,2024-11-06,K3O
W7W/OK-340,WA-Okanogan,1853 Activator Hill,565,1853,48.3656,-119.6245,2,0,0,BLM,Spokane District:Wenatchee Field Office,,,,,Open,Open,,,1. Dec. 2010,31. Dec. 2099,TRUE,1899,12,30,,
W7W/OK-341,WA-Okanogan,The Needles,2493,8180,48.5998,-120.6574,8,3,0,USFS,Okanogan NF,,,,,Open,Open,,,1. Dec. 2016,31. Dec. 2099,TRUE,1899,12,30,,
W7W/OK-342,WA-Okanogan,Wallaby Peak,2437,7995,48.5067,-120.6153,8,3,1,,,,,,,,,,,1. Dec. 2016,31. Dec. 2099,TRUE,2022,7,31,2022-07-31,KJ7RTO
W7W/OK-343,WA-Okanogan,Black Ridge,2302,7552,48.3329,-120.5066,8,3,0,USFS,Okanogan NF,,,,,Open,Open,,,1. Dec. 2016,31. Dec. 2099,TRUE,1899,12,30,,
W7W/OK-344,WA-Okanogan,5216,1590,5216,48.7076,-119.1653,6,3,0,USFS,Okanogan NF,WA DNR,,,,Open/Open,Open,,,1. Dec. 2016,31. Dec. 2099,TRUE,1899,12,30,,
W7W/OK-345,WA-Okanogan,2860 Moccasin Mountain,872,2860,48.4204,-120.1938,2,0,0,WA DNR,NE Region:South Okanogan District,WDFW,Methow WAC:Big Buck Unit,,,Open/Open,Open,,,1. Dec. 2016,31. Dec. 2099,TRUE,1899,12,30,,
W7W/OK-346,WA-Okanogan,2793,851,2793,47.978,-118.9135,2,0,0,COLVILLE RESERVATION,,,,,,Open?,Permit (Paid),,,1. Dec. 2016,31. Dec. 2099,TRUE,1899,12,30,,
W7W/OK-347,WA-Okanogan,Eagle Rock,713,2340,48.2394,-119.7655,2,0,0,WA DNR,Davis Canyon NAP,,,,,Restricted,Open (special care),,,1. Dec. 2016,31. Dec. 2099,TRUE,1899,12,30,,
W7W/OK-348,WA-Okanogan,2154,657,2154,48.1575,-119.7908,2,0,0,GAMBLE LAND & TIMBER LTD,,,,,,Unstated,Unstated,,,1. Dec. 2016,31. Dec. 2099,TRUE,1899,12,30,,
W7W/OK-349,WA-Okanogan,2089,637,2089,48.9612,-119.3991,2,0,0,WDFW,Scotch Creek WAC:Charles And Mary Eder Unit,,,,,Open,Open (seasonal),,,1. Dec. 2016,31. Dec. 2099,TRUE,1899,12,30,,
W7W/OK-350,WA-Okanogan,2060,628,2060,48.6545,-119.511,2,0,0,BLM,Spokane District:Wenatchee Field Office,,WA DNR,,,Open,Open,,,1. Dec. 2016,31. Dec. 2099,TRUE,1899,12,30,,
W7W/OK-351,WA-Okanogan,2036,621,2036,48.2063,-119.6614,2,0,0,COLVILLE RESERVATION,,,,,,Open?,Permit (Paid),,,1. Dec. 2016,31. Dec. 2099,TRUE,1899,12,30,,
W7W/PL-001,WA-Pacific-Lewis,Ives Peak,2420,7940,46.5028,-121.4474,8,3,4,,,,,,,,,,,1. Dec. 2010,31. Dec. 2099,TRUE,2013,8,30,2013-08-30,KD7AYG
W7W/PL-002,WA-Pacific-Lewis,Johnson Peak,2282,7487,46.5387,-121.5012,8,3,4,,,,,,,,,,,1. Dec. 2010,31. Dec. 2099,TRUE,2020,8,18,2020-08-18,"WE7CAT,KL0NP"
W7W/PL-003,WA-Pacific-Lewis,Unicorn Peak,2128,6980,46.7459,-121.7011,8,3,6,,,,,,,,,,,1. Dec. 2010,31. Dec. 2099,TRUE,2013,6,30,2013-06-30,KD7LXL
W7W/PL-004,WA-Pacific-Lewis,Hogback Mountain,2069,6789,46.6,-121.4061,8,3,7,,,,,,,,,,,1. Dec. 2010,31. Dec. 2099,TRUE,2014,8,21,2014-08-21,N7RR
W7W/PL-005,WA-Pacific-Lewis,6754 Inductor Pk,2059,6754,46.5775,-121.4951,8,3,0,USFS,Gifford Pinchot NF,,,,,Open,Open,,,1. Dec. 2010,31. Dec. 2099,TRUE,1899,12,30,,
W7W/PL-006,WA-Pacific-Lewis,Lakeview Mountain,2030,6660,46.3886,-121.4047,8,3,0,USFS,Gifford Pinchot NF,Yakama Nation,Reservation,,,Open/Restricted,Open,,,1. Dec. 2010,31. Dec. 2099,TRUE,1899,12,30,,
W7W/PL-007,WA-Pacific-Lewis,Stevens Peak,2006,6580,46.7461,-121.6767,8,3,1,,,,,,,,,,,1. Dec. 2010,31. Dec. 2099,TRUE,2014,7,9,2014-07-09,K7ATN
W7W/PL-008,WA-Pacific-Lewis,Pinnacle Peak,2000,6562,46.758,-121.7326,8,3,9,,,,,,,,,,,1. Dec. 2010,31. Dec. 2099,TRUE,2012,9,27,2012-09-27,KR7W
W7W/PL-009,WA-Pacific-Lewis,Coal Creek Mountain,1943,6376,46.6116,-121.5068,6,3,2,,,,,,,,,,,1. Dec. 2010,31. Dec. 2099,TRUE,2022,8,20,2022-08-20,"KF7UXR,AI7NN"
W7W/PL-010,WA-Pacific-Lewis,Tatoosh Benchmark,1923,6310,46.7063,-121.6646,6,3,6,,,,,,,,,,,1. Dec. 2010,31. Dec. 2099,TRUE,2015,7,24,2015-07-24,N7RR
W7W/PL-011,WA-Pacific-Lewis,Wahpenayo Peak,1899,6231,46.7469,-121.7667,6,3,3,,,,,,,,,,,1. Dec. 2010,31. Dec. 2099,TRUE,2022,10,13,2022-10-13,"KL0NP,WE7CAT"
W7W/PL-012,WA-Pacific-Lewis,Angry Mountain,1843,6045,46.5236,-121.5541,6,3,4,,,,,,,,,,,1. Dec. 2010,31. Dec. 2099,TRUE,2020,8,4,2020-08-04,"WE7CAT,KL0NP"
W7W/PL-013,WA-Pacific-Lewis,Lane Peak,1832,6012,46.7579,-121.7529,6,3,1,,,,,,,,,,,1. Dec. 2010,31. Dec. 2099,TRUE,2023,7,20,2023-07-20,K7JRO
W7W/PL-014,WA-Pacific-Lewis,Cramer Mountain,1826,5992,46.6861,-121.3838,6,3,0,USFS,Gifford Pinchot NF,USFS,Wenatchee NF,,,Open,Open,,,1. Dec. 2010,31. Dec. 2099,TRUE,1899,12,30,,
W7W/PL-015,WA-Pacific-Lewis,South Point,1823,5980,46.5222,-121.6447,6,3,1,,,,,,,,,,,1. Dec. 2010,31. Dec. 2099,TRUE,2022,9,2,2022-09-02,NS0TA
W7W/PL-016,WA-Pacific-Lewis,Stonewall Ridge,1821,5976,46.495,-121.6115,6,3,0,USFS,Gifford Pinchot NF,,,,,Open,Open,,,1. Dec. 2010,31. Dec. 2099,TRUE,1899,12,30,,
W7W/PL-017,WA-Pacific-Lewis,5900 Whisper Mtn,1798,5900,46.7343,-121.7448,6,3,0,USFS,Gifford Pinchot NF,,,,,Open,Open,,,1. Dec. 2010,31. Dec. 2099,TRUE,1899,12,30,,
W7W/PL-018,WA-Pacific-Lewis,5900 Vee Beam Pk,1798,5900,46.3949,-121.4645,6,3,1,,,,,,,,,,,1. Dec. 2010,31. Dec. 2099,TRUE,2014,8,24,2014-08-24,N7RR
W7W/PL-019,WA-Pacific-Lewis,Beargrass Butte,1777,5830,46.6123,-121.5362,6,3,0,USFS,Gifford Pinchot NF,,,,,Open,Open,,,1. Dec. 2010,31. Dec. 2099,TRUE,1899,12,30,,
W7W/PL-020,WA-Pacific-Lewis,South Twin Sisters,1773,5818,46.4871,-121.7361,6,3,1,,,,,,,,,,,1. Dec. 2010,31. Dec. 2099,TRUE,2023,9,15,2023-09-15,K7AMM
W7W/PL-021,WA-Pacific-Lewis,5780 Shortwave Mtn,1762,5780,46.4651,-121.6774,6,3,1,,,,,,,,,,,1. Dec. 2010,31. Dec. 2099,TRUE,2023,9,16,2023-09-16,K7AMM
W7W/PL-022,WA-Pacific-Lewis,Yozoo Butte,1762,5780,46.4054,-121.6814,6,3,2,,,,,,,,,,,1. Dec. 2010,31. Dec. 2099,TRUE,2024,6,26,2024-06-26,"KL0NP,WE7CAT"
W7W/PL-023,WA-Pacific-Lewis,Hamilton Buttes,1759,5772,46.3899,-121.6062,6,3,5,,,,,,,,,,,1. Dec. 2010,31. Dec. 2099,TRUE,2015,10,3,2015-10-03,KF7PXT
W7W/PL-024,WA-Pacific-Lewis,5756 SOTA Mtn,1754,5756,46.5977,-121.4747,6,3,0,USFS,Gifford Pinchot NF,,,,,Open,Open,,,1. Dec. 2010,31. Dec. 2099,TRUE,1899,12,30,,
W7W/PL-025,WA-Pacific-Lewis,Cold Springs Butte,1754,5754,46.4659,-121.6366,6,3,1,,,,,,,,,,,1. Dec. 2010,31. Dec. 2099,TRUE,2023,9,16,2023-09-16,K7AMM
W7W/PL-026,WA-Pacific-Lewis,Fryingpan Mountain,1750,5740,46.7392,-121.4292,6,3,1,,,,,,,,,,,1. Dec. 2010,31. Dec. 2099,TRUE,2021,9,7,2021-09-07,K7ATN
W7W/PL-027,WA-Pacific-Lewis,5700 Carlton Ridge,1737,5700,46.7407,-121.4487,6,3,0,USFS,Gifford Pinchot NF,,,,,Open,Open,,,1. Dec. 2010,31. Dec. 2099,TRUE,1899,12,30,,
W7W/PL-028,WA-Pacific-Lewis,Mission Mountain,1737,5698,46.4759,-121.5891,6,3,2,,,,,,,,,,,1. Dec. 2010,31. Dec. 2099,TRUE,2023,9,17,2023-09-17,K7AMM
W7W/PL-029,WA-Pacific-Lewis,High Rock,1733,5685,46.6844,-121.9013,6,3,38,,,,,,,,,,,1. Dec. 2010,31. Dec. 2099,TRUE,2011,9,24,2011-09-24,NZ7B
W7W/PL-030,WA-Pacific-Lewis,5556 Third Party Pk,1693,5556,46.7658,-121.4943,6,3,0,NPS,Mt. Rainier NP,,,,,Open,Open,,,1. Dec. 2010,31. Dec. 2099,TRUE,1899,12,30,,
W7W/PL-031,WA-Pacific-Lewis,Elk Peak,1692,5551,46.4265,-121.573,6,3,3,,,,,,,,,,,1. Dec. 2010,31. Dec. 2099,TRUE,2022,8,4,2022-08-04,K7AHR
W7W/PL-032,WA-Pacific-Lewis,Smith Ridge,1689,5540,46.5192,-121.6957,6,3,0,USFS,Gifford Pinchot NF,,,,,Open,Open,,,1. Dec. 2010,31. Dec. 2099,TRUE,1899,12,30,,
W7W/PL-033,WA-Pacific-Lewis,5535 Transceiver Mtn,1687,5535,46.5605,-121.4153,6,3,0,USFS,Gifford Pinchot NF,USFS,Wenatchee NF,,,Open,Open,,,1. Dec. 2010,31. Dec. 2099,TRUE,1899,12,30,,
W7W/PL-034,WA-Pacific-Lewis,Cozy Ridge,1682,5518,46.4142,-121.6264,6,3,4,,,,,,,,,,,1. Dec. 2010,31. Dec. 2099,TRUE,2024,6,18,2024-06-18,"WE7CAT,KL0NP"
W7W/PL-035,WA-Pacific-Lewis,Lookout Mountain,1669,5475,46.7154,-121.7767,6,3,5,,,,,,,,,,,1. Dec. 2010,31. Dec. 2099,TRUE,2020,6,25,2020-06-25,"WW7D,K7JRO"
W7W/PL-036,WA-Pacific-Lewis,Yellowjacket Point,1664,5459,46.6672,-121.4617,6,3,0,USFS,Gifford Pinchot NF,,,,,Open,Open,,,1. Dec. 2010,31. Dec. 2099,TRUE,1899,12,30,,
W7W/PL-037,WA-Pacific-Lewis,Purcell Mountain,1659,5442,46.5932,-121.8423,6,3,2,,,,,,,,,,,1. Dec. 2010,31. Dec. 2099,TRUE,2022,7,17,2022-07-17,"WU7H,WW7D"
W7W/PL-038,WA-Pacific-Lewis,Sawtooth Ridge,1622,5323,46.6913,-121.9243,6,3,0,USFS,Gifford Pinchot NF,,,,,Open,Open,,,1. Dec. 2010,31. Dec. 2099,TRUE,1899,12,30,,
W7W/PL-039,WA-Pacific-Lewis,Burley Mountain,1619,5312,46.4073,-121.8656,6,3,17,,,,,,,,,,,1. Dec. 2010,31. Dec. 2099,TRUE,2013,8,10,2013-08-10,AB7YL
W7W/PL-040,WA-Pacific-Lewis,Whalehead Ridge,1615,5300,46.5804,-121.8625,6,3,0,USFS,Gifford Pinchot NF,,,,,Open,Open,,,1. Dec. 2010,31. Dec. 2099,TRUE,1899,12,30,,
W7W/PL-041,WA-Pacific-Lewis,Last Laugh Mountain,1615,5299,46.7376,-121.526,6,3,0,NPS,Mt. Rainier NP,USFS,Gifford Pinchot NF,,,Open,Open,,,1. Dec. 2010,31. Dec. 2099,TRUE,1899,12,30,,
W7W/PL-042,WA-Pacific-Lewis,Griffin Mountain,1610,5283,46.6553,-121.9799,6,3,0,WEST FORK TIMBER CO LLC,,,,,,Unstated,Request,,,1. Dec. 2010,31. Dec. 2099,TRUE,1899,12,30,,
W7W/PL-043,WA-Pacific-Lewis,Skate Mountain,1603,5260,46.6557,-121.7991,6,3,0,USFS,Gifford Pinchot NF,,,,,Open,Open,,,1. Dec. 2010,31. Dec. 2099,TRUE,1899,12,30,,
W7W/PL-044,WA-Pacific-Lewis,Tumwater Mountain,1603,5260,46.4282,-122.1037,6,3,1,USFS,Gifford Pinchot NF,,,,,Open,Open,,,1. Dec. 2010,31. Dec. 2099,TRUE,2025,5,25,2025-05-25,WE7CAT
W7W/PL-045,WA-Pacific-Lewis,5245 Mt Tribander,1599,5245,46.531,-121.5879,6,3,4,,,,,,,,,,,1. Dec. 2010,31. Dec. 2099,TRUE,2020,8,3,2020-08-03,"WE7CAT,KL0NP"
W7W/PL-046,WA-Pacific-Lewis,5140 Twin Lead Mtn,1567,5140,46.6631,-121.9262,6,3,2,,,,,,,,,,,1. Dec. 2010,31. Dec. 2099,TRUE,2019,11,11,2019-11-11,"WW7D,WU7H"
W7W/PL-047,WA-Pacific-Lewis,East Rock,1567,5140,46.678,-121.8826,6,3,0,USFS,Gifford Pinchot NF,,,,,Open,Open,,,1. Dec. 2010,31. Dec. 2099,TRUE,1899,12,30,,
W7W/PL-048,WA-Pacific-Lewis,Dixon Mountain,1565,5134,46.6881,-121.7301,6,3,2,,,,,,,,,,,1. Dec. 2010,31. Dec. 2099,TRUE,2023,7,15,2023-07-15,"WW7D,K7JRO"
W7W/PL-049,WA-Pacific-Lewis,Allen Mountain,1554,5100,46.6544,-121.8717,6,3,1,USFS,Gifford Pinchot NF,,,,,Open,Open,,,1. Dec. 2010,31. Dec. 2099,TRUE,2025,6,3,2025-06-03,WE7CAT
W7W/PL-050,WA-Pacific-Lewis,Prairie Mountain,1544,5065,46.5651,-121.8521,6,3,0,USFS,Gifford Pinchot NF,,,,,Open,Open,,,1. Dec. 2010,31. Dec. 2099,TRUE,1899,12,30,,
W7W/PL-051,WA-Pacific-Lewis,5028 Second Hop Pk,1533,5028,46.7475,-121.5142,6,3,0,NPS,Mt. Rainier NP,USFS,Gifford Pinchot NF,,,Open,Open,,,1. Dec. 2010,31. Dec. 2099,TRUE,1899,12,30,,
W7W/PL-052,WA-Pacific-Lewis,4940 Mt Rockbound,1506,4940,46.4021,-121.7077,6,3,0,USFS,Gifford Pinchot NF,,,,,Open,Open,,,1. Dec. 2010,31. Dec. 2099,TRUE,1899,12,30,,
W7W/PL-053,WA-Pacific-Lewis,Vanson Peak,1506,4940,46.4101,-122.1516,6,3,1,,,,,,,,,,,1. Dec. 2010,31. Dec. 2099,TRUE,2023,7,2,2023-07-02,KD7QOW
W7W/PL-054,WA-Pacific-Lewis,4900 Remote Base Pk,1494,4900,46.662,-121.8434,4,0,4,,,,,,,,,,,1. Dec. 2010,31. Dec. 2099,TRUE,2019,11,11,2019-11-11,"WW7D,WU7H"
W7W/PL-055,WA-Pacific-Lewis,Kiona Peak,1478,4849,46.567,-122.0174,4,0,0,WEST FORK TIMBER CO LLC,,,,,,Unstated,Request,,,1. Dec. 2010,31. Dec. 2099,TRUE,1899,12,30,,
W7W/PL-056,WA-Pacific-Lewis,4845 Knife Edge Pk,1477,4845,46.593,-121.8098,4,0,0,USFS,Gifford Pinchot NF,,,,,Open,Open,,,1. Dec. 2010,31. Dec. 2099,TRUE,1899,12,30,,
W7W/PL-057,WA-Pacific-Lewis,Tongue Mountain,1475,4838,46.413,-121.771,4,0,5,,,,,,,,,,,1. Dec. 2010,31. Dec. 2099,TRUE,2014,10,5,2014-10-05,KF7PXT
W7W/PL-058,WA-Pacific-Lewis,East Skate Mountain,1469,4820,46.648,-121.7452,4,0,0,USFS,Gifford Pinchot NF,,,,,Open,Open,,,1. Dec. 2010,31. Dec. 2099,TRUE,1899,12,30,,
W7W/PL-059,WA-Pacific-Lewis,Watch Mountain,1465,4805,46.5686,-121.9751,4,0,0,USFS,Gifford Pinchot NF,,,,,Open,Open,,,1. Dec. 2010,31. Dec. 2099,TRUE,1899,12,30,,
W7W/PL-060,WA-Pacific-Lewis,Davis Mountain,1464,4804,46.581,-121.8017,4,0,3,,,,,,,,,,,1. Dec. 2010,31. Dec. 2099,TRUE,2022,7,17,2022-07-17,"WU7H,WW7D"
W7W/PL-061,WA-Pacific-Lewis,4780 Regenerative Pk,1457,4780,46.6222,-121.81,4,0,1,USFS,Gifford Pinchot NF,,,,,Open,Open,,,1. Dec. 2010,31. Dec. 2099,TRUE,2025,7,2,2025-07-02,KD7QOW
W7W/PL-062,WA-Pacific-Lewis,Storm King Mountain,1448,4750,46.6484,-122.1584,4,0,0,Pope Resources,,MUCKLESHOOT FEDERAL CORPORATION,,,,Permit/Restricted,#N/A,,,1. Dec. 2010,31. Dec. 2099,TRUE,1899,12,30,,
W7W/PL-063,WA-Pacific-Lewis,High Hut,1446,4743,46.6967,-122.0255,4,0,27,,,,,,,,,,,1. Dec. 2010,31. Dec. 2099,TRUE,2017,1,14,2017-01-14,KG7EJT
W7W/PL-064,WA-Pacific-Lewis,4700 Radioteletype Mtn,1433,4700,46.6957,-121.523,4,0,1,,,,,,,,,,,1. Dec. 2010,31. Dec. 2099,TRUE,2023,9,9,2023-09-09,K7ATN
W7W/PL-065,WA-Pacific-Lewis,Lone Tree Mountain,1420,4660,46.4824,-121.8247,4,0,2,,,,,,,,,,,1. Dec. 2010,31. Dec. 2099,TRUE,2016,7,17,2016-07-17,KF7PXT
W7W/PL-066,WA-Pacific-Lewis,4647 Mt Prominence,1416,4647,46.6032,-121.7849,4,0,0,USFS,Gifford Pinchot NF,,,,,Open,Open,,,1. Dec. 2010,31. Dec. 2099,TRUE,1899,12,30,,
W7W/PL-067,WA-Pacific-Lewis,4580 Phase Shift Pk,1396,4580,46.6272,-121.7828,4,0,0,USFS,Gifford Pinchot NF,,,,,Open,Open,,,1. Dec. 2010,31. Dec. 2099,TRUE,1899,12,30,,
W7W/PL-068,WA-Pacific-Lewis,4561 Olivia Summit,1390,4561,46.6186,-121.5746,4,0,1,,,,,,,,,,,1. Dec. 2010,31. Dec. 2099,TRUE,2015,11,4,2015-11-04,N7RR
W7W/PL-069,WA-Pacific-Lewis,Colman Benchmark,1383,4538,46.6022,-122.0814,4,0,0,WEST FORK TIMBER CO LLC,,,,,,Unstated,Request,,,1. Dec. 2010,31. Dec. 2099,TRUE,1899,12,30,,
W7W/PL-070,WA-Pacific-Lewis,4477 Re-Transmission Pk,1365,4477,46.6831,-122.0096,4,0,23,,,,,,,,,,,1. Dec. 2010,31. Dec. 2099,TRUE,2017,1,14,2017-01-14,KG7EJT
W7W/PL-071,WA-Pacific-Lewis,4413 Mt Sensitivity,1345,4413,46.6441,-122.0454,4,0,0,WA DNR,Tahoma State Forest,,,,,Open,Open,,,1. Dec. 2010,31. Dec. 2099,TRUE,1899,12,30,,
W7W/PL-072,WA-Pacific-Lewis,4384 Relay Summit,1336,4384,46.5932,-122.0411,4,0,0,WEST FORK TIMBER CO LLC,,,,,,Unstated,Request,,,1. Dec. 2010,31. Dec. 2099,TRUE,1899,12,30,,
W7W/PL-073,WA-Pacific-Lewis,4380 Quarter Wave Mtn,1335,4380,46.5804,-122.1228,4,0,0,WEST FORK TIMBER CO LLC,,,,,,Unstated,Request,,,1. Dec. 2010,31. Dec. 2099,TRUE,1899,12,30,,
W7W/PL-074,WA-Pacific-Lewis,4380 Precedence Pk,1335,4380,46.6298,-122.1101,4,0,0,WEST FORK TIMBER CO LLC,,,,,,Unstated,Request,,,1. Dec. 2010,31. Dec. 2099,TRUE,1899,12,30,,
W7W/PL-075,WA-Pacific-Lewis,The Rockies,1323,4340,46.6564,-122.3661,4,0,4,,,,,,,,,,,1. Dec. 2010,31. Dec. 2099,TRUE,2022,8,11,2022-08-11,"WW7D,K7ATN"
W7W/PL-076,WA-Pacific-Lewis,Mount Elbert,1319,4327,46.6544,-122.3278,4,0,4,,,,,,,,,,,1. Dec. 2010,31. Dec. 2099,TRUE,2019,7,28,2019-07-28,"WW7D,K7JRO"
W7W/PL-077,WA-Pacific-Lewis,Iron Creek Butte,1311,4300,46.3968,-121.952,4,0,1,,,,,,,,,,,1. Dec. 2010,31. Dec. 2099,TRUE,2016,7,16,2016-07-16,KF7PXT
W7W/PL-078,WA-Pacific-Lewis,4260 Mt Pentode,1298,4260,46.6184,-121.9257,4,0,0,USFS,Gifford Pinchot NF,,,,,Open,Open,,,1. Dec. 2010,31. Dec. 2099,TRUE,1899,12,30,,
W7W/PL-079,WA-Pacific-Lewis,Harrington Rock,1286,4220,46.6222,-121.998,4,0,0,WA DNR,Tahoma State Forest,,,,,Open,Open,,,1. Dec. 2010,31. Dec. 2099,TRUE,1899,12,30,,
W7W/PL-080,WA-Pacific-Lewis,4100 Signal Mtn,1250,4100,46.6063,-121.9768,4,0,0,WEST FORK TIMBER CO LLC,,,,,,Unstated,Request,,,1. Dec. 2010,31. Dec. 2099,TRUE,1899,12,30,,
W7W/PL-081,WA-Pacific-Lewis,4097 Troposphere Pk,1249,4097,46.6791,-122.2565,4,0,9,,,,,,,,,,,1. Dec. 2010,31. Dec. 2099,TRUE,2019,7,28,2019-07-28,"WW7D,K7JRO"
W7W/PL-082,WA-Pacific-Lewis,Mt. Goodie,1237,4060,46.6796,-122.2229,4,0,2,,,,,,,,,,,1. Dec. 2010,31. Dec. 2099,TRUE,2023,5,28,2023-05-28,"WU7H,WW7D"
W7W/PL-083,WA-Pacific-Lewis,Ladd Mountain,1201,3940,46.7251,-122.2632,4,0,19,,,,,,,,,,,1. Dec. 2010,31. Dec. 2099,TRUE,2012,9,9,2012-09-09,W7PFR
W7W/PL-084,WA-Pacific-Lewis,3900 Columbia-Nisqually-Deschutes Triple Divide,1189,3900,46.6943,-122.3665,4,0,3,,,,,,,,,,,1. Dec. 2010,31. Dec. 2099,TRUE,2022,7,4,2022-07-04,WW7D
W7W/PL-085,WA-Pacific-Lewis,3874 Skip Mtn,1181,3874,46.716,-121.8476,4,0,0,USFS,Gifford Pinchot NF,,,,,Open,Open,,,1. Dec. 2010,31. Dec. 2099,TRUE,1899,12,30,,
W7W/PL-086,WA-Pacific-Lewis,3820 Mt Transponder,1164,3820,46.6749,-122.474,4,0,5,,,,,,,,,,,1. Dec. 2010,31. Dec. 2099,TRUE,2021,8,1,2021-08-01,"WW7D,WU7H"
W7W/PL-087,WA-Pacific-Lewis,3820 Telescope Butte,1164,3820,46.6931,-122.1166,4,0,0,MUCKLESHOOT FEDERAL CORP,Storm King Area,,,,,Restricted,Unstated,,,1. Dec. 2010,31. Dec. 2099,TRUE,1899,12,30,,
W7W/PL-088,WA-Pacific-Lewis,Huckleberry Mountain,1164,3820,46.7121,-122.4351,4,0,0,WEYERHAEUSER TIMBER HOLDINGS INC,,,,,,Permit,Permit (Paid),,,1. Dec. 2010,31. Dec. 2099,TRUE,1899,12,30,,
W7W/PL-089,WA-Pacific-Lewis,3780 Top Loaded Mtn,1152,3780,46.6567,-122.4708,4,0,7,,,,,,,,,,,1. Dec. 2010,31. Dec. 2099,TRUE,2018,10,13,2018-10-13,N1OIE
W7W/PL-090,WA-Pacific-Lewis,Stahl Mountain,1133,3716,46.7429,-122.2696,4,0,2,,,,,,,,,,,1. Dec. 2010,31. Dec. 2099,TRUE,2020,5,31,2020-05-31,"WW7D,WU7H"
W7W/PL-091,WA-Pacific-Lewis,Winters Mountain,1118,3668,46.4497,-122.3134,4,0,0,PORT BLAKELY TREE FARMS LDT PT,,WEYERHAEUSER TIMBER HOLDINGS INC,,,,Open/Permit,Open,,,1. Dec. 2010,31. Dec. 2099,TRUE,1899,12,30,,
W7W/PL-092,WA-Pacific-Lewis,Huffaker Mountain,1116,3660,46.4751,-122.0025,4,0,2,,,,,,,,,,,1. Dec. 2010,31. Dec. 2099,TRUE,2016,9,14,2016-09-14,NS0TA
W7W/PL-093,WA-Pacific-Lewis,National Lookout,1103,3620,46.7243,-122.0829,4,0,1,,,,,,,,,,,1. Dec. 2010,31. Dec. 2099,TRUE,2024,3,26,2024-03-26,N7NWT
W7W/PL-094,WA-Pacific-Lewis,Kosmos Lookout,1091,3580,46.5556,-122.1929,4,0,0,PORT BLAKELY TREE FARMS LDT PT,,State of Washington,,,,Open/Unstated,Open,,,1. Dec. 2010,31. Dec. 2099,TRUE,1899,12,30,,
W7W/PL-095,WA-Pacific-Lewis,3570 D-Star Pk,1088,3570,46.6046,-122.4048,4,0,6,,,,,,,,,,,1. Dec. 2010,31. Dec. 2099,TRUE,2023,5,22,2023-05-22,"WE7CAT,KL0NP"
W7W/PL-096,WA-Pacific-Lewis,Rooster Rock,1067,3500,46.6348,-122.469,4,0,7,,,,,,,,,,,1. Dec. 2010,31. Dec. 2099,TRUE,2018,1,22,2018-01-22,"K7ASQ,W7GIN"
W7W/PL-097,WA-Pacific-Lewis,3460 Mt Fax,1055,3460,46.5958,-122.3195,4,0,0,WEST FORK TIMBER CO LLC,,,,,,Unstated,Request,,,1. Dec. 2010,31. Dec. 2099,TRUE,1899,12,30,,
W7W/PL-098,WA-Pacific-Lewis,Boistfort Peak,957,3140,46.4877,-123.2144,2,0,2,,,,,,,,,,,1. Dec. 2010,31. Dec. 2099,TRUE,2024,6,10,2024-06-10,AI7RK
W7W/PL-099,WA-Pacific-Lewis,3100 Fixed Control Mtn,945,3100,46.5824,-122.3009,2,0,0,WEST FORK TIMBER CO LLC,,,,,,Unstated,Request,,,1. Dec. 2010,31. Dec. 2099,TRUE,1899,12,30,,
W7W/PL-100,WA-Pacific-Lewis,3020 General Class Butte,920,3020,46.4341,-123.2161,2,0,0,WEYERHAEUSER TIMBER HOLDINGS INC,,,,,,Permit,Permit (Paid),,,1. Dec. 2010,31. Dec. 2099,TRUE,1899,12,30,,
W7W/PL-101,WA-Pacific-Lewis,Pacific County HP,920,3020,46.4815,-123.4041,2,0,0,RAYONIER FOREST RESOURCES LP,Fossil Creek Permit Area,,,,,Unstated,Permit (Paid),,,1. Dec. 2010,31. Dec. 2099,TRUE,1899,12,30,,
W7W/PL-102,WA-Pacific-Lewis,Green Mountain,885,2902,46.4701,-122.3504,2,0,0,PORT BLAKELY TREE FARMS LDT PT,,,,,,Open,Open,,,1. Dec. 2010,31. Dec. 2099,TRUE,1899,12,30,,
W7W/PL-103,WA-Pacific-Lewis,Fling Mountain,884,2900,46.5746,-122.3518,2,0,0,WEYERHAEUSER TIMBER HOLDINGS INC,,,,,,Permit,Permit (Paid),,,1. Dec. 2010,31. Dec. 2099,TRUE,1899,12,30,,
W7W/PL-104,WA-Pacific-Lewis,Snugtop,884,2900,46.7338,-122.1213,2,0,0,WA DNR,Tahoma State Forest,,,,,Open,Open,,,1. Dec. 2010,31. Dec. 2099,TRUE,1899,12,30,,
W7W/PL-105,WA-Pacific-Lewis,Grays River Divide,872,2860,46.461,-123.5505,2,0,0,WEYERHAEUSER COMPANY,,,,,,Permit/Unstated,Permit (Paid),,,1. Dec. 2010,31. Dec. 2099,TRUE,1899,12,30,,
W7W/PL-106,WA-Pacific-Lewis,2820 Ham Radio Hill,860,2820,46.3981,-123.3544,2,0,0,VGI FOREST LEWIS & CLARK LLC,,,,,,Unstated,Unstated,,,1. Dec. 2010,31. Dec. 2099,TRUE,1899,12,30,,
W7W/PL-107,WA-Pacific-Lewis,Cottlers Rock,847,2780,46.5266,-122.2693,2,0,3,,,,,,,,,,,1. Dec. 2010,31. Dec. 2099,TRUE,2023,5,31,2023-05-31,"KL0NP,WE7CAT"
W7W/PL-108,WA-Pacific-Lewis,2735 Mt Gray-Line,834,2735,46.6331,-122.272,2,0,0,WEST FORK TIMBER CO LLC,,,,,,Unstated,Request,,,1. Dec. 2010,31. Dec. 2099,TRUE,1899,12,30,,
W7W/PL-109,WA-Pacific-Lewis,Spiraltop,824,2703,46.7171,-122.2267,2,0,2,,,,,,,,,,,1. Dec. 2010,31. Dec. 2099,TRUE,2013,8,1,2013-08-01,AB7YL
W7W/PL-110,WA-Pacific-Lewis,2700 Encoder Mtn,823,2700,46.3977,-123.2483,2,0,0,GREEN DIAMOND RESOURCE COMPANY,,,,,,Permit,Permit (Paid),,,1. Dec. 2010,31. Dec. 2099,TRUE,1899,12,30,,
W7W/PL-111,WA-Pacific-Lewis,Roundtop Mountain,814,2670,46.7175,-122.1361,2,0,0,MUCKLESHOOT FEDERAL CORPORATION,Storm King Area,,,,,Restricted,Unstated,,,1. Dec. 2010,31. Dec. 2099,TRUE,1899,12,30,,
W7W/PL-112,WA-Pacific-Lewis,Big Bottom Butte,812,2664,46.4955,-122.1458,2,0,0,PORT BLAKELY TREE FARMS LDT PT,,MEYER TESTAMENTARY EXEMPTION EQUIVALENT TRUST,,,,Restricted?/Unstated,Open,,,1. Dec. 2010,31. Dec. 2099,TRUE,1899,12,30,,
W7W/PL-113,WA-Pacific-Lewis,2660 Mt Ionosphere,811,2660,46.4676,-123.3783,2,0,0,WEYERHAEUSER COMPANY,,,,,,Permit,Permit (Paid),,,1. Dec. 2010,31. Dec. 2099,TRUE,1899,12,30,,
W7W/PL-114,WA-Pacific-Lewis,Crazy Man Mountain,808,2650,46.4332,-122.4945,2,0,6,,,,,,,,,,,1. Dec. 2010,31. Dec. 2099,TRUE,2021,12,5,2021-12-05,KL0NP
W7W/PL-115,WA-Pacific-Lewis,2626 Meteor Scatter Summit,800,2626,46.4415,-123.3482,2,0,0,WEYERHAEUSER TIMBER HOLDINGS INC,,,,,,Permit,Permit (Paid),,,1. Dec. 2010,31. Dec. 2099,TRUE,1899,12,30,,
W7W/PL-116,WA-Pacific-Lewis,Bluff Mountain,799,2620,46.4554,-121.899,2,0,0,USFS,Gifford Pinchot NF,,,,,Open,Open,,,1. Dec. 2010,31. Dec. 2099,TRUE,1899,12,30,,
W7W/PL-117,WA-Pacific-Lewis,Towertop,795,2608,46.7416,-122.1758,2,0,0,THE YOUNG MEN'S CHRISTIAN ASSOCIATION OF GREATER,,,,,,Restricted?,Open?,,,1. Dec. 2010,31. Dec. 2099,TRUE,1899,12,30,,
W7W/PL-118,WA-Pacific-Lewis,Kehoe Mountain,774,2540,46.5514,-121.9255,2,0,0,USFS,Gifford Pinchot NF,,,,,Open,Open,,,1. Dec. 2010,31. Dec. 2099,TRUE,1899,12,30,,
W7W/PL-119,WA-Pacific-Lewis,Doty Hills,758,2487,46.71,-123.3237,2,0,0,WEYERHAEUSER TIMBER HOLDINGS INC,,,,,,Permit,Permit (Paid),,,1. Dec. 2010,31. Dec. 2099,TRUE,1899,12,30,,
W7W/PL-120,WA-Pacific-Lewis,2460 Low Power Hill,750,2460,46.5612,-122.4089,2,0,0,PORT BLAKELY TREE FARMS LDT PT,,,,,,Open,Open,,,1. Dec. 2010,31. Dec. 2099,TRUE,1899,12,30,,
W7W/PL-121,WA-Pacific-Lewis,2455 High Power Hill,748,2455,46.4206,-123.3004,2,0,0,WEYERHAEUSER TIMBER HOLDINGS INC,,,,,,Permit,Permit (Paid),,,1. Dec. 2010,31. Dec. 2099,TRUE,1899,12,30,,
W7W/PL-122,WA-Pacific-Lewis,Kraus Ridge,738,2420,46.4381,-121.9642,2,0,0,USFS,Gifford Pinchot NF,,,,,Open,Open,,,1. Dec. 2010,31. Dec. 2099,TRUE,1899,12,30,,
W7W/PL-123,WA-Pacific-Lewis,Skyo Mountain,738,2420,46.5774,-121.7179,2,0,2,,,,,,,,,,,1. Dec. 2010,31. Dec. 2099,TRUE,2018,8,2,2018-08-02,K6BRR
W7W/PL-124,WA-Pacific-Lewis,2420 Halfwave Hill,738,2420,46.4091,-123.5076,2,0,0,RAYONIER FOREST RESOURCES LP,Fossil Creek Permit Area,,,,,Unstated,Permit (Paid),,,1. Dec. 2010,31. Dec. 2099,TRUE,1899,12,30,,
W7W/PL-125,WA-Pacific-Lewis,2420 Hardware Hill,738,2420,46.4832,-123.4977,2,0,0,WEYERHAEUSER COMPANY,,,,,,Permit,Permit (Paid),,,1. Dec. 2010,31. Dec. 2099,TRUE,1899,12,30,,
W7W/PL-126,WA-Pacific-Lewis,Walville Peak,737,2417,46.5893,-123.417,2,0,0,WA DNR,Pacific Cascade Region: Lewis District: Frances Unit,,,,,Open,Open,,,1. Dec. 2010,31. Dec. 2099,TRUE,1899,12,30,,
W7W/PL-127,WA-Pacific-Lewis,Glenoma Benchmark,735,2411,46.4983,-122.1003,2,0,1,PORT BLAKELY TREE FARMS LDT PT,,,,,,Open,Open,,,1. Dec. 2010,31. Dec. 2099,TRUE,2025,3,30,2025-03-30,KK7LHY
W7W/PL-128,WA-Pacific-Lewis,Clinton Knob,725,2380,46.4157,-123.1596,2,0,0,SIERRA PACIFIC LAND AND TIMBER COMPANY,,,,,,Open,Open,,,1. Dec. 2010,31. Dec. 2099,TRUE,1899,12,30,,
W7W/PL-129,WA-Pacific-Lewis,2340 Dummy Load Hill,713,2340,46.4837,-122.1555,2,0,0,PORT BLAKELY TREE FARMS LDT PT,,,,,,Open,Open,,,1. Dec. 2010,31. Dec. 2099,TRUE,1899,12,30,,
W7W/PL-130,WA-Pacific-Lewis,2300 Extra Class Hill,701,2300,46.4718,-121.8909,2,0,0,USFS,Gifford Pinchot NF,,,,,Open,Open,,,1. Dec. 2010,31. Dec. 2099,TRUE,1899,12,30,,
W7W/PL-131,WA-Pacific-Lewis,Bellicum Peak,701,2300,46.5532,-122.3793,2,0,0,PORT BLAKELY TREE FARMS LDT PT,,,,,,Open,Open,,,1. Dec. 2010,31. Dec. 2099,TRUE,1899,12,30,,
W7W/PL-132,WA-Pacific-Lewis,2290 Grandfather Hill,698,2290,46.7015,-122.6669,2,0,0,WEYERHAEUSER TIMBER HOLDINGS INC,,,,,,Permit,Permit (Paid),,,1. Dec. 2010,31. Dec. 2099,TRUE,1899,12,30,,
W7W/PL-133,WA-Pacific-Lewis,Doubletop,664,2180,46.7441,-122.2256,2,0,1,,,,,,,,,,,1. Dec. 2010,31. Dec. 2099,TRUE,2024,3,18,2024-03-18,NN7M
W7W/PL-134,WA-Pacific-Lewis,Trap Creek Lookout,664,2180,46.5302,-123.7182,2,0,0,FIA TIMBER GROWTH & VALUE WASHINGTON,,,,,,Permit?,Request,,,1. Dec. 2010,31. Dec. 2099,TRUE,1899,12,30,,
W7W/PL-135,WA-Pacific-Lewis,2142 CW Ops Hill,653,2142,46.482,-122.4165,2,0,0,RAYONIER WASHINGTON TIMBERLANDS ACQUISITION COMP,WA General Access areas,WEYERHAEUSER TIMBER HOLDINGS INC.,,,,Unstated/Permit,Permit (Paid),,,1. Dec. 2010,31. Dec. 2099,TRUE,1899,12,30,,
W7W/PL-136,WA-Pacific-Lewis,2140 ARRL Hill,652,2140,46.6544,-122.6293,2,0,0,WEYERHAEUSER TIMBER HOLDINGS INC,,,,,,Permit,Permit (Paid),,,1. Dec. 2010,31. Dec. 2099,TRUE,1899,12,30,,
W7W/PL-137,WA-Pacific-Lewis,Laketop,652,2140,46.7243,-122.1636,2,0,0,THE YOUNG MEN'S CHRISTIAN ASSOCIATION OF GREATER,,,,,,Unstated,Open?,,,1. Dec. 2010,31. Dec. 2099,TRUE,1899,12,30,,
W7W/PL-138,WA-Pacific-Lewis,Stumptop,640,2100,46.7252,-122.1977,2,0,1,"TWIN CREEKS TIMBER, LLC",,,,,,Open,Open,,,1. Dec. 2010,31. Dec. 2099,TRUE,2025,4,26,2025-04-26,KK7LHY
W7W/PL-139,WA-Pacific-Lewis,2060 Mt Capacitor,628,2060,46.4418,-122.0131,2,0,0,PORT BLAKELY TREE FARMS LDT PT,,,,,,Open,Open,,,1. Dec. 2010,31. Dec. 2099,TRUE,1899,12,30,,
W7W/PL-140,WA-Pacific-Lewis,2060 Clarifier Summit,628,2060,46.4917,-123.5999,2,0,0,WEYERHAEUSER COMPANY,,,,,,Permit,Permit (Paid),,,1. Dec. 2010,31. Dec. 2099,TRUE,1899,12,30,,
W7W/PL-141,WA-Pacific-Lewis,Cowan Lookout,596,1955,46.4169,-123.7808,2,0,16,,,,,,,,,,,1. Dec. 2010,31. Dec. 2099,TRUE,2015,6,4,2015-06-04,WW7D
W7W/PL-142,WA-Pacific-Lewis,1875 Critical Frequency Hill,572,1875,46.4883,-123.7357,2,0,0,WEYERHAEUSER TIMBER HOLDINGS INC,,,,,,Permit,Permit (Paid),,,1. Dec. 2010,31. Dec. 2099,TRUE,1899,12,30,,
W7W/PL-143,WA-Pacific-Lewis,1860 Didahdit Hill,567,1860,46.5401,-122.0064,2,0,0,RAYONIER WASHINGTON TIMBERLANDS ACQUISITION COMP,WA General Access areas,,,,,Unstated,Permit (Paid),,,1. Dec. 2010,31. Dec. 2099,TRUE,1899,12,30,,
W7W/PL-144,WA-Pacific-Lewis,1860 Autopatch Hill,567,1860,46.5451,-122.0359,2,0,0,PORT BLAKELY TREE FARMS LDT PT,,,,,,Open,Open,,,1. Dec. 2010,31. Dec. 2099,TRUE,1899,12,30,,
W7W/PL-145,WA-Pacific-Lewis,1780 Break In Hill,543,1780,46.5118,-123.6117,2,0,0,WEYERHAEUSER COMPANY,,,,,,Permit,Permit (Paid),,,1. Dec. 2010,31. Dec. 2099,TRUE,1899,12,30,,
W7W/PL-146,WA-Pacific-Lewis,1768 Hatchet Mountain,539,1768,46.4014,-122.6115,2,0,3,,,,,,,,,,,1. Dec. 2010,31. Dec. 2099,TRUE,2023,12,16,2023-12-16,K7WXW
W7W/PL-147,WA-Pacific-Lewis,Bear River Ridge,523,1715,46.3432,-123.8782,2,0,1,,,,,,,,,,,1. Dec. 2010,31. Dec. 2099,TRUE,2021,7,4,2021-07-04,WU7H
W7W/PL-148,WA-Pacific-Lewis,Sure Shot Mountain,519,1704,46.476,-123.1404,2,0,0,WEYERHAEUSER TIMBER HOLDINGS INC,,,,,,Permit,Permit (Paid),,,1. Dec. 2010,31. Dec. 2099,TRUE,1899,12,30,,
W7W/PL-149,WA-Pacific-Lewis,1648 Deviation Hill,502,1648,46.5355,-121.9911,2,0,0,"ANDERSON, STEPHEN P & DEBORAH M",,,,,,Restricted,Unstated,,,1. Dec. 2010,31. Dec. 2099,TRUE,1899,12,30,,
W7W/PL-150,WA-Pacific-Lewis,Moss Benchmark,494,1620,46.504,-122.4803,1,0,0,WEYERHAEUSER TIMBER HOLDINGS INC,,,,,,Permit,Permit (Paid),,,1. Dec. 2010,31. Dec. 2099,TRUE,1899,12,30,,
W7W/PL-151,WA-Pacific-Lewis,1580 Dipole Hill,482,1580,46.4651,-122.1441,1,0,0,PORT BLAKELY TREE FARMS LDT PT,,,,,,Open,Open,,,1. Dec. 2010,31. Dec. 2099,TRUE,1899,12,30,,
W7W/PL-152,WA-Pacific-Lewis,1570 Activator Hill,479,1570,46.4749,-122.5465,1,0,4,,,,,,,,,,,1. Dec. 2010,31. Dec. 2099,TRUE,2019,6,5,2019-06-05,N7RR
W7W/PL-153,WA-Pacific-Lewis,1540 D-Layer Hill,469,1540,46.472,-122.1051,1,0,1,PORT BLAKELY TREE FARMS LDT PT,,,,,,Open,Open,,,1. Dec. 2010,31. Dec. 2099,TRUE,2025,3,30,2025-03-30,KK7LHY
W7W/PL-154,WA-Pacific-Lewis,Sam Henry Mountain,454,1491,46.5168,-123.0203,1,0,0,PORT BLAKELY TREE FARMS LDT PT,,,,,,Open,Open,,,1. Dec. 2010,31. Dec. 2099,TRUE,1899,12,30,,
W7W/PL-155,WA-Pacific-Lewis,Crego Hill,445,1460,46.5548,-123.0579,1,0,1,,,,,,,,,,,1. Dec. 2010,31. Dec. 2099,TRUE,2024,8,9,2024-08-09,W7ZDX
W7W/PL-156,WA-Pacific-Lewis,Meridian Hill,439,1439,46.7094,-122.7549,1,0,0,"ALCO HOLDINGS, LLC",,,,,,Unstated,Unstated,,,1. Dec. 2010,31. Dec. 2099,TRUE,1899,12,30,,
W7W/PL-157,WA-Pacific-Lewis,1423 Packsack Mountain,434,1423,46.7479,-123.5609,1,0,0,WEYERHAEUSER COMPANY,,,,,,Permit,Permit (Paid),,,1. Dec. 2010,30. Nov. 2016,FALSE,1899,12,30,,
W7W/PL-158,WA-Pacific-Lewis,1375 Field Effect Hill,419,1375,46.2862,-123.8972,1,0,3,,,,,,,,,,,1. Dec. 2010,31. Dec. 2099,TRUE,2019,3,28,2019-03-28,K9WBZ
W7W/PL-159,WA-Pacific-Lewis,1260 Good Copy Hill,384,1260,46.7181,-123.7818,1,0,0,BAVARIAN TIMBER 2015 LLC,,,,,,Unstated,Request,,,1. Dec. 2010,31. Dec. 2099,TRUE,1899,12,30,,
W7W/PL-160,WA-Pacific-Lewis,Minnie Benchmark,329,1080,46.6161,-123.7715,1,0,0,FIA TIMBER GROWTH & VALUE WASHINGTON,AFM Skidmore (Pacific county) recreation area,,,,,Permit?,Permit (Paid),,,1. Dec. 2010,31. Dec. 2099,TRUE,1899,12,30,,
W7W/PL-161,WA-Pacific-Lewis,1075 High Pass Hill,328,1075,46.3412,-123.7414,1,0,1,,,,,,,,,,,1. Dec. 2010,31. Dec. 2099,TRUE,2019,4,12,2019-04-12,K9WBZ
W7W/PL-162,WA-Pacific-Lewis,1060 Hellschrieber Hill,323,1060,46.5073,-123.8257,1,0,0,ORM TIMBER FUND III,,,,,,Unstated,Unstated,,,1. Dec. 2010,31. Dec. 2099,TRUE,1899,12,30,,
W7W/PL-163,WA-Pacific-Lewis,940 Full Quieting Hill,287,940,46.7865,-123.8302,1,0,0,"JOHN HANCOCK LIFE INSURANCE CO (USA),",,,,,,Unstated,Permit (Paid),,,1. Dec. 2010,31. Dec. 2099,TRUE,1899,12,30,,
W7W/PL-164,WA-Pacific-Lewis,875 Doppler Shift Hill,267,875,46.2921,-123.785,1,0,1,,,,,,,,,,,1. Dec. 2010,31. Dec. 2099,TRUE,2019,3,4,2019-03-04,K9WBZ
W7W/PL-165,WA-Pacific-Lewis,675 EClearwater Hill,206,675,46.443,-123.8885,1,0,4,,,,,,,,,,,1. Dec. 2010,31. Dec. 2099,TRUE,2015,6,5,2015-06-05,WW7D
W7W/PL-166,WA-Pacific-Lewis,5718,1743,5718,46.5058,-121.6541,6,3,0,USFS,Gifford Pinchot NF,,,,,Open,Open,,,1. Dec. 2016,31. Dec. 2099,TRUE,1899,12,30,,
W7W/PL-167,WA-Pacific-Lewis,2715,828,2715,46.4209,-122.2555,2,0,0,PORT BLAKELY TREE FARMS LDT PT,,,,,,Open,Open,,,1. Dec. 2016,31. Dec. 2099,TRUE,1899,12,30,,
W7W/PL-168,WA-Pacific-Lewis,Rainy Benchmark,628,2060,46.5362,-122.0625,2,0,0,NEW GROWTH OLYMPUS LLC,,,,,,Open?,Request,,,1. Dec. 2016,31. Dec. 2099,TRUE,1899,12,30,,
W7W/PL-169,WA-Pacific-Lewis,Pack Sack Peak,434,1423,46.7479,-123.5609,1,0,0,WEYERHAEUSER COMPANY,,,,,,Permit,Permit (Paid),,,1. Dec. 2016,31. Dec. 2099,TRUE,1899,12,30,,
W7W/PO-001,WA-Pend Oreille,Gypsy Peak,2237,7340,48.9462,-117.1523,8,3,1,,,,,,,,,,,1. Dec. 2010,31. Dec. 2099,TRUE,2023,7,24,2023-07-24,W7MDN
W7W/PO-002,WA-Pend Oreille,Hooknose Mountain,2201,7220,48.9438,-117.4303,8,3,1,,,,,,,,,,,1. Dec. 2010,31. Dec. 2099,TRUE,2020,9,22,2020-09-22,K7DJL 
W7W/PO-003,WA-Pend Oreille,Salmo Mountain,2103,6900,48.9724,-117.1024,8,3,6,,,,,,,,,,,1. Dec. 2010,31. Dec. 2099,TRUE,2013,8,4,2013-08-04,N7RR
W7W/PO-004,WA-Pend Oreille,South Crowell Ridge,2078,6817,48.8831,-117.2149,8,3,2,,,,,,,,,,,1. Dec. 2010,31. Dec. 2099,TRUE,2016,7,25,2016-07-25,KG7VPX
W7W/PO-005,WA-Pend Oreille,Molybdenite Mountain,2068,6784,48.71,-117.286,8,3,4,,,,,,,,,,,1. Dec. 2010,31. Dec. 2099,TRUE,2016,6,28,2016-06-28,KG7VPX
W7W/PO-006,WA-Pend Oreille,Shedroof Mountain,2062,6764,48.9329,-117.0462,8,3,2,,,,,,,,,,,1. Dec. 2010,31. Dec. 2099,TRUE,2019,9,14,2019-09-14,K7DJL
W7W/PO-007,WA-Pend Oreille,Helmer Mountain,2053,6734,48.8486,-117.0958,8,3,0,USFS,Colville NF,USFS,Kaniksu NF,,,Open,Open,,,1. Dec. 2010,31. Dec. 2099,TRUE,1899,12,30,,
W7W/PO-008,WA-Pend Oreille,Thunder Mountain,1999,6560,48.8759,-117.0704,6,3,0,USFS,Colville NF,USFS,Kaniksu NF,,,Open,Open,,,1. Dec. 2010,31. Dec. 2099,TRUE,1899,12,30,,
W7W/PO-009,WA-Pend Oreille,Grassy Top Northwest,1976,6482,48.7809,-117.1591,6,3,0,USFS,Colville NF,USFS,Kaniksu NF,,,Open,Open,,,1. Dec. 2010,31. Dec. 2099,TRUE,1899,12,30,,
W7W/PO-010,WA-Pend Oreille,Prouty Peak,1932,6340,48.8944,-117.1183,6,3,0,USFS,Colville NF,,,,,Open,Open,,,1. Dec. 2010,31. Dec. 2099,TRUE,1899,12,30,,
W7W/PO-011,WA-Pend Oreille,Hall Mountain,1927,6323,48.8065,-117.2569,6,3,1,,,,,,,,,,,1. Dec. 2010,31. Dec. 2099,TRUE,2016,7,25,2016-07-25,KG7VPX
W7W/PO-012,WA-Pend Oreille,Linton Mountain,1894,6215,48.8706,-117.4457,6,3,0,USFS,Colville NF,,,,,Open,Open,,,1. Dec. 2010,31. Dec. 2099,TRUE,1899,12,30,,
W7W/PO-013,WA-Pend Oreille,North Baldy,1882,6173,48.5456,-117.1558,6,3,4,,,,,,,,,,,1. Dec. 2010,31. Dec. 2099,TRUE,2011,7,30,2011-07-30,AC0LV
W7W/PO-014,WA-Pend Oreille,South Baldy,1825,5988,48.4261,-117.1379,6,3,6,,,,,,,,,,,1. Dec. 2010,31. Dec. 2099,TRUE,2015,7,15,2015-07-15,N7BHP
W7W/PO-015,WA-Pend Oreille,5921 Resonant Peak,1805,5921,48.7341,-117.2285,6,3,0,STIMSON WASHINGTON INC,,,,,,Open,Open,,,1. Dec. 2010,31. Dec. 2099,TRUE,1899,12,30,,
W7W/PO-016,WA-Pend Oreille,Little Calispell Peak,1798,5900,48.3844,-117.4912,6,3,5,,,,,,,,,,,1. Dec. 2010,31. Dec. 2099,TRUE,2020,6,20,2020-06-20,K7DJL 
W7W/PO-017,WA-Pend Oreille,5747 Remote Base Mtn,1752,5747,48.7015,-117.1894,6,3,0,STIMSON WASHINGTON INC,,,,,,Open,Open,,,1. Dec. 2010,31. Dec. 2099,TRUE,1899,12,30,,
W7W/PO-018,WA-Pend Oreille,Tillicum Peak,1750,5740,48.7291,-117.1539,6,3,0,USFS,Kaniksu NF,,,,,Open,Open,,,1. Dec. 2010,31. Dec. 2099,TRUE,1899,12,30,,
W7W/PO-019,WA-Pend Oreille,Monumental Mountain,1737,5700,48.6771,-117.1838,6,3,2,,,,,,,,,,,1. Dec. 2010,31. Dec. 2099,TRUE,2017,7,29,2017-07-29,N7RR
W7W/PO-020,WA-Pend Oreille,Lead Hill,1668,5474,48.9768,-117.1955,6,3,0,USFS,Kaniksu NF,,,,,Open,Open,,,1. Dec. 2010,31. Dec. 2099,TRUE,1899,12,30,,
W7W/PO-021,WA-Pend Oreille,Timber Mountain,1668,5474,48.5271,-117.4529,6,3,2,,,,,,,,,,,1. Dec. 2010,31. Dec. 2099,TRUE,2022,7,18,2022-07-18,"W7MDN,N7MCB"
W7W/PO-022,WA-Pend Oreille,Huckleberry Mountain,1668,5472,48.7611,-117.543,6,3,1,,,,,,,,,,,1. Dec. 2010,31. Dec. 2099,TRUE,2021,7,7,2021-07-07,K7DJL 
W7W/PO-023,WA-Pend Oreille,Snyder Hill,1664,5460,48.7766,-117.3204,6,3,1,,,,,,,,,,,1. Dec. 2010,31. Dec. 2099,TRUE,2021,7,7,2021-07-07,K7DJL 
W7W/PO-024,WA-Pend Oreille,Gleason Mountain,1651,5416,48.5761,-117.0992,6,3,0,USFS,Kaniksu NF,,,,,Open,Open,,,1. Dec. 2010,31. Dec. 2099,TRUE,1899,12,30,,
W7W/PO-025,WA-Pend Oreille,Cee Cee Ah Peak,1638,5374,48.4711,-117.2137,6,3,1,,,,,,,,,,,1. Dec. 2010,31. Dec. 2099,TRUE,2021,5,28,2021-05-28,W7MDN
W7W/PO-026,WA-Pend Oreille,Kalispell Rock,1609,5278,48.6291,-117.1347,6,3,0,USFS,Kaniksu NF,,,,,Open,Open,,,1. Dec. 2010,31. Dec. 2099,TRUE,1899,12,30,,
W7W/PO-027,WA-Pend Oreille,Boyer Mountain,1608,5277,48.1971,-117.4343,6,3,7,,,,,,,,,,,1. Dec. 2010,31. Dec. 2099,TRUE,2016,6,12,2016-06-12,KG7VPX
W7W/PO-028,WA-Pend Oreille,5238 Second Hop Mtn,1597,5238,48.7939,-117.5219,6,3,0,USFS,Colville NF,WA DNR,,,,Open/Open,Open,,,1. Dec. 2010,31. Dec. 2099,TRUE,1899,12,30,,
W7W/PO-029,WA-Pend Oreille,Granite Peak,1597,5238,48.6139,-117.4338,6,3,0,USFS,Colville NF,USFS,Kaniksu NF,,,Open,Open,,,1. Dec. 2010,31. Dec. 2099,TRUE,1899,12,30,,
W7W/PO-030,WA-Pend Oreille,Boundary Mountain,1588,5210,48.9995,-117.2452,6,3,0,USFS,Colville NF,,,,,Open,Open,,,1. Dec. 2010,31. Dec. 2099,TRUE,1899,12,30,,
W7W/PO-031,WA-Pend Oreille,Seldom Seen Mountain,1586,5205,48.6992,-117.5722,6,3,2,USFS,Colville NF,,,,,Open,Open,,,1. Dec. 2010,31. Dec. 2099,TRUE,2025,9,16,2025-09-16,"W7MDN,N7MCB"
W7W/PO-032,WA-Pend Oreille,Ojibway Knoll,1579,5180,48.3885,-117.1272,6,3,2,,,,,,,,,,,1. Dec. 2010,31. Dec. 2099,TRUE,2020,6,27,2020-06-27,K7DJL
W7W/PO-033,WA-Pend Oreille,5037 Ragchew Summit,1535,5037,48.4773,-117.1753,6,3,1,,,,,,,,,,,1. Dec. 2010,31. Dec. 2099,TRUE,2021,6,30,2021-06-30,K7DJL 
W7W/PO-034,WA-Pend Oreille,5027 Product Detector Mtn,1532,5027,48.1969,-117.472,6,3,4,,,,,,,,,,,1. Dec. 2010,31. Dec. 2099,TRUE,2016,6,23,2016-06-23,KG7VPX
W7W/PO-035,WA-Pend Oreille,Indian Mountain,1528,5014,48.6635,-117.0393,6,3,0,USFS,Kaniksu NF,,,,,Open,Open,,,1. Dec. 2010,31. Dec. 2099,TRUE,1899,12,30,,
W7W/PO-036,WA-Pend Oreille,4962 Olivia Mtn,1512,4962,48.4259,-117.1887,6,3,2,,,,,,,,,,,1. Dec. 2010,31. Dec. 2099,TRUE,2021,6,30,2021-06-30,K7DJL 
W7W/PO-037,WA-Pend Oreille,Bear Paw Ridge,1482,4861,48.3562,-117.1525,4,0,0,USFS,Colville NF,USFS,Kaniksu NF,,,Open,Open,,,1. Dec. 2010,31. Dec. 2099,TRUE,1899,12,30,,
W7W/PO-038,WA-Pend Oreille,Thomas Mountain,1481,4860,48.6578,-117.5645,4,0,0,USFS,Colville NF,,,,,Open,Open,,,1. Dec. 2010,31. Dec. 2099,TRUE,1899,12,30,,
W7W/PO-039,WA-Pend Oreille,Bead Lake Peak,1475,4838,48.2961,-117.0651,4,0,2,,,,,,,,,,,1. Dec. 2010,31. Dec. 2099,TRUE,2019,12,3,2019-12-03,K7DJL
W7W/PO-040,WA-Pend Oreille,4837 Phase Shift Peak,1474,4837,48.7288,-117.0436,4,0,0,USFS,Kaniksu NF,,,,,Open,Open,,,1. Dec. 2010,31. Dec. 2099,TRUE,1899,12,30,,
W7W/PO-041,WA-Pend Oreille,4820 Rockbound Mtn,1469,4820,48.5868,-117.447,4,0,0,USFS,Kaniksu NF,,,,,Open,Open,,,1. Dec. 2010,31. Dec. 2099,TRUE,1899,12,30,,
W7W/PO-042,WA-Pend Oreille,Crowell Mountain,1455,4772,48.9137,-117.2641,4,0,0,USFS,Colville NF,,,,,Open,Open,,,1. Dec. 2010,31. Dec. 2099,TRUE,1899,12,30,,
W7W/PO-043,WA-Pend Oreille,Diamond Peak,1420,4659,48.6325,-117.0789,4,0,0,USFS,Kaniksu NF,,,,,Open,Open,,,1. Dec. 2010,31. Dec. 2099,TRUE,1899,12,30,,
W7W/PO-044,WA-Pend Oreille,Sand Creek Mountain,1420,4658,48.819,-117.3176,4,0,1,,,,,,,,,,,1. Dec. 2010,31. Dec. 2099,TRUE,2024,8,17,2024-08-17,K2VFZ
W7W/PO-045,WA-Pend Oreille,4620 Mt Resistance,1408,4620,48.4513,-117.2333,4,0,0,STIMSON WASHINGTON INC,,,,,,Open,Open,,,1. Dec. 2010,31. Dec. 2099,TRUE,1899,12,30,,
W7W/PO-046,WA-Pend Oreille,4420 Propagation Peak,1347,4420,48.4364,-117.2209,4,0,0,USFS,Kaniksu NF,,,,,Open,Open,,,1. Dec. 2010,31. Dec. 2099,TRUE,1899,12,30,,
W7W/PO-047,WA-Pend Oreille,Kings Mountain,1339,4393,48.3849,-117.1897,4,0,9,,,,,,,,,,,1. Dec. 2010,31. Dec. 2099,TRUE,2015,6,20,2015-06-20,N7BHP
W7W/PO-048,WA-Pend Oreille,Cooks Mountain,1318,4325,48.352,-117.1751,4,0,0,USFS,Kaniksu NF,,,,,Open,Open,,,1. Dec. 2010,31. Dec. 2099,TRUE,1899,12,30,,
W7W/PO-049,WA-Pend Oreille,Little Blue Grouse Mountain,1289,4230,48.1693,-117.3711,4,0,0,WA DNR,NE Region:Arcadia District,INLAND EMPIRE PAPER CO,,,,Open/Permit,Open,,,1. Dec. 2010,31. Dec. 2099,TRUE,1899,12,30,,
W7W/PO-050,WA-Pend Oreille,4171 Long Path Mtn,1271,4171,48.3324,-117.1688,4,0,0,USFS,Kaniksu NF,,,,,Open,Open,,,1. Dec. 2010,31. Dec. 2099,TRUE,1899,12,30,,
W7W/PO-051,WA-Pend Oreille,Pelke Divide,1269,4164,48.4661,-117.0431,4,0,0,USFS,Kaniksu NF,,,,,Open,Open,,,1. Dec. 2010,31. Dec. 2099,TRUE,1899,12,30,,
W7W/PO-052,WA-Pend Oreille,Hanlon Mountain,1262,4140,48.624,-117.2676,4,0,0,STIMSON WASHINGTON INC,,,,,,Open,Open,,,1. Dec. 2010,31. Dec. 2099,TRUE,1899,12,30,,
W7W/PO-053,WA-Pend Oreille,Dry Canyon Ridge,1251,4105,48.7257,-117.3556,4,0,0,USFS,Colville NF,,,,,Open,Open,,,1. Dec. 2010,31. Dec. 2099,TRUE,1899,12,30,,
W7W/PO-054,WA-Pend Oreille,Ruby Mountain West,1250,4100,48.4971,-117.3158,4,0,0,USFS,Colville NF,,,,,Open,Open,,,1. Dec. 2010,31. Dec. 2099,TRUE,1899,12,30,,
W7W/PO-055,WA-Pend Oreille,4078,1243,4078,48.4029,-117.2211,4,0,0,USFS,Kaniksu NF,,,,,Open,Open,,,1. Dec. 2010,31. Dec. 2099,TRUE,1899,12,30,,
W7W/PO-056,WA-Pend Oreille,4009,1222,4009,48.5903,-117.4034,4,0,0,USFS,Colville NF,,,,,Open,Open,,,1. Dec. 2010,31. Dec. 2099,TRUE,1899,12,30,,
W7W/PO-057,WA-Pend Oreille,Moon Hill,1196,3924,48.3857,-117.2386,4,0,0,USFS,Colville NF,PRIEST RIVER LAND COMPANY,,,,Open/Unstated,Open,,,1. Dec. 2010,31. Dec. 2099,TRUE,1899,12,30,,
W7W/PO-058,WA-Pend Oreille,3860 Integrated Circuit Peak,1177,3860,48.4124,-117.2228,4,0,0,USFS,Colville NF,,,,,Open,Open,,,1. Dec. 2010,31. Dec. 2099,TRUE,1899,12,30,,
W7W/PO-059,WA-Pend Oreille,3656 Mt Novice,1114,3656,48.5102,-117.3671,4,0,0,USFS,Colville NF,SCOTT A GALE,,,,Restricted/Open,Open,,,1. Dec. 2010,31. Dec. 2099,TRUE,1899,12,30,,
W7W/PO-060,WA-Pend Oreille,3645 Low Power Peak,1111,3645,48.2226,-117.3769,4,0,0,USFS,Colville NF,WA DNR,,,,Open/Open,Open,,,1. Dec. 2010,31. Dec. 2099,TRUE,1899,12,30,,
W7W/PO-061,WA-Pend Oreille,Mount Pisgah,1103,3620,48.0859,-117.1446,4,0,3,,,,,,,,,,,1. Dec. 2010,31. Dec. 2099,TRUE,2022,4,16,2022-04-16,W7MDN
W7W/PO-062,WA-Pend Oreille,Bare Mountain,1091,3578,48.0874,-117.2595,4,0,1,,,,,,,,,,,1. Dec. 2010,31. Dec. 2099,TRUE,2022,6,6,2022-06-06,W7MDN
W7W/PO-063,WA-Pend Oreille,3525 Mt Kilohertz,1074,3525,48.64,-117.303,4,0,0,STIMSON WASHINGTON INC,,,,,,Open,Open,,,1. Dec. 2010,31. Dec. 2099,TRUE,1899,12,30,,
W7W/PO-064,WA-Pend Oreille,3521 Mixer Mtn,1073,3521,48.6256,-117.3305,4,0,0,ARDEN TREE FARMS INC,,,,,,Permit,Request,,,1. Dec. 2010,31. Dec. 2099,TRUE,1899,12,30,,
W7W/PO-065,WA-Pend Oreille,3517 Artemis Peak,1072,3517,48.1199,-117.313,4,0,1,,,,,,,,,,,1. Dec. 2010,31. Dec. 2099,TRUE,2015,6,10,2015-06-10,N7BHP
W7W/PO-066,WA-Pend Oreille,3500 Mt Meteor,1067,3500,48.3331,-117.2048,4,0,0,USFS,Colville NF,,,,,Open,Open,,,1. Dec. 2010,31. Dec. 2099,TRUE,1899,12,30,,
W7W/PO-067,WA-Pend Oreille,Saddle Mountain,1060,3479,48.2015,-117.1254,4,0,3,,,,,,,,,,,1. Dec. 2010,31. Dec. 2099,TRUE,2021,5,8,2021-05-08,KJ7NXK
W7W/PO-068,WA-Pend Oreille,3403 Binary Mtn,1037,3403,48.2,-117.2545,4,0,2,,,,,,,,,,,1. Dec. 2010,31. Dec. 2099,TRUE,2024,5,18,2024-05-18,NE7ET
W7W/PO-069,WA-Pend Oreille,Cooks Mountain,1019,3344,48.2117,-117.084,4,0,5,,,,,,,,,,,1. Dec. 2010,31. Dec. 2099,TRUE,2018,10,11,2018-10-11,K7DJL
W7W/PO-070,WA-Pend Oreille,Lone Mountain,1000,3281,48.0818,-117.1812,4,0,0,STIMSON WASHINGTON INC,,MARK C LINDBERG,,,,Restricted/Open,Open,,,1. Dec. 2010,31. Dec. 2099,TRUE,1899,12,30,,
W7W/PO-071,WA-Pend Oreille,Grayback Mountain,994,3260,48.2203,-117.315,2,0,0,STIMSON WASHINGTON INC,,BROW TINE LLC,,MARCUS STUECKLE,,Restricted/Restricted/Open,Open,,,1. Dec. 2010,31. Dec. 2099,TRUE,1899,12,30,,
W7W/PO-072,WA-Pend Oreille,3256 Condenser Mtn,992,3256,48.189,-117.2084,2,0,0,STIMSON WASHINGTON INC,,,,,,Open,Open,,,1. Dec. 2010,31. Dec. 2099,TRUE,1899,12,30,,
W7W/PO-073,WA-Pend Oreille,Timber Hill,981,3220,48.9811,-117.324,2,0,0,USFS,Colville NF,,,,,Open,Open,,,1. Dec. 2010,31. Dec. 2099,TRUE,1899,12,30,,
W7W/PO-074,WA-Pend Oreille,3156 Mt Contest,962,3156,48.0811,-117.2072,2,0,0,STIMSON WASHINGTON INC,,,,,,Open,Open,,,1. Dec. 2010,31. Dec. 2099,TRUE,1899,12,30,,
W7W/PO-075,WA-Pend Oreille,3103 Astronaut Summit,946,3103,48.1529,-117.2012,2,0,0,STIMSON WASHINGTON INC,,,,,,Open,Open,,,1. Dec. 2010,31. Dec. 2099,TRUE,1899,12,30,,
W7W/PO-076,WA-Pend Oreille,3052 Didahdit Mtn,930,3052,48.2668,-117.1477,2,0,0,USFS,Colville NF,MITCHEL A WALKER,,,,Restricted/Open,Open,,,1. Dec. 2010,31. Dec. 2099,TRUE,1899,12,30,,
W7W/PO-077,WA-Pend Oreille,Cement Mountain,915,3003,48.7552,-117.4225,2,0,0,ARDEN TREE FARMS INC,,,,,,Permit,Request,,,1. Dec. 2010,31. Dec. 2099,TRUE,1899,12,30,,
W7W/PO-078,WA-Pend Oreille,2660 Subaudible Summit,811,2660,48.289,-117.3356,2,0,0,MOUNTAIN PASS RANCH LLC,,,,,,Restricted,Unstated,,,1. Dec. 2010,31. Dec. 2099,TRUE,1899,12,30,,
W7W/PO-079,WA-Pend Oreille,6700,2042,6700,48.8472,-117.1235,8,3,0,USFS,Colville NF,,,,,Open,Open,,,1. Dec. 2016,31. Dec. 2099,TRUE,1899,12,30,,
W7W/PO-080,WA-Pend Oreille,Hungry Mountain,1692,5552,48.5924,-117.1491,6,3,0,USFS,Colville NF,USFS,Kaniksu NF,,,Open,Open,,,1. Dec. 2016,31. Dec. 2099,TRUE,1899,12,30,,
W7W/PO-081,WA-Pend Oreille,Aladdin Mountain,1529,5015,48.7282,-117.6105,6,3,1,,,,,,,,,,,1. Dec. 2016,31. Dec. 2099,TRUE,2021,7,7,2021-07-07,K7DJL
W7W/PO-082,WA-Pend Oreille,Goose Creek Point,1107,3633,48.4126,-117.0596,4,0,0,USFS,Kaniksu NF,,,,,Open,Open,,,1. Dec. 2016,31. Dec. 2099,TRUE,1899,12,30,,
W7W/RS-001,WA-Rainier-Salish,Mt Rainier - Columbia Crest,4392,14410,46.8529,-121.7604,10,3,4,,,,,,,,,,,1. Dec. 2010,31. Dec. 2099,TRUE,2014,5,22,2014-05-22,W1DMH/7
W7W/RS-002,WA-Rainier-Salish,Mt Rainier - Liberty Cap,4301,14112,46.8631,-121.775,10,3,0,NPS,Mt. Rainier NP,,,,,Permit,Open,None,,1. Dec. 2010,31. Dec. 2099,TRUE,1899,12,30,,
W7W/RS-003,WA-Rainier-Salish,Little Tahoma Peak,3395,11138,46.8496,-121.7116,10,3,2,,,,,,,,,,,1. Dec. 2010,31. Dec. 2099,TRUE,2021,7,11,2021-07-11,KJ7RTO
W7W/RS-004,WA-Rainier-Salish,South Cowlitz Chimneys,2318,7605,46.8489,-121.6093,8,3,1,NPS,Mt. Rainier NP,,,,,Open,Open,None,,1. Dec. 2010,31. Dec. 2099,TRUE,2025,8,2,2025-08-02,KJ7RTO
W7W/RS-005,WA-Rainier-Salish,Mount Fremont,2230,7317,46.9254,-121.6731,8,3,86,,,,,,,,,,,1. Dec. 2010,31. Dec. 2099,TRUE,2011,7,19,2011-07-19,N7NGO
W7W/RS-006,WA-Rainier-Salish,Goat Island Mountain,2221,7288,46.8844,-121.6475,8,3,4,,,,,,,,,,,1. Dec. 2010,31. Dec. 2099,TRUE,2011,10,29,2011-10-29,W7/HG1DUL
W7W/RS-007,WA-Rainier-Salish,Old Desolate,2175,7137,46.925,-121.7504,8,3,3,,,,,,,,,,,1. Dec. 2010,31. Dec. 2099,TRUE,2021,9,22,2021-09-22,N7AKD
W7W/RS-008,WA-Rainier-Salish,Palisades Peak,2152,7060,46.9477,-121.6046,8,3,24,,,,,,,,,,,1. Dec. 2010,31. Dec. 2099,TRUE,2011,9,24,2011-09-24,W7/HG1DUL
W7W/RS-009,WA-Rainier-Salish,East Sluiskin Mountain,2142,7026,46.946,-121.7379,8,3,0,NPS,Mt. Rainier NP,,,,,Open,Open,None,,1. Dec. 2010,31. Dec. 2099,TRUE,1899,12,30,,
W7W/RS-010,WA-Rainier-Salish,Crystal Mountain,2133,6998,46.9157,-121.5037,8,3,34,,,,,,,,,,,1. Dec. 2010,31. Dec. 2099,TRUE,2013,7,19,2013-07-19,K7MAS
W7W/RS-011,WA-Rainier-Salish,Marcus Peak,2122,6962,46.9379,-121.6082,8,3,8,,,,,,,,,,,1. Dec. 2010,31. Dec. 2099,TRUE,2012,10,7,2012-10-07,W7/HG1DUL
W7W/RS-012,WA-Rainier-Salish,Pyramid Peak,2114,6937,46.8069,-121.812,8,3,4,,,,,,,,,,,1. Dec. 2010,31. Dec. 2099,TRUE,2013,8,14,2013-08-14,KR7W
W7W/RS-013,WA-Rainier-Salish,Chinook Peak,2104,6904,46.8972,-121.5098,8,3,32,,,,,,,,,,,1. Dec. 2010,31. Dec. 2099,TRUE,2015,8,16,2015-08-16,WW7D
W7W/RS-014,WA-Rainier-Salish,Norse Peak,2090,6856,46.9569,-121.4528,8,3,32,,,,,,,,,,,1. Dec. 2010,31. Dec. 2099,TRUE,2013,7,28,2013-07-28,K7MAS
W7W/RS-015,WA-Rainier-Salish,Tamanos Mountain,2070,6790,46.8719,-121.5973,8,3,12,,,,,,,,,,,1. Dec. 2010,31. Dec. 2099,TRUE,2011,9,11,2011-09-11,W7/HG1DUL
W7W/RS-016,WA-Rainier-Salish,Dewey Peak,2045,6710,46.8418,-121.485,8,3,0,NPS,Mt. Rainier NP,USFS,Wenatchee NF,,,Open,Open,None,,1. Dec. 2010,31. Dec. 2099,TRUE,1899,12,30,,
W7W/RS-017,WA-Rainier-Salish,6703 Southeast Castle Mountain,2043,6703,46.9801,-121.4461,8,3,6,,,,,,,,,,,1. Dec. 2010,31. Dec. 2099,TRUE,2018,8,25,2018-08-25,W6RIP
W7W/RS-018,WA-Rainier-Salish,Castle Mountain,2042,6700,46.9875,-121.4616,8,3,5,,,,,,,,,,,1. Dec. 2010,31. Dec. 2099,TRUE,2021,8,21,2021-08-21,AF7GL
W7W/RS-019,WA-Rainier-Salish,6620 South Slide Mountain,2018,6620,46.9656,-121.5822,8,3,23,,,,,,,,,,,1. Dec. 2010,31. Dec. 2099,TRUE,2014,9,21,2014-09-21,AF7GL
W7W/RS-020,WA-Rainier-Salish,Governors Ridge,2018,6620,46.8647,-121.5731,8,3,2,,,,,,,,,,,1. Dec. 2010,31. Dec. 2099,TRUE,2021,6,19,2021-06-19,AF7GL
W7W/RS-021,WA-Rainier-Salish,East Fay Peak,1993,6540,46.9324,-121.8433,6,3,12,,,,,,,,,,,1. Dec. 2010,31. Dec. 2099,TRUE,2018,8,19,2018-08-19,WW7D
W7W/RS-022,WA-Rainier-Salish,Naches Peak,1967,6452,46.8678,-121.5076,6,3,9,,,,,,,,,,,1. Dec. 2010,31. Dec. 2099,TRUE,2014,10,5,2014-10-05,AF7GL
W7W/RS-023,WA-Rainier-Salish,Hyas Pishpish,1953,6406,46.7927,-121.4429,6,3,0,NPS,Mt. Rainier NP,USFS,Wenatchee NF,,,Open,Open,None,,1. Dec. 2010,31. Dec. 2099,TRUE,1899,12,30,,
W7W/RS-024,WA-Rainier-Salish,6373 Discriminator Mtn,1942,6373,46.995,-121.4142,6,3,1,,,,,,,,,,,1. Dec. 2010,31. Dec. 2099,TRUE,2018,8,25,2018-08-25,KG6HQD
W7W/RS-025,WA-Rainier-Salish,Copper Mountain,1920,6300,46.7976,-121.8276,6,3,2,,,,,,,,,,,1. Dec. 2010,31. Dec. 2099,TRUE,2022,9,27,2022-09-27,"AC7MA,K7JRO"
W7W/RS-026,WA-Rainier-Salish,Deadwood Peak,1920,6300,46.8814,-121.5189,6,3,13,,,,,,,,,,,1. Dec. 2010,31. Dec. 2099,TRUE,2012,9,9,2012-09-09,KR7W
W7W/RS-027,WA-Rainier-Salish,6217 Current Mtn,1895,6217,47.0292,-121.4539,6,3,18,,,,,,,,,,,1. Dec. 2010,31. Dec. 2099,TRUE,2020,8,26,2020-08-26,"WU7H,WW7D"
W7W/RS-028,WA-Rainier-Salish,Double Peak,1889,6199,46.8286,-121.5798,6,3,0,NPS,Mt. Rainier NP,,,,,Open,Open,None,,1. Dec. 2010,31. Dec. 2099,TRUE,1899,12,30,,
W7W/RS-029,WA-Rainier-Salish,Scarface,1862,6108,46.987,-121.6701,6,3,4,,,,,,,,,,,1. Dec. 2010,31. Dec. 2099,TRUE,2014,10,19,2014-10-19,KR7W
W7W/RS-030,WA-Rainier-Salish,Bearhead Mountain,1856,6089,47.0236,-121.8161,6,3,17,,,,,,,,,,,1. Dec. 2010,31. Dec. 2099,TRUE,2013,9,1,2013-09-01,KR7W
W7W/RS-031,WA-Rainier-Salish,Mount Wow,1847,6060,46.7727,-121.8985,6,3,0,NPS,Mt. Rainier NP,,,,,Open,Open,None,,1. Dec. 2010,31. Dec. 2099,TRUE,1899,12,30,,
W7W/RS-032,WA-Rainier-Salish,6057 Binary Mtn,1846,6057,46.8207,-121.4798,6,3,0,NPS,Mt. Rainier NP,,,,,Open,Open,None,,1. Dec. 2010,31. Dec. 2099,TRUE,1899,12,30,,
W7W/RS-033,WA-Rainier-Salish,Mount Ararat,1832,6010,46.7893,-121.8521,6,3,10,,,,,,,,,,,1. Dec. 2010,31. Dec. 2099,TRUE,2013,8,14,2013-08-14,KR7W
W7W/RS-034,WA-Rainier-Salish,Pitcher Mountain,1811,5941,47.0375,-121.8565,6,3,0,USFS,Mt. Baker NF,,,,,Open,Open,None,,1. Dec. 2010,31. Dec. 2099,TRUE,1899,12,30,,
W7W/RS-035,WA-Rainier-Salish,Tolmie Peak,1811,5940,46.9581,-121.8773,6,3,31,,,,,,,,,,,1. Dec. 2010,31. Dec. 2099,TRUE,2011,8,26,2011-08-26,NZ7B
W7W/RS-036,WA-Rainier-Salish,Shriner Peak,1778,5834,46.8136,-121.5303,6,3,16,,,,,,,,,,,1. Dec. 2010,31. Dec. 2099,TRUE,2012,8,8,2012-08-08,KR7W
W7W/RS-037,WA-Rainier-Salish,Old Baldy Mountain,1767,5796,47.0174,-121.8899,6,3,1,,,,,,,,,,,1. Dec. 2010,31. Dec. 2099,TRUE,2023,6,11,2023-06-11,K7JRO
W7W/RS-038,WA-Rainier-Salish,5780 Summit Lake Peak,1762,5780,47.0388,-121.8362,6,3,36,,,,,,,,,,,1. Dec. 2010,31. Dec. 2099,TRUE,2011,9,24,2011-09-24,K7ASQ
W7W/RS-039,WA-Rainier-Salish,Wallace Peak,1762,5780,46.9826,-121.7978,6,3,1,,,,,,,,,,,1. Dec. 2010,31. Dec. 2099,TRUE,2018,5,17,2018-05-17,KE7JWP
W7W/RS-040,WA-Rainier-Salish,5740 East Shriner,1750,5740,46.8148,-121.5025,6,3,0,NPS,Mt. Rainier NP,,,,,Open,Open,None,,1. Dec. 2010,31. Dec. 2099,TRUE,1899,12,30,,
W7W/RS-041,WA-Rainier-Salish,North Independence Ridge,1750,5740,47.02,-121.7722,6,3,0,USFS,Mt. Baker NF,,,,,Open,Open,None,,1. Dec. 2010,31. Dec. 2099,TRUE,1899,12,30,,
W7W/RS-042,WA-Rainier-Salish,Clear West Peak,1736,5697,47.0141,-121.7224,6,3,1,,,,,,,,,,,1. Dec. 2010,31. Dec. 2099,TRUE,2021,10,4,2021-10-04,N7AKD
W7W/RS-043,WA-Rainier-Salish,5682 Carbon Ridge,1732,5682,47.0254,-121.8721,6,3,0,USFS,Mt. Baker NF,,,,,Open,Open,None,,1. Dec. 2010,31. Dec. 2099,TRUE,1899,12,30,,
W7W/RS-044,WA-Rainier-Salish,5608 Bandplan Mtn,1709,5608,46.9878,-121.7352,6,3,0,NPS,Mt. Rainier NP,,,,,Open,Open,None,,1. Dec. 2010,31. Dec. 2099,TRUE,1899,12,30,,
W7W/RS-045,WA-Rainier-Salish,5590 Mt Aurora,1704,5590,47.0169,-121.5928,6,3,30,,,,,,,,,,,1. Dec. 2010,31. Dec. 2099,TRUE,2012,5,19,2012-05-19,W7/HG1DUL
W7W/RS-046,WA-Rainier-Salish,Glacier View Wilderness HP,1685,5528,46.7771,-121.9284,6,3,1,,,,,,,,,,,1. Dec. 2010,31. Dec. 2099,TRUE,2012,7,7,2012-07-07,W7/HG1DUL
W7W/RS-047,WA-Rainier-Salish,5507 Contest Peak,1679,5507,46.8124,-121.9502,6,3,0,USFS,Gifford Pinchot NF,,,,,Open,Open,None,,1. Dec. 2010,31. Dec. 2099,TRUE,1899,12,30,,
W7W/RS-048,WA-Rainier-Salish,5500 Mt Bandwidth,1676,5500,46.8273,-121.9427,6,3,0,USFS,Gifford Pinchot NF,,,,,Open,Open,None,,1. Dec. 2010,31. Dec. 2099,TRUE,1899,12,30,,
W7W/RS-049,WA-Rainier-Salish,Elizabeth Ridge,1676,5500,46.9329,-121.8713,6,3,19,,,,,,,,,,,1. Dec. 2010,31. Dec. 2099,TRUE,2016,4,30,2016-04-30,WW7D
W7W/RS-050,WA-Rainier-Salish,Gobblers Knob,1672,5485,46.7942,-121.9142,6,3,9,,,,,,,,,,,1. Dec. 2010,31. Dec. 2099,TRUE,2013,7,28,2013-07-28,"KR7W,AC7QN"
W7W/RS-051,WA-Rainier-Salish,Puyallup Point,1647,5404,46.8381,-121.9431,6,3,0,MANKE TIMBER COMPANY INC,,,,,,Unstated,Unstated,None,,1. Dec. 2010,31. Dec. 2099,TRUE,1899,12,30,,
W7W/RS-052,WA-Rainier-Salish,Frog Mountain,1596,5236,47.0537,-121.7522,6,3,1,,,,,,,,,,,1. Dec. 2010,31. Dec. 2099,TRUE,2021,10,5,2021-10-05,N7AKD
W7W/RS-053,WA-Rainier-Salish,Poch Peak,1554,5100,46.9514,-121.9313,6,3,17,,,,,,,,,,,1. Dec. 2010,31. Dec. 2099,TRUE,2015,5,16,2015-05-16,AF7GL
W7W/RS-054,WA-Rainier-Salish,5020 West Poch Peak,1530,5020,46.9491,-121.9455,6,3,18,,,,,,,,,,,1. Dec. 2010,31. Dec. 2099,TRUE,2015,5,16,2015-05-16,AF7GL
W7W/RS-055,WA-Rainier-Salish,Huckleberry Ridge,1530,5020,47.0555,-121.648,6,3,22,,,,,,,,,,,1. Dec. 2010,31. Dec. 2099,TRUE,2014,10,8,2014-10-08,"KR7W,WB4SPB"
W7W/RS-056,WA-Rainier-Salish,5018 Mt Hertz,1529,5018,47.0871,-121.7132,6,3,0,MUCKLESHOOT FEDERAL CORPORATION,White River Tree Farm,,,,,Restricted,Request,None,,1. Dec. 2010,31. Dec. 2099,TRUE,1899,12,30,,
W7W/RS-057,WA-Rainier-Salish,Puyallup Lookout,1494,4900,46.8341,-122.0172,4,0,1,,,,,,,,,,,1. Dec. 2010,31. Dec. 2099,TRUE,2020,11,22,2020-11-22,KF7NYC
W7W/RS-058,WA-Rainier-Salish,4855 Ground Wave Mtn,1480,4855,47.1037,-121.7302,4,0,0,MUCKLESHOOT FEDERAL CORPORATION,White River Tree Farm,,,,,Restricted,Request,None,,1. Dec. 2010,31. Dec. 2099,TRUE,1899,12,30,,
W7W/RS-059,WA-Rainier-Salish,Tumtum Peak,1426,4678,46.7494,-121.8673,4,0,2,,,,,,,,,,,1. Dec. 2010,31. Dec. 2099,TRUE,2012,2,12,2012-02-12,W7/HG1DUL
W7W/RS-060,WA-Rainier-Salish,The Divide,1225,4020,46.8895,-122.0676,4,0,2,,,,,,,,,,,1. Dec. 2010,31. Dec. 2099,TRUE,2024,11,23,2024-11-23,WX7EMT
W7W/RS-061,WA-Rainier-Salish,Wild Benchmark,1204,3951,46.8219,-122.067,4,0,1,MID-VALLEY RESOURCES INC,Eatonville property,,,,,Unstated,Permit (Paid),None,,1. Dec. 2010,31. Dec. 2099,TRUE,2025,1,17,2025-01-17,WX7EMT
W7W/RS-062,WA-Rainier-Salish,3460 F-Layer Pk,1055,3460,46.8559,-122.0736,4,0,1,HANCOCK FOREST MGMT,,,,,,Unstated,Permit (Paid),None,,1. Dec. 2010,31. Dec. 2099,TRUE,2025,1,17,2025-01-17,WX7EMT
W7W/RS-063,WA-Rainier-Salish,3220 End Fed Hill,981,3220,46.7935,-122.17,2,0,2,,,,,,,,,,,1. Dec. 2010,31. Dec. 2099,TRUE,2019,6,24,2019-06-24,"WW7D,K7ATN"
W7W/RS-064,WA-Rainier-Salish,Saint Paul Lookout,908,2980,46.928,-122.0797,2,0,2,,,,,,,,,,,1. Dec. 2010,31. Dec. 2099,TRUE,2024,11,23,2024-11-23,WX7EMT
W7W/RS-065,WA-Rainier-Salish,Mount Constitution,734,2407,48.6775,-122.8311,2,0,42,,,,,,,,,,,1. Dec. 2010,31. Dec. 2099,TRUE,2011,8,25,2011-08-25,N7KN
W7W/RS-066,WA-Rainier-Salish,Ohop Benchmark,712,2335,46.9002,-122.2186,2,0,0,MID-VALLEY RESOURCES INC,Eatonville property,,,,,Unstated,Permit (Paid),None,,1. Dec. 2010,31. Dec. 2099,TRUE,1899,12,30,,
W7W/RS-067,WA-Rainier-Salish,Alder Benchmark,666,2186,46.7933,-122.2385,2,0,0,BOETTCHER & SONS PARTNERSHIP,,,,,,Restricted,Unstated,None,,1. Dec. 2010,31. Dec. 2099,TRUE,1899,12,30,,
W7W/RS-068,WA-Rainier-Salish,2050 Pack Forest HP,625,2050,46.833,-122.2813,2,0,31,,,,,,,,,,,1. Dec. 2010,31. Dec. 2099,TRUE,2012,4,14,2012-04-14,"K7ASQ,N7AVN"
W7W/RS-069,WA-Rainier-Salish,Spar Pole Hill,580,1904,47.0478,-122.1441,2,0,2,,,,,,,,,,,1. Dec. 2010,31. Dec. 2099,TRUE,2024,6,22,2024-06-22,WX7EMT
W7W/RS-070,WA-Rainier-Salish,Reliance Hill,570,1870,46.7798,-122.2566,2,0,0,HENDERSON DARREN L & LINDSEY JANNA D,,,,,,Restricted,Unstated,800 MHz,,1. Dec. 2010,31. Dec. 2099,TRUE,1899,12,30,,
W7W/RS-071,WA-Rainier-Salish,1860 EME Peak,567,1860,47.1203,-121.9776,2,0,2,,,,,,,,,,,1. Dec. 2010,31. Dec. 2099,TRUE,2024,6,8,2024-06-08,WX7EMT
W7W/RS-072,WA-Rainier-Salish,Gold Mountain,537,1761,47.5487,-122.7867,2,0,9,,,,,,,,,,,1. Dec. 2010,31. Dec. 2099,TRUE,2015,6,26,2015-06-26,WO7A
W7W/RS-073,WA-Rainier-Salish,Mount Pickett,533,1750,48.6668,-122.7996,2,0,7,,,,,,,,,,,1. Dec. 2010,31. Dec. 2099,TRUE,2014,4,25,2014-04-25,N7KRN
W7W/RS-074,WA-Rainier-Salish,Green Mountain,521,1710,47.5615,-122.8084,2,0,43,,,,,,,,,,,1. Dec. 2010,31. Dec. 2099,TRUE,2012,3,9,2012-03-09,K7ATN
W7W/RS-075,WA-Rainier-Salish,Turtleback Mountain,463,1519,48.6623,-122.9711,1,0,9,,,,,,,,,,,1. Dec. 2010,31. Dec. 2099,TRUE,2014,6,24,2014-06-24,"K7NIT,K7ATN"
W7W/RS-076,WA-Rainier-Salish,Long Hill,454,1490,47.1547,-121.9783,1,0,2,,,,,,,,,,,1. Dec. 2010,31. Dec. 2099,TRUE,2024,6,8,2024-06-08,WX7EMT
W7W/RS-077,WA-Rainier-Salish,1370 Kitsap Lookout,418,1370,47.5438,-122.7462,1,0,0,City of Bremerton,Bremerton Watershed,,,,,Restricted,Restricted,Some,,1. Dec. 2010,31. Dec. 2099,TRUE,1899,12,30,,
W7W/RS-078,WA-Rainier-Salish,Naughty Hill,418,1370,47.1381,-122.0024,1,0,2,,,,,,,,,,,1. Dec. 2010,31. Dec. 2099,TRUE,2024,10,29,2024-10-29,WX7EMT
W7W/RS-079,WA-Rainier-Salish,Entrance Mountain,369,1210,48.6355,-122.8485,1,0,1,,,,,,,,,,,1. Dec. 2010,31. Dec. 2099,TRUE,2019,5,19,2019-05-19,AE7EL
W7W/RS-080,WA-Rainier-Salish,Mount Woolard,363,1192,48.6305,-122.912,1,0,0,MIKE TANGO LLC,,,,,,Restricted,Unstated,None,,1. Dec. 2010,31. Dec. 2099,TRUE,1899,12,30,,
W7W/RS-081,WA-Rainier-Salish,Mount Dallas,332,1090,48.5218,-123.1309,1,0,6,,,,,,,,,,,1. Dec. 2010,31. Dec. 2099,TRUE,2012,6,27,2012-06-27,K7ATN
W7W/RS-082,WA-Rainier-Salish,Blakely Peak,318,1042,48.5747,-122.7962,1,0,0,Seattle Pacific College,Blakely Island Field Station,,,,,Unstated,Unstated,None,,1. Dec. 2010,31. Dec. 2099,TRUE,1899,12,30,,
W7W/RS-083,WA-Rainier-Salish,Diamond Hill,308,1010,48.6176,-122.885,1,0,0,Orcas Sound LLC,,,,,,Unstated,Unstated,None,,1. Dec. 2010,31. Dec. 2099,TRUE,1899,12,30,,
W7W/RS-084,WA-Rainier-Salish,Cady Mountain,272,894,48.5602,-123.1205,1,0,10,,,,,,,,,,,1. Dec. 2010,31. Dec. 2099,TRUE,2012,6,27,2012-06-27,K7ATN
W7W/RS-085,WA-Rainier-Salish,Lookout Hill,210,690,48.6897,-122.9281,1,0,0,MICHAEL & TERRI A TRIPLETT,,,,,,Restricted,Unstated,None,,1. Dec. 2010,31. Dec. 2099,TRUE,1899,12,30,,
W7W/RS-086,WA-Rainier-Salish,Tiptop Hill,198,650,48.6727,-123.2116,1,0,1,,,,,,,,,,,1. Dec. 2010,31. Dec. 2099,TRUE,2018,7,4,2018-07-04,K7LRK
W7W/RS-087,WA-Rainier-Salish,Mount Cement,187,612,48.6857,-123.0303,1,0,1,,,,,,,,,,,1. Dec. 2010,31. Dec. 2099,TRUE,2023,9,3,2023-09-03,W7/EI8HIB
W7W/RS-088,WA-Rainier-Salish,Camano Island,180,590,48.222,-122.5025,1,0,38,,,,,,,,,,,1. Dec. 2010,31. Dec. 2099,TRUE,2013,10,26,2013-10-26,N7KRN
W7W/RS-089,WA-Rainier-Salish,Decatur Island,168,550,48.5116,-122.8218,1,0,1,,,,,,,,,,,1. Dec. 2010,31. Dec. 2099,TRUE,2019,3,30,2019-03-30,AE7EL
W7W/RS-090,WA-Rainier-Salish,Lopez Hill,163,535,48.4819,-122.8846,1,0,3,,,,,,,,,,,1. Dec. 2010,31. Dec. 2099,TRUE,2014,4,26,2014-04-26,N7KRN
W7W/RS-091,WA-Rainier-Salish,Whidbey Island,162,530,48.3021,-122.5438,1,0,30,,,,,,,,,,,1. Dec. 2010,31. Dec. 2099,TRUE,2015,7,4,2015-07-04,K9JWV/7
W7W/SK-001,WA-Skagit,Buckner Mountain,2777,9112,48.4953,-120.998,10,3,1,,,,,,,,,,,1. Dec. 2010,31. Dec. 2099,TRUE,2023,7,1,2023-07-01,KJ7RTO
W7W/SK-002,WA-Skagit,Mount Logan,2770,9087,48.5367,-120.9524,10,3,0,NPS,North Cascades NP,,,,,Open,Open,,,1. Dec. 2010,31. Dec. 2099,TRUE,1899,12,30,,
W7W/SK-003,WA-Skagit,Black Peak,2734,8970,48.5235,-120.8157,10,3,1,,,,,,,,,,,1. Dec. 2010,31. Dec. 2099,TRUE,2021,9,3,2021-09-03,KJ7RTO
W7W/SK-004,WA-Skagit,Dome Peak,2725,8940,48.3034,-121.0296,10,3,1,,,,,,,,,,,1. Dec. 2010,31. Dec. 2099,TRUE,2023,7,21,2023-07-21,KJ7RTO
W7W/SK-005,WA-Skagit,Boston Peak,2711,8894,48.4956,-121.0361,10,3,1,,,,,,,,,,,1. Dec. 2010,31. Dec. 2099,TRUE,2023,6,30,2023-06-30,KJ7RTO
W7W/SK-006,WA-Skagit,Eldorado Peak,2703,8868,48.5374,-121.1344,10,3,3,,,,,,,,,,,1. Dec. 2010,31. Dec. 2099,TRUE,2017,8,27,2017-08-27,K3XD
W7W/SK-007,WA-Skagit,Forbidden Peak,2687,8815,48.5116,-121.0585,10,3,2,NPS,North Cascades NP,,,,,Open,Open,,,1. Dec. 2010,31. Dec. 2099,TRUE,2025,8,18,2025-08-18,"WA7OOO,WA7BEN"
W7W/SK-008,WA-Skagit,Mesahchie Peak,2681,8795,48.5785,-120.8803,10,3,0,NPS,North Cascades NP,,,,,Open,Open,,,1. Dec. 2010,31. Dec. 2099,TRUE,1899,12,30,,
W7W/SK-009,WA-Skagit,Kimtah Peak,2627,8620,48.5851,-120.9106,10,3,0,NPS,North Cascades NP,,,,,Open,Open,,,1. Dec. 2010,31. Dec. 2099,TRUE,1899,12,30,,
W7W/SK-010,WA-Skagit,Primus Peak,2593,8508,48.582,-121.0917,10,3,0,NPS,North Cascades NP,,,,,Open,Open,,,1. Dec. 2010,31. Dec. 2099,TRUE,1899,12,30,,
W7W/SK-011,WA-Skagit,Klawatti Peak,2586,8485,48.5544,-121.1046,10,3,1,NPS,North Cascades NP,,,,,Open,Open,,,1. Dec. 2010,31. Dec. 2099,TRUE,2025,7,4,2025-07-04,N6RUN
W7W/SK-012,WA-Skagit,Dorado Needle,2579,8460,48.5497,-121.1386,10,3,1,NPS,North Cascades NP,,,,,Open,Open,,,1. Dec. 2010,31. Dec. 2099,TRUE,2025,7,4,2025-07-04,N6RUN
W7W/SK-013,WA-Skagit,Sinister Peak,2579,8460,48.3,-121.0096,10,3,0,USFS,Mt. Baker NF,USFS,Wenatchee NF,,,Open,Open,,,1. Dec. 2010,31. Dec. 2099,TRUE,1899,12,30,,
W7W/SK-014,WA-Skagit,Tower Mountain,2574,8444,48.5885,-120.704,10,3,0,USFS,Mt. Baker NF,USFS,Okanogan NF,,,Open,Open,,,1. Dec. 2010,31. Dec. 2099,TRUE,1899,12,30,,
W7W/SK-015,WA-Skagit,Azurite Peak,2566,8420,48.6567,-120.7518,10,3,0,USFS,Mt. Baker NF,USFS,Okanogan NF,,,Open,Open,,,1. Dec. 2010,31. Dec. 2099,TRUE,1899,12,30,,
W7W/SK-016,WA-Skagit,Snowfield Peak,2544,8347,48.6353,-121.1387,10,3,1,NPS,North Cascades NP,,,,,Open,Open,,,1. Dec. 2010,31. Dec. 2099,TRUE,2025,8,8,2025-08-08,KK7LHY
W7W/SK-017,WA-Skagit,Cosho Peak,2540,8332,48.589,-120.9277,10,3,0,NPS,North Cascades NP,,,,,Open,Open,,,1. Dec. 2010,31. Dec. 2099,TRUE,1899,12,30,,
W7W/SK-018,WA-Skagit,Mount Formidable,2537,8325,48.4162,-121.0669,10,3,1,,,,,,,,,,,1. Dec. 2010,31. Dec. 2099,TRUE,2023,7,19,2023-07-19,KJ7RTO
W7W/SK-019,WA-Skagit,Spire Point,2519,8264,48.3174,-121.0718,10,3,0,USFS,Mt. Baker NF,USFS,Wenatchee NF,,,Open,Open,,,1. Dec. 2010,31. Dec. 2099,TRUE,1899,12,30,,
W7W/SK-020,WA-Skagit,Sentinel Peak,2518,8261,48.3562,-121.0409,10,3,0,USFS,Mt. Baker NF,USFS,Wenatchee NF,,,Open,Open,,,1. Dec. 2010,31. Dec. 2099,TRUE,1899,12,30,,
W7W/SK-021,WA-Skagit,Johannesburg Mountain,2505,8220,48.4647,-121.092,10,3,0,NPS,North Cascades NP,USFS,Mt. Baker NF,,,Open,Open,,,1. Dec. 2010,31. Dec. 2099,TRUE,1899,12,30,,
W7W/SK-022,WA-Skagit,Mount Arriva,2504,8215,48.549,-120.8573,10,3,0,NPS,North Cascades NP,,,,,Open,Open,,,1. Dec. 2010,31. Dec. 2099,TRUE,1899,12,30,,
W7W/SK-023,WA-Skagit,Tricouni Peak,2469,8102,48.582,-121.0782,8,3,0,NPS,North Cascades NP,,,,,Open,Open,,,1. Dec. 2010,31. Dec. 2099,TRUE,1899,12,30,,
W7W/SK-024,WA-Skagit,Mount Hardy,2469,8100,48.5819,-120.7554,8,3,1,,,,,,,,,,,1. Dec. 2010,31. Dec. 2099,TRUE,2022,7,31,2022-07-31,KJ7RTO
W7W/SK-025,WA-Skagit,Fisher Peak,2457,8060,48.5452,-120.8239,8,3,0,NPS,North Cascades NP,USFS,Mt. Baker NF,,,Open,Open,,,1. Dec. 2010,31. Dec. 2099,TRUE,1899,12,30,,
W7W/SK-026,WA-Skagit,Cutthroat Peak,2454,8050,48.5265,-120.7035,8,3,0,USFS,Mt. Baker NF,USFS,Wenatchee NF,,,Open,Open,,,1. Dec. 2010,31. Dec. 2099,TRUE,1899,12,30,,
W7W/SK-027,WA-Skagit,Kitling Peak,2439,8003,48.5821,-120.8567,8,3,0,NPS,North Cascades NP,USFS,Mt. Baker NF,,,Open,Open,,,1. Dec. 2010,31. Dec. 2099,TRUE,1899,12,30,,
W7W/SK-028,WA-Skagit,Graybeard Peak,2428,7965,48.5644,-120.8253,8,3,0,NPS,North Cascades NP,USFS,Mt. Baker NF,,,Open,Open,,,1. Dec. 2010,31. Dec. 2099,TRUE,1899,12,30,,
W7W/SK-029,WA-Skagit,Indecision Peak,2422,7945,48.5356,-120.859,8,3,0,NPS,North Cascades NP,,,,,Open,Open,,,1. Dec. 2010,31. Dec. 2099,TRUE,1899,12,30,,
W7W/SK-030,WA-Skagit,Little J-Berg,2422,7945,48.5595,-120.8537,8,3,0,NPS,North Cascades NP,,,,,Open,Open,,,1. Dec. 2010,31. Dec. 2099,TRUE,1899,12,30,,
W7W/SK-031,WA-Skagit,Gabriel Peak,2420,7940,48.6277,-120.9351,8,3,0,NPS,North Cascades NP,USFS,Mt. Baker NF,,,Open,Open,,,1. Dec. 2010,31. Dec. 2099,TRUE,1899,12,30,,
W7W/SK-032,WA-Skagit,Repulse Peak,2415,7923,48.5382,-120.8183,8,3,0,NPS,North Cascades NP,USFS,Mt. Baker NF,,,Open,Open,,,1. Dec. 2010,31. Dec. 2099,TRUE,1899,12,30,,
W7W/SK-033,WA-Skagit,Azurite-Mebee,2314,7592,48.6417,-120.7726,8,3,0,USFS,Mt. Baker NF,USFS,Okanogan NF,,,Open,Open,,,1. Dec. 2010,31. Dec. 2099,TRUE,1899,12,30,,
W7W/SK-034,WA-Skagit,Outpost Peak,2411,7910,48.5232,-120.9036,8,3,0,NPS,North Cascades NP,,,,,Open,Open,,,1. Dec. 2010,31. Dec. 2099,TRUE,1899,12,30,,
W7W/SK-035,WA-Skagit,Hurry-up Peak,2384,7821,48.4338,-121.0379,8,3,1,,,,,,,,,,,1. Dec. 2010,31. Dec. 2099,TRUE,2023,7,19,2023-07-19,KJ7RTO
W7W/SK-036,WA-Skagit,Natal Peak,2384,7820,48.5308,-120.8698,8,3,0,NPS,North Cascades NP,,,,,Open,Open,,,1. Dec. 2010,31. Dec. 2099,TRUE,1899,12,30,,
W7W/SK-037,WA-Skagit,Le Conte Mountain,2366,7762,48.3794,-121.0619,8,3,0,USFS,Mt. Baker NF,USFS,Wenatchee NF,,,Open,Open,,,1. Dec. 2010,31. Dec. 2099,TRUE,1899,12,30,,
W7W/SK-038,WA-Skagit,Porcupine Peak,2366,7762,48.5501,-120.7368,8,3,0,USFS,Mt. Baker NF,,,,,Open,Open,,,1. Dec. 2010,31. Dec. 2099,TRUE,1899,12,30,,
W7W/SK-039,WA-Skagit,Perdition Peak,2339,7675,48.5637,-121.1583,8,3,0,NPS,North Cascades NP,,,,,Open,Open,,,1. Dec. 2010,31. Dec. 2099,TRUE,1899,12,30,,
W7W/SK-040,WA-Skagit,Distal Phalanx,2323,7620,48.6361,-121.1144,8,3,0,NPS,North Cascades NP,,,,,Open,Open,,,1. Dec. 2010,31. Dec. 2099,TRUE,1899,12,30,,
W7W/SK-041,WA-Skagit,Magic Mountain,2320,7610,48.446,-121.0412,8,3,1,,,,,,,,,,,1. Dec. 2010,31. Dec. 2099,TRUE,2023,7,18,2023-07-18,KJ7RTO
W7W/SK-042,WA-Skagit,Methow Pinnacles,2305,7562,48.6209,-120.7864,8,3,0,USFS,Mt. Baker NF,USFS,Okanogan NF,,,Open,Open,,,1. Dec. 2010,31. Dec. 2099,TRUE,1899,12,30,,
W7W/SK-043,WA-Skagit,Red Mountain,2334,7658,48.6004,-120.9871,8,3,0,NPS,North Cascades NP,,,,,Open,Open,,,1. Dec. 2010,31. Dec. 2099,TRUE,1899,12,30,,
W7W/SK-044,WA-Skagit,7552 Squelch Pk,2302,7552,48.5624,-120.7083,8,3,2,,,,,,,,,,,1. Dec. 2010,31. Dec. 2099,TRUE,2024,9,23,2024-09-23,"AC7MA,WW7D"
W7W/SK-045,WA-Skagit,The Triad,2298,7540,48.5196,-121.1629,8,3,0,NPS,North Cascades NP,,,,,Open,Open,,,1. Dec. 2010,31. Dec. 2099,TRUE,1899,12,30,,
W7W/SK-046,WA-Skagit,Mix-up Peak,2274,7460,48.4541,-121.0601,8,3,0,NPS,North Cascades NP,USFS,Mt. Baker NF,,,Open,Open,,,1. Dec. 2010,31. Dec. 2099,TRUE,1899,12,30,,
W7W/SK-047,WA-Skagit,Mount Misch,2266,7435,48.3435,-121.1998,8,3,0,USFS,Mt. Baker NF,,,,,Open,Open,,,1. Dec. 2010,31. Dec. 2099,TRUE,1899,12,30,,
W7W/SK-048,WA-Skagit,Snowking Mountain,2266,7433,48.4083,-121.278,8,3,2,,,,,,,,,,,1. Dec. 2010,31. Dec. 2099,TRUE,2019,5,27,2019-05-27,KI7QIV
W7W/SK-049,WA-Skagit,Cascade Peak,2264,7428,48.4635,-121.0802,8,3,0,NPS,North Cascades NP,USFS,Mt. Baker NF,,,Open,Open,,,1. Dec. 2010,31. Dec. 2099,TRUE,1899,12,30,,
W7W/SK-050,WA-Skagit,Hoch Joch Spitz,2249,7380,48.3559,-121.0738,8,3,0,USFS,Mt. Baker NF,,,,,Open,Open,,,1. Dec. 2010,31. Dec. 2099,TRUE,1899,12,30,,
W7W/SK-051,WA-Skagit,7340 Mt Preamplifier,2237,7340,48.3467,-121.0599,8,3,0,USFS,Mt. Baker NF,USFS,Wenatchee NF,,,Open,Open,,,1. Dec. 2010,31. Dec. 2099,TRUE,1899,12,30,,
W7W/SK-052,WA-Skagit,Mount Bruseth,2201,7220,48.359,-121.1418,8,3,0,USFS,Mt. Baker NF,,,,,Open,Open,,,1. Dec. 2010,31. Dec. 2099,TRUE,1899,12,30,,
W7W/SK-053,WA-Skagit,Snowqueen Mtn,2188,7180,48.3892,-121.2485,8,3,0,USFS,Mt. Baker NF,,,,,Open,Open,,,1. Dec. 2010,31. Dec. 2099,TRUE,1899,12,30,,
W7W/SK-054,WA-Skagit,7157 Vets Peak,2181,7157,48.6433,-120.8165,8,3,0,USFS,Mt. Baker NF,,,,,Open,Open,,,1. Dec. 2010,31. Dec. 2099,TRUE,1899,12,30,,
W7W/SK-055,WA-Skagit,Mount Chaval,2172,7127,48.3759,-121.3255,8,3,0,USFS,Mt. Baker NF,,,,,Open,Open,,,1. Dec. 2010,31. Dec. 2099,TRUE,1899,12,30,,
W7W/SK-056,WA-Skagit,Display Mtn,2165,7102,48.6124,-121.1593,8,3,0,NPS,North Cascades NP,,,,,Open,Open,,,1. Dec. 2010,31. Dec. 2099,TRUE,1899,12,30,,
W7W/SK-057,WA-Skagit,North Hidden Lake Peaks,2160,7088,48.5005,-121.1974,8,3,8,,,,,,,,,,,1. Dec. 2010,31. Dec. 2099,TRUE,2018,10,20,2018-10-20,"KG7EJT,K7JRO"
W7W/SK-058,WA-Skagit,Big Devil Peak,2150,7055,48.6046,-121.2935,8,3,0,NPS,North Cascades NP,,,,,Open,Open,,,1. Dec. 2010,31. Dec. 2099,TRUE,1899,12,30,,
W7W/SK-059,WA-Skagit,Long Gone Peak,2140,7020,48.3716,-121.1439,8,3,0,USFS,Mt. Baker NF,,,,,Open,Open,,,1. Dec. 2010,31. Dec. 2099,TRUE,1899,12,30,,
W7W/SK-060,WA-Skagit,7004 Scanner Mtn,2135,7004,48.3916,-121.0657,8,3,0,USFS,Mt. Baker NF,USFS,Wenatchee NF,,,Open,Open,,,1. Dec. 2010,31. Dec. 2099,TRUE,1899,12,30,,
W7W/SK-061,WA-Skagit,Crooked Bum,2130,6987,48.5135,-120.7522,8,3,3,,,,,,,,,,,1. Dec. 2010,31. Dec. 2099,TRUE,2021,9,4,2021-09-04,KJ7RTO
W7W/SK-062,WA-Skagit,Little Devil Peak,2129,6984,48.5765,-121.2685,8,3,0,NPS,North Cascades NP,,,,,Open,Open,,,1. Dec. 2010,31. Dec. 2099,TRUE,1899,12,30,,
W7W/SK-063,WA-Skagit,Sonny Boy Peaks,2125,6971,48.3902,-121.1644,8,3,0,USFS,Mt. Baker NF,,,,,Open,Open,,,1. Dec. 2010,31. Dec. 2099,TRUE,1899,12,30,,
W7W/SK-064,WA-Skagit,Kawak Dome,2122,6963,48.5195,-120.7864,8,3,1,,,,,,,,,,,1. Dec. 2010,31. Dec. 2099,TRUE,2021,9,3,2021-09-03,KJ7RTO
W7W/SK-065,WA-Skagit,The Trapezoid,2116,6943,48.6175,-121.2749,8,3,0,NPS,North Cascades NP,,,,,Open,Open,,,1. Dec. 2010,31. Dec. 2099,TRUE,1899,12,30,,
W7W/SK-066,WA-Skagit,Newhalem Peaks,2115,6940,48.5961,-121.1883,8,3,0,NPS,North Cascades NP,,,,,Open,Open,,,1. Dec. 2010,31. Dec. 2099,TRUE,1899,12,30,,
W7W/SK-067,WA-Skagit,6882 Cabinet Peak,2098,6882,48.6142,-120.8654,8,3,0,USFS,Mt. Baker NF,,,,,Open,Open,,,1. Dec. 2010,31. Dec. 2099,TRUE,1899,12,30,,
W7W/SK-068,WA-Skagit,6865 Trumpet Peak,2092,6865,48.604,-120.8779,8,3,0,NPS,North Cascades NP,USFS,Mt. Baker NF,,,Open,Open,,,1. Dec. 2010,31. Dec. 2099,TRUE,1899,12,30,,
W7W/SK-069,WA-Skagit,Mount Tommy Thompson,2067,6780,48.446,-121.3174,8,3,0,USFS,Mt. Baker NF,,,,,Open,Open,,,1. Dec. 2010,31. Dec. 2099,TRUE,1899,12,30,,
W7W/SK-070,WA-Skagit,6740 Gigahertz Pk,2054,6740,48.3671,-121.2364,8,3,0,USFS,Mt. Baker NF,,,,,Open,Open,,,1. Dec. 2010,31. Dec. 2099,TRUE,1899,12,30,,
W7W/SK-071,WA-Skagit,Tara Peak,2049,6723,48.3604,-121.1663,8,3,0,USFS,Mt. Baker NF,,,,,Open,Open,,,1. Dec. 2010,31. Dec. 2099,TRUE,1899,12,30,,
W7W/SK-072,WA-Skagit,6675 Mt Megahertz,2035,6675,48.3137,-121.2207,8,3,0,USFS,Mt. Baker NF,,,,,Open,Open,,,1. Dec. 2010,31. Dec. 2099,TRUE,1899,12,30,,
W7W/SK-073,WA-Skagit,Whale Peak,1999,6559,48.4706,-121.2957,6,3,0,USFS,Mt. Baker NF,,,,,Open,Open,,,1. Dec. 2010,31. Dec. 2099,TRUE,1899,12,30,,
W7W/SK-074,WA-Skagit,Spinster Peak,1980,6495,48.3152,-121.1196,6,3,0,USFS,Mt. Baker NF,,,,,Open,Open,,,1. Dec. 2010,31. Dec. 2099,TRUE,1899,12,30,,
W7W/SK-075,WA-Skagit,The Bat,1974,6475,48.5662,-121.2202,6,3,0,NPS,North Cascades NP,,,,,Open,Open,,,1. Dec. 2010,31. Dec. 2099,TRUE,1899,12,30,,
W7W/SK-076,WA-Skagit,Hurricane Peak,1955,6414,48.3351,-121.3173,6,3,0,USFS,Mt. Baker NF,,,,,Open,Open,,,1. Dec. 2010,31. Dec. 2099,TRUE,1899,12,30,,
W7W/SK-077,WA-Skagit,Jordan Benchmark,1950,6397,48.4683,-121.3592,6,3,0,USFS,Mt. Baker NF,WA DNR,,,,Open,Open,,,1. Dec. 2010,31. Dec. 2099,TRUE,1899,12,30,,
W7W/SK-078,WA-Skagit,6377 Boulder Peak,1944,6377,48.4606,-121.339,6,3,0,USFS,Mt. Baker NF,,,,,Open,Open,,,1. Dec. 2010,31. Dec. 2099,TRUE,1899,12,30,,
W7W/SK-079,WA-Skagit,Boulder Benchmark,1910,6267,48.3221,-121.3238,6,3,0,USFS,Mt. Baker NF,,,,,Open,Open,,,1. Dec. 2010,31. Dec. 2099,TRUE,1899,12,30,,
W7W/SK-080,WA-Skagit,Logger Butte,1884,6180,48.6316,-121.4828,6,3,0,NPS,North Cascades NP,USFS,Mt. Baker NF,,,Open,Open,,,1. Dec. 2010,31. Dec. 2099,TRUE,1899,12,30,,
W7W/SK-081,WA-Skagit,Sunny Girl,1884,6180,48.4373,-121.1546,6,3,0,USFS,Mt. Baker NF,,,,,Open,Open,,,1. Dec. 2010,31. Dec. 2099,TRUE,1899,12,30,,
W7W/SK-082,WA-Skagit,Razorback Mountain,1862,6110,48.4805,-121.3174,6,3,0,WA DNR,Granite Lakes NRCA,,,,,Restricted?,Open (special care),,,1. Dec. 2010,31. Dec. 2099,TRUE,1899,12,30,,
W7W/SK-083,WA-Skagit,Bettys Jugs,1860,6103,48.3856,-121.4022,6,3,2,,,,,,,,,,,1. Dec. 2010,31. Dec. 2099,TRUE,2021,6,19,2021-06-19,"KJ7LLS,KJ7RTO"
W7W/SK-084,WA-Skagit,6095 Hertz Pk,1858,6095,48.4375,-121.3003,6,3,0,USFS,Mt. Baker NF,,,,,Open,Open,,,1. Dec. 2010,31. Dec. 2099,TRUE,1899,12,30,,
W7W/SK-085,WA-Skagit,ExSpire,1823,5980,48.5331,-121.2077,6,3,0,NPS,North Cascades NP,USFS,Mt. Baker NF,,,Open,Open,,,1. Dec. 2010,31. Dec. 2099,TRUE,1899,12,30,,
W7W/SK-086,WA-Skagit,Mortons Neuroma,1815,5955,48.3804,-121.3757,6,3,0,USFS,Mt. Baker NF,,,,,Open,Open,,,1. Dec. 2010,31. Dec. 2099,TRUE,1899,12,30,,
W7W/SK-087,WA-Skagit,Illabot Peaks,1812,5944,48.4084,-121.46,6,3,0,USFS,Mt. Baker NF,,,,,Open,Open,,,1. Dec. 2010,31. Dec. 2099,TRUE,1899,12,30,,
W7W/SK-088,WA-Skagit,North Diobsud Buttes,1798,5900,48.6189,-121.4767,6,3,0,NPS,North Cascades NP,USFS,Mt. Baker NF,,,Open,Open,,,1. Dec. 2010,31. Dec. 2099,TRUE,1899,12,30,,
W7W/SK-089,WA-Skagit,Ottobot Peak,1797,5897,48.4183,-121.3301,6,3,0,USFS,Mt. Baker NF,,,,,Open,Open,,,1. Dec. 2010,31. Dec. 2099,TRUE,1899,12,30,,
W7W/SK-090,WA-Skagit,5792 Sweet Chariot,1765,5792,48.4422,-121.3698,6,3,0,USFS,Mt. Baker NF,,,,,Open,Open,,,1. Dec. 2010,31. Dec. 2099,TRUE,1899,12,30,,
W7W/SK-091,WA-Skagit,5791 Found Peak,1765,5791,48.4334,-121.2412,6,3,0,USFS,Mt. Baker NF,,,,,Open,Open,,,1. Dec. 2010,31. Dec. 2099,TRUE,1899,12,30,,
W7W/SK-092,WA-Skagit,5700 Per Spire,1737,5700,48.5307,-121.1952,6,3,0,NPS,North Cascades NP,USFS,Mt. Baker NF,,,Open,Open,,,1. Dec. 2010,31. Dec. 2099,TRUE,1899,12,30,,
W7W/SK-093,WA-Skagit,Lookout Mountain,1737,5699,48.5521,-121.3293,6,3,2,,,,,,,,,,,1. Dec. 2010,31. Dec. 2099,TRUE,2016,7,13,2016-07-13,K9SWT
W7W/SK-094,WA-Skagit,Welker Peak,1703,5587,48.6381,-121.6338,6,3,0,USFS,Mt. Baker NF,,,,,Open,Open,,,1. Dec. 2010,31. Dec. 2099,TRUE,1899,12,30,,
W7W/SK-095,WA-Skagit,North Helen Buttes,1701,5580,48.5706,-121.4954,6,3,1,USFS,Mt. Baker NF,,,,,Open,Open,,,1. Dec. 2010,31. Dec. 2099,TRUE,2025,6,6,2025-06-06,KJ7RTO
W7W/SK-096,WA-Skagit,Sauk Mountain,1689,5541,48.5229,-121.6009,6,3,49,,,,,,,,,,,1. Dec. 2010,31. Dec. 2099,TRUE,2012,8,11,2012-08-11,W7TAO
W7W/SK-097,WA-Skagit,Bald Mountain,1648,5408,48.5304,-121.5854,6,3,1,,,,,,,,,,,1. Dec. 2010,31. Dec. 2099,TRUE,2017,9,3,2017-09-03,WU7H
W7W/SK-098,WA-Skagit,Round Mountain,1628,5340,48.3264,-121.7506,6,3,6,,,,,,,,,,,1. Dec. 2010,31. Dec. 2099,TRUE,2016,7,27,2016-07-27,"KB7WSD,K9SWT"
W7W/SK-099,WA-Skagit,5323 Swing Low,1622,5323,48.4529,-121.4071,6,3,1,,,,,,,,,,,1. Dec. 2010,31. Dec. 2099,TRUE,2022,7,30,2022-07-30,K7GYB
W7W/SK-100,WA-Skagit,Dock Butte,1597,5239,48.6393,-121.8064,6,3,17,,,,,,,,,,,1. Dec. 2010,31. Dec. 2099,TRUE,2012,9,3,2012-09-03,W7TAO
W7W/SK-101,WA-Skagit,Jackman Peak,1586,5205,48.5909,-121.5995,6,3,1,,,,,,,,,,,1. Dec. 2010,31. Dec. 2099,TRUE,2022,9,25,2022-09-25,KJ7RTO
W7W/SK-102,WA-Skagit,Mount Higgins,1578,5176,48.315,-121.7622,6,3,1,,,,,,,,,,,1. Dec. 2010,31. Dec. 2099,TRUE,2023,2,18,2023-02-18,KJ7RTO
W7W/SK-103,WA-Skagit,5140 Multipath Mtn,1567,5140,48.6113,-121.5439,6,3,0,USFS,Mt. Baker NF,,,,,Open,Open,,,1. Dec. 2010,31. Dec. 2099,TRUE,1899,12,30,,
W7W/SK-104,WA-Skagit,Big Gee,1554,5100,48.4498,-121.8136,6,3,0,USFS,Mt. Baker NF,,,,,Open,Open,,,1. Dec. 2010,31. Dec. 2099,TRUE,1899,12,30,,
W7W/SK-105,WA-Skagit,Finney Peak,1549,5083,48.3807,-121.7457,6,3,2,USFS,Mt. Baker NF,,,,,Open,Open,,,1. Dec. 2010,31. Dec. 2099,TRUE,2025,9,16,2025-09-16,"KJ7LLS,KJ7RTO"
W7W/SK-106,WA-Skagit,Suiattle Mountain,1542,5060,48.4047,-121.5041,6,3,5,,,,,,,,,,,1. Dec. 2010,31. Dec. 2099,TRUE,2020,9,7,2020-09-07,"WW7D,WU7H"
W7W/SK-107,WA-Skagit,Orbit Peak,1540,5053,48.3321,-121.7668,6,3,1,,,,,,,,,,,1. Dec. 2010,31. Dec. 2099,TRUE,2021,5,1,2021-05-01,KJ7RTO
W7W/SK-108,WA-Skagit,5046 Knife Edge Ridge,1538,5046,48.6293,-121.5612,6,3,0,USFS,Mt. Baker NF,,,,,Open,Open,,,1. Dec. 2010,31. Dec. 2099,TRUE,1899,12,30,,
W7W/SK-109,WA-Skagit,5038 Near Vertical Incidence Pk,1536,5038,48.5475,-121.5615,6,3,0,USFS,Mt. Baker NF,,,,,Open,Open,,,1. Dec. 2010,31. Dec. 2099,TRUE,1899,12,30,,
W7W/SK-110,WA-Skagit,Gee Peak,1530,5020,48.434,-121.8245,6,3,1,,,,,,,,,,,1. Dec. 2010,31. Dec. 2099,TRUE,2020,7,18,2020-07-18,KI7JOM
W7W/SK-111,WA-Skagit,Golly Peak,1518,4980,48.4425,-121.8179,6,3,0,USFS,Mt. Baker NF,,,,,Open,Open,,,1. Dec. 2010,31. Dec. 2099,TRUE,1899,12,30,,
W7W/SK-112,WA-Skagit,The Occiput,1494,4900,48.4319,-121.487,4,0,1,,,,,,,,,,,1. Dec. 2010,31. Dec. 2099,TRUE,2019,7,27,2019-07-27,KV7DX
W7W/SK-113,WA-Skagit,4830 Second Hop Summit,1472,4830,48.5757,-121.6283,4,0,4,,,,,,,,,,,1. Dec. 2010,31. Dec. 2099,TRUE,2012,9,22,2012-09-22,W7TAO
W7W/SK-114,WA-Skagit,Washington Monument,1471,4826,48.6285,-121.8315,4,0,1,SIERRA PACIFIC LAND AND TIMBER COMPANY,,,,,,Open,Open,,,1. Dec. 2010,31. Dec. 2099,TRUE,2025,6,14,2025-06-14,KJ7LLS
W7W/SK-115,WA-Skagit,4795 Moonbounce Mtn,1462,4795,48.5918,-121.6344,4,0,2,,,,,,,,,,,1. Dec. 2010,31. Dec. 2099,TRUE,2012,9,22,2012-09-22,W7TAO
W7W/SK-116,WA-Skagit,Iron Mountain,1461,4793,48.4786,-121.942,4,0,3,,,,,,,,,,,1. Dec. 2010,31. Dec. 2099,TRUE,2020,7,25,2020-07-25,KV7DX
W7W/SK-117,WA-Skagit,Goat Mountain,1456,4778,48.5998,-121.8415,4,0,3,,,,,,,,,,,1. Dec. 2010,31. Dec. 2099,TRUE,2021,5,8,2021-05-08,"KJ7LLS,KJ7RTO"
W7W/SK-118,WA-Skagit,Cement Mountain,1454,4769,48.5624,-121.6602,4,0,1,,,,,,,,,,,1. Dec. 2010,31. Dec. 2099,TRUE,2020,9,5,2020-09-05,KV7DX
W7W/SK-119,WA-Skagit,Lumber Mill Mountain,1448,4750,48.4696,-121.8999,4,0,0,USFS,Mt. Baker NF,,,,,Open,Open,,,1. Dec. 2010,31. Dec. 2099,TRUE,1899,12,30,,
W7W/SK-120,WA-Skagit,4708 Transponder Mtn,1435,4708,48.6425,-121.841,4,0,0,USFS,Mt. Baker NF,,,,,Open,Open,,,1. Dec. 2010,31. Dec. 2099,TRUE,1899,12,30,,
W7W/SK-121,WA-Skagit,Aw Peak,1433,4701,48.4404,-121.8393,4,0,0,USFS,Mt. Baker NF,,,,,Open,Open,,,1. Dec. 2010,31. Dec. 2099,TRUE,1899,12,30,,
W7W/SK-122,WA-Skagit,4700 Field Effect Summit,1433,4700,48.3919,-121.4884,4,0,4,,,,,,,,,,,1. Dec. 2010,31. Dec. 2099,TRUE,2020,9,7,2020-09-07,"WW7D,WU7H"
W7W/SK-123,WA-Skagit,Branches Mountain,1433,4700,48.3695,-121.7318,4,0,0,USFS,Mt. Baker NF,,,,,Open,Open,,,1. Dec. 2010,31. Dec. 2099,TRUE,1899,12,30,,
W7W/SK-124,WA-Skagit,Lumberjack Mountain,1401,4596,48.4363,-121.8885,4,0,0,USFS,Mt. Baker NF,,,,,Open,Open,,,1. Dec. 2010,31. Dec. 2099,TRUE,1899,12,30,,
W7W/SK-125,WA-Skagit,Anxious Groom Mountain,1384,4540,48.4036,-121.7211,4,0,0,USFS,Mt. Baker NF,,,,,Open,Open,,,1. Dec. 2010,31. Dec. 2099,TRUE,1899,12,30,,
W7W/SK-126,WA-Skagit,Willickers Point,1372,4500,48.4295,-121.785,4,0,1,,,,,,,,,,,1. Dec. 2010,31. Dec. 2099,TRUE,2021,7,17,2021-07-17,KV7DX
W7W/SK-127,WA-Skagit,Little Deer Peak,1364,4475,48.3952,-121.9062,4,0,0,USFS,Mt. Baker NF,,,,,Open,Open,,,1. Dec. 2010,31. Dec. 2099,TRUE,1899,12,30,,
W7W/SK-128,WA-Skagit,4460 Reforest Mountain,1359,4460,48.4236,-121.8547,4,0,0,USFS,Mt. Baker NF,,,,,Open,Open,,,1. Dec. 2010,31. Dec. 2099,TRUE,1899,12,30,,
W7W/SK-129,WA-Skagit,4380 Lucky Logger,1335,4380,48.3612,-121.6818,4,0,0,USFS,Mt. Baker NF,,,,,Open,Open,,,1. Dec. 2010,31. Dec. 2099,TRUE,1899,12,30,,
W7W/SK-130,WA-Skagit,Big Deer Peak,1324,4345,48.3798,-121.916,4,0,0,MID VALLEY RESOURCES INC,"Whatcom, Skagit, and Snohomish counties",,,,,Unstated,Permit (Paid),,,1. Dec. 2010,31. Dec. 2099,TRUE,1899,12,30,,
W7W/SK-131,WA-Skagit,4340 Red Rock Mountain,1323,4340,48.5982,-121.805,4,0,4,,,,,,,,,,,1. Dec. 2010,31. Dec. 2099,TRUE,2020,7,18,2020-07-18,KV7DX
W7W/SK-132,WA-Skagit,South Coal Mountain,1317,4321,48.4219,-121.9423,4,0,1,,,,,,,,,,,1. Dec. 2010,31. Dec. 2099,TRUE,2024,2,10,2024-02-10,K7GYB
W7W/SK-133,WA-Skagit,4300 Throughtput Mtn,1311,4300,48.3779,-121.7007,4,0,0,USFS,Mt. Baker NF,,,,,Open,Open,,,1. Dec. 2010,31. Dec. 2099,TRUE,1899,12,30,,
W7W/SK-134,WA-Skagit,Lyman Hill,1311,4300,48.5947,-122.1589,4,0,4,,,,,,,,,,,1. Dec. 2010,31. Dec. 2099,TRUE,2019,3,17,2019-03-17,KI7JOM
W7W/SK-135,WA-Skagit,4260 Continuity Pk,1298,4260,48.4608,-121.8713,4,0,0,USFS,Mt. Baker NF,,,,,Open,Open,,,1. Dec. 2010,31. Dec. 2099,TRUE,1899,12,30,,
W7W/SK-136,WA-Skagit,Miner Mountain,1294,4246,48.6303,-121.9991,4,0,0,SIERRA PACIFIC LAND AND TIMBER COMPANY,,,,,,Open,Open,,,1. Dec. 2010,31. Dec. 2099,TRUE,1899,12,30,,
W7W/SK-137,WA-Skagit,McGillicuddys Peak,1286,4220,48.3432,-121.8437,4,0,1,,,,,,,,,,,1. Dec. 2010,31. Dec. 2099,TRUE,2022,11,5,2022-11-05,K7GYB
W7W/SK-138,WA-Skagit,Silo Mountain,1265,4150,48.4345,-122.0775,4,0,2,,,,,,,,,,,1. Dec. 2010,31. Dec. 2099,TRUE,2023,1,4,2023-01-04,KJ7RTO
W7W/SK-139,WA-Skagit,4100 Big Cultus Mountain,1250,4100,48.4209,-122.1156,4,0,4,,,,,,,,,,,1. Dec. 2010,31. Dec. 2099,TRUE,2021,11,6,2021-11-06,"KJ7RTO,KJ7LLS"
W7W/SK-140,WA-Skagit,Teepee Peak,1241,4072,48.4005,-122.0703,4,0,1,,,,,,,,,,,1. Dec. 2010,31. Dec. 2099,TRUE,2023,10,7,2023-10-07,K7GYB
W7W/SK-141,WA-Skagit,Mount Josephine,1206,3957,48.5885,-121.9617,4,0,9,,,,,,,,,,,1. Dec. 2010,31. Dec. 2099,TRUE,2012,11,17,2012-11-17,W7TAO
W7W/SK-142,WA-Skagit,North Mountain,1177,3860,48.3125,-121.6036,4,0,44,,,,,,,,,,,1. Dec. 2010,31. Dec. 2099,TRUE,2016,8,19,2016-08-19,KE7UIU
W7W/SK-143,WA-Skagit,Tsiatko Peak,1164,3820,48.5178,-121.2979,4,0,1,,,,,,,,,,,1. Dec. 2010,31. Dec. 2099,TRUE,2020,8,12,2020-08-12,KV7DX
W7W/SK-144,WA-Skagit,Rinker Ridge,1152,3780,48.4426,-121.6637,4,0,2,,,,,,,,,,,1. Dec. 2010,31. Dec. 2099,TRUE,2021,6,30,2021-06-30,KJ7RTO
W7W/SK-145,WA-Skagit,3775 Lowband Mtn,1151,3775,48.319,-121.8402,4,0,4,,,,,,,,,,,1. Dec. 2010,31. Dec. 2099,TRUE,2022,11,27,2022-11-27,"KJ7RTO,KI7JOM,KJ7LLS"
W7W/SK-146,WA-Skagit,3740 Propagation Pk,1140,3740,48.414,-122.0409,4,0,3,,,,,,,,,,,1. Dec. 2010,31. Dec. 2099,TRUE,2021,10,30,2021-10-30,"KJ7RTO,KJ7LLS"
W7W/SK-147,WA-Skagit,3652 Relay Mtn,1113,3652,48.3319,-121.9035,4,0,2,,,,,,,,,,,1. Dec. 2010,31. Dec. 2099,TRUE,2021,9,27,2021-09-27,K7GYB
W7W/SK-148,WA-Skagit,3397 Night Mountain,1035,3397,48.3835,-121.9685,4,0,1,,,,,,,,,,,1. Dec. 2010,31. Dec. 2099,TRUE,2021,5,30,2021-05-30,K7GYB
W7W/SK-149,WA-Skagit,Anderson Mountain,1025,3364,48.6404,-122.2569,4,0,31,,,,,,,,,,,1. Dec. 2010,31. Dec. 2099,TRUE,2013,10,20,2013-10-20,N7KRN
W7W/SK-150,WA-Skagit,3260 Mount Josephine-West Peak,994,3260,48.5867,-122.0004,2,0,9,,,,,,,,,,,1. Dec. 2010,31. Dec. 2099,TRUE,2012,11,17,2012-11-17,W7TAO
W7W/SK-151,WA-Skagit,Frailey Mountain,830,2722,48.3117,-122.0324,2,0,9,,,,,,,,,,,1. Dec. 2010,31. Dec. 2099,TRUE,2017,7,24,2017-07-24,KE7UIU
W7W/SK-152,WA-Skagit,Bumper Hill,823,2700,48.302,-121.6614,2,0,10,,,,,,,,,,,1. Dec. 2010,31. Dec. 2099,TRUE,2017,9,22,2017-09-22,KE7UIU
W7W/SK-153,WA-Skagit,Mount Washington,822,2698,48.3039,-122.1062,2,0,8,,,,,,,,,,,1. Dec. 2010,31. Dec. 2099,TRUE,2018,1,14,2018-01-14,KE7UIU
W7W/SK-154,WA-Skagit,Bald Mountain,758,2486,48.3659,-122.0449,2,0,4,,,,,,,,,,,1. Dec. 2010,31. Dec. 2099,TRUE,2022,3,20,2022-03-20,"KJ7LLS,KI7JOM,KJ7RTO"
W7W/SK-155,WA-Skagit,Chuckanut Mountain,704,2310,48.6267,-122.4073,2,0,43,,,,,,,,,,,1. Dec. 2010,31. Dec. 2099,TRUE,2012,4,7,2012-04-07,KF7LX
W7W/SK-156,WA-Skagit,Wall Mountain,686,2250,48.4132,-121.5416,2,0,6,,,,,,,,,,,1. Dec. 2010,31. Dec. 2099,TRUE,2020,8,1,2020-08-01,KV7DX
W7W/SK-157,WA-Skagit,2132 Railroad Grade Mountain,650,2132,48.3397,-121.9945,2,0,15,,,,,,,,,,,1. Dec. 2010,31. Dec. 2099,TRUE,2017,7,16,2017-07-16,KE7UIU
W7W/SK-158,WA-Skagit,Ittome Hill,640,2100,48.4558,-121.5496,2,0,11,,,,,,,,,,,1. Dec. 2010,31. Dec. 2099,TRUE,2019,7,13,2019-07-13,KC7DX
W7W/SK-159,WA-Skagit,The Cork,610,2002,48.5311,-121.4718,2,0,0,USFS,Mt. Baker NF,,,,,Open,Open,,,1. Dec. 2010,31. Dec. 2099,TRUE,1899,12,30,,
W7W/SK-160,WA-Skagit,Mount Cavanaugh,606,1987,48.3326,-122.0614,2,0,35,,,,,,,,,,,1. Dec. 2010,31. Dec. 2099,TRUE,2017,2,25,2017-02-25,KE7UIU
W7W/SK-161,WA-Skagit,1780 Passband Hill,543,1780,48.6353,-121.7301,2,0,4,,,,,,,,,,,1. Dec. 2010,31. Dec. 2099,TRUE,2020,7,11,2020-07-11,KV7DX
W7W/SK-162,WA-Skagit,Fizzle Hill,543,1780,48.4354,-121.5643,2,0,5,,,,,,,,,,,1. Dec. 2010,31. Dec. 2099,TRUE,2020,8,1,2020-08-01,KV7DX
W7W/SK-163,WA-Skagit,Devils Mountain,526,1727,48.3649,-122.2682,2,0,79,,,,,,,,,,,1. Dec. 2010,31. Dec. 2099,TRUE,2013,1,1,2013-01-01,W7TAO
W7W/SK-164,WA-Skagit,Cypress Island,465,1525,48.5647,-122.7014,1,0,1,,,,,,,,,,,1. Dec. 2010,31. Dec. 2099,TRUE,2017,6,16,2017-06-16,WA7BAR
W7W/SK-165,WA-Skagit,1485 Cypress Island North Peak,453,1485,48.5804,-122.7207,1,0,2,,,,,,,,,,,1. Dec. 2010,31. Dec. 2099,TRUE,2022,9,18,2022-09-18,KI7LDQ
W7W/SK-166,WA-Skagit,McMurray Benchmark,427,1400,48.3029,-122.2361,1,0,35,,,,,,,,,,,1. Dec. 2010,31. Dec. 2099,TRUE,2012,7,2,2012-07-02,KF7LX
W7W/SK-167,WA-Skagit,Flume Hill,408,1340,48.4322,-121.5892,1,0,4,,,,,,,,,,,1. Dec. 2010,31. Dec. 2099,TRUE,2019,5,26,2019-05-26,KV7DX
W7W/SK-168,WA-Skagit,Little Baldy,401,1315,48.6343,-122.3389,1,0,34,,,,,,,,,,,1. Dec. 2010,31. Dec. 2099,TRUE,2012,4,23,2012-04-23,N7RR
W7W/SK-169,WA-Skagit,Mount Erie,388,1273,48.4538,-122.6255,1,0,125,,,,,,,,,,,1. Dec. 2010,31. Dec. 2099,TRUE,2011,11,12,2011-11-12,N7KN
W7W/SK-170,WA-Skagit,High School Hill,360,1180,48.5197,-121.7903,1,0,1,,,,,,,,,,,1. Dec. 2010,31. Dec. 2099,TRUE,2020,7,25,2020-07-25,KV7DX
W7W/SK-171,WA-Skagit,1150 Attenuator Hill,351,1150,48.6015,-122.3877,1,0,2,,,,,,,,,,,1. Dec. 2010,31. Dec. 2099,TRUE,2018,5,27,2018-05-27,"K7GYB,K7BA"
W7W/SK-172,WA-Skagit,Skagit Gadget,347,1140,48.4784,-122.2249,1,0,36,,,,,,,,,,,1. Dec. 2010,31. Dec. 2099,TRUE,2017,6,7,2017-06-07,KE7UIU
W7W/SK-173,WA-Skagit,Little Mountain,285,934,48.3966,-122.3079,1,0,121,,,,,,,,,,,1. Dec. 2010,31. Dec. 2099,TRUE,2011,12,13,2011-12-13,N7KN
W7W/SK-174,WA-Skagit,892 Spot Hill,272,892,48.5414,-122.2836,1,0,0,COUGAR PEAK LLC,,,,,,Unstated,Unstated,,,1. Dec. 2010,30. Nov. 2016,FALSE,1899,12,30,,
W7W/SK-175,WA-Skagit,Eagle Nest Benchmark,229,752,48.6014,-122.7216,1,0,1,,,,,,,,,,,1. Dec. 2010,31. Dec. 2099,TRUE,2015,8,22,2015-08-22,AC7MA
W7W/SK-176,WA-Skagit,Mount High-G,223,730,48.4274,-122.6505,1,0,6,,,,,,,,,,,1. Dec. 2010,31. Dec. 2099,TRUE,2017,7,19,2017-07-19,KE7UIU
W7W/SK-177,WA-Skagit,Guemes Island,210,688,48.5486,-122.5902,1,0,20,,,,,,,,,,,1. Dec. 2010,31. Dec. 2099,TRUE,2017,2,4,2017-02-04,KE7UIU
W7W/SK-178,WA-Skagit,Burrows Island,197,646,48.4802,-122.7008,1,0,6,,,,,,,,,,,1. Dec. 2010,31. Dec. 2099,TRUE,2023,8,11,2023-08-11,"AE1JS,AE1MS"
W7W/SK-179,WA-Skagit,Horsemans Pack,2485,8152,48.6366,-121.1538,8,3,0,NPS,North Cascades NP,,,,,Open,Open,,,1. Dec. 2016,31. Dec. 2099,TRUE,1899,12,30,,
W7W/SK-180,WA-Skagit,Sonny Babe,1827,5994,48.4112,-121.1578,6,3,0,USFS,Mt. Baker NF,,,,,Open,Open,,,1. Dec. 2016,31. Dec. 2099,TRUE,1899,12,30,,
W7W/SK-181,WA-Skagit,1125Concrete Hill East,343,1125,48.5072,-121.7375,1,0,1,SIERRA PACIFIC LAND AND TIMBER COMPANY,,GOODYEAR NELSON TIMBERLAND ONE INC ET AL,,,,Unstated/Open,Open,,,1. Dec. 2016,31. Dec. 2099,TRUE,2025,4,13,2025-04-13,KK7LHY
W7W/SK-182,WA-Skagit,Butler Hill,270,886,48.5467,-122.2938,1,0,1,,,,,,,,,,,1. Dec. 2016,31. Dec. 2099,TRUE,2017,7,19,2017-07-19,KE7UIU
W7W/SN-001,WA-Snohomish,Glacier Peak,3213,10540,48.1119,-121.1132,10,3,3,,,,,,,,,,,1. Dec. 2010,31. Dec. 2099,TRUE,2021,8,14,2021-08-14,KJ7AAF
W7W/SN-002,WA-Snohomish,Fortress Mountain,2676,8780,48.1596,-120.9333,10,3,0,USFS,Mt. Baker NF,USFS,Wenatchee NF,,,Open,Open,None,,1. Dec. 2010,31. Dec. 2099,TRUE,1899,12,30,,
W7W/SN-003,WA-Snohomish,Chiwawa Mountain,2578,8459,48.1634,-120.9075,10,3,0,USFS,Mt. Baker NF,USFS,Wenatchee NF,,,Open,Open,None,,1. Dec. 2010,31. Dec. 2099,TRUE,1899,12,30,,
W7W/SN-004,WA-Snohomish,Kololo Peaks,2505,8220,48.0643,-121.0971,10,3,0,USFS,Mt. Baker NF,USFS,Wenatchee NF,,,Open,Open,None,,1. Dec. 2010,31. Dec. 2099,TRUE,1899,12,30,,
W7W/SN-005,WA-Snohomish,Napeequa Peak,2461,8073,48.1042,-120.9721,8,3,0,USFS,Mt. Baker NF,USFS,Wenatchee NF,,,Open,Open,None,,1. Dec. 2010,31. Dec. 2099,TRUE,1899,12,30,,
W7W/SN-006,WA-Snohomish,West Tenpeak,2432,7980,48.0705,-121.0474,8,3,0,USFS,Mt. Baker NF,USFS,Wenatchee NF,,,Open,Open,None,,1. Dec. 2010,31. Dec. 2099,TRUE,1899,12,30,,
W7W/SN-007,WA-Snohomish,Plummer Mountain,2399,7870,48.2071,-120.972,8,3,0,USFS,Mt. Baker NF,,,,,Open,Open,None,,1. Dec. 2010,31. Dec. 2099,TRUE,1899,12,30,,
W7W/SN-008,WA-Snohomish,Sloan Peak,2388,7835,48.0415,-121.3401,8,3,1,,,,,,,,,,,1. Dec. 2010,31. Dec. 2099,TRUE,2020,7,19,2020-07-19,KJ4NBS
W7W/SN-009,WA-Snohomish,Hoof Peak,2384,7820,48.0916,-121.0014,8,3,0,USFS,Mt. Baker NF,,,,,Open,Open,None,,1. Dec. 2010,31. Dec. 2099,TRUE,1899,12,30,,
W7W/SN-010,WA-Snohomish,Bannock Mountain,2371,7780,48.2557,-120.9921,8,3,0,USFS,Mt. Baker NF,USFS,Wenatchee NF,,,Open,Open,None,,1. Dec. 2010,31. Dec. 2099,TRUE,1899,12,30,,
W7W/SN-011,WA-Snohomish,Sitting Bull Mountain,2365,7759,48.2276,-120.9594,8,3,0,USFS,Mt. Baker NF,USFS,Wenatchee NF,,,Open,Open,None,,1. Dec. 2010,31. Dec. 2099,TRUE,1899,12,30,,
W7W/SN-012,WA-Snohomish,Kopeetah Divide,2354,7723,48.0807,-121.0741,8,3,0,USFS,Mt. Baker NF,,,,,Open,Open,None,,1. Dec. 2010,31. Dec. 2099,TRUE,1899,12,30,,
W7W/SN-013,WA-Snohomish,Mount Cleator,2324,7625,48.1152,-120.9462,8,3,0,USFS,Mt. Baker NF,USFS,Wenatchee NF,,,Open,Open,None,,1. Dec. 2010,31. Dec. 2099,TRUE,1899,12,30,,
W7W/SN-014,WA-Snohomish,Helmet Butte,2262,7420,48.1494,-120.9554,8,3,0,USFS,Mt. Baker NF,USFS,Wenatchee NF,,,Open,Open,None,,1. Dec. 2010,31. Dec. 2099,TRUE,1899,12,30,,
W7W/SN-015,WA-Snohomish,Stonehenge Ridge HP,2249,7380,48.2454,-121.0301,8,3,0,USFS,Mt. Baker NF,,,,,Open,Open,None,,1. Dec. 2010,31. Dec. 2099,TRUE,1899,12,30,,
W7W/SN-016,WA-Snohomish,Kyes Peak,2225,7300,47.9648,-121.3336,8,3,1,,,,,,,,,,,1. Dec. 2010,31. Dec. 2099,TRUE,2024,7,23,2024-07-23,KJ7RTO
W7W/SN-017,WA-Snohomish,Black Mountain,2213,7262,48.0818,-121.2065,8,3,0,USFS,Mt. Baker NF,,,,,Open,Open,None,,1. Dec. 2010,31. Dec. 2099,TRUE,1899,12,30,,
W7W/SN-018,WA-Snohomish,Mount Pugh,2195,7201,48.1431,-121.3743,8,3,2,,,,,,,,,,,1. Dec. 2010,31. Dec. 2099,TRUE,2017,9,28,2017-09-28,KE7JWP
W7W/SN-019,WA-Snohomish,Cadet Peak,2190,7186,47.9852,-121.3494,8,3,2,,,,,,,,,,,1. Dec. 2010,31. Dec. 2099,TRUE,2023,9,17,2023-09-17,KJ7RTO
W7W/SN-020,WA-Snohomish,Columbia Peak,2186,7172,47.9618,-121.3612,8,3,1,,,,,,,,,,,1. Dec. 2010,31. Dec. 2099,TRUE,2023,9,2,2023-09-02,KJ7RTO
W7W/SN-021,WA-Snohomish,7140 Full Wave Pk,2176,7140,48.2434,-121.1162,8,3,0,USFS,Mt. Baker NF,,,,,Open,Open,None,,1. Dec. 2010,31. Dec. 2099,TRUE,1899,12,30,,
W7W/SN-022,WA-Snohomish,Monte Cristo Peak,2175,7136,47.9715,-121.3418,8,3,0,USFS,Mt. Baker NF,,,,,Open,Open,None,,1. Dec. 2010,31. Dec. 2099,TRUE,1899,12,30,,
W7W/SN-023,WA-Snohomish,Bachelor Peak,2160,7088,48.2937,-121.1351,8,3,0,USFS,Mt. Baker NF,,,,,Open,Open,None,,1. Dec. 2010,31. Dec. 2099,TRUE,1899,12,30,,
W7W/SN-024,WA-Snohomish,Great Wall Peak,2159,7083,48.2477,-121.0541,8,3,0,USFS,Mt. Baker NF,,,,,Open,Open,None,,1. Dec. 2010,31. Dec. 2099,TRUE,1899,12,30,,
W7W/SN-025,WA-Snohomish,White Mountain,2147,7043,48.041,-121.1529,8,3,3,,,,,,,,,,,1. Dec. 2010,31. Dec. 2099,TRUE,2023,7,22,2023-07-22,N7JTT
W7W/SN-026,WA-Snohomish,White Chuck Mountain,2130,6989,48.2085,-121.4167,8,3,2,,,,,,,,,,,1. Dec. 2010,31. Dec. 2099,TRUE,2021,7,6,2021-07-06,KJ7RTO
W7W/SN-027,WA-Snohomish,Painted Mountain,2126,6975,48.0745,-121.2534,8,3,3,,,,,,,,,,,1. Dec. 2010,31. Dec. 2099,TRUE,2018,10,16,2018-10-16,KE7JWP
W7W/SN-028,WA-Snohomish,South Three Fingers,2088,6850,48.1698,-121.6877,8,3,2,,,,,,,,,,,1. Dec. 2010,31. Dec. 2099,TRUE,2016,8,23,2016-08-23,K3XD
W7W/SN-029,WA-Snohomish,Whitehorse Mountain,2088,6850,48.211,-121.6775,8,3,0,USFS,Mt. Baker NF,,,,,Open,Open,None,,1. Dec. 2010,31. Dec. 2099,TRUE,1899,12,30,,
W7W/SN-030,WA-Snohomish,Foggy Peak,2076,6810,47.9979,-121.3659,8,3,0,USFS,Mt. Baker NF,,,,,Open,Open,None,,1. Dec. 2010,31. Dec. 2099,TRUE,1899,12,30,,
W7W/SN-031,WA-Snohomish,Gemini South Peak,2072,6799,48.0047,-121.3894,8,3,0,USFS,Mt. Baker NF,,,,,Open,Open,None,,1. Dec. 2010,31. Dec. 2099,TRUE,1899,12,30,,
W7W/SN-032,WA-Snohomish,Lime Mountain,2064,6772,48.2139,-121.2213,8,3,0,USFS,Mt. Baker NF,,,,,Open,Open,None,,1. Dec. 2010,31. Dec. 2099,TRUE,1899,12,30,,
W7W/SN-033,WA-Snohomish,Johnson Mountain,2049,6721,47.995,-121.1724,8,3,1,,,,,,,,,,,1. Dec. 2010,31. Dec. 2099,TRUE,2023,7,24,2023-07-24,N7JTT
W7W/SN-034,WA-Snohomish,6702 Contest Pk,2043,6702,48.1725,-121.1829,8,3,0,USFS,Mt. Baker NF,,,,,Open,Open,None,,1. Dec. 2010,31. Dec. 2099,TRUE,1899,12,30,,
W7W/SN-035,WA-Snohomish,6697 Skykomish Peak,2041,6697,48.0639,-121.2456,8,3,0,USFS,Mt. Baker NF,,,,,Open,Open,None,,1. Dec. 2010,31. Dec. 2099,TRUE,1899,12,30,,
W7W/SN-036,WA-Snohomish,6660 Gloria Point,2030,6660,48.283,-121.1679,8,3,0,USFS,Mt. Baker NF,,,,,Open,Open,None,,1. Dec. 2010,31. Dec. 2099,TRUE,1899,12,30,,
W7W/SN-037,WA-Snohomish,Del Campo Peak,2015,6610,47.9909,-121.4704,8,3,1,,,,,,,,,,,1. Dec. 2010,31. Dec. 2099,TRUE,2021,7,28,2021-07-28,KJ7RTO
W7W/SN-038,WA-Snohomish,Grassy Point,2010,6596,48.1889,-121.1108,8,3,0,USFS,Mt. Baker NF,,,,,Open,Open,None,,1. Dec. 2010,31. Dec. 2099,TRUE,1899,12,30,,
W7W/SN-039,WA-Snohomish,6562 Mt Vox,2000,6562,47.9862,-121.1655,8,3,0,USFS,Mt. Baker NF,,,,,Open,Open,None,,1. Dec. 2010,31. Dec. 2099,TRUE,1899,12,30,,
W7W/SN-040,WA-Snohomish,Bedal Peak,1998,6554,48.0687,-121.3537,6,3,5,,,,,,,,,,,1. Dec. 2010,31. Dec. 2099,TRUE,2017,8,6,2017-08-06,KE7JWP
W7W/SN-041,WA-Snohomish,Green Mountain,1981,6500,48.2916,-121.2386,6,3,16,,,,,,,,,,,1. Dec. 2010,31. Dec. 2099,TRUE,2015,6,21,2015-06-21,KG7EJT
W7W/SN-042,WA-Snohomish,Breccia Peak,1977,6487,48.124,-121.3025,6,3,2,,,,,,,,,,,1. Dec. 2010,31. Dec. 2099,TRUE,2015,7,11,2015-07-11,KG7EJT
W7W/SN-043,WA-Snohomish,Skykomish Peak,1941,6368,47.9569,-121.1641,6,3,0,USFS,Mt. Baker NF,USFS,Wenatchee NF,,,Open,Open,None,,1. Dec. 2010,31. Dec. 2099,TRUE,1899,12,30,,
W7W/SN-044,WA-Snohomish,Flower Dome,1930,6332,48.146,-120.977,6,3,0,USFS,Mt. Baker NF,,,,,Open,Open,None,,1. Dec. 2010,31. Dec. 2099,TRUE,1899,12,30,,
W7W/SN-045,WA-Snohomish,Meadow Mountain,1928,6324,48.1896,-121.2593,6,3,0,USFS,Mt. Baker NF,,,,,Open,Open,None,,1. Dec. 2010,31. Dec. 2099,TRUE,1899,12,30,,
W7W/SN-046,WA-Snohomish,Gunn Peak,1902,6240,47.8161,-121.448,6,3,5,,,,,,,,,,,1. Dec. 2010,31. Dec. 2099,TRUE,2018,10,21,2018-10-21,KI7QIV
W7W/SN-047,WA-Snohomish,6215 Heineken,1894,6215,48.0112,-121.3283,6,3,0,USFS,Mt. Baker NF,,,,,Open,Open,None,,1. Dec. 2010,31. Dec. 2099,TRUE,1899,12,30,,
W7W/SN-048,WA-Snohomish,Vesper Peak,1894,6214,48.0129,-121.5178,6,3,7,,,,,,,,,,,1. Dec. 2010,31. Dec. 2099,TRUE,2018,7,29,2018-07-29,KG7EJT
W7W/SN-049,WA-Snohomish,Gothic Peak,1894,6213,47.9837,-121.4768,6,3,1,,,,,,,,,,,1. Dec. 2010,31. Dec. 2099,TRUE,2021,7,28,2021-07-28,KJ7RTO
W7W/SN-050,WA-Snohomish,Spire Mountain,1894,6213,47.8656,-121.406,6,3,0,USFS,Mt. Baker NF,,,,,Open,Open,None,,1. Dec. 2010,31. Dec. 2099,TRUE,1899,12,30,,
W7W/SN-051,WA-Snohomish,Big Four Mountain,1884,6180,48.043,-121.5241,6,3,0,USFS,Mt. Baker NF,,,,,Open,Open,None,,1. Dec. 2010,31. Dec. 2099,TRUE,1899,12,30,,
W7W/SN-052,WA-Snohomish,Sheep Mountain,1879,6166,48.0249,-121.418,6,3,0,USFS,Mt. Baker NF,,,,,Open,Open,None,,1. Dec. 2010,31. Dec. 2099,TRUE,1899,12,30,,
W7W/SN-053,WA-Snohomish,Silvertip Peak,1871,6140,47.9754,-121.42,6,3,0,USFS,Mt. Baker NF,,,,,Open,Open,None,,1. Dec. 2010,31. Dec. 2099,TRUE,1899,12,30,,
W7W/SN-054,WA-Snohomish,Sperry Peak,1871,6140,48.0158,-121.5026,6,3,0,WA DNR,Morning Star NRCA,,,,,Unstated,Open (special care),None,,1. Dec. 2010,31. Dec. 2099,TRUE,1899,12,30,,
W7W/SN-055,WA-Snohomish,Kodak Peak,1866,6121,47.9874,-121.1298,6,3,1,,,,,,,,,,,1. Dec. 2010,31. Dec. 2099,TRUE,2023,7,23,2023-07-23,N7JTT
W7W/SN-056,WA-Snohomish,Merchant Peak,1863,6113,47.8012,-121.4316,6,3,2,,,,,,,,,,,1. Dec. 2010,31. Dec. 2099,TRUE,2021,10,3,2021-10-03,KI7QIV
W7W/SN-057,WA-Snohomish,Morning Star Peak,1835,6020,48.004,-121.4909,6,3,1,,,,,,,,,,,1. Dec. 2010,31. Dec. 2099,TRUE,2022,6,7,2022-06-07,KI7QIV
W7W/SN-058,WA-Snohomish,Jove Peak,1831,6007,47.8224,-121.0741,6,3,5,,,,,,,,,,,1. Dec. 2010,31. Dec. 2099,TRUE,2014,9,16,2014-09-16,N7KRN
W7W/SN-059,WA-Snohomish,Mount Forgotten,1830,6005,48.0988,-121.4451,6,3,1,,,,,,,,,,,1. Dec. 2010,31. Dec. 2099,TRUE,2021,7,25,2021-07-25,KJ7RTO
W7W/SN-060,WA-Snohomish,Vista Ridge,1824,5984,48.1706,-121.0903,6,3,0,USFS,Mt. Baker NF,,,,,Open,Open,None,,1. Dec. 2010,31. Dec. 2099,TRUE,1899,12,30,,
W7W/SN-061,WA-Snohomish,Circle Peak,1824,5983,48.2205,-121.3225,6,3,2,,,,,,,,,,,1. Dec. 2010,31. Dec. 2099,TRUE,2021,7,18,2021-07-18,KJ7RTO
W7W/SN-062,WA-Snohomish,Mount Bullon,1823,5980,48.1957,-121.6987,6,3,0,USFS,Mt. Baker NF,,,,,Open,Open,None,,1. Dec. 2010,31. Dec. 2099,TRUE,1899,12,30,,
W7W/SN-063,WA-Snohomish,Hubbart Peak,1809,5936,47.9306,-121.4052,6,3,0,USFS,Mt. Baker NF,,,,,Open,Open,None,,1. Dec. 2010,31. Dec. 2099,TRUE,1899,12,30,,
W7W/SN-064,WA-Snohomish,Townsend Mountain,1809,5936,47.7987,-121.3926,6,3,0,USFS,Mt. Baker NF,,,,,Open,Open,None,,1. Dec. 2010,31. Dec. 2099,TRUE,1899,12,30,,
W7W/SN-065,WA-Snohomish,Fortune Mountain,1799,5903,47.8773,-121.1875,6,3,0,USFS,Mt. Baker NF,,,,,Open,Open,None,,1. Dec. 2010,31. Dec. 2099,TRUE,1899,12,30,,
W7W/SN-066,WA-Snohomish,5884 Straight Key Mtn,1793,5884,48.1982,-121.4054,6,3,0,USFS,Mt. Baker NF,,,,,Open,Open,None,,1. Dec. 2010,31. Dec. 2099,TRUE,1899,12,30,,
W7W/SN-067,WA-Snohomish,Jumbo Mountain,1786,5860,48.1957,-121.5996,6,3,0,USFS,Mt. Baker NF,,,,,Open,Open,None,,1. Dec. 2010,31. Dec. 2099,TRUE,1899,12,30,,
W7W/SN-068,WA-Snohomish,Tailgunner,1781,5842,47.8101,-121.4544,6,3,11,,,,,,,,,,,1. Dec. 2010,31. Dec. 2099,TRUE,2021,7,25,2021-07-25,"K3EXO,WE7CAT,KL0NP"
W7W/SN-069,WA-Snohomish,East Twin Peaks,1779,5836,48.0727,-121.4404,6,3,0,USFS,Mt. Baker NF,,,,,Open,Open,None,,1. Dec. 2010,31. Dec. 2099,TRUE,1899,12,30,,
W7W/SN-070,WA-Snohomish,Sheep Gap Mountain,1774,5819,47.9634,-121.4642,6,3,0,WA DNR,Morning Star NRCA,,,,,Unstated,Open (special care),None,,1. Dec. 2010,31. Dec. 2099,TRUE,1899,12,30,,
W7W/SN-071,WA-Snohomish,Bench Mark Mountain,1773,5816,47.9244,-121.2028,6,3,2,,,,,,,,,,,1. Dec. 2010,31. Dec. 2099,TRUE,2020,7,15,2020-07-15,K7JRO
W7W/SN-072,WA-Snohomish,Spring Mtn,1759,5770,48.1107,-121.3502,6,3,0,USFS,Mt. Baker NF,,,,,Open,Open,None,,1. Dec. 2010,30. Nov. 2016,FALSE,1899,12,30,,
W7W/SN-073,WA-Snohomish,5757 Little Fish Peak,1755,5757,47.9083,-121.1733,6,3,0,USFS,Mt. Baker NF,USFS,Wenatchee NF,,,Open,Open,None,,1. Dec. 2010,31. Dec. 2099,TRUE,1899,12,30,,
W7W/SN-074,WA-Snohomish,Mount McCausland,1752,5747,47.7968,-121.1034,6,3,28,,,,,,,,,,,1. Dec. 2010,31. Dec. 2099,TRUE,2012,10,11,2012-10-11,KX7L
W7W/SN-075,WA-Snohomish,Red Mountain,1750,5740,47.961,-121.5056,6,3,0,USFS,Mt. Baker NF,,,,,Open,Open,None,,1. Dec. 2010,31. Dec. 2099,TRUE,1899,12,30,,
W7W/SN-076,WA-Snohomish,Stillaguamish Peak,1750,5740,48.0939,-121.4852,6,3,1,,,,,,,,,,,1. Dec. 2010,31. Dec. 2099,TRUE,2021,7,25,2021-07-25,KJ7RTO
W7W/SN-077,WA-Snohomish,5727 North Bowser Butte,1746,5727,47.979,-121.2525,6,3,0,USFS,Mt. Baker NF,,,,,Open,Open,None,,1. Dec. 2010,31. Dec. 2099,TRUE,1899,12,30,,
W7W/SN-078,WA-Snohomish,Mount Dickerman,1744,5723,48.0688,-121.4708,6,3,33,,,,,,,,,,,1. Dec. 2010,31. Dec. 2099,TRUE,2015,6,20,2015-06-20,KG7EJT
W7W/SN-079,WA-Snohomish,Bald Eagle Mountain,1737,5700,47.9575,-121.2512,6,3,0,USFS,Mt. Baker NF,,,,,Open,Open,None,,1. Dec. 2010,31. Dec. 2099,TRUE,1899,12,30,,
W7W/SN-080,WA-Snohomish,Liberty Mountain,1737,5700,48.1296,-121.6712,6,3,0,USFS,Mt. Baker NF,,,,,Open,Open,None,,1. Dec. 2010,31. Dec. 2099,TRUE,1899,12,30,,
W7W/SN-081,WA-Snohomish,Long John Mountain,1736,5697,47.9765,-121.2245,6,3,0,USFS,Mt. Baker NF,,,,,Open,Open,None,,1. Dec. 2010,31. Dec. 2099,TRUE,1899,12,30,,
W7W/SN-082,WA-Snohomish,Union Peak,1736,5696,47.8112,-121.0826,6,3,7,,,,,,,,,,,1. Dec. 2010,31. Dec. 2099,TRUE,2014,9,16,2014-09-16,N7KRN
W7W/SN-083,WA-Snohomish,Scrabble Mountain,1735,5691,47.8227,-121.1496,6,3,0,USFS,Mt. Baker NF,,,,,Open,Open,None,,1. Dec. 2010,31. Dec. 2099,TRUE,1899,12,30,,
W7W/SN-084,WA-Snohomish,5683 Rams Horn,1732,5683,47.9682,-121.4621,6,3,0,WA DNR,Morning Star NRCA,,,,,Unstated,Open (special care),None,,1. Dec. 2010,31. Dec. 2099,TRUE,1899,12,30,,
W7W/SN-085,WA-Snohomish,Prairie Mountain,1731,5678,48.2753,-121.4713,6,3,0,USFS,Mt. Baker NF,,,,,Open,Open,None,,1. Dec. 2010,31. Dec. 2099,TRUE,1899,12,30,,
W7W/SN-086,WA-Snohomish,5660 Troposphere Pk,1725,5660,47.8295,-121.1223,6,3,1,,,,,,,,,,,1. Dec. 2010,31. Dec. 2099,TRUE,2018,8,14,2018-08-14,WU7H
W7W/SN-087,WA-Snohomish,Big Bear Mountain,1719,5641,48.1511,-121.6797,6,3,0,USFS,Mt. Baker NF,,,,,Open,Open,None,,1. Dec. 2010,31. Dec. 2099,TRUE,1899,12,30,,
W7W/SN-088,WA-Snohomish,Lewis Peak,1709,5608,48.0054,-121.4626,6,3,0,USFS,Mt. Baker NF,,,,,Open,Open,None,,1. Dec. 2010,31. Dec. 2099,TRUE,1899,12,30,,
W7W/SN-089,WA-Snohomish,Evergreen Mountain,1703,5587,47.8365,-121.264,6,3,23,,,,,,,,,,,1. Dec. 2010,31. Dec. 2099,TRUE,2012,9,14,2012-09-14,KX7L
W7W/SN-090,WA-Snohomish,Scorpion Mountain,1689,5540,47.7922,-121.1972,6,3,8,,,,,,,,,,,1. Dec. 2010,31. Dec. 2099,TRUE,2018,9,7,2018-09-07,KE7JWP
W7W/SN-091,WA-Snohomish,Bear Mountain,1682,5519,47.8722,-121.3573,6,3,0,USFS,Mt. Baker NF,,,,,Open,Open,None,,1. Dec. 2010,31. Dec. 2099,TRUE,1899,12,30,,
W7W/SN-092,WA-Snohomish,Mount Index-Middle Peak,1674,5493,47.7796,-121.5815,6,3,0,USFS,Mt. Baker NF,,,,,Open,Open,None,,1. Dec. 2010,31. Dec. 2099,TRUE,1899,12,30,,
W7W/SN-093,WA-Snohomish,Hall Peak,1672,5484,48.0598,-121.5404,6,3,0,USFS,Mt. Baker NF,,,,,Open,Open,None,,1. Dec. 2010,31. Dec. 2099,TRUE,1899,12,30,,
W7W/SN-094,WA-Snohomish,Mount Persis,1665,5464,47.7904,-121.6118,6,3,13,,,,,,,,,,,1. Dec. 2010,31. Dec. 2099,TRUE,2014,8,27,2014-08-27,WA7NCL
W7W/SN-095,WA-Snohomish,Devils Peak,1663,5456,48.1204,-121.5614,6,3,0,USFS,Mt. Baker NF,,,,,Open,Open,None,,1. Dec. 2010,31. Dec. 2099,TRUE,1899,12,30,,
W7W/SN-096,WA-Snohomish,Troublesome Mountain,1656,5433,47.9095,-121.365,6,3,0,USFS,Mt. Baker NF,,,,,Open,Open,None,,1. Dec. 2010,31. Dec. 2099,TRUE,1899,12,30,,
W7W/SN-097,WA-Snohomish,Double Toil Peak,1654,5427,47.912,-121.344,6,3,0,USFS,Mt. Baker NF,,,,,Open,Open,None,,1. Dec. 2010,31. Dec. 2099,TRUE,1899,12,30,,
W7W/SN-098,WA-Snohomish,Independence Peak,1652,5420,48.1286,-121.5228,6,3,0,USFS,Mt. Baker NF,,,,,Open,Open,None,,1. Dec. 2010,31. Dec. 2099,TRUE,1899,12,30,,
W7W/SN-099,WA-Snohomish,Rat Trap Mountain,1652,5420,48.2101,-121.3673,6,3,0,USFS,Mt. Baker NF,,,,,Open,Open,None,,1. Dec. 2010,31. Dec. 2099,TRUE,1899,12,30,,
W7W/SN-100,WA-Snohomish,Helena Peak,1652,5420,48.1318,-121.5791,6,3,1,,,,,,,,,,,1. Dec. 2010,31. Dec. 2099,TRUE,2018,8,8,2018-08-08,KE7JWP
W7W/SN-101,WA-Snohomish,Silica Mountain,1652,5420,47.8652,-121.251,6,3,0,USFS,Mt. Baker NF,,,,,Open,Open,None,,1. Dec. 2010,31. Dec. 2099,TRUE,1899,12,30,,
W7W/SN-102,WA-Snohomish,Tall Halla Mountain,1649,5409,47.7862,-121.1596,6,3,14,,,,,,,,,,,1. Dec. 2010,31. Dec. 2099,TRUE,2020,8,29,2020-08-29,"AC7MA,WW7D"
W7W/SN-103,WA-Snohomish,Burley Mountain,1647,5403,47.8108,-121.3902,6,3,0,USFS,Mt. Baker NF,,,,,Open,Open,None,,1. Dec. 2010,31. Dec. 2099,TRUE,1899,12,30,,
W7W/SN-104,WA-Snohomish,Rouge Peak,1640,5380,47.9748,-121.5087,6,3,0,USFS,Mt. Baker NF,,,,,Open,Open,None,,1. Dec. 2010,31. Dec. 2099,TRUE,1899,12,30,,
W7W/SN-105,WA-Snohomish,Mount Pilchuck,1628,5340,48.0579,-121.7976,6,3,75,,,,,,,,,,,1. Dec. 2010,31. Dec. 2099,TRUE,2012,9,3,2012-09-03,K7ATN
W7W/SN-106,WA-Snohomish,South Crested Buttes,1627,5338,47.9465,-121.4637,6,3,0,USFS,Mt. Baker NF,,,,,Open,Open,None,,1. Dec. 2010,31. Dec. 2099,TRUE,1899,12,30,,
W7W/SN-107,WA-Snohomish,5327 SOTA Summit,1624,5327,47.8546,-121.2328,6,3,0,USFS,Mt. Baker NF,,,,,Open,Open,None,,1. Dec. 2010,31. Dec. 2099,TRUE,1899,12,30,,
W7W/SN-108,WA-Snohomish,North Crested Buttes,1621,5318,47.9541,-121.4611,6,3,0,WA DNR,Morning Star NRCA,,,,,Unstated,Open (special care),None,,1. Dec. 2010,31. Dec. 2099,TRUE,1899,12,30,,
W7W/SN-109,WA-Snohomish,Bluegrass Butte,1617,5306,48.1416,-121.5177,6,3,0,USFS,Mt. Baker NF,,,,,Open,Open,None,,1. Dec. 2010,31. Dec. 2099,TRUE,1899,12,30,,
W7W/SN-110,WA-Snohomish,Mount Stickney,1615,5300,47.9023,-121.6087,6,3,0,USFS,Mt. Baker NF,,,,,Open,Open,None,,1. Dec. 2010,31. Dec. 2099,TRUE,1899,12,30,,
W7W/SN-111,WA-Snohomish,Scott Pk,1612,5288,47.9171,-121.4149,6,3,0,USFS,Mt. Baker NF,,,,,Open,Open,None,,1. Dec. 2010,30. Nov. 2016,FALSE,1899,12,30,,
W7W/SN-112,WA-Snohomish,Quarter Dome,1608,5276,47.8525,-121.3603,6,3,0,USFS,Mt. Baker NF,,,,,Open,Open,None,,1. Dec. 2010,31. Dec. 2099,TRUE,1899,12,30,,
W7W/SN-113,WA-Snohomish,Canyon Peak,1603,5260,48.1108,-121.6582,6,3,0,USFS,Mt. Baker NF,,,,,Open,Open,None,,1. Dec. 2010,31. Dec. 2099,TRUE,1899,12,30,,
W7W/SN-114,WA-Snohomish,Frostbite Peak,1603,5260,47.9339,-121.5268,6,3,0,USFS,Mt. Baker NF,,,,,Open,Open,None,,1. Dec. 2010,31. Dec. 2099,TRUE,1899,12,30,,
W7W/SN-115,WA-Snohomish,Mineral Butte,1602,5255,47.9265,-121.469,6,3,0,USFS,Mt. Baker NF,,,,,Open,Open,None,,1. Dec. 2010,31. Dec. 2099,TRUE,1899,12,30,,
W7W/SN-116,WA-Snohomish,Iron Mountain,1599,5245,47.8584,-121.4311,6,3,0,USFS,Mt. Baker NF,,,,,Open,Open,None,,1. Dec. 2010,31. Dec. 2099,TRUE,1899,12,30,,
W7W/SN-117,WA-Snohomish,Voodoo Peak,1584,5198,48.1526,-121.5786,6,3,0,USFS,Mt. Baker NF,,,,,Open,Open,None,,1. Dec. 2010,31. Dec. 2099,TRUE,1899,12,30,,
W7W/SN-118,WA-Snohomish,Marble Peak,1579,5180,48.0564,-121.5674,6,3,0,USFS,Mt. Baker NF,,,,,Open,Open,None,,1. Dec. 2010,31. Dec. 2099,TRUE,1899,12,30,,
W7W/SN-119,WA-Snohomish,Devils Thumb,1576,5172,48.1288,-121.5485,6,3,0,USFS,Mt. Baker NF,,,,,Open,Open,None,,1. Dec. 2010,31. Dec. 2099,TRUE,1899,12,30,,
W7W/SN-120,WA-Snohomish,Rojo Peak,1572,5158,47.9803,-121.5352,6,3,0,WA DNR,Morning Star NRCA,,,,,Unstated,Open (special care),None,,1. Dec. 2010,31. Dec. 2099,TRUE,1899,12,30,,
W7W/SN-121,WA-Snohomish,Ragged Ridge,1570,5150,47.868,-121.5453,6,3,0,USFS,Mt. Baker NF,,,,,Open,Open,None,,1. Dec. 2010,31. Dec. 2099,TRUE,1899,12,30,,
W7W/SN-122,WA-Snohomish,Bushwhack Peak,1568,5145,47.9176,-121.5404,6,3,0,USFS,Mt. Baker NF,,,,,Open,Open,None,,1. Dec. 2010,31. Dec. 2099,TRUE,1899,12,30,,
W7W/SN-123,WA-Snohomish,Beaver Peak,1558,5113,48.0984,-121.5082,6,3,0,USFS,Mt. Baker NF,,,,,Open,Open,None,,1. Dec. 2010,31. Dec. 2099,TRUE,1899,12,30,,
W7W/SN-124,WA-Snohomish,Long Mountain,1558,5113,48.0913,-121.5935,6,3,0,USFS,Mt. Baker NF,,,,,Open,Open,None,,1. Dec. 2010,31. Dec. 2099,TRUE,1899,12,30,,
W7W/SN-125,WA-Snohomish,Anaconda Peak,1539,5050,48.0959,-121.6315,6,3,1,,,,,,,,,,,1. Dec. 2010,31. Dec. 2099,TRUE,2023,3,12,2023-03-12,KJ7RTO
W7W/SN-126,WA-Snohomish,Hawk Rock,1536,5040,47.7945,-121.3291,6,3,0,USFS,Mt. Baker NF,,,,,Open,Open,None,,1. Dec. 2010,31. Dec. 2099,TRUE,1899,12,30,,
W7W/SN-127,WA-Snohomish,Snowslide Peak,1530,5020,47.8921,-121.5287,6,3,0,USFS,Mt. Baker NF,,,,,Open,Open,None,,1. Dec. 2010,31. Dec. 2099,TRUE,1899,12,30,,
W7W/SN-128,WA-Snohomish,5003 Relic Trail Mountain,1525,5003,48.0025,-121.2794,6,3,0,USFS,Mt. Baker NF,,,,,Open,Open,None,,1. Dec. 2010,31. Dec. 2099,TRUE,1899,12,30,,
W7W/SN-129,WA-Snohomish,Slahal,1494,4900,47.8855,-121.5023,4,0,0,USFS,Mt. Baker NF,,,,,Open,Open,None,,1. Dec. 2010,31. Dec. 2099,TRUE,1899,12,30,,
W7W/SN-130,WA-Snohomish,Static Peak,1494,4900,47.9437,-121.5888,4,0,0,WA DNR,Morning Star NRCA,,,,,Unstated,Open (special care),None,,1. Dec. 2010,31. Dec. 2099,TRUE,1899,12,30,,
W7W/SN-131,WA-Snohomish,San Juan Hill,1492,4895,47.8599,-121.3416,4,0,0,USFS,Mt. Baker NF,,,,,Open,Open,None,,1. Dec. 2010,31. Dec. 2099,TRUE,1899,12,30,,
W7W/SN-132,WA-Snohomish,Higher Squire,1487,4879,48.1555,-121.6366,4,0,0,USFS,Mt. Baker NF,,,,,Open,Open,None,,1. Dec. 2010,31. Dec. 2099,TRUE,1899,12,30,,
W7W/SN-133,WA-Snohomish,Zekes Peak,1483,4865,47.8721,-121.6126,4,0,0,USFS,Mt. Baker NF,,,,,Open,Open,None,,1. Dec. 2010,31. Dec. 2099,TRUE,1899,12,30,,
W7W/SN-134,WA-Snohomish,Bald Mountain,1479,4851,47.9985,-121.6554,4,0,3,,,,,,,,,,,1. Dec. 2010,31. Dec. 2099,TRUE,2015,5,14,2015-05-14,N7KRN
W7W/SN-135,WA-Snohomish,Excelsior Mountain,1473,4832,47.9109,-121.29,4,0,3,,,,,,,,,,,1. Dec. 2010,31. Dec. 2099,TRUE,2021,9,25,2021-09-25,"WU7H,WW7D,AC7MA"
W7W/SN-136,WA-Snohomish,Greider Peak,1472,4829,47.9533,-121.5978,4,0,0,WA DNR,Morning Star NRCA,,,,,Unstated,Open (special care),None,,1. Dec. 2010,31. Dec. 2099,TRUE,1899,12,30,,
W7W/SN-137,WA-Snohomish,Bald Mountain,1457,4780,48.106,-121.6023,4,0,0,USFS,Mt. Baker NF,,,,,Open,Open,None,,1. Dec. 2010,31. Dec. 2099,TRUE,1899,12,30,,
W7W/SN-138,WA-Snohomish,4642 Dead Duck Mountain,1415,4642,48.1603,-121.3528,4,0,0,USFS,Mt. Baker NF,,,,,Open,Open,None,,1. Dec. 2010,31. Dec. 2099,TRUE,1899,12,30,,
W7W/SN-139,WA-Snohomish,Meadow Mountain,1408,4620,48.1801,-121.7787,4,0,2,,,,,,,,,,,1. Dec. 2010,31. Dec. 2099,TRUE,2018,5,12,2018-05-12,KE7UIU
W7W/SN-140,WA-Snohomish,Little Greider Peak,1403,4602,47.9625,-121.571,4,0,0,WA DNR,Morning Star NRCA,,,,,Unstated,Open (special care),None,,1. Dec. 2010,31. Dec. 2099,TRUE,1899,12,30,,
W7W/SN-141,WA-Snohomish,Iron Mountain,1396,4580,48.1617,-121.5432,4,0,0,USFS,Mt. Baker NF,,,,,Open,Open,None,,1. Dec. 2010,31. Dec. 2099,TRUE,1899,12,30,,
W7W/SN-142,WA-Snohomish,4534 Mt Resistor,1382,4534,47.7874,-121.406,4,0,0,USFS,Mt. Baker NF,,,,,Open,Open,None,,1. Dec. 2010,31. Dec. 2099,TRUE,1899,12,30,,
W7W/SN-143,WA-Snohomish,4500 Radioteletype Mtn,1372,4500,48.0444,-121.5839,4,0,0,USFS,Mt. Baker NF,,,,,Open,Open,None,,1. Dec. 2010,31. Dec. 2099,TRUE,1899,12,30,,
W7W/SN-144,WA-Snohomish,4500 Relay Pk,1372,4500,48.0344,-121.5896,4,0,0,USFS,Mt. Baker NF,,,,,Open,Open,None,,1. Dec. 2010,31. Dec. 2099,TRUE,1899,12,30,,
W7W/SN-145,WA-Snohomish,4485 Blackjack Peak,1367,4485,48.0347,-121.6105,4,0,0,USFS,Mt. Baker NF,,,,,Open,Open,None,,1. Dec. 2010,31. Dec. 2099,TRUE,1899,12,30,,
W7W/SN-146,WA-Snohomish,Mount Ditney,1359,4460,48.2092,-121.815,4,0,1,USFS,Mt. Baker NF,,,,,Open,Open,None,,1. Dec. 2010,31. Dec. 2099,TRUE,2025,6,29,2025-06-29,K7GYB
W7W/SN-147,WA-Snohomish,Green Mountain,1359,4460,48.1187,-121.7222,4,0,7,,,,,,,,,,,1. Dec. 2010,31. Dec. 2099,TRUE,2016,7,30,2016-07-30,KE7UIU
W7W/SN-148,WA-Snohomish,Ten-Four Mountain,1336,4384,47.8047,-121.7091,4,0,4,,,,,,,,,,,1. Dec. 2010,31. Dec. 2099,TRUE,2017,9,17,2017-09-17,K3OG
W7W/SN-149,WA-Snohomish,Philadelphia Mountain,1298,4258,47.7795,-121.5431,4,0,3,,,,,,,,,,,1. Dec. 2010,31. Dec. 2099,TRUE,2023,4,26,2023-04-26,"AC7MA,K7JRO,WW7D"
W7W/SN-150,WA-Snohomish,Wiley Ridge,1286,4220,48.0965,-121.671,4,0,0,USFS,Mt. Baker NF,,,,,Open,Open,None,,1. Dec. 2010,31. Dec. 2099,TRUE,1899,12,30,,
W7W/SN-151,WA-Snohomish,3940 Bornite Mountain,1201,3940,48.1317,-121.622,4,0,0,USFS,Mt. Baker NF,,,,,Open,Open,None,,1. Dec. 2010,31. Dec. 2099,TRUE,1899,12,30,,
W7W/SN-152,WA-Snohomish,The Eaglet,1159,3802,48.0681,-121.771,4,0,3,,,,,,,,,,,1. Dec. 2010,31. Dec. 2099,TRUE,2013,10,13,2013-10-13,N7KRN
W7W/SN-153,WA-Snohomish,Wheeler Mountain,1098,3604,48.2374,-121.9025,4,0,6,,,,,,,,,,,1. Dec. 2010,31. Dec. 2099,TRUE,2019,6,15,2019-06-15,KD7ZKB
W7W/SN-154,WA-Snohomish,3571 Multipath Mtn,1088,3571,48.2197,-121.8825,4,0,6,,,,,,,,,,,1. Dec. 2010,31. Dec. 2099,TRUE,2019,6,15,2019-06-15,KD7ZKB
W7W/SN-155,WA-Snohomish,Olo Mountain,1067,3500,48.161,-121.8613,4,0,8,,,,,,,,,,,1. Dec. 2010,31. Dec. 2099,TRUE,2018,2,10,2018-02-10,KE7UIU
W7W/SN-156,WA-Snohomish,3460 Mt Microphone,1055,3460,48.0356,-121.7188,4,0,1,,,,,,,,,,,1. Dec. 2010,31. Dec. 2099,TRUE,2024,6,10,2024-06-10,KJ7LLS
W7W/SN-157,WA-Snohomish,Gold Mountain,1042,3420,48.2444,-121.545,4,0,38,,,,,,,,,,,1. Dec. 2010,31. Dec. 2099,TRUE,2012,7,8,2012-07-08,KX7L
W7W/SN-158,WA-Snohomish,Blue Mountain,945,3100,47.9585,-121.722,2,0,34,,,,,,,,,,,1. Dec. 2010,31. Dec. 2099,TRUE,2017,9,28,2017-09-28,KE7UIU
W7W/SN-159,WA-Snohomish,Blue Mountain,933,3060,48.1859,-121.9265,2,0,3,,,,,,,,,,,1. Dec. 2010,31. Dec. 2099,TRUE,2019,6,16,2019-06-16,KD7ZKB
W7W/SN-160,WA-Snohomish,Stimson Hill,881,2892,48.2963,-122.0745,2,0,9,,,,,,,,,,,1. Dec. 2010,31. Dec. 2099,TRUE,2016,10,29,2016-10-29,KE7UIU
W7W/SN-161,WA-Snohomish,2740 Modulation Hill,835,2740,48.0121,-121.731,2,0,1,WA DNR,NW Region:Cascade District:Starbird Unit,,,,,Unstated,Open,None,,1. Dec. 2010,31. Dec. 2099,TRUE,2025,4,12,2025-04-12,KK7LHY
W7W/SN-162,WA-Snohomish,Haystack Mountain,828,2715,47.8232,-121.6769,2,0,10,,,,,,,,,,,1. Dec. 2010,31. Dec. 2099,TRUE,2019,7,4,2019-07-04,KD7ZKB
W7W/SN-163,WA-Snohomish,2670 Git Out Ridge,814,2670,47.9801,-121.7329,2,0,19,,,,,,,,,,,1. Dec. 2010,31. Dec. 2099,TRUE,2018,10,13,2018-10-13,KE7UIU
W7W/SN-164,WA-Snohomish,2420 High Power Hill,738,2420,48.0116,-121.8328,2,0,1,,,,,,,,,,,1. Dec. 2010,31. Dec. 2099,TRUE,2022,10,2,2022-10-02,K9ARI
W7W/SN-165,WA-Snohomish,Worthy Hill,724,2375,48.0511,-121.8599,2,0,2,,,,,,,,,,,1. Dec. 2010,31. Dec. 2099,TRUE,2018,3,10,2018-03-10,KE7UIU
W7W/SN-166,WA-Snohomish,Siberia Mountain,701,2300,48.1551,-121.9524,2,0,3,,,,,,,,,,,1. Dec. 2010,31. Dec. 2099,TRUE,2017,8,26,2017-08-26,KE7UIU
W7W/SN-167,WA-Snohomish,Baby Blue,640,2100,47.9398,-121.7413,2,0,40,,,,,,,,,,,1. Dec. 2010,31. Dec. 2099,TRUE,2017,5,7,2017-05-07,KE7UIU
W7W/SN-168,WA-Snohomish,1810 Smelling Mountain,552,1810,48.0665,-121.8833,2,0,2,,,,,,,,,,,1. Dec. 2010,31. Dec. 2099,TRUE,2017,7,15,2017-07-15,KE7UIU
W7W/SN-169,WA-Snohomish,Ebey Hill,546,1790,48.2449,-122.0001,2,0,1,WA DNR,NW Region:Cascade District:Starbird Unit,,,,,Unstated,Open,None,,1. Dec. 2010,31. Dec. 2099,TRUE,2025,3,1,2025-03-01,KK7LHY
W7W/SN-170,WA-Snohomish,King Benchmark,491,1610,47.8152,-121.9235,1,0,4,,,,,,,,,,,1. Dec. 2010,31. Dec. 2099,TRUE,2016,5,5,2016-05-05,"K9SWT,KB7WSD"
W7W/SN-171,WA-Snohomish,Lobotomy Hill,485,1590,47.8245,-121.8905,1,0,1,,,,,,,,,,,1. Dec. 2010,31. Dec. 2099,TRUE,2015,5,16,2015-05-16,WW7D
W7W/SN-172,WA-Snohomish,1490 Chitwood Peak,454,1490,48.0799,-121.9126,1,0,3,,,,,,,,,,,1. Dec. 2010,31. Dec. 2099,TRUE,2016,8,27,2016-08-27,KE7UIU
W7W/SN-173,WA-Snohomish,1470 Encoder Hill,448,1470,48.0432,-121.8958,1,0,9,,,,,,,,,,,1. Dec. 2010,31. Dec. 2099,TRUE,2017,1,28,2017-01-28,KE7UIU
W7W/SN-174,WA-Snohomish,Young Love,442,1450,47.7967,-121.8126,1,0,21,,,,,,,,,,,1. Dec. 2010,31. Dec. 2099,TRUE,2018,7,13,2018-07-13,K3OG
W7W/SN-175,WA-Snohomish,French Point,433,1420,48.2623,-121.7885,1,0,10,,,,,,,,,,,1. Dec. 2010,31. Dec. 2099,TRUE,2017,3,18,2017-03-18,KE7UIU
W7W/SN-176,WA-Snohomish,1300 F-Layer Hill,396,1300,48.0166,-121.88,1,0,0,WA DNR,NW Region:Cascade District:Starbird Unit,,,,,Unstated,Open,None,,1. Dec. 2010,30. Nov. 2016,FALSE,1899,12,30,,
W7W/SN-177,WA-Snohomish,Highwire,393,1290,47.8887,-121.7521,1,0,61,,,,,,,,,,,1. Dec. 2010,31. Dec. 2099,TRUE,2013,2,2,2013-02-02,"AC7MA,WA7NCL"
W7W/SN-178,WA-Snohomish,Three Lakes Hill,369,1210,47.9537,-121.9232,1,0,31,,,,,,,,,,,1. Dec. 2010,31. Dec. 2099,TRUE,2012,5,28,2012-05-28,K9VD
W7W/SN-179,WA-Snohomish,1164 Good Copy Hill,355,1164,48.2683,-122.0554,1,0,23,,,,,,,,,,,1. Dec. 2010,31. Dec. 2099,TRUE,2016,9,10,2016-09-10,W6DLM
W7W/SN-180,WA-Snohomish,Iron Mountain,344,1130,48.09,-121.9406,1,0,3,,,,,,,,,,,1. Dec. 2010,31. Dec. 2099,TRUE,2016,10,1,2016-10-01,W6DLM
W7W/SN-181,WA-Snohomish,Siberian Bear,335,1100,48.1757,-122.0229,1,0,0,WA DNR,NW Region:Cascade District:Starbird Unit,,,,,Unstated,Open,None,,1. Dec. 2010,30. Nov. 2016,FALSE,1899,12,30,,
W7W/SN-182,WA-Snohomish,Jordan Benchmark,307,1006,48.1502,-122.0183,1,0,4,,,,,,,,,,,1. Dec. 2010,31. Dec. 2099,TRUE,2020,9,8,2020-09-08,KA7GPP
W7W/SN-183,WA-Snohomish,Bald Hill,225,737,47.8361,-122.0329,1,0,23,,,,,,,,,,,1. Dec. 2010,31. Dec. 2099,TRUE,2016,3,15,2016-03-15,N7TPT
W7W/SN-184,WA-Snohomish,690 Hexidecimal Hill,210,690,48.1965,-122.0404,1,0,0,BOBBA SILVANA,,,,,,Restricted,Unstated,None,,1. Dec. 2010,30. Nov. 2016,FALSE,1899,12,30,,
W7W/SN-185,WA-Snohomish,Tulalip Hill,186,610,48.1283,-122.2501,1,0,52,,,,,,,,,,,1. Dec. 2016,31. Dec. 2099,TRUE,2017,2,2,2017-02-02,KE7UIU
W7W/SN-186,WA-Snohomish,Portal Peak,2133,6999,48.0492,-121.1797,8,3,3,USFS,Mt. Baker NF,,,,,Open,Open,None,,1. Dec. 2016,31. Dec. 2099,TRUE,2025,8,11,2025-08-11,"KC7EPG,KK7UKE"
W7W/SN-187,WA-Snohomish,6438,1962,6438,48.2463,-121.1324,6,3,0,USFS,Mt. Baker NF,,,,,Open,Open,None,,1. Dec. 2016,31. Dec. 2099,TRUE,1899,12,30,,
W7W/SN-188,WA-Snohomish,Stauk Mountain,1376,4513,48.0313,-121.4633,4,0,0,USFS,Mt. Baker NF,,,,,Open,Open,None,,1. Dec. 2016,31. Dec. 2099,TRUE,1899,12,30,,
W7W/SN-189,WA-Snohomish,1250,381,1250,48.0166,-121.88,1,0,1,,,,,,,,,,,1. Dec. 2016,31. Dec. 2099,TRUE,2017,8,27,2017-08-27,K7GYB
W7W/SO-001,WA-Southern Olympics,Mount Stone,2015,6612,47.6064,-123.2667,8,3,3,,,,,,,,,,,1. Dec. 2010,31. Dec. 2099,TRUE,2016,9,30,2016-09-30,W7LRH
W7W/SO-002,WA-Southern Olympics,Mount Skokomish,1961,6434,47.5911,-123.2942,6,3,1,,,,,,,,,,,1. Dec. 2010,31. Dec. 2099,TRUE,2019,6,21,2019-06-21,KJ7DDK
W7W/SO-003,WA-Southern Olympics,Mount Washington,1907,6255,47.5311,-123.2461,6,3,7,,,,,,,,,,,1. Dec. 2010,31. Dec. 2099,TRUE,2014,7,22,2014-07-22,K7RR
W7W/SO-004,WA-Southern Olympics,Mount Pershing,1876,6154,47.5521,-123.2561,6,3,2,,,,,,,,,,,1. Dec. 2010,31. Dec. 2099,TRUE,2013,6,5,2013-06-05,KD7LXL
W7W/SO-005,WA-Southern Olympics,Mount Cruiser,1860,6104,47.5643,-123.3157,6,3,1,NPS,Olympic NP,USFS,Olympic NF,,,Open,Open,,,1. Dec. 2010,31. Dec. 2099,TRUE,2025,7,4,2025-07-04,KJ7RTO
W7W/SO-006,WA-Southern Olympics,Mount Lincoln,1789,5868,47.5503,-123.328,6,3,0,NPS,Olympic NP,USFS,Olympic NF,,,Open,Open,,,1. Dec. 2010,31. Dec. 2099,TRUE,1899,12,30,,
W7W/SO-007,WA-Southern Olympics,Jefferson Peak,1743,5720,47.5614,-123.2319,6,3,0,USFS,Olympic NF,,,,,Open,Open,,,1. Dec. 2010,31. Dec. 2099,TRUE,1899,12,30,,
W7W/SO-008,WA-Southern Olympics,Mount Gladys,1704,5589,47.5691,-123.3267,6,3,0,NPS,Olympic NP,USFS,Olympic NF,,,Open,Open,,,1. Dec. 2010,31. Dec. 2099,TRUE,1899,12,30,,
W7W/SO-009,WA-Southern Olympics,Copper Mountain,1654,5425,47.5227,-123.2964,6,3,0,NPS,Olympic NP,USFS,Olympic NF,,,Open,Open,,,1. Dec. 2010,31. Dec. 2099,TRUE,1899,12,30,,
W7W/SO-010,WA-Southern Olympics,Mount Olson,1612,5289,47.5786,-123.4712,6,3,0,NPS,Olympic NP,,,,,Open,Open,,,1. Dec. 2010,31. Dec. 2099,TRUE,1899,12,30,,
W7W/SO-011,WA-Southern Olympics,5122 Six Ridge,1561,5122,47.5535,-123.4728,6,3,0,NPS,Olympic NP,,,,,Open,Open,,,1. Dec. 2010,31. Dec. 2099,TRUE,1899,12,30,,
W7W/SO-012,WA-Southern Olympics,Five Ridge Peaks HP,1547,5077,47.5271,-123.4416,6,3,0,NPS,Olympic NP,,,,,Open,Open,,,1. Dec. 2010,31. Dec. 2099,TRUE,1899,12,30,,
W7W/SO-013,WA-Southern Olympics,Capitol Peak,1540,5054,47.4918,-123.493,6,3,0,USFS,Olympic NF,,,,,Open,Open,,,1. Dec. 2010,31. Dec. 2099,TRUE,1899,12,30,,
W7W/SO-014,WA-Southern Olympics,4970 Lowpass Peak,1515,4970,47.5316,-123.42,6,3,0,NPS,Olympic NP,,,,,Open,Open,,,1. Dec. 2010,31. Dec. 2099,TRUE,1899,12,30,,
W7W/SO-015,WA-Southern Olympics,4851 Meteor Scatter Mtn,1479,4851,47.5184,-123.4694,4,0,0,USFS,Olympic NF,,,,,Open,Open,,,1. Dec. 2010,31. Dec. 2099,TRUE,1899,12,30,,
W7W/SO-016,WA-Southern Olympics,Wonder Mountain,1478,4848,47.499,-123.4314,4,0,0,USFS,Olympic NF,,,,,Open,Open,,,1. Dec. 2010,31. Dec. 2099,TRUE,1899,12,30,,
W7W/SO-017,WA-Southern Olympics,Mount Church,1457,4780,47.4699,-123.499,4,0,0,USFS,Olympic NF,,,,,Open,Open,,,1. Dec. 2010,31. Dec. 2099,TRUE,1899,12,30,,
W7W/SO-018,WA-Southern Olympics,4755 Cub Peak,1449,4755,47.5378,-123.2931,4,0,1,,,,,,,,,,,1. Dec. 2010,31. Dec. 2099,TRUE,2023,9,2,2023-09-02,WE7CAT
W7W/SO-019,WA-Southern Olympics,Picket Fence,1428,4686,47.4825,-123.3904,4,0,0,USFS,Olympic NF,,,,,Open,Open,,,1. Dec. 2010,31. Dec. 2099,TRUE,1899,12,30,,
W7W/SO-020,WA-Southern Olympics,West Three Peaks,1420,4660,47.4808,-123.5604,4,0,0,USFS,Olympic NF,,,,,Open,Open,,,1. Dec. 2010,31. Dec. 2099,TRUE,1899,12,30,,
W7W/SO-021,WA-Southern Olympics,Lightning Peak,1419,4654,47.4913,-123.351,4,0,2,,,,,,,,,,,1. Dec. 2010,31. Dec. 2099,TRUE,2019,4,27,2019-04-27,KJ7DDK
W7W/SO-022,WA-Southern Olympics,Mount Tebo,1419,4654,47.4752,-123.4076,4,0,1,,,,,,,,,,,1. Dec. 2010,31. Dec. 2099,TRUE,2019,5,20,2019-05-20,KJ7DDK
W7W/SO-023,WA-Southern Olympics,North Gibson Peak,1377,4517,47.4793,-123.7323,4,0,0,USFS,Olympic NF,,,,,Open,Open,,,1. Dec. 2010,31. Dec. 2099,TRUE,1899,12,30,,
W7W/SO-024,WA-Southern Olympics,Colonel Bob,1375,4510,47.4889,-123.7417,4,0,3,,,,,,,,,,,1. Dec. 2010,31. Dec. 2099,TRUE,2013,9,8,2013-09-08,N7KRN
W7W/SO-025,WA-Southern Olympics,4510 Multimode Summit,1375,4510,47.5032,-123.4058,4,0,0,USFS,Olympic NF,,,,,Open,Open,,,1. Dec. 2010,31. Dec. 2099,TRUE,1899,12,30,,
W7W/SO-026,WA-Southern Olympics,4496 Near Vertical Incidence Pk,1370,4496,47.4947,-123.6962,4,0,0,NPS,Olympic NP,USFS,Olympic NF,,,Open,Open,,,1. Dec. 2010,31. Dec. 2099,TRUE,1899,12,30,,
W7W/SO-027,WA-Southern Olympics,4434 Longwire Mtn,1351,4434,47.5306,-123.2112,4,0,0,USFS,Olympic NF,,,,,Open,Open,,,1. Dec. 2010,31. Dec. 2099,TRUE,1899,12,30,,
W7W/SO-028,WA-Southern Olympics,4375 Mt J-Pole,1334,4375,47.5162,-123.5179,4,0,0,USFS,Olympic NF,,,,,Open,Open,,,1. Dec. 2010,31. Dec. 2099,TRUE,1899,12,30,,
W7W/SO-029,WA-Southern Olympics,4192 Incremental Pk,1278,4192,47.4706,-123.6439,4,0,0,USFS,Olympic NF,,,,,Open,Open,,,1. Dec. 2010,31. Dec. 2099,TRUE,1899,12,30,,
W7W/SO-030,WA-Southern Olympics,Moonlight Dome,1267,4156,47.4598,-123.6698,4,0,0,USFS,Olympic NF,,,,,Open,Open,,,1. Dec. 2010,31. Dec. 2099,TRUE,1899,12,30,,
W7W/SO-031,WA-Southern Olympics,4072m Mobile Mtn,1241,4072,47.4712,-123.7574,4,0,0,USFS,Olympic NF,,,,,Open,Open,,,1. Dec. 2010,31. Dec. 2099,TRUE,1899,12,30,,
W7W/SO-032,WA-Southern Olympics,Chapel Peak,1213,3980,47.4346,-123.4998,4,0,0,USFS,Olympic NF,,,,,Open,Open,,,1. Dec. 2010,31. Dec. 2099,TRUE,1899,12,30,,
W7W/SO-033,WA-Southern Olympics,3940 Multipath Peak,1201,3940,47.4373,-123.5236,4,0,0,USFS,Olympic NF,,,,,Open,Open,,,1. Dec. 2010,31. Dec. 2099,TRUE,1899,12,30,,
W7W/SO-034,WA-Southern Olympics,Jefferson Ridge,1185,3889,47.5759,-123.1767,4,0,0,USFS,Olympic NF,,,,,Open,Open,,,1. Dec. 2010,31. Dec. 2099,TRUE,1899,12,30,,
W7W/SO-035,WA-Southern Olympics,Wooded Peak,1178,3865,47.4843,-123.7721,4,0,0,USFS,Olympic NF,,,,,Open,Open,,,1. Dec. 2010,31. Dec. 2099,TRUE,1899,12,30,,
W7W/SO-036,WA-Southern Olympics,Prospect Ridge,1162,3812,47.4638,-123.3003,4,0,0,USFS,Olympic NF,,,,,Open,Open,,,1. Dec. 2010,31. Dec. 2099,TRUE,1899,12,30,,
W7W/SO-037,WA-Southern Olympics,3729 Keyer Mtn,1137,3729,47.4537,-123.589,4,0,0,USFS,Olympic NF,,,,,Open,Open,,,1. Dec. 2010,31. Dec. 2099,TRUE,1899,12,30,,
W7W/SO-038,WA-Southern Olympics,3620 Integrated Circuit Mtn,1103,3620,47.4603,-123.7719,4,0,0,USFS,Olympic NF,,,,,Open,Open,,,1. Dec. 2010,31. Dec. 2099,TRUE,1899,12,30,,
W7W/SO-039,WA-Southern Olympics,Stovepipe Mountain,1102,3615,47.4393,-123.7134,4,0,0,USFS,Olympic NF,,,,,Open,Open,,,1. Dec. 2010,31. Dec. 2099,TRUE,1899,12,30,,
W7W/SO-040,WA-Southern Olympics,Anderson Butte,1042,3420,47.3861,-123.5584,4,0,1,,,,,,,,,,,1. Dec. 2010,31. Dec. 2099,TRUE,2015,4,25,2015-04-25,KF7PXT
W7W/SO-041,WA-Southern Olympics,Rock Peak,1018,3340,47.4048,-123.382,4,0,1,,,,,,,,,,,1. Dec. 2010,31. Dec. 2099,TRUE,2023,10,28,2023-10-28,K7AGL
W7W/SO-042,WA-Southern Olympics,Dusk Point,988,3241,47.4111,-123.469,2,0,1,,,,,,,,,,,1. Dec. 2010,31. Dec. 2099,TRUE,2023,5,26,2023-05-26,K7AGL
W7W/SO-043,WA-Southern Olympics,3180 Selectivity Summit,969,3180,47.4225,-123.684,2,0,0,USFS,Olympic NF,,,,,Open,Open,,,1. Dec. 2010,31. Dec. 2099,TRUE,1899,12,30,,
W7W/SO-044,WA-Southern Olympics,3160 Rhombic Mtn,963,3160,47.5348,-123.14,2,0,2,,,,,,,,,,,1. Dec. 2010,31. Dec. 2099,TRUE,2017,9,10,2017-09-10,AC7MD
W7W/SO-045,WA-Southern Olympics,3156 PSK-31 Peak,962,3156,47.3495,-123.523,2,0,0,USFS,Olympic NF,,,,,Open,Open,,,1. Dec. 2010,31. Dec. 2099,TRUE,1899,12,30,,
W7W/SO-046,WA-Southern Olympics,3140 Mt Resistor,957,3140,47.4188,-123.5429,2,0,0,USFS,Olympic NF,,,,,Open,Open,,,1. Dec. 2010,31. Dec. 2099,TRUE,1899,12,30,,
W7W/SO-047,WA-Southern Olympics,3100 Op Amp Butte,945,3100,47.4207,-123.625,2,0,0,USFS,Olympic NF,,,,,Open,Open,,,1. Dec. 2010,31. Dec. 2099,TRUE,1899,12,30,,
W7W/SO-048,WA-Southern Olympics,South Mountain,933,3060,47.3127,-123.3721,2,0,0,GREEN DIAMOND RESOURCE COMPANY,,,,,,Permit,Permit (Paid),,,1. Dec. 2010,31. Dec. 2099,TRUE,1899,12,30,,
W7W/SO-049,WA-Southern Olympics,3032 RTTY Peak,924,3032,47.4013,-123.5578,2,0,0,USFS,Olympic NF,,,,,Open,Open,,,1. Dec. 2010,31. Dec. 2099,TRUE,1899,12,30,,
W7W/SO-050,WA-Southern Olympics,3021 Scanner Summit,921,3021,47.3504,-123.4154,2,0,0,USFS,Olympic NF,,,,,Open,Open,,,1. Dec. 2010,31. Dec. 2099,TRUE,1899,12,30,,
W7W/SO-051,WA-Southern Olympics,Higley Peak,920,3020,47.5105,-123.8873,2,0,2,,,,,,,,,,,1. Dec. 2010,31. Dec. 2099,TRUE,2019,5,3,2019-05-03,K9WBZ
W7W/SO-052,WA-Southern Olympics,3020 Receiver Mtn,920,3020,47.3747,-123.4355,2,0,1,,,,,,,,,,,1. Dec. 2010,31. Dec. 2099,TRUE,2023,5,26,2023-05-26,K7AGL
W7W/SO-053,WA-Southern Olympics,3011 Q Signal Peak,918,3011,47.4483,-123.3531,2,0,1,,,,,,,,,,,1. Dec. 2010,31. Dec. 2099,TRUE,2019,8,11,2019-08-11,KJ7DDK
W7W/SO-054,WA-Southern Olympics,3000 Mt Potentiometer,914,3000,47.5347,-123.1281,2,0,0,USFS,Olympic NF,,,,,Open,Open,,,1. Dec. 2010,31. Dec. 2099,TRUE,1899,12,30,,
W7W/SO-055,WA-Southern Olympics,2981 Mt Rotator,909,2981,47.4157,-123.4082,2,0,0,USFS,Olympic NF,,,,,Open,Open,,,1. Dec. 2010,31. Dec. 2099,TRUE,1899,12,30,,
W7W/SO-056,WA-Southern Olympics,Quiemuth Peak,891,2922,46.7638,-122.2982,2,0,1,USFS,Gifford Pinchot NF,,,,,Open,Open,,,1. Dec. 2010,31. Dec. 2099,TRUE,2025,4,26,2025-04-26,KK7LHY
W7W/SO-057,WA-Southern Olympics,Klinkys Pinky,884,2900,47.3683,-123.4699,2,0,0,USFS,Olympic NF,,,,,Open,Open,,,1. Dec. 2010,31. Dec. 2099,TRUE,1899,12,30,,
W7W/SO-058,WA-Southern Olympics,Humptulips Ridge,872,2860,47.4089,-123.7228,2,0,0,USFS,Olympic NF,,,,,Open,Open,,,1. Dec. 2010,31. Dec. 2099,TRUE,1899,12,30,,
W7W/SO-059,WA-Southern Olympics,2740 Transmission Peak,835,2740,47.3873,-123.75,2,0,0,USFS,Olympic NF,,,,,Open,Open,,,1. Dec. 2010,31. Dec. 2099,TRUE,1899,12,30,,
W7W/SO-060,WA-Southern Olympics,2740 Mr Sunspot,835,2740,47.38,-123.5183,2,0,0,USFS,Olympic NF,,,,,Open,Open,,,1. Dec. 2010,31. Dec. 2099,TRUE,1899,12,30,,
W7W/SO-061,WA-Southern Olympics,Salmon River Lookout,835,2740,47.5052,-123.9657,2,0,0,Quinault Reservation,,,,,,Restricted?,Restricted/Permit?,,,1. Dec. 2010,31. Dec. 2099,TRUE,1899,12,30,,
W7W/SO-062,WA-Southern Olympics,Weatherwax Ridge,835,2740,47.3336,-123.5823,2,0,1,,,,,,,,,,,1. Dec. 2010,31. Dec. 2099,TRUE,2018,5,5,2018-05-05,K7VK
W7W/SO-063,WA-Southern Olympics,2733 Static Butte,833,2733,47.3788,-123.3571,2,0,0,USFS,Olympic NF,,,,,Open,Open,,,1. Dec. 2010,31. Dec. 2099,TRUE,1899,12,30,,
W7W/SO-064,WA-Southern Olympics,2700 Mt Toroid,823,2700,47.3951,-123.6869,2,0,0,USFS,Olympic NF,,,,,Open,Open,,,1. Dec. 2010,31. Dec. 2099,TRUE,1899,12,30,,
W7W/SO-065,WA-Southern Olympics,2665 Spectrum Peak,812,2665,47.4287,-123.6635,2,0,0,USFS,Olympic NF,,,,,Open,Open,,,1. Dec. 2010,31. Dec. 2099,TRUE,1899,12,30,,
W7W/SO-066,WA-Southern Olympics,2660 Ragchew Mtn,811,2660,47.5572,-123.1222,2,0,0,USFS,Olympic NF,WA DNR,,,,Open,Open,,,1. Dec. 2010,31. Dec. 2099,TRUE,1899,12,30,,
W7W/SO-067,WA-Southern Olympics,Larch Mountain,811,2660,46.9872,-123.1406,2,0,17,,,,,,,,,,,1. Dec. 2010,31. Dec. 2099,TRUE,2012,2,19,2012-02-19,K7ATN
W7W/SO-068,WA-Southern Olympics,2580 Rubber Duckie Peak,786,2580,47.3865,-123.6564,2,0,0,USFS,Olympic NF,,,,,Open,Open,,,1. Dec. 2010,31. Dec. 2099,TRUE,1899,12,30,,
W7W/SO-069,WA-Southern Olympics,Dow Mountain,766,2514,47.4456,-123.1842,2,0,6,,,,,,,,,,,1. Dec. 2010,31. Dec. 2099,TRUE,2015,6,10,2015-06-10,KI0G
W7W/SO-070,WA-Southern Olympics,2460 Mt Preamplifier,750,2460,47.3786,-123.842,2,0,0,USFS,Olympic NF,,,,,Open,Open,,,1. Dec. 2010,31. Dec. 2099,TRUE,1899,12,30,,
W7W/SO-071,WA-Southern Olympics,2460 Phase Peak,750,2460,47.4056,-123.5345,2,0,0,USFS,Olympic NF,,,,,Open,Open,,,1. Dec. 2010,31. Dec. 2099,TRUE,1899,12,30,,
W7W/SO-072,WA-Southern Olympics,Cushman Hill,733,2406,47.4329,-123.2485,2,0,1,,,,,,,,,,,1. Dec. 2010,31. Dec. 2099,TRUE,2020,8,21,2020-08-21,WA7BAR
W7W/SO-073,WA-Southern Olympics,Rock Candy Mountain,718,2355,47.0086,-123.111,2,0,35,,,,,,,,,,,1. Dec. 2010,31. Dec. 2099,TRUE,2012,12,10,2012-12-10,"KR7W,AC7QN"
W7W/SO-074,WA-Southern Olympics,2321 Repeater Peak,707,2321,47.4098,-123.4456,2,0,0,USFS,Olympic NF,,,,,Open,Open,,,1. Dec. 2010,31. Dec. 2099,TRUE,1899,12,30,,
W7W/SO-075,WA-Southern Olympics,2264 Modulation Mtn,690,2264,47.3621,-123.6802,2,0,0,USFS,Olympic NF,,,,,Open,Open,,,1. Dec. 2010,31. Dec. 2099,TRUE,1899,12,30,,
W7W/SO-076,WA-Southern Olympics,2060 Lower Sideband Pk,628,2060,46.7689,-122.2418,2,0,0,WA DNR,S Puget Sound Region:Rainier District:Elbe Unit,,,,,Open,Open,,,1. Dec. 2010,31. Dec. 2099,TRUE,1899,12,30,,
W7W/SO-077,WA-Southern Olympics,2035 ITU Peak,620,2035,46.8085,-122.352,2,0,0,WEYERHAEUSER TIMBER HOLDINGS INC,,,,,,Permit,Permit (Paid),,,1. Dec. 2010,31. Dec. 2099,TRUE,1899,12,30,,
W7W/SO-078,WA-Southern Olympics,2011 Message Peak,613,2011,47.0261,-123.1691,2,0,27,,,,,,,,,,,1. Dec. 2010,31. Dec. 2099,TRUE,2014,5,10,2014-05-10,KF7PXT
W7W/SO-079,WA-Southern Olympics,Dennie Ahl Hill,611,2004,47.4013,-123.2683,2,0,3,,,,,,,,,,,1. Dec. 2010,31. Dec. 2099,TRUE,2014,5,25,2014-05-25,KF7PXT
W7W/SO-080,WA-Southern Olympics,1930 Maidenhead Mtn,588,1930,47.3581,-123.3345,2,0,1,,,,,,,,,,,1. Dec. 2010,31. Dec. 2099,TRUE,2023,4,29,2023-04-29,K7AGL
W7W/SO-081,WA-Southern Olympics,1864 Intermediate Freq Peak,568,1864,46.9997,-123.0572,2,0,2,,,,,,,,,,,1. Dec. 2010,31. Dec. 2099,TRUE,2014,12,24,2014-12-24,KF7PXT
W7W/SO-082,WA-Southern Olympics,Saddle Mountain,567,1860,47.4803,-123.1765,2,0,7,,,,,,,,,,,1. Dec. 2010,31. Dec. 2099,TRUE,2018,9,15,2018-09-15,WU7H
W7W/SO-083,WA-Southern Olympics,Miller Hill,557,1828,46.8026,-122.6587,2,0,0,WEYERHAEUSER TIMBER HOLDINGS INC,,,,,,Permit,Permit (Paid),,,1. Dec. 2010,31. Dec. 2099,TRUE,1899,12,30,,
W7W/SO-084,WA-Southern Olympics,1823 Noise Blanker Peak,556,1823,47.3398,-123.7614,2,0,0,USFS,Olympic NF,,,,,Open,Open,,,1. Dec. 2010,31. Dec. 2099,TRUE,1899,12,30,,
W7W/SO-085,WA-Southern Olympics,1820 Longpath Mtn,555,1820,47.3566,-123.7458,2,0,1,,,,,,,,,,,1. Dec. 2010,31. Dec. 2099,TRUE,2023,1,14,2023-01-14,N7XW
W7W/SO-086,WA-Southern Olympics,1780 Mt Moonbounce,543,1780,47.4218,-123.7755,2,0,0,USFS,Olympic NF,,,,,Open,Open,,,1. Dec. 2010,31. Dec. 2099,TRUE,1899,12,30,,
W7W/SO-087,WA-Southern Olympics,Blue Mountain,543,1780,46.8281,-123.4653,2,0,0,WEYERHAEUSER TIMBER HOLDINGS INC,,,,,,Permit,Permit (Paid),,,1. Dec. 2010,31. Dec. 2099,TRUE,1899,12,30,,
W7W/SO-088,WA-Southern Olympics,Minot Peak,543,1780,46.892,-123.417,2,0,1,,,,,,,,,,,1. Dec. 2010,31. Dec. 2099,TRUE,2015,3,29,2015-03-29,KF7PXT
W7W/SO-089,WA-Southern Olympics,1744 Mt Feedpoint,532,1744,47.5188,-124.0728,2,0,0,Quinault Reservation,,,,,,Restricted?,Restricted/Permit?,,,1. Dec. 2010,31. Dec. 2099,TRUE,1899,12,30,,
W7W/SO-090,WA-Southern Olympics,1700 Duplex Summit,518,1700,47.4632,-123.1498,2,0,6,,,,,,,,,,,1. Dec. 2010,31. Dec. 2099,TRUE,2018,9,16,2018-09-16,WU7H
W7W/SO-091,WA-Southern Olympics,Cougar Mountain,503,1651,47.2894,-123.7456,2,0,0,RAYONIER FOREST RESOURCES LP,Polson Camp Permit Area,,,,,Unstated,Permit (Paid),,,1. Dec. 2010,31. Dec. 2099,TRUE,1899,12,30,,
W7W/SO-092,WA-Southern Olympics,1620 Mt Harmonic,494,1620,47.3588,-123.3055,1,0,1,,,,,,,,,,,1. Dec. 2010,31. Dec. 2099,TRUE,2024,3,7,2024-03-07,N7NWT
W7W/SO-093,WA-Southern Olympics,1620 GPS Peak,490,1609,47.516,-123.122,1,0,1,,,,,,,,,,,1. Dec. 2010,31. Dec. 2099,TRUE,2021,2,6,2021-02-06,KF7ZYF
W7W/SO-094,WA-Southern Olympics,1609 Frequency Mtn,480,1574,47.0818,-123.1851,1,0,1,,,,,,,,,,,1. Dec. 2010,31. Dec. 2099,TRUE,2016,9,11,2016-09-11,KF7PXT
W7W/SO-095,WA-Southern Olympics,1574 Mt Grandfather,479,1570,47.3405,-123.6907,1,0,0,GREEN DIAMOND RESOURCE COMPANY,,,,,,Permit,Permit (Paid),,,1. Dec. 2010,31. Dec. 2099,TRUE,1899,12,30,,
W7W/SO-096,WA-Southern Olympics,Wishka Benchmark,478,1568,47.2954,-123.6882,1,0,0,GREEN DIAMOND RESOURCE COMPANY,,,,,,Permit,Permit (Paid),,,1. Dec. 2010,30. Nov. 2016,FALSE,1899,12,30,,
W7W/SO-097,WA-Southern Olympics,1540 Mt Conversion,469,1540,47.3093,-123.3096,1,0,0,GREEN DIAMOND RESOURCE COMPANY,,,,,,Permit,Permit (Paid),,,1. Dec. 2010,31. Dec. 2099,TRUE,1899,12,30,,
W7W/SO-098,WA-Southern Olympics,1492 Diode Mtn,455,1492,47.1029,-123.2786,1,0,0,GREEN DIAMOND RESOURCE COMPANY,,,,,,Permit,Permit (Paid),,,1. Dec. 2010,31. Dec. 2099,TRUE,1899,12,30,,
W7W/SO-099,WA-Southern Olympics,Crawford Mountain,454,1490,46.8429,-122.7646,1,0,1,WA DNR,S Puget Sound:Black Hills:Delphi,,,,,Open,Open,,,1. Dec. 2010,31. Dec. 2099,TRUE,2025,1,19,2025-01-19,KK7LHY
W7W/SO-100,WA-Southern Olympics,Northcraft Mountain,443,1454,46.8294,-122.81,1,0,1,WA DNR,S Puget Sound:Black Hills:Delphi,,,,,Open,Open,,,1. Dec. 2010,31. Dec. 2099,TRUE,2025,1,19,2025-01-19,KK7LHY
W7W/SO-101,WA-Southern Olympics,Reed Hill,440,1442,47.297,-123.5917,1,0,0,GREEN DIAMOND RESOURCE COMPANY,,,,,,Permit,Permit (Paid),,,1. Dec. 2010,31. Dec. 2099,TRUE,1899,12,30,,
W7W/SO-102,WA-Southern Olympics,1396 Circuit Hill,426,1396,47.3986,-123.79,1,0,0,USFS,Olympic NF,,,,,Open,Open,,,1. Dec. 2010,31. Dec. 2099,TRUE,1899,12,30,,
W7W/SO-103,WA-Southern Olympics,1380 Mt Beacon,421,1380,47.3483,-123.3284,1,0,1,,,,,,,,,,,1. Dec. 2010,31. Dec. 2099,TRUE,2015,1,30,2015-01-30,KF7PXT
W7W/SO-104,WA-Southern Olympics,1380 Callsign Peak,421,1380,46.8607,-123.1772,1,0,3,,,,,,,,,,,1. Dec. 2010,31. Dec. 2099,TRUE,2018,12,31,2018-12-31,VE7KPM
W7W/SO-105,WA-Southern Olympics,1340 Display Mtn,408,1340,47.2913,-123.8072,1,0,0,OLYMPIC PENINSULA TIMBERLANDS LLC,,,,,,Permit,Permit (Free),,,1. Dec. 2010,31. Dec. 2099,TRUE,1899,12,30,,
W7W/SO-106,WA-Southern Olympics,1295 Bug Hill,395,1295,47.0475,-123.0893,1,0,8,,,,,,,,,,,1. Dec. 2010,31. Dec. 2099,TRUE,2014,11,10,2014-11-10,KF7PXT
W7W/SO-107,WA-Southern Olympics,1260 Wavelength Peak,384,1260,47.3077,-123.8181,1,0,1,,,,,,,,,,,1. Dec. 2010,31. Dec. 2099,TRUE,2020,8,24,2020-08-24,W7EEE
W7W/SO-108,WA-Southern Olympics,Burnt Hill,383,1258,47.3252,-123.8677,1,0,0,RAYONIER FOREST RESOURCES LP,RLU #821003,,,,,Unstated,Permit (Paid),,,1. Dec. 2010,31. Dec. 2099,TRUE,1899,12,30,,
W7W/SO-109,WA-Southern Olympics,1230 Kamilche Hill,375,1230,47.1401,-123.1413,1,0,1,,,,,,,,,,,1. Dec. 2010,31. Dec. 2099,TRUE,2017,12,27,2017-12-27,W5RST
W7W/SO-110,WA-Southern Olympics,Lone Mountain,359,1178,47.4634,-123.9715,1,0,0,Quinault Reservation,,,,,,Restricted?,Restricted/Permit?,,,1. Dec. 2010,31. Dec. 2099,TRUE,1899,12,30,,
W7W/SO-111,WA-Southern Olympics,Jonas Hill,353,1158,46.8296,-122.6146,1,0,0,WEYERHAEUSER TIMBER HOLDINGS INC,,,,,,Permit,Permit (Paid),,,1. Dec. 2010,31. Dec. 2099,TRUE,1899,12,30,,
W7W/SO-112,WA-Southern Olympics,1066 Mt Upper Sideband,325,1066,47.1586,-123.1994,1,0,1,,,,,,,,,,,1. Dec. 2010,31. Dec. 2099,TRUE,2013,8,27,2013-08-27,KI0G
W7W/SO-113,WA-Southern Olympics,Dayton Peak,325,1066,47.1893,-123.2239,1,0,1,,,,,,,,,,,1. Dec. 2010,31. Dec. 2099,TRUE,2021,9,5,2021-09-05,W7LRH
W7W/SO-114,WA-Southern Olympics,1033 Turner Hill,315,1033,47.044,-123.0361,1,0,2,,,,,,,,,,,1. Dec. 2010,31. Dec. 2099,TRUE,2014,11,23,2014-11-23,KF7PXT
W7W/SO-115,WA-Southern Olympics,Scar Hill,299,980,46.856,-123.6937,1,0,0,WEYERHAEUSER TIMBER HOLDINGS INC,,,,,,Permit,Permit (Paid),,,1. Dec. 2010,31. Dec. 2099,TRUE,1899,12,30,,
W7W/SO-116,WA-Southern Olympics,940 Surface Mount Hill,287,940,47.2118,-123.8185,1,0,0,Grays Harbor County,,RAYONIER FOREST RESOURCES LP,,,,Unstated/Unstated,Permit?,,,1. Dec. 2010,31. Dec. 2099,TRUE,1899,12,30,,
W7W/SO-117,WA-Southern Olympics,857 Space Station Hill,261,857,46.8883,-122.7934,1,0,0,PB LUMBER LP,,,,,,Open/Permit,Unstated,,,1. Dec. 2010,31. Dec. 2099,TRUE,1899,12,30,,
W7W/SO-118,WA-Southern Olympics,Arctic Peak,257,844,46.8772,-123.7728,1,0,0,BAVARIAN TIMBER 2015 LLC,,,,,,Unstated,Request,,,1. Dec. 2010,31. Dec. 2099,TRUE,1899,12,30,,
W7W/SO-119,WA-Southern Olympics,Black Hills HP,246,807,47.0231,-122.9803,1,0,4,,,,,,,,,,,1. Dec. 2010,31. Dec. 2099,TRUE,2014,6,23,2014-06-23,KF7PXT
W7W/SO-120,WA-Southern Olympics,Discovery Peak,1474,4837,47.5164,-123.5616,4,0,0,NPS,Olympic NP,USFS,Olympic NF,,,Open,Open,,,1. Dec. 2016,31. Dec. 2099,TRUE,1899,12,30,,
W7W/SO-121,WA-Southern Olympics,Green Hill,494,1622,46.7948,-122.4097,1,0,0,WEYERHAEUSER TIMBER HOLDINGS INC,,,,,,Permit,Permit (Paid),,,1. Dec. 2016,31. Dec. 2099,TRUE,1899,12,30,,
W7W/SO-122,WA-Southern Olympics,1620,494,1620,47.3002,-123.6887,1,0,0,GREEN DIAMOND RESOURCE COMPANY,,,,,,Permit,Permit (Paid),,,1. Dec. 2016,31. Dec. 2099,TRUE,1899,12,30,,
W7W/SO-123,WA-Southern Olympics,1420,433,1420,46.9282,-123.1219,1,0,5,,,,,,,,,,,1. Dec. 2016,31. Dec. 2099,TRUE,2019,5,4,2019-05-04,"K7JRO,WW7D"
W7W/ST-001,WA-Stevens,Abercrombie Mountain,2227,7308,48.9281,-117.46,8,3,9,,,,,,,,,,,1. Dec. 2010,31. Dec. 2099,TRUE,2019,9,21,2019-09-21,K7DJL
W7W/ST-002,WA-Stevens,Calispell Peak,2089,6855,48.4369,-117.5025,8,3,11,,,,,,,,,,,1. Dec. 2010,31. Dec. 2099,TRUE,2016,7,24,2016-07-24,KG7VPX
W7W/ST-003,WA-Stevens,Sherlock Peak,1940,6365,48.8698,-117.5034,6,3,2,,,,,,,,,,,1. Dec. 2010,31. Dec. 2099,TRUE,2021,6,6,2021-06-06,AF7QD
W7W/ST-004,WA-Stevens,Huckleberry Mountain,1775,5825,48.211,-117.9772,6,3,4,,,,,,,,,,,1. Dec. 2010,31. Dec. 2099,TRUE,2021,9,20,2021-09-20,W7MDN
W7W/ST-005,WA-Stevens,Rogers Benchmark,1760,5775,48.7407,-117.742,6,3,0,USFS,Colville NF,,,,,Open,Open,,,1. Dec. 2010,31. Dec. 2099,TRUE,1899,12,30,,
W7W/ST-006,WA-Stevens,Chewelah Mountain,1760,5773,48.2844,-117.5719,6,3,16,,,,,,,,,,,1. Dec. 2010,31. Dec. 2099,TRUE,2012,12,26,2012-12-26,KF7EHT
W7W/ST-007,WA-Stevens,Old Dominion Mountain,1760,5773,48.5803,-117.7475,6,3,1,,,,,,,,,,,1. Dec. 2010,31. Dec. 2099,TRUE,2021,7,7,2021-07-07,W7MDN
W7W/ST-008,WA-Stevens,Gillette Mountain,1759,5770,48.6888,-117.8153,6,3,0,USFS,Colville NF,,,,,Open,Open,,,1. Dec. 2010,31. Dec. 2099,TRUE,1899,12,30,,
W7W/ST-009,WA-Stevens,Mount Rogers,1694,5557,48.7263,-117.7671,6,3,2,USFS,Colville NF,,,,,Open,Open,,,1. Dec. 2010,31. Dec. 2099,TRUE,2025,9,17,2025-09-17,"W7MDN,N7MCB"
W7W/ST-010,WA-Stevens,Goddards Peak,1691,5548,48.3286,-117.535,6,3,0,STIMSON WASHINGTON INC,,,,,,Open,Open,,,1. Dec. 2010,31. Dec. 2099,TRUE,1899,12,30,,
W7W/ST-011,WA-Stevens,Monumental Mountain,1687,5534,48.4902,-118.0657,6,3,6,,,,,,,,,,,1. Dec. 2010,31. Dec. 2099,TRUE,2020,8,13,2020-08-13,"N7RR,WB7WUQ"
W7W/ST-012,WA-Stevens,5434 Olivia Mtn,1656,5434,48.3573,-117.5088,6,3,2,,,,,,,,,,,1. Dec. 2010,31. Dec. 2099,TRUE,2021,6,15,2021-06-15,K7DJL 
W7W/ST-013,WA-Stevens,Blacktail Butte,1654,5426,48.6781,-117.6567,6,3,2,USFS,Colville NF,,,,,Open,Open,,,1. Dec. 2010,31. Dec. 2099,TRUE,2025,9,16,2025-09-16,"W7MDN,N7MCB"
W7W/ST-014,WA-Stevens,Dunn Mountain,1640,5380,48.3471,-117.9591,6,3,3,,,,,,,,,,,1. Dec. 2010,31. Dec. 2099,TRUE,2021,9,6,2021-09-06,W7MDN
W7W/ST-015,WA-Stevens,5339 Transponder Mtn,1627,5339,48.5038,-117.5059,6,3,0,USFS,Colville NF,USFW,Little Pend Oreille NWR,,,Open/Open?,Open,,,1. Dec. 2010,31. Dec. 2099,TRUE,1899,12,30,,
W7W/ST-016,WA-Stevens,Old Douglas,1599,5245,48.6389,-117.8496,6,3,0,WA DNR,NE Region:N Columbia District,,,,,Open,Open,,,1. Dec. 2010,31. Dec. 2099,TRUE,1899,12,30,,
W7W/ST-017,WA-Stevens,5201 Inductor Mtn,1585,5201,48.2531,-117.5303,6,3,4,,,,,,,,,,,1. Dec. 2010,31. Dec. 2099,TRUE,2020,6,19,2020-06-19,K7DJL 
W7W/ST-018,WA-Stevens,5170 Longwire Mtn,1576,5170,48.2056,-117.5289,6,3,3,,,,,,,,,,,1. Dec. 2010,31. Dec. 2099,TRUE,2020,6,19,2020-06-19,K7DJL 
W7W/ST-019,WA-Stevens,Uncle Sam Mountain,1550,5085,48.7282,-117.8289,6,3,0,JOHN HANCOCK LIFE INSURANCE COMPANY,,GOLDEN POND TIMBERLANDS INC,,,,Unstated,Permit (Paid),,,1. Dec. 2010,31. Dec. 2099,TRUE,1899,12,30,,
W7W/ST-020,WA-Stevens,Green Mountain,1546,5071,48.6305,-117.6096,6,3,1,,,,,,,,,,,1. Dec. 2010,31. Dec. 2099,TRUE,2022,8,29,2022-08-29,W7MDN
W7W/ST-021,WA-Stevens,Addy Mountain,1489,4885,48.4119,-117.7564,4,0,1,USFS,Colville NF,USFW,Little Pend Oreille NWR,,,Open/Open?,Open,,,1. Dec. 2010,31. Dec. 2099,TRUE,2025,10,22,2025-10-22,W7MDN
W7W/ST-022,WA-Stevens,Deadman Hill,1468,4815,48.3786,-118.0511,4,0,0,JOHN HANCOCK LIFE INSURANCE COMPANY,,,,,,Unstated,Permit (Paid),,,1. Dec. 2010,31. Dec. 2099,TRUE,1899,12,30,,
W7W/ST-023,WA-Stevens,North Dunn Mountain,1449,4754,48.3809,-117.9736,4,0,0,WA DNR,NE Region:N Columbia District,,,,,Open,Open,,,1. Dec. 2010,31. Dec. 2099,TRUE,1899,12,30,,
W7W/ST-024,WA-Stevens,4739 Mt Modulator,1444,4739,48.9946,-117.5089,4,0,0,ARDEN TREE FARMS INC,,,,,,Permit,Request,,,1. Dec. 2010,31. Dec. 2099,TRUE,1899,12,30,,
W7W/ST-025,WA-Stevens,Lime Creek Mountain,1444,4739,48.8825,-117.66,4,0,0,WA DNR,NE Region:N Columbia District,,,,,Open,Open,,,1. Dec. 2010,31. Dec. 2099,TRUE,1899,12,30,,
W7W/ST-026,WA-Stevens,Hope Mountain,1436,4712,48.991,-118.121,4,0,0,USFS,Colville NF,,,,,Open,Open,,,1. Dec. 2010,31. Dec. 2099,TRUE,1899,12,30,,
W7W/ST-027,WA-Stevens,Huckleberry Mountain South,1434,4704,48.0322,-118.0769,4,0,1,WA DNR,NE Region:Arcadia District,,,,,Open,Open,,,1. Dec. 2010,31. Dec. 2099,TRUE,2025,8,12,2025-08-12,W7MDN
W7W/ST-028,WA-Stevens,Stone Mountain,1433,4700,48.9139,-117.6678,4,0,0,VAAGEN BROS LUMBER INC,,,,,,Restricted?,Restricted,,,1. Dec. 2010,31. Dec. 2099,TRUE,1899,12,30,,
W7W/ST-029,WA-Stevens,Adams Mountain,1428,4685,48.0905,-118.0926,4,0,0,HANCOCK TIMBERLAND X INC,,,,,,Unstated,Permit (Paid),,,1. Dec. 2010,31. Dec. 2099,TRUE,1899,12,30,,
W7W/ST-030,WA-Stevens,Red Top Mountain,1420,4660,48.9613,-117.5571,4,0,0,USFS,Colville NF,,,,,Open,Open,,,1. Dec. 2010,31. Dec. 2099,TRUE,1899,12,30,,
W7W/ST-031,WA-Stevens,4635 Precedence Pk,1413,4635,48.0727,-118.0834,4,0,0,INLAND EMPIRE PAPER CO,,,,,,Permit,Permit (Paid),,,1. Dec. 2010,31. Dec. 2099,TRUE,1899,12,30,,
W7W/ST-032,WA-Stevens,Eagle Mountain,1408,4620,48.3203,-117.6439,4,0,2,,,,,,,,,,,1. Dec. 2010,31. Dec. 2099,TRUE,2021,6,15,2021-06-15,K7DJL 
W7W/ST-033,WA-Stevens,Lane Mountain,1390,4561,48.1697,-117.8653,4,0,0,BLM,Spokane District:Border Field Office,NORDIC CRYSTAL FALLS LLC,,,,Open/Unstated,Open,,,1. Dec. 2010,31. Dec. 2099,TRUE,1899,12,30,,
W7W/ST-034,WA-Stevens,Mineral Mountain,1384,4542,48.8828,-118.025,4,0,0,WA DNR,NE Region:N Columbia District,,,,,Open,Open,,,1. Dec. 2010,31. Dec. 2099,TRUE,1899,12,30,,
W7W/ST-035,WA-Stevens,4540 Re-Transmission Pk,1384,4540,48.3719,-117.5389,4,0,0,USFS,Colville NF,,,,,Open,Open,,,1. Dec. 2010,31. Dec. 2099,TRUE,1899,12,30,,
W7W/ST-036,WA-Stevens,Jumbo Mountain,1383,4539,48.8634,-118.0816,4,0,0,WA DNR,NE Region:N Columbia District,,,,,Open,Open,,,1. Dec. 2010,31. Dec. 2099,TRUE,1899,12,30,,
W7W/ST-037,WA-Stevens,4534 Straight Key Summit,1382,4534,48.5987,-117.6,4,0,2,WA DNR,Little Pend Oreille State Forest,,,,,Open,Open,,,1. Dec. 2010,31. Dec. 2099,TRUE,2025,9,16,2025-09-16,"W7MDN,N7MCB"
W7W/ST-038,WA-Stevens,Wilson Mountain,1380,4528,48.3691,-117.59,4,0,0,USFS,Colville NF,,,,,Open,Open,,,1. Dec. 2010,31. Dec. 2099,TRUE,1899,12,30,,
W7W/ST-039,WA-Stevens,Wellington Peak,1366,4483,48.2591,-118.0767,4,0,0,WA DNR,NE Region:N Columbia District,VAAGEN BROS LUMBER INC,,,,Open/Restricted?,Open,,,1. Dec. 2010,31. Dec. 2099,TRUE,1899,12,30,,
W7W/ST-040,WA-Stevens,4475 Transverter Peak,1364,4475,48.6371,-117.6685,4,0,0,USFS,Colville NF,,,,,Open,Open,,,1. Dec. 2010,31. Dec. 2099,TRUE,1899,12,30,,
W7W/ST-041,WA-Stevens,Divide Benchmark,1359,4460,48.0991,-118.0413,4,0,1,,,,,,,,,,,1. Dec. 2010,31. Dec. 2099,TRUE,2022,5,20,2022-05-20,W7MDN
W7W/ST-042,WA-Stevens,4418 Fading Mtn,1347,4418,48.5731,-117.68,4,0,0,USFS,Colville NF,,,,,Open,Open,,,1. Dec. 2010,31. Dec. 2099,TRUE,1899,12,30,,
W7W/ST-043,WA-Stevens,Comstock,1331,4366,48.7001,-117.8547,4,0,0,VAAGEN BROS LUMBER INC,,,,,,Restricted?,Restricted,,,1. Dec. 2010,31. Dec. 2099,TRUE,1899,12,30,,
W7W/ST-044,WA-Stevens,4355 Half Square Mtn,1327,4355,48.7958,-117.7558,4,0,0,WA DNR,NE Region:N Columbia District,HANCOCK TIMBERLAND XI INC,,,,Open/Unstated,Open,,,1. Dec. 2010,31. Dec. 2099,TRUE,1899,12,30,,
W7W/ST-045,WA-Stevens,Irish Mountain,1315,4314,48.6576,-117.7411,4,0,0,USFS,Colville NF,,,,,Open,Open,,,1. Dec. 2010,31. Dec. 2099,TRUE,1899,12,30,,
W7W/ST-046,WA-Stevens,Flagstaff Mountain,1298,4260,48.9086,-117.8693,4,0,0,USFS,Colville NF,,,,,Open,Open,,,1. Dec. 2010,31. Dec. 2099,TRUE,1899,12,30,,
W7W/ST-047,WA-Stevens,4250 Integrated Circuit Mtn,1295,4250,48.9611,-118.0852,4,0,0,USFS,Colville NF,,,,,Open,Open,,,1. Dec. 2010,31. Dec. 2099,TRUE,1899,12,30,,
W7W/ST-048,WA-Stevens,4243 Low Earth Orbit Pk,1293,4243,48.5547,-117.6052,4,0,0,WA DNR,Little Pend Oreille State Forest,,,,,Open,Open,,,1. Dec. 2010,31. Dec. 2099,TRUE,1899,12,30,,
W7W/ST-049,WA-Stevens,4202 Mt Monoband,1281,4202,48.5478,-117.6246,4,0,0,WA DNR,Little Pend Oreille State Forest,,,,,Open,Open,,,1. Dec. 2010,31. Dec. 2099,TRUE,1899,12,30,,
W7W/ST-050,WA-Stevens,Bald Mountain,1279,4195,48.1519,-117.5919,4,0,0,HANCOCK TIMBERLAND X INC,,,,,,Unstated,Permit (Paid),,,1. Dec. 2010,31. Dec. 2099,TRUE,1899,12,30,,
W7W/ST-051,WA-Stevens,Grande Mountain,1265,4149,48.7756,-117.8801,4,0,0,WA DNR,NE Region:N Columbia District,,,,,Open,Open,,,1. Dec. 2010,31. Dec. 2099,TRUE,1899,12,30,,
W7W/ST-052,WA-Stevens,4135 Product Detector Pk,1260,4135,48.2354,-118.0498,4,0,0,WA DNR,NE Region:N Columbia District,,,,,Open,Open,,,1. Dec. 2010,31. Dec. 2099,TRUE,1899,12,30,,
W7W/ST-053,WA-Stevens,4124 Rhombic Ridge,1257,4124,48.209,-118.0476,4,0,0,WA DNR,NE Region:N Columbia District,HANCOCK TIMBERLAND XI INC,,,,Open/Unstated,Open,,,1. Dec. 2010,31. Dec. 2099,TRUE,1899,12,30,,
W7W/ST-054,WA-Stevens,OToole Mountain,1253,4112,48.8089,-117.8839,4,0,0,BLM,Spokane District:Border Field Office,,,,,Open,Open,,,1. Dec. 2010,31. Dec. 2099,TRUE,1899,12,30,,
W7W/ST-055,WA-Stevens,Deer Mountain,1248,4094,48.3517,-117.7622,4,0,1,,,,,,,,,,,1. Dec. 2010,31. Dec. 2099,TRUE,2023,8,18,2023-08-18,W7MDN
W7W/ST-056,WA-Stevens,4049 Sub-Audible,1234,4049,48.7936,-117.6133,4,0,0,USFS,Colville NF,,,,,Open,Open,,,1. Dec. 2010,31. Dec. 2099,TRUE,1899,12,30,,
W7W/ST-057,WA-Stevens,Five Sisters,1233,4046,47.9581,-117.6669,4,0,1,,,,,,,,,,,1. Dec. 2010,31. Dec. 2099,TRUE,2021,11,28,2021-11-28,W7MDN
W7W/ST-058,WA-Stevens,Blue Grouse Mountain,1213,3980,48.0978,-117.5096,4,0,1,,,,,,,,,,,1. Dec. 2010,31. Dec. 2099,TRUE,2023,8,9,2023-08-09,W7MDN
W7W/ST-059,WA-Stevens,Paradis Peak,1213,3980,48.5144,-117.9675,4,0,0,WA DNR,NE Region:N Columbia District,,,,,Open,Open,,,1. Dec. 2010,31. Dec. 2099,TRUE,1899,12,30,,
W7W/ST-060,WA-Stevens,3977 Tribander Mtn,1212,3977,48.3643,-117.654,4,0,0,USFS,Colville NF,,,,,Open,Open,,,1. Dec. 2010,31. Dec. 2099,TRUE,1899,12,30,,
W7W/ST-061,WA-Stevens,First Thought Mountain,1209,3965,48.897,-118.1665,4,0,2,USFS,Colville NF,,,,,Open,Open,,,1. Dec. 2010,31. Dec. 2099,TRUE,2025,10,1,2025-10-01,"N7CCD,N7BHP"
W7W/ST-062,WA-Stevens,3940 Fax Summit,1201,3940,48.8187,-118.0722,4,0,0,LLOYD BRIAN L,,,,,,Restricted,Unstated,,,1. Dec. 2010,31. Dec. 2099,TRUE,1899,12,30,,
W7W/ST-063,WA-Stevens,Queen of Sheba,1199,3933,48.7156,-117.8961,4,0,0,WA DNR,NE Region:N Columbia District,,,,,Open,Open,,,1. Dec. 2010,31. Dec. 2099,TRUE,1899,12,30,,
W7W/ST-064,WA-Stevens,Belshazzar Mountain,1198,3931,48.9277,-117.9223,4,0,0,WA DNR,NE Region:N Columbia District,,,,,Open,Open,,,1. Dec. 2010,31. Dec. 2099,TRUE,1899,12,30,,
W7W/ST-065,WA-Stevens,3902 Halfwave Pk,1189,3902,48.285,-118.0425,4,0,0,ARDEN TREE FARMS INC,,C W WILSON FOREST MANAGEMENT,,,,Permit/Unstated,Request,,,1. Dec. 2010,31. Dec. 2099,TRUE,1899,12,30,,
W7W/ST-066,WA-Stevens,3900 Intermediate Frequency Mtn,1189,3900,48.9336,-117.994,4,0,0,USFS,Colville NF,,,,,Open,Open,,,1. Dec. 2010,31. Dec. 2099,TRUE,1899,12,30,,
W7W/ST-067,WA-Stevens,3900 Keyboard Butte,1189,3900,48.6637,-117.8887,4,0,0,HANCOCK TIMBERLAND X INC,,,,,,Unstated,Permit (Paid),,,1. Dec. 2010,31. Dec. 2099,TRUE,1899,12,30,,
W7W/ST-068,WA-Stevens,3888 Low Power Mtn,1185,3888,48.9262,-117.895,4,0,0,USFS,Colville NF,,,,,Open,Open,,,1. Dec. 2010,31. Dec. 2099,TRUE,1899,12,30,,
W7W/ST-069,WA-Stevens,3871 Mt Moonbounce,1180,3871,48.1191,-117.5468,4,0,0,GOLDEN POND TIMBERLANDS INC,,,,,,Unstated,Permit (Paid),,,1. Dec. 2010,31. Dec. 2099,TRUE,1899,12,30,,
W7W/ST-071,WA-Stevens,Empey Mountain,1175,3856,48.0884,-117.897,4,0,0,GOLDEN POND TIMBERLANDS INC,,,,,,Unstated,Permit (Paid),,,1. Dec. 2010,31. Dec. 2099,TRUE,1899,12,30,,
W7W/ST-072,WA-Stevens,3855 Near Vertical Incidence Pk,1175,3855,48.1672,-117.5107,4,0,0,BOSTON TIMBER OPPORTUNITIES LLC,,,,,,Unstated,Permit (Paid),,,1. Dec. 2010,31. Dec. 2099,TRUE,1899,12,30,,
W7W/ST-073,WA-Stevens,Lookout Mountain,1174,3853,48.7786,-117.9258,4,0,0,JOHN HANCOCK LIFE INSURANCE COMPANY,,,,,,Unstated,Permit (Paid),,,1. Dec. 2010,31. Dec. 2099,TRUE,1899,12,30,,
W7W/ST-074,WA-Stevens,Little Roundtop,1171,3843,48.6304,-117.764,4,0,0,USFS,Colville NF,,,,,Open,Open,,,1. Dec. 2010,31. Dec. 2099,TRUE,1899,12,30,,
W7W/ST-075,WA-Stevens,Rabbit Mountain,1171,3841,48.6958,-117.7175,4,0,0,USFS,Colville NF,,,,,Open,Open,,,1. Dec. 2010,31. Dec. 2099,TRUE,1899,12,30,,
W7W/ST-076,WA-Stevens,Bodie Mountain,1155,3790,48.8753,-117.7795,4,0,0,BLM,Spokane District:Border Field Office,,,,,Open,Open,,,1. Dec. 2010,31. Dec. 2099,TRUE,1899,12,30,,
W7W/ST-077,WA-Stevens,Deer Lake Mountain,1142,3747,48.0829,-117.6049,4,0,0,HANCOCK TIMBERLAND X INC,,,,,,Unstated,Permit (Paid),,,1. Dec. 2010,31. Dec. 2099,TRUE,1899,12,30,,
W7W/ST-078,WA-Stevens,Moberg Hill,1140,3740,48.6986,-117.9079,4,0,0,LINGERFELT GARRY F,,,,,,Restricted,Unstated,,,1. Dec. 2010,31. Dec. 2099,TRUE,1899,12,30,,
W7W/ST-079,WA-Stevens,Old Copper Hill,1140,3740,48.412,-118.1262,4,0,0,HANCOCK TIMBERLAND XI INC,,,,,,Unstated,Permit (Paid),,,1. Dec. 2010,31. Dec. 2099,TRUE,1899,12,30,,
W7W/ST-080,WA-Stevens,3735 Prominence Summit,1138,3735,48.7631,-117.9141,4,0,0,NORDIC CRYSTAL FALLS LLC,,,,,,Unstated,Unstated,,,1. Dec. 2010,31. Dec. 2099,TRUE,1899,12,30,,
W7W/ST-081,WA-Stevens,3731 Rockbound Mtn,1137,3731,48.1642,-118.0699,4,0,0,VAAGEN BROS LUMBER INC,,,,,,Restricted?,Restricted,,,1. Dec. 2010,31. Dec. 2099,TRUE,1899,12,30,,
W7W/ST-082,WA-Stevens,Quartzite Mountain,1132,3714,48.2758,-117.6645,4,0,2,,,,,,,,,,,1. Dec. 2010,31. Dec. 2099,TRUE,2022,8,8,2022-08-08,W7MDN
W7W/ST-083,WA-Stevens,3709 Sunspot Summit,1131,3709,48.2071,-118.0685,4,0,0,CORNWALL ALLEN L,,,,,,Restricted,Unstated,,,1. Dec. 2010,31. Dec. 2099,TRUE,1899,12,30,,
W7W/ST-084,WA-Stevens,Gold Hill,1128,3700,48.3538,-118.0944,4,0,0,VAAGEN BROS LUMBER INC,,,,,,Restricted?,Restricted,,,1. Dec. 2010,31. Dec. 2099,TRUE,1899,12,30,,
W7W/ST-085,WA-Stevens,Hungry Hill,1122,3681,48.8903,-118.1103,4,0,0,USFS,Colville NF,,,,,Open,Open,,,1. Dec. 2010,31. Dec. 2099,TRUE,1899,12,30,,
W7W/ST-086,WA-Stevens,McDonald Mountain,1120,3674,48.4172,-117.6486,4,0,0,USFS,Colville NF,USFW,Little Pend Oreille NWR,,,Open/Open?,Open,,,1. Dec. 2010,31. Dec. 2099,TRUE,1899,12,30,,
W7W/ST-087,WA-Stevens,Brewer Mountain,1119,3670,48.3971,-117.6456,4,0,0,USFS,Colville NF,,,,,Open,Open,,,1. Dec. 2010,31. Dec. 2099,TRUE,1899,12,30,,
W7W/ST-088,WA-Stevens,3624 Mt Triode,1105,3624,48.9344,-117.9608,4,0,0,USFS,Colville NF,,,,,Open,Open,,,1. Dec. 2010,31. Dec. 2099,TRUE,1899,12,30,,
W7W/ST-089,WA-Stevens,3612 Feed Point Mtn,1101,3612,48.8635,-117.9928,4,0,0,HANCOCK TIMBERLAND X INC,,,,,,Unstated,Permit (Paid),,,1. Dec. 2010,31. Dec. 2099,TRUE,1899,12,30,,
W7W/ST-091,WA-Stevens,Quartz Mountain,1086,3563,48.2979,-118.1117,4,0,0,WA DNR,NE Region:N Columbia District,AJALON RANCH LLC,,,,Unstated/Open,Open,,,1. Dec. 2010,31. Dec. 2099,TRUE,1899,12,30,,
W7W/ST-092,WA-Stevens,Day Mountain,1086,3562,48.4564,-118.1187,4,0,0,LEIGHTON TTEE ETAL DANIEL L,,,,,,Restricted,Unstated,,,1. Dec. 2010,31. Dec. 2099,TRUE,1899,12,30,,
W7W/ST-093,WA-Stevens,McKinley Mountain,1079,3540,48.9653,-118.1628,4,0,0,USFS,Colville NF,,,,,Open,Open,,,1. Dec. 2010,31. Dec. 2099,TRUE,1899,12,30,,
W7W/ST-094,WA-Stevens,Roundtop Mountain,1071,3515,48.2311,-117.625,4,0,1,,,,,,,,,,,1. Dec. 2010,31. Dec. 2099,TRUE,2023,8,14,2023-08-14,W7MDN
W7W/ST-096,WA-Stevens,Nicholls Mountain,1067,3500,48.4502,-118.136,4,0,0,WEAVER JONATHAN S,,,,,,Restricted,Unstated,,,1. Dec. 2010,31. Dec. 2099,TRUE,1899,12,30,,
W7W/ST-097,WA-Stevens,Rattlesnake Mountain,1065,3493,48.6083,-117.9632,4,0,0,KNAPP ETAL GEORGE R,,BENNER GARY E,,MATNEY RON J,,Restricted/Restricted/Restricted,Unstated,,,1. Dec. 2010,31. Dec. 2099,TRUE,1899,12,30,,
W7W/ST-098,WA-Stevens,Loon Lake Mountain,1059,3476,48.0536,-117.589,4,0,4,,,,,,,,,,,1. Dec. 2010,31. Dec. 2099,TRUE,2021,9,26,2021-09-26,W7MDN
W7W/ST-100,WA-Stevens,Parker Mountain,1055,3461,48.2486,-117.6428,4,0,0,VAAGEN BROS LUMBER INC,,OMAN TRUSTEE RICHARD E,,,,Unstated/Restricted?,Restricted,,,1. Dec. 2010,31. Dec. 2099,TRUE,1899,12,30,,
W7W/ST-102,WA-Stevens,3458 Gain Summit,1054,3458,48.1822,-117.8975,4,0,0,WA DNR,NE Region:N Columbia District,,,,,Open,Open,,,1. Dec. 2010,31. Dec. 2099,TRUE,1899,12,30,,
W7W/ST-103,WA-Stevens,3443 Ham Radio Butte,1049,3443,48.2728,-117.818,4,0,0,BLM,Spokane District:Border Field Office,SYSTEM GLOBAL TIMBERLANDS LLC,,,,Open/Unstated,Open,,,1. Dec. 2010,31. Dec. 2099,TRUE,1899,12,30,,
W7W/ST-105,WA-Stevens,3430 Ionosphere Mtn,1045,3430,48.1565,-117.6394,4,0,0,GOLDEN POND TIMBERLANDS INC,,,,,,Unstated,Permit (Paid),,,1. Dec. 2010,31. Dec. 2099,TRUE,1899,12,30,,
W7W/ST-106,WA-Stevens,3425 Keyer Butte,1044,3425,48.1584,-118.0985,4,0,0,BAKKEN ROBERT M,,SMITH G MARTIN,,,,Restricted/Restricted,Unstated,,,1. Dec. 2010,31. Dec. 2099,TRUE,1899,12,30,,
W7W/ST-107,WA-Stevens,Toulou Mountain,1042,3420,48.8486,-118.1596,4,0,0,WA DNR,NE Region:N Columbia District,,,,,Open,Open,,,1. Dec. 2010,31. Dec. 2099,TRUE,1899,12,30,,
W7W/ST-108,WA-Stevens,Jumpoff Joe Mountain,1042,3418,48.1179,-117.6653,4,0,0,CHOPOT LANDS LLC,,,,,,Unstated,Unstated,,,1. Dec. 2010,31. Dec. 2099,TRUE,1899,12,30,,
W7W/ST-109,WA-Stevens,3411 Mt Lowband,1040,3411,48.0891,-117.4487,4,0,0,TJB PROPERTIES LLC,,,,,,Unstated,Unstated,,,1. Dec. 2010,31. Dec. 2099,TRUE,1899,12,30,,
W7W/ST-110,WA-Stevens,3386 Mt Multiband,1032,3386,48.2623,-117.7804,4,0,0,BLM,Spokane District:Border Field Office,STOLP SYNDICATE LLC,,VAAGEN BROS LUMBER INC,,Open/Unstated/Restricted?,Open,,,1. Dec. 2010,31. Dec. 2099,TRUE,1899,12,30,,
W7W/ST-111,WA-Stevens,Colville Mountain,1029,3375,48.5729,-117.8972,4,0,1,,,,,,,,,,,1. Dec. 2010,31. Dec. 2099,TRUE,2023,11,10,2023-11-10,W7MDN
W7W/ST-112,WA-Stevens,Bald Benchmark,1024,3359,48.1069,-118.1466,4,0,0,HUNTER CREEK PROPERTY LTD,,HUDSPETH MARK D,,,,Restricted/Unstated,Unstated,,,1. Dec. 2010,31. Dec. 2099,TRUE,1899,12,30,,
W7W/ST-113,WA-Stevens,3340 Beitey Peak,1018,3340,48.1898,-117.6394,4,0,1,,,,,,,,,,,1. Dec. 2010,31. Dec. 2099,TRUE,2023,11,11,2023-11-11,W7MDN
W7W/ST-114,WA-Stevens,3328 Propogation Butte,1014,3328,48.1484,-118.1333,4,0,0,EAGLES LEGACY LAND LLC,,,,,,Unstated,Unstated,,,1. Dec. 2010,31. Dec. 2099,TRUE,1899,12,30,,
W7W/ST-115,WA-Stevens,Kelly Hill,1010,3315,48.7239,-118.0733,4,0,0,VAAGEN BROS LUMBER INC,,,,,,Restricted?,Restricted,,,1. Dec. 2010,31. Dec. 2099,TRUE,1899,12,30,,
W7W/ST-116,WA-Stevens,Gold Hill,1000,3281,48.6291,-118.0297,4,0,0,BLM,Spokane District:Border Field Office,HODGSON II MYRON J,,,,Restricted/Open,Open,,,1. Dec. 2010,31. Dec. 2099,TRUE,1899,12,30,,
W7W/ST-117,WA-Stevens,3268 Rotator Hill,996,3268,48.8478,-118.1216,2,0,0,GALLAHER FAMILY LTD PARTNERSHIP,,,,,,Unstated,Unstated,,,1. Dec. 2010,31. Dec. 2099,TRUE,1899,12,30,,
W7W/ST-118,WA-Stevens,3220 Superhetrodyne Hill,981,3220,48.1773,-117.5892,2,0,0,DAVIS HEHN TRUSTEE DIANA,,MESCH FERDINAND P,,,,Unstated/Restricted,Unstated,,,1. Dec. 2010,31. Dec. 2099,TRUE,1899,12,30,,
W7W/ST-119,WA-Stevens,3172 Troposphere Hill,967,3172,48.0491,-118.1582,2,0,0,LUNDSTROM ETAL WADE,,,,,,Restricted,Unstated,,,1. Dec. 2010,31. Dec. 2099,TRUE,1899,12,30,,
W7W/ST-121,WA-Stevens,3131 Vee Beam Hill,954,3131,48.7873,-117.962,2,0,0,WA DNR,NE Region:N Columbia District,VAAGEN BROS LUMBER INC,,,,Open/Restricted?,Open,,,1. Dec. 2010,31. Dec. 2099,TRUE,1899,12,30,,
W7W/ST-122,WA-Stevens,Wrights Mountain,948,3111,48.2181,-117.7673,2,0,0,WA DNR,NE Region:N Columbia District,,,,,Open,Open,,,1. Dec. 2010,31. Dec. 2099,TRUE,1899,12,30,,
W7W/ST-123,WA-Stevens,3105 Wavelength Hill,946,3105,48.8855,-117.7625,2,0,0,WA DNR,NE Region:N Columbia District,,,,,Open,Open,,,1. Dec. 2010,31. Dec. 2099,TRUE,1899,12,30,,
W7W/ST-124,WA-Stevens,Miller Mountain,945,3100,48.0061,-118.3222,2,0,1,,,,,,,,,,,1. Dec. 2010,31. Dec. 2099,TRUE,2021,12,5,2021-12-05,W7MDN
W7W/ST-125,WA-Stevens,Castle Rock,939,3082,48.4604,-117.8297,2,0,0,ARDEN BUTTE RANCH LLC,,MILLER TRUSTEE RAYMOND R,,,,Unstated/Unstated,Unstated,,,1. Dec. 2010,31. Dec. 2099,TRUE,1899,12,30,,
W7W/ST-126,WA-Stevens,3075 Field Effect Hill,937,3075,48.2011,-117.8522,2,0,0,ARDEN TREE FARMS INC,,C W WILSON FOREST MANAGEMENT,,,,Permit/Unstated,Request,,,1. Dec. 2010,31. Dec. 2099,TRUE,1899,12,30,,
W7W/ST-127,WA-Stevens,3065 General Class Hill,934,3065,48.7578,-117.981,2,0,0,VAAGEN BROS LUMBER INC,,,,,,Restricted?,Restricted,,,1. Dec. 2010,31. Dec. 2099,TRUE,1899,12,30,,
W7W/ST-128,WA-Stevens,3016 Handitalkie Hill,919,3016,48.4317,-117.9376,2,0,0,WA DNR,NE Region:N Columbia District,,,,,Open,Open,,,1. Dec. 2010,31. Dec. 2099,TRUE,1899,12,30,,
W7W/ST-129,WA-Stevens,2980 ITU Hill,908,2980,48.2945,-117.8662,2,0,0,ARDEN TREE FARMS INC,,,,,,Permit,Request,,,1. Dec. 2010,31. Dec. 2099,TRUE,1899,12,30,,
W7W/ST-130,WA-Stevens,2970 J-Pole Hill,905,2970,48.7638,-118.0821,2,0,0,VAAGEN BROS LUMBER INC,,,,,,Restricted?,Restricted,,,1. Dec. 2010,31. Dec. 2099,TRUE,1899,12,30,,
W7W/ST-131,WA-Stevens,2970 Kilohertz Hill,905,2970,48.6619,-118.0311,2,0,0,JONES PAIGE AURAND,,,,,,Restricted,Unstated,,,1. Dec. 2010,31. Dec. 2099,TRUE,1899,12,30,,
W7W/ST-133,WA-Stevens,Silver Crown Mountain,897,2943,48.9045,-117.7717,2,0,0,JOHN HANCOCK LIFE INSURANCE COMPANY,,VAAGEN BROS LUMBER CO INC,,,,Unstated/Restricted?,Permit (Paid),,,1. Dec. 2010,31. Dec. 2099,TRUE,1899,12,30,,
W7W/ST-134,WA-Stevens,2893 Lower Sideband Hill,882,2893,48.2103,-118.147,2,0,0,KRAUSE GARY W,,,,,,Restricted,Unstated,,,1. Dec. 2010,31. Dec. 2099,TRUE,1899,12,30,,
W7W/ST-135,WA-Stevens,Riecker Mountain,881,2890,48.3293,-117.8542,2,0,0,BLM,Spokane District:Border Field Office,,,,,Open,Open,,,1. Dec. 2010,31. Dec. 2099,TRUE,1899,12,30,,
W7W/ST-136,WA-Stevens,2875 Multimode Hill,876,2875,48.9466,-118.2029,2,0,0,WA DNR,NE Region:N Columbia District,,,,,Open,Open,,,1. Dec. 2010,31. Dec. 2099,TRUE,1899,12,30,,
W7W/ST-137,WA-Stevens,2821 Noise Blanker Hill,860,2821,48.7744,-118.0641,2,0,0,SIMMONS MICHAEL,,,,,,Restricted,Unstated,,,1. Dec. 2010,31. Dec. 2099,TRUE,1899,12,30,,
W7W/ST-138,WA-Stevens,Island Mountain,852,2795,48.8792,-117.8126,2,0,0,WA DNR,NE Region:N Columbia District,,,,,Open,Open,,,1. Dec. 2010,31. Dec. 2099,TRUE,1899,12,30,,
W7W/ST-139,WA-Stevens,2780 Passband Hill,847,2780,48.4236,-117.9736,2,0,0,THOMPSON TRUSTEE GALEN R,,,,,,Unstated,Unstated,,,1. Dec. 2010,31. Dec. 2099,TRUE,1899,12,30,,
W7W/ST-140,WA-Stevens,Graham Hill,846,2775,48.5349,-117.8424,2,0,0,DUBOIS JEAN P,,,,,,Restricted,Unstated,,,1. Dec. 2010,31. Dec. 2099,TRUE,1899,12,30,,
W7W/ST-142,WA-Stevens,Limekiln Hill,838,2748,48.0752,-117.7314,2,0,0,BARANY WILLIAM P,,BERTIE ETAL JOHN J,,,,Restricted/Restricted,Unstated,,,1. Dec. 2010,31. Dec. 2099,TRUE,1899,12,30,,
W7W/ST-143,WA-Stevens,Old Town Mountain,837,2745,48.5892,-117.8624,2,0,0,WA DNR,NE Region:N Columbia District,,,,,Open,Open,,,1. Dec. 2010,31. Dec. 2099,TRUE,1899,12,30,,
W7W/ST-144,WA-Stevens,Gold Hill,823,2700,48.3278,-117.7649,2,0,1,CHEWELAH VALLEY LAND TRUST,,,,,,Open,Open,,,1. Dec. 2010,31. Dec. 2099,TRUE,2025,7,28,2025-07-28,W7MDN
W7W/ST-145,WA-Stevens,2584 Tuner Hill,788,2584,48.11,-118.1955,2,0,0,CLOUSE JR THOMAS E,,,,,,Restricted,Unstated,,,1. Dec. 2010,31. Dec. 2099,TRUE,1899,12,30,,
W7W/ST-146,WA-Stevens,Denny Benchmark,740,2427,48.8351,-117.9498,2,0,0,PAINTED FEATHER PROPERTIES LLC,,BRULAND KARL,,,,Restricted/Unstated,Unstated,,,1. Dec. 2010,31. Dec. 2099,TRUE,1899,12,30,,
W7W/ST-147,WA-Stevens,2297 RTTY Hill,700,2297,48.0678,-118.222,2,0,0,HUNTERS FARM LLC,,STEELE JOHN H,,,,Restricted/Unstated,Unstated,,,1. Dec. 2010,31. Dec. 2099,TRUE,1899,12,30,,
W7W/ST-148,WA-Stevens,4620,1408,4620,48.519,-118.0071,4,0,0,WA DNR,NE Region:N Columbia District,,,,,Open,Open,,,1. Dec. 2016,31. Dec. 2099,TRUE,1899,12,30,,
W7W/ST-149,WA-Stevens,4153,1266,4153,48.5784,-117.528,4,0,0,WA DNR,Little Pend Oreille State Forest,,,,,Open,Open,,,1. Dec. 2016,31. Dec. 2099,TRUE,1899,12,30,,
W7W/ST-150,WA-Stevens,Stoddard Mountain,1190,3904,48.8615,-117.7573,4,0,0,BLM,Spokane District:Border Field Office,,,,,Open,Open,,,1. Dec. 2016,31. Dec. 2099,TRUE,1899,12,30,,
W7W/ST-151,WA-Stevens,Spokane Mountain,1179,3869,47.9565,-118.0791,4,0,1,,,,,,,,,,,1. Dec. 2016,31. Dec. 2099,TRUE,2021,10,18,2021-10-18,W7MDN
W7W/ST-152,WA-Stevens,Dunns Mountain,1090,3575,47.9037,-117.6171,4,0,0,THOMPSON ALLEN S,,,,,,Restricted,Unstated,,,1. Dec. 2016,31. Dec. 2099,TRUE,1899,12,30,,
W7W/ST-153,WA-Stevens,Grouse Ridge,1068,3505,47.9742,-118.0527,4,0,1,,,,,,,,,,,1. Dec. 2016,31. Dec. 2099,TRUE,2021,10,18,2021-10-18,W7MDN
W7W/ST-154,WA-Stevens,Wellpinit Mountain,1056,3463,47.8866,-118.0207,4,0,2,,,,,,,,,,,1. Dec. 2016,31. Dec. 2099,TRUE,2021,2,27,2021-02-27,W7MDN
W7W/ST-155,WA-Stevens,McMillan Mountain,1055,3460,47.9225,-117.736,4,0,1,,,,,,,,,,,1. Dec. 2016,31. Dec. 2099,TRUE,2021,10,4,2021-10-04,W7MDN
W7W/ST-156,WA-Stevens,Mount Godfrey,1047,3436,47.875,-117.7401,4,0,1,,,,,,,,,,,1. Dec. 2016,31. Dec. 2099,TRUE,2021,11,21,2021-11-21,W7MDN
W7W/ST-157,WA-Stevens,3152,961,3152,48.4654,-117.9774,2,0,0,WAGON WHEEL INVESTMENTS LLP,,,,,,Unstated,Unstated,,,1. Dec. 2016,31. Dec. 2099,TRUE,1899,12,30,,
W7W/ST-158,WA-Stevens,Little Mountain,957,3141,47.916,-117.6357,2,0,1,,,,,,,,,,,1. Dec. 2016,31. Dec. 2099,TRUE,2021,10,25,2021-10-25,W7MDN
W7W/ST-159,WA-Stevens,Wellpinit Benchmark,903,2964,47.8625,-117.9449,2,0,1,,,,,,,,,,,1. Dec. 2016,31. Dec. 2099,TRUE,2021,2,27,2021-02-27,W7MDN
W7W/ST-160,WA-Stevens,2828,862,2828,48.1286,-117.7184,2,0,0,HANSEN JOHN N,,TROTS ETAL VERA,,,,Restricted/Restricted,Unstated,,,1. Dec. 2016,31. Dec. 2099,TRUE,1899,12,30,,
W7W/ST-161,WA-Stevens,2754,839,2754,47.9768,-118.2562,2,0,0,BIA,Spokane Reservation,,,,,Permit?,Permit (unk),,,1. Dec. 2016,31. Dec. 2099,TRUE,1899,12,30,,
W7W/WE-001,WA-Washington East,Oregon Butte,1947,6387,46.1103,-117.6795,6,3,5,,,,,,,,,,,1. Dec. 2010,31. Dec. 2099,TRUE,2016,8,20,2016-08-20,AA7DV
W7W/WE-002,WA-Washington East,Garfield County HP,1945,6380,46.1199,-117.5498,6,3,9,,,,,,,,,,,1. Dec. 2010,31. Dec. 2099,TRUE,2012,9,8,2012-09-08,KF7VSL
W7W/WE-003,WA-Washington East,Mount Misery,1940,6366,46.1229,-117.5146,6,3,10,,,,,,,,,,,1. Dec. 2010,31. Dec. 2099,TRUE,2014,8,22,2014-08-22,W7LKR
W7W/WE-004,WA-Washington East,Table Rock,1905,6250,46.0306,-117.9114,6,3,9,,,,,,,,,,,1. Dec. 2010,31. Dec. 2099,TRUE,2018,9,3,2018-09-03,KI7SI
W7W/WE-005,WA-Washington East,Burnt Flat,1823,5980,46.0377,-117.8316,6,3,7,,,,,,,,,,,1. Dec. 2010,31. Dec. 2099,TRUE,2022,10,7,2022-10-07,W7MDN
W7W/WE-006,WA-Washington East,Mount Spokane,1793,5883,47.9236,-117.1123,6,3,71,,,,,,,,,,,1. Dec. 2010,31. Dec. 2099,TRUE,2013,8,10,2013-08-10,KF7EHT
W7W/WE-007,WA-Washington East,Chase Mountain,1720,5642,46.1123,-117.8581,6,3,14,,,,,,,,,,,1. Dec. 2010,31. Dec. 2099,TRUE,2018,11,23,2018-11-23,KG7EJT
W7W/WE-008,WA-Washington East,Weller Butte,1689,5540,46.0352,-117.6732,6,3,0,USFS,Umatilla NF,,,,,Open,Open,None,,1. Dec. 2010,31. Dec. 2099,TRUE,1899,12,30,,
W7W/WE-009,WA-Washington East,Bald Butte,1670,5479,46.0874,-117.6088,6,3,0,USFS,Umatilla NF,,,,,Open,Open,None,,1. Dec. 2010,31. Dec. 2099,TRUE,1899,12,30,,
W7W/WE-010,WA-Washington East,Halsey Butte,1644,5395,46.0752,-117.5439,6,3,0,USFS,Umatilla NF,,,,,Open,Open,None,,1. Dec. 2010,31. Dec. 2099,TRUE,1899,12,30,,
W7W/WE-011,WA-Washington East,Mica Peak,1586,5205,47.5734,-117.0817,6,3,22,,,,,,,,,,,1. Dec. 2010,31. Dec. 2099,TRUE,2017,3,9,2017-03-09,AA7DV
W7W/WE-012,WA-Washington East,Quartz Mountain,1579,5180,47.8852,-117.082,6,3,47,,,,,,,,,,,1. Dec. 2010,31. Dec. 2099,TRUE,2013,11,2,2013-11-02,KF7EHT
W7W/WE-013,WA-Washington East,Prominencians Peak,1566,5139,46.0848,-117.5777,6,3,0,USFS,Umatilla NF,,,,,Open,Open,None,,1. Dec. 2010,31. Dec. 2099,TRUE,1899,12,30,,
W7W/WE-014,WA-Washington East,Ragged Mountain,1506,4940,47.8696,-117.0545,6,3,21,,,,,,,,,,,1. Dec. 2010,31. Dec. 2099,TRUE,2016,5,26,2016-05-26,KG7VPX
W7W/WE-015,WA-Washington East,4831 Field Effect Mtn,1472,4831,47.9476,-117.0469,4,0,5,,,,,,,,,,,1. Dec. 2010,31. Dec. 2099,TRUE,2019,5,18,2019-05-18,K7DJL
W7W/WE-016,WA-Washington East,4780 Diode Mtn,1457,4780,46.1042,-117.6253,4,0,0,USFS,Umatilla NF,,,,,Open,Open,None,,1. Dec. 2010,31. Dec. 2099,TRUE,1899,12,30,,
W7W/WE-017,WA-Washington East,4140 Pentode Peak,1262,4140,48.0171,-117.128,4,0,14,,,,,,,,,,,1. Dec. 2010,31. Dec. 2099,TRUE,2019,5,4,2019-05-04,K7DJL
W7W/WE-018,WA-Washington East,4061 Tetrode Peak,1238,4061,48.0295,-117.0896,4,0,3,,,,,,,,,,,1. Dec. 2010,31. Dec. 2099,TRUE,2019,5,4,2019-05-04,K7DJL
W7W/WE-019,WA-Washington East,Scoop Mtn,1220,4003,47.9418,-117.6755,4,0,0,SYSTEM GLOBAL TIMBERLANDS LLC,,JA BUFFER PROPERTIES LLC,,,,Unstated/Unstated/Unstated,Permit (Paid),Lots,,1. Dec. 2010,30. Nov. 2016,FALSE,1899,12,30,,
W7W/WE-020,WA-Washington East,Tekoa Benchmark,1184,3886,47.3058,-117.0693,4,0,2,,,,,,,,,,,1. Dec. 2010,31. Dec. 2099,TRUE,2019,4,6,2019-04-06,K7DJL
W7W/WE-021,WA-Washington East,Krell Hill,1119,3670,47.5821,-117.2944,4,0,43,,,,,,,,,,,1. Dec. 2010,31. Dec. 2099,TRUE,2013,11,16,2013-11-16,K7EHT
W7W/WE-022,WA-Washington East,Kamiak Butte,1110,3641,46.8622,-117.1671,4,0,39,,,,,,,,,,,1. Dec. 2010,31. Dec. 2099,TRUE,2012,9,9,2012-09-09,NA7EM
W7W/WE-023,WA-Washington East,Steptoe Butte,1101,3612,47.0326,-117.2967,4,0,42,,,,,,,,,,,1. Dec. 2010,31. Dec. 2099,TRUE,2013,7,20,2013-07-20,NA7RU
W7W/WE-024,WA-Washington East,Lilienthal Mountain,1088,3568,47.9102,-118.2333,4,0,2,,,,,,,,,,,1. Dec. 2010,31. Dec. 2099,TRUE,2020,10,9,2020-10-09,W7MDN
W7W/WE-025,WA-Washington East,3516 Triode Mtn,1072,3516,47.758,-117.1349,4,0,15,,,,,,,,,,,1. Dec. 2010,31. Dec. 2099,TRUE,2016,9,3,2016-09-03,K7LTH
W7W/WE-026,WA-Washington East,Gelbert Mountain,1064,3490,47.3266,-117.128,4,0,1,,,,,,,,,,,1. Dec. 2010,31. Dec. 2099,TRUE,2019,4,10,2019-04-10,K7DJL
W7W/WE-027,WA-Washington East,Antoine Peak,1029,3375,47.7255,-117.1692,4,0,56,,,,,,,,,,,1. Dec. 2010,31. Dec. 2099,TRUE,2013,1,6,2013-01-06,KF7EHT
W7W/WE-028,WA-Washington East,Parker Butte,1009,3310,46.8506,-117.0556,4,0,1,,,,,,,,,,,1. Dec. 2010,31. Dec. 2099,TRUE,2021,2,13,2021-02-13,K7DJL
W7W/WE-029,WA-Washington East,Ringo Butte,991,3251,46.8771,-117.0499,2,0,0,"BRUNS, E ALBERT/RUTH",,,,,,Restricted,Unstated,,,1. Dec. 2010,30. Nov. 2016,FALSE,1899,12,30,,
W7W/WE-030,WA-Washington East,Lookout Mountain,949,3114,47.813,-117.5093,2,0,8,,,,,,,,,,,1. Dec. 2010,31. Dec. 2099,TRUE,2016,5,4,2016-05-04,KH2TJ
W7W/WE-031,WA-Washington East,Hanning Butte,929,3049,47.5876,-117.8913,2,0,3,,,,,,,,,,,1. Dec. 2010,31. Dec. 2099,TRUE,2018,8,18,2018-08-18,K7DJL
W7W/WE-032,WA-Washington East,Morefield Butte,928,3045,47.4013,-117.1338,2,0,0,"HEMMINGSON FARMS, LLC",,,,,,Restricted,Unstated,,,1. Dec. 2010,30. Nov. 2016,FALSE,1899,12,30,,
W7W/WE-033,WA-Washington East,Smoot Hill,921,3022,46.8182,-117.238,2,0,2,,,,,,,,,,,1. Dec. 2010,31. Dec. 2099,TRUE,2024,11,16,2024-11-16,K2VFZ
W7W/WE-034,WA-Washington East,Shoemaker Butte,915,3001,47.7431,-117.832,2,0,3,,,,,,,,,,,1. Dec. 2010,31. Dec. 2099,TRUE,2015,5,16,2015-05-16,W7/DL6AP/P
W7W/WE-035,WA-Washington East,Booth Hill,899,2949,47.5544,-117.7277,2,0,10,,,,,,,,,,,1. Dec. 2010,31. Dec. 2099,TRUE,2017,12,21,2017-12-21,K7DJL
W7W/WE-036,WA-Washington East,Steam Shovel Hill,893,2930,47.1054,-117.3149,2,0,0,ROSE FAMILY FARM LLC,,,,,,Restricted,Unstated,,,1. Dec. 2010,30. Nov. 2016,FALSE,1899,12,30,,
W7W/WE-037,WA-Washington East,Needham Hill,879,2884,47.5513,-117.5605,2,0,4,,,,,,,,,,,1. Dec. 2010,31. Dec. 2099,TRUE,2018,2,3,2018-02-03,K7DJL
W7W/WE-038,WA-Washington East,2820 Beacon Hill,860,2820,47.7642,-117.0458,2,0,3,,,,,,,,,,,1. Dec. 2010,31. Dec. 2099,TRUE,2012,10,26,2012-10-26,KF7QLH
W7W/WE-039,WA-Washington East,Milan Hill,816,2677,47.9585,-117.3044,2,0,0,"MAYNARD, DEBRA",,,,,,Restricted,Unstated,,,1. Dec. 2010,30. Nov. 2016,FALSE,1899,12,30,,
W7W/WE-040,WA-Washington East,Pitney Butte,808,2651,47.8784,-118.1733,2,0,0,LELAND LAND & LIVESTOCK LLC,,,,,,Restricted,Unstated,,,1. Dec. 2010,30. Nov. 2016,FALSE,1899,12,30,,
W7W/WE-041,WA-Washington East,2356 Network Hill,718,2356,47.8279,-118.3498,2,0,1,,,,,,,,,,,1. Dec. 2010,31. Dec. 2099,TRUE,2020,12,20,2020-12-20,W7MDN
W7W/WE-042,WA-Washington East,1886 Bandplan Hill,575,1886,46.5459,-117.9865,2,0,1,,,,,,,,,,,1. Dec. 2010,31. Dec. 2099,TRUE,2012,9,15,2012-09-15,KE7WOE
W7W/WE-043,WA-Washington East,Benjamins Butte,502,1648,46.7109,-118.3166,2,0,0,ROSS RANCH LLC,,,,,,Restricted,Unstated,,,1. Dec. 2010,31. Dec. 2099,TRUE,1899,12,30,,
W7W/WE-044,WA-Washington East,Hunt Benchmark,483,1584,46.5777,-118.5914,1,0,0,STEPHEN C HUNT,,,,,,Restricted,Unstated,,,1. Dec. 2010,31. Dec. 2099,TRUE,1899,12,30,,
W7W/WE-045,WA-Washington East,Red Mountain,430,1410,46.2896,-119.4256,1,0,1,,,,,,,,,,,1. Dec. 2016,31. Dec. 2099,TRUE,2019,6,11,2019-06-11,KJ7EHA
W7W/WE-046,WA-Washington East,Candy Mountain,424,1391,46.259,-119.3664,1,0,7,,,,,,,,,,,1. Dec. 2016,31. Dec. 2099,TRUE,2018,11,22,2018-11-22,KG7EJT
W7W/WE-047,WA-Washington East,Goose Hill,408,1339,46.2465,-119.4298,1,0,2,,,,,,,,,,,1. Dec. 2016,31. Dec. 2099,TRUE,2019,5,24,2019-05-24,WX7EMT
W7W/WE-048,WA-Washington East,West Gable Mountains,340,1115,46.6029,-119.5157,1,0,0,US DoE,Hanford Site,,,,,Restricted,Restricted,None,,1. Dec. 2016,31. Dec. 2099,TRUE,1899,12,30,,
W7W/WE-049,WA-Washington East,Saddle Butte,1798,5900,46.0704,-117.4618,6,3,2,,,,,,,,,,,1. Dec. 2016,31. Dec. 2099,TRUE,2020,10,25,2020-10-25,N7RR
W7W/WE-050,WA-Washington East,Mount Wilson,1497,4913,45.998,-116.9777,4,0,0,BLM,Vale District:Baker Field Office,,,,,Open,Open,None,,1. Dec. 2016,31. Dec. 2099,TRUE,1899,12,30,,
W7W/WE-051,WA-Washington East,Puffer Butte,1372,4500,46.0725,-117.1749,4,0,10,,,,,,,,,,,1. Dec. 2016,31. Dec. 2099,TRUE,2018,5,5,2018-05-05,K7F
W7W/WE-052,WA-Washington East,Tekoa Mountain,1222,4009,47.2583,-117.0899,4,0,2,,,,,,,,,,,1. Dec. 2016,31. Dec. 2099,TRUE,2019,4,12,2019-04-12,K7DJL
W7W/WE-053,WA-Washington East,Rattlesnake Benchmark,1106,3629,46.4476,-119.84,4,0,0,ROBERT RANCH 5+1 LLC,Blackrock Valley – HBWP,,,,,Restricted,Request,Lots,,1. Dec. 2016,31. Dec. 2099,TRUE,1899,12,30,,
W7W/WE-054,WA-Washington East,Rattlesnake Mountain,1091,3580,46.4153,-119.6298,4,0,1,,,,,,,,,,,1. Dec. 2016,31. Dec. 2099,TRUE,2019,7,13,2019-07-13,KJ7EHA
W7W/WE-055,WA-Washington East,Bald Butte,1050,3446,46.6336,-117.0881,4,0,0,BALD BUTTE RANCH LLC,,,,,,Restricted,Unstated,Lots,,1. Dec. 2016,31. Dec. 2099,TRUE,1899,12,30,,
W7W/WE-056,WA-Washington East,Bracken Point,1039,3408,46.2494,-117.3255,4,0,2,,,,,,,,,,,1. Dec. 2016,31. Dec. 2099,TRUE,2021,5,8,2021-05-08,W7MDN
W7W/WE-057,WA-Washington East,Ladow Butte,1005,3296,46.992,-117.0651,4,0,4,,,,,,,,,,,1. Dec. 2016,31. Dec. 2099,TRUE,2017,5,27,2017-05-27,KG7EJT
W7W/WE-058,WA-Washington East,2850,869,2850,47.8711,-118.7942,2,0,1,,,,,,,,,,,1. Dec. 2016,31. Dec. 2099,TRUE,2019,5,17,2019-05-17,K7DJL
W7W/WE-059,WA-Washington East,Jump Off Joe,671,2200,46.1038,-119.1298,2,0,11,,,,,,,,,,,1. Dec. 2016,31. Dec. 2099,TRUE,2019,5,25,2019-05-25,WX7EMT
W7W/WE-060,WA-Washington East,Chandler Butte,624,2046,46.2475,-119.5641,2,0,10,,,,,,,,,,,1. Dec. 2016,31. Dec. 2099,TRUE,2019,2,3,2019-02-03,WX7EMT
W7W/WE-061,WA-Washington East,Badger Mountain,486,1595,46.2344,-119.3214,1,0,14,,,,,,,,,,,1. Dec. 2016,31. Dec. 2099,TRUE,2017,8,19,2017-08-19,W0CCA
W7W/WH-001,WA-Whatcom,Mount Baker,3286,10781,48.7768,-121.8144,10,3,19,,,,,,,,,,,1. Dec. 2010,31. Dec. 2099,TRUE,2013,9,8,2013-09-08,KD7LXL
W7W/WH-002,WA-Whatcom,Mount Shuksan,2783,9131,48.8311,-121.6028,10,3,3,,,,,,,,,,,1. Dec. 2010,31. Dec. 2099,TRUE,2021,6,27,2021-06-27,KI7QIV
W7W/WH-003,WA-Whatcom,Lincoln Peak,2774,9100,48.7683,-121.8586,10,3,0,USFS,Mt. Baker NF,,,,,Open,Open,,,1. Dec. 2010,31. Dec. 2099,TRUE,1899,12,30,,
W7W/WH-004,WA-Whatcom,Jack Mountain,2763,9066,48.7728,-120.9564,10,3,0,USFS,Okanogan NF,,,,,Open,Open,,,1. Dec. 2010,31. Dec. 2099,TRUE,1899,12,30,,
W7W/WH-005,WA-Whatcom,Mount Spickard,2737,8979,48.9697,-121.2406,10,3,0,NPS,North Cascades NP,,,,,Open,Open,,,1. Dec. 2010,31. Dec. 2099,TRUE,1899,12,30,,
W7W/WH-006,WA-Whatcom,Mount Redoubt,2734,8969,48.9578,-121.3008,10,3,0,NPS,North Cascades NP,,,,,Open,Open,,,1. Dec. 2010,31. Dec. 2099,TRUE,1899,12,30,,
W7W/WH-007,WA-Whatcom,Custer Ridge,2630,8630,48.989,-121.2497,10,3,0,NPS,North Cascades NP,,,,,Open,Open,,,1. Dec. 2010,31. Dec. 2099,TRUE,1899,12,30,,
W7W/WH-008,WA-Whatcom,Mox Peaks (HP),2592,8504,48.9471,-121.2569,10,3,0,NPS,North Cascades NP,,,,,Open,Open,,,1. Dec. 2010,31. Dec. 2099,TRUE,1899,12,30,,
W7W/WH-009,WA-Whatcom,West Mox Peaks,2562,8407,48.9487,-121.2625,10,3,0,NPS,North Cascades NP,,,,,Open,Open,,,1. Dec. 2010,31. Dec. 2099,TRUE,1899,12,30,,
W7W/WH-010,WA-Whatcom,Mount Ballard,2542,8340,48.6857,-120.7577,10,3,0,USFS,Okanogan NF,,,,,Open,Open,,,1. Dec. 2010,31. Dec. 2099,TRUE,1899,12,30,,
W7W/WH-011,WA-Whatcom,Luna Peak,2533,8311,48.8308,-121.2719,10,3,0,NPS,North Cascades NP,,,,,Open,Open,,,1. Dec. 2010,31. Dec. 2099,TRUE,1899,12,30,,
W7W/WH-012,WA-Whatcom,Castle Peak,2532,8306,48.982,-120.862,10,3,0,USFS,Okanogan NF,,,,,Open,Open,,,1. Dec. 2010,31. Dec. 2099,TRUE,1899,12,30,,
W7W/WH-013,WA-Whatcom,Mount Fury,2530,8300,48.8117,-121.3228,10,3,0,NPS,North Cascades NP,,,,,Open,Open,,,1. Dec. 2010,31. Dec. 2099,TRUE,1899,12,30,,
W7W/WH-014,WA-Whatcom,Mount Challenger,2501,8207,48.8364,-121.3422,10,3,0,NPS,North Cascades NP,,,,,Open,Open,,,1. Dec. 2010,31. Dec. 2099,TRUE,1899,12,30,,
W7W/WH-015,WA-Whatcom,Mount Terror,2484,8151,48.7747,-121.2992,8,3,0,NPS,North Cascades NP,,,,,Open,Open,,,1. Dec. 2010,31. Dec. 2099,TRUE,1899,12,30,,
W7W/WH-016,WA-Whatcom,Crater Mountain,2477,8128,48.7392,-120.92,8,3,0,USFS,Okanogan NF,,,,,Open,Open,,,1. Dec. 2010,31. Dec. 2099,TRUE,1899,12,30,,
W7W/WH-017,WA-Whatcom,Hozomeen Mountain,2459,8066,48.9819,-121.0119,8,3,0,NPS,Ross Lake NRA,USFS,Okanogan NF,,,Open,Open,,,1. Dec. 2010,31. Dec. 2099,TRUE,1899,12,30,,
W7W/WH-018,WA-Whatcom,Devils Tongue,2453,8048,48.9951,-121.2166,8,3,0,NPS,North Cascades NP,,,,,Open,Open,,,1. Dec. 2010,31. Dec. 2099,TRUE,1899,12,30,,
W7W/WH-019,WA-Whatcom,West McMillan Spire,2444,8020,48.7731,-121.2786,8,3,0,NPS,North Cascades NP,,,,,Open,Open,,,1. Dec. 2010,31. Dec. 2099,TRUE,1899,12,30,,
W7W/WH-020,WA-Whatcom,South Hozomeen Mountain,2439,8003,48.9729,-120.9976,8,3,0,NPS,Ross Lake NRA,USFS,Okanogan NF,,,Open,Open,,,1. Dec. 2010,31. Dec. 2099,TRUE,1899,12,30,,
W7W/WH-021,WA-Whatcom,American Border Peak,2437,7994,48.9954,-121.665,8,3,0,USFS,Mt. Baker NF,,,,,Open,Open,,,1. Dec. 2010,31. Dec. 2099,TRUE,1899,12,30,,
W7W/WH-022,WA-Whatcom,Three Fools Peak,2420,7940,48.9006,-120.7633,8,3,0,USFS,Okanogan NF,,,,,Open,Open,,,1. Dec. 2010,31. Dec. 2099,TRUE,1899,12,30,,
W7W/WH-023,WA-Whatcom,West Twin Needles,2419,7936,48.7765,-121.3126,8,3,0,NPS,North Cascades NP,,,,,Open,Open,,,1. Dec. 2010,31. Dec. 2099,TRUE,1899,12,30,,
W7W/WH-024,WA-Whatcom,Bear Mountain,2417,7931,48.9306,-121.3408,8,3,0,NPS,North Cascades NP,,,,,Open,Open,,,1. Dec. 2010,31. Dec. 2099,TRUE,1899,12,30,,
W7W/WH-025,WA-Whatcom,Tombstone Peak,2406,7895,48.9619,-121.2253,8,3,0,NPS,North Cascades NP,,,,,Open,Open,,,1. Dec. 2010,31. Dec. 2099,TRUE,1899,12,30,,
W7W/WH-026,WA-Whatcom,Mount Larrabee,2396,7861,48.9791,-121.6478,8,3,2,,,,,,,,,,,1. Dec. 2010,31. Dec. 2099,TRUE,2021,7,21,2021-07-21,"KJ7LLS,KJ7RTO"
W7W/WH-027,WA-Whatcom,Full Moon Rising,2394,7855,48.9939,-120.8978,8,3,0,USFS,Okanogan NF,,,,,Open,Open,,,1. Dec. 2010,31. Dec. 2099,TRUE,1899,12,30,,
W7W/WH-028,WA-Whatcom,Shull Mountain,2387,7830,48.8572,-120.7745,8,3,0,USFS,Okanogan NF,,,,,Open,Open,,,1. Dec. 2010,31. Dec. 2099,TRUE,1899,12,30,,
W7W/WH-029,WA-Whatcom,Three Aunts,2371,7780,48.9619,-120.8668,8,3,0,USFS,Okanogan NF,,,,,Open,Open,,,1. Dec. 2010,31. Dec. 2099,TRUE,1899,12,30,,
W7W/WH-030,WA-Whatcom,Colonial Peak,2369,7771,48.6615,-121.1217,8,3,0,NPS,North Cascades NP,,,,,Open,Open,,,1. Dec. 2010,31. Dec. 2099,TRUE,1899,12,30,,
W7W/WH-031,WA-Whatcom,Tradition Peak,2361,7747,48.9125,-121.2831,8,3,0,NPS,North Cascades NP,,,,,Open,Open,,,1. Dec. 2010,31. Dec. 2099,TRUE,1899,12,30,,
W7W/WH-032,WA-Whatcom,Freezeout Mountain,2360,7744,48.9687,-120.8825,8,3,0,USFS,Okanogan NF,,,,,Open,Open,,,1. Dec. 2010,31. Dec. 2099,TRUE,1899,12,30,,
W7W/WH-033,WA-Whatcom,Yank Peak,2360,7742,48.9669,-121.3197,8,3,0,NPS,North Cascades NP,,,,,Open,Open,,,1. Dec. 2010,31. Dec. 2099,TRUE,1899,12,30,,
W7W/WH-034,WA-Whatcom,Elija Ridge,2359,7739,48.6503,-120.9597,8,3,0,NPS,North Cascades NP,,,,,Open,Open,,,1. Dec. 2010,31. Dec. 2099,TRUE,1899,12,30,,
W7W/WH-035,WA-Whatcom,Powder Mountain,2354,7724,48.8773,-120.768,8,3,0,USFS,Okanogan NF,,,,,Open,Open,,,1. Dec. 2010,31. Dec. 2099,TRUE,1899,12,30,,
W7W/WH-036,WA-Whatcom,Mount Blum,2341,7680,48.7541,-121.4823,8,3,1,,,,,,,,,,,1. Dec. 2010,31. Dec. 2099,TRUE,2023,7,11,2023-07-11,KJ7RTO 
W7W/WH-037,WA-Whatcom,Mount Prophet,2335,7660,48.8486,-121.1627,8,3,0,NPS,North Cascades NP,,,,,Open,Open,,,1. Dec. 2010,31. Dec. 2099,TRUE,1899,12,30,,
W7W/WH-038,WA-Whatcom,Blizzard Peak,2323,7622,48.9406,-120.7553,8,3,0,USFS,Okanogan NF,,,,,Open,Open,,,1. Dec. 2010,31. Dec. 2099,TRUE,1899,12,30,,
W7W/WH-039,WA-Whatcom,Joker Mountain,2317,7603,48.9461,-120.879,8,3,0,USFS,Okanogan NF,,,,,Open,Open,,,1. Dec. 2010,31. Dec. 2099,TRUE,1899,12,30,,
W7W/WH-040,WA-Whatcom,Syncline Mountain,2310,7580,48.687,-120.7121,8,3,0,USFS,Okanogan NF,,,,,Open,Open,,,1. Dec. 2010,31. Dec. 2099,TRUE,1899,12,30,,
W7W/WH-041,WA-Whatcom,Whatcom Peak,2309,7574,48.8575,-121.3744,8,3,0,NPS,North Cascades NP,,,,,Open,Open,,,1. Dec. 2010,31. Dec. 2099,TRUE,1899,12,30,,
W7W/WH-042,WA-Whatcom,Majestic Mountain,2298,7540,48.6859,-120.7999,8,3,0,USFS,Okanogan NF,,,,,Open,Open,,,1. Dec. 2010,31. Dec. 2099,TRUE,1899,12,30,,
W7W/WH-043,WA-Whatcom,The Keep,2298,7540,48.9981,-120.8553,8,3,0,USFS,Okanogan NF,,,,,Open,Open,,,1. Dec. 2010,31. Dec. 2099,TRUE,1899,12,30,,
W7W/WH-044,WA-Whatcom,Daemon Peak,2290,7514,48.8345,-120.8398,8,3,0,USFS,Okanogan NF,,,,,Open,Open,,,1. Dec. 2010,31. Dec. 2099,TRUE,1899,12,30,,
W7W/WH-045,WA-Whatcom,Neve Peak,2288,7505,48.6574,-121.1348,8,3,0,NPS,North Cascades NP,,,,,Open,Open,,,1. Dec. 2010,31. Dec. 2099,TRUE,1899,12,30,,
W7W/WH-046,WA-Whatcom,Paul Bunyans Stump,2286,7500,48.6659,-121.1499,8,3,0,NPS,North Cascades NP,,,,,Open,Open,,,1. Dec. 2010,31. Dec. 2099,TRUE,1899,12,30,,
W7W/WH-047,WA-Whatcom,Southwest Hozomeen,2277,7471,48.9696,-121.0099,8,3,0,NPS,Ross Lake NRA,,,,,Open,Open,,,1. Dec. 2010,31. Dec. 2099,TRUE,1899,12,30,,
W7W/WH-048,WA-Whatcom,Middle Peak,2275,7464,48.9956,-121.4772,8,3,0,NPS,North Cascades NP,,,,,Open,Open,,,1. Dec. 2010,31. Dec. 2099,TRUE,1899,12,30,,
W7W/WH-049,WA-Whatcom,Tomyhoi Peak,2266,7435,48.975,-121.7098,8,3,1,,,,,,,,,,,1. Dec. 2010,31. Dec. 2099,TRUE,2022,10,2,2022-10-02,KJ7RTO
W7W/WH-050,WA-Whatcom,Beebe Mountain,2260,7416,48.6631,-120.9241,8,3,0,NPS,North Cascades NP,USFS,Okanogan NF,,,Open,Open,,,1. Dec. 2010,31. Dec. 2099,TRUE,1899,12,30,,
W7W/WH-051,WA-Whatcom,Ruby Mountain,2258,7408,48.6942,-121.0428,8,3,1,,,,,,,,,,,1. Dec. 2010,31. Dec. 2099,TRUE,2022,6,28,2022-06-28,KJ7RTO
W7W/WH-052,WA-Whatcom,Cone Mountain,2257,7405,48.6942,-120.6814,8,3,3,,,,,,,,,,,1. Dec. 2010,31. Dec. 2099,TRUE,2017,7,23,2017-07-23,KG7EJT
W7W/WH-053,WA-Whatcom,7385 Bitter Peak,2251,7385,48.7041,-120.7687,8,3,0,USFS,Okanogan NF,,,,,Open,Open,,,1. Dec. 2010,31. Dec. 2099,TRUE,1899,12,30,,
W7W/WH-054,WA-Whatcom,Elephant Butte,2249,7380,48.7925,-121.2183,8,3,0,NPS,North Cascades NP,,,,,Open,Open,,,1. Dec. 2010,31. Dec. 2099,TRUE,1899,12,30,,
W7W/WH-055,WA-Whatcom,Big Beaver Peak,2248,7374,48.8548,-121.3253,8,3,0,NPS,North Cascades NP,,,,,Open,Open,,,1. Dec. 2010,31. Dec. 2099,TRUE,1899,12,30,,
W7W/WH-056,WA-Whatcom,Jackita Ridge,2240,7350,48.7734,-120.8519,8,3,0,USFS,Okanogan NF,,,,,Open,Open,,,1. Dec. 2010,31. Dec. 2099,TRUE,1899,12,30,,
W7W/WH-057,WA-Whatcom,Bear Skull Mountain,2234,7330,48.8343,-120.9317,8,3,0,USFS,Okanogan NF,,,,,Open,Open,,,1. Dec. 2010,31. Dec. 2099,TRUE,1899,12,30,,
W7W/WH-058,WA-Whatcom,Mount Despair,2223,7292,48.7372,-121.3767,8,3,0,NPS,North Cascades NP,,,,,Open,Open,,,1. Dec. 2010,31. Dec. 2099,TRUE,1899,12,30,,
W7W/WH-059,WA-Whatcom,Nodoubt Peak,2222,7290,48.9817,-121.3558,8,3,0,NPS,North Cascades NP,,,,,Open,Open,,,1. Dec. 2010,31. Dec. 2099,TRUE,1899,12,30,,
W7W/WH-060,WA-Whatcom,Tamarack Peak,2222,7290,48.7733,-120.7256,8,3,5,,,,,,,,,,,1. Dec. 2010,31. Dec. 2099,TRUE,2015,7,3,2015-07-03,KG7EJT
W7W/WH-061,WA-Whatcom,San Juan Hill,2216,7270,48.8036,-120.838,8,3,0,USFS,Okanogan NF,,,,,Open,Open,,,1. Dec. 2010,31. Dec. 2099,TRUE,1899,12,30,,
W7W/WH-062,WA-Whatcom,Mount Triumph,2213,7260,48.7067,-121.3561,8,3,0,NPS,North Cascades NP,,,,,Open,Open,,,1. Dec. 2010,31. Dec. 2099,TRUE,1899,12,30,,
W7W/WH-063,WA-Whatcom,Silesia Ridge,2213,7259,48.9722,-121.5097,8,3,1,,,,,,,,,,,1. Dec. 2010,31. Dec. 2099,TRUE,2024,9,6,2024-09-06,N7JTT
W7W/WH-064,WA-Whatcom,Spratt Mountain,2212,7258,48.8589,-120.9486,8,3,0,USFS,Okanogan NF,,,,,Open,Open,,,1. Dec. 2010,31. Dec. 2099,TRUE,1899,12,30,,
W7W/WH-065,WA-Whatcom,Genesis Peak,2208,7244,48.8336,-121.1199,8,3,0,NPS,North Cascades NP,,,,,Open,Open,,,1. Dec. 2010,31. Dec. 2099,TRUE,1899,12,30,,
W7W/WH-066,WA-Whatcom,Mount Sefrit,2192,7191,48.8919,-121.5941,8,3,0,USFS,Mt. Baker NF,,,,,Open,Open,,,1. Dec. 2010,31. Dec. 2099,TRUE,1899,12,30,,
W7W/WH-067,WA-Whatcom,The Saint,2190,7185,48.8689,-121.1978,8,3,0,NPS,North Cascades NP,,,,,Open,Open,,,1. Dec. 2010,31. Dec. 2099,TRUE,1899,12,30,,
W7W/WH-068,WA-Whatcom,Glee Peak,2188,7180,48.7542,-121.2561,8,3,0,NPS,North Cascades NP,,,,,Open,Open,,,1. Dec. 2010,31. Dec. 2099,TRUE,1899,12,30,,
W7W/WH-069,WA-Whatcom,Tarheel Peak,2188,7180,48.6433,-120.9112,8,3,0,USFS,Okanogan NF,,,,,Open,Open,,,1. Dec. 2010,31. Dec. 2099,TRUE,1899,12,30,,
W7W/WH-070,WA-Whatcom,Rambling Mountain,2180,7153,48.9592,-121.202,8,3,0,NPS,North Cascades NP,,,,,Open,Open,,,1. Dec. 2010,31. Dec. 2099,TRUE,1899,12,30,,
W7W/WH-071,WA-Whatcom,Copper Mountain,2177,7142,48.9408,-121.4669,8,3,1,,,,,,,,,,,1. Dec. 2010,31. Dec. 2099,TRUE,2024,9,7,2024-09-07,N7JTT
W7W/WH-072,WA-Whatcom,Red Face Mountain,2177,7141,48.8905,-121.3681,8,3,0,NPS,North Cascades NP,,,,,Open,Open,,,1. Dec. 2010,31. Dec. 2099,TRUE,1899,12,30,,
W7W/WH-073,WA-Whatcom,Indian Mountain,2174,7133,48.8988,-121.3897,8,3,0,NPS,North Cascades NP,,,,,Open,Open,,,1. Dec. 2010,31. Dec. 2099,TRUE,1899,12,30,,
W7W/WH-074,WA-Whatcom,Ruth Mountain,2169,7115,48.8597,-121.5328,8,3,3,,,,,,,,,,,1. Dec. 2010,31. Dec. 2099,TRUE,2021,7,3,2021-07-03,KJ7RTO
W7W/WH-075,WA-Whatcom,Hagan Mountain,2164,7100,48.724,-121.4911,8,3,0,NPS,North Cascades NP,,,,,Open,Open,,,1. Dec. 2010,31. Dec. 2099,TRUE,1899,12,30,,
W7W/WH-076,WA-Whatcom,Taps Mountain,2160,7087,48.8922,-121.3476,8,3,0,NPS,North Cascades NP,,,,,Open,Open,,,1. Dec. 2010,31. Dec. 2099,TRUE,1899,12,30,,
W7W/WH-077,WA-Whatcom,Mount Crowder,2159,7082,48.7978,-121.3519,8,3,0,NPS,North Cascades NP,,,,,Open,Open,,,1. Dec. 2010,31. Dec. 2099,TRUE,1899,12,30,,
W7W/WH-078,WA-Whatcom,Icy Peak,2156,7073,48.8356,-121.5254,8,3,0,NPS,North Cascades NP,,,,,Open,Open,,,1. Dec. 2010,31. Dec. 2099,TRUE,1899,12,30,,
W7W/WH-079,WA-Whatcom,Tall Jim,2152,7062,48.8074,-120.7388,8,3,0,USFS,Okanogan NF,,,,,Open,Open,,,1. Dec. 2010,31. Dec. 2099,TRUE,1899,12,30,,
W7W/WH-080,WA-Whatcom,Bacon Peak,2152,7061,48.6627,-121.5203,8,3,0,NPS,North Cascades NP,,,,,Open,Open,,,1. Dec. 2010,31. Dec. 2099,TRUE,1899,12,30,,
W7W/WH-081,WA-Whatcom,Pocket Peak,2151,7056,48.9894,-121.5517,8,3,0,USFS,Mt. Baker NF,,,,,Open,Open,,,1. Dec. 2010,31. Dec. 2099,TRUE,1899,12,30,,
W7W/WH-082,WA-Whatcom,Davis Peak,2149,7051,48.7294,-121.2026,8,3,0,NPS,North Cascades NP,,,,,Open,Open,,,1. Dec. 2010,31. Dec. 2099,TRUE,1899,12,30,,
W7W/WH-083,WA-Whatcom,Royal Mountain,2146,7040,48.9592,-120.8008,8,3,0,USFS,Okanogan NF,,,,,Open,Open,,,1. Dec. 2010,31. Dec. 2099,TRUE,1899,12,30,,
W7W/WH-084,WA-Whatcom,The Sinner,2144,7035,48.8735,-121.2105,8,3,0,NPS,North Cascades NP,,,,,Open,Open,,,1. Dec. 2010,31. Dec. 2099,TRUE,1899,12,30,,
W7W/WH-085,WA-Whatcom,McKay Ridge,2140,7020,48.6911,-120.8464,8,3,0,USFS,Okanogan NF,,,,,Open,Open,,,1. Dec. 2010,31. Dec. 2099,TRUE,1899,12,30,,
W7W/WH-086,WA-Whatcom,Mount Chardonnay,2140,7020,48.9275,-121.5658,8,3,1,,,,,,,,,,,1. Dec. 2010,31. Dec. 2099,TRUE,2023,7,1,2023-07-01,N7JTT
W7W/WH-087,WA-Whatcom,South Twin Sister,2140,7020,48.7056,-121.989,8,3,0,USFS,Mt. Baker NF,,,,,Open,Open,,,1. Dec. 2010,30. Nov. 2016,FALSE,1899,12,30,,
W7W/WH-088,WA-Whatcom,Alien Peak,2135,7006,48.9294,-121.2237,8,3,0,NPS,North Cascades NP,,,,,Open,Open,,,1. Dec. 2010,31. Dec. 2099,TRUE,1899,12,30,,
W7W/WH-089,WA-Whatcom,Pioneer Peak,2128,6980,48.7818,-121.3776,8,3,0,NPS,North Cascades NP,,,,,Open,Open,,,1. Dec. 2010,31. Dec. 2099,TRUE,1899,12,30,,
W7W/WH-090,WA-Whatcom,Outback Mountain,2125,6972,48.982,-120.9393,8,3,0,USFS,Mt. Baker NF,,,,,Open,Open,,,1. Dec. 2010,31. Dec. 2099,TRUE,1899,12,30,,
W7W/WH-091,WA-Whatcom,Nooksack Ridge,2123,6966,48.8822,-121.5789,8,3,0,USFS,Mt. Baker NF,,,,,Open,Open,,,1. Dec. 2010,31. Dec. 2099,TRUE,1899,12,30,,
W7W/WH-092,WA-Whatcom,Old Damnation Peak,2114,6935,48.6978,-121.3519,8,3,0,NPS,North Cascades NP,,,,,Open,Open,,,1. Dec. 2010,31. Dec. 2099,TRUE,1899,12,30,,
W7W/WH-093,WA-Whatcom,Rhino Butte,2107,6914,48.7847,-121.2439,8,3,0,NPS,North Cascades NP,,,,,Open,Open,,,1. Dec. 2010,31. Dec. 2099,TRUE,1899,12,30,,
W7W/WH-094,WA-Whatcom,Hippo Butte,2100,6889,48.7897,-121.2358,8,3,0,NPS,North Cascades NP,,,,,Open,Open,,,1. Dec. 2010,31. Dec. 2099,TRUE,1899,12,30,,
W7W/WH-095,WA-Whatcom,Buck Heaven,2099,6887,48.9837,-120.917,8,3,0,USFS,Mt. Baker NF,,,,,Open,Open,,,1. Dec. 2010,31. Dec. 2099,TRUE,1899,12,30,,
W7W/WH-096,WA-Whatcom,Passover Peak,2095,6874,48.8995,-121.3251,8,3,0,NPS,North Cascades NP,,,,,Open,Open,,,1. Dec. 2010,31. Dec. 2099,TRUE,1899,12,30,,
W7W/WH-097,WA-Whatcom,Controversy Peak,2091,6860,48.9425,-121.1322,8,3,0,NPS,North Cascades NP,,,,,Open,Open,,,1. Dec. 2010,31. Dec. 2099,TRUE,1899,12,30,,
W7W/WH-098,WA-Whatcom,East Goat Mountain,2091,6860,48.9283,-121.6264,8,3,1,USFS,Mt. Baker NF,,,,,Open,Open,,,1. Dec. 2010,31. Dec. 2099,TRUE,2025,8,31,2025-08-31,KJ7RTO
W7W/WH-099,WA-Whatcom,Skagit Peak,2079,6820,48.9164,-120.9501,8,3,0,USFS,Mt. Baker NF,,,,,Open,Open,,,1. Dec. 2010,31. Dec. 2099,TRUE,1899,12,30,,
W7W/WH-100,WA-Whatcom,Welbow Butte,2091,6860,48.9284,-120.8774,8,3,0,USFS,Mt. Baker NF,,,,,Open,Open,,,1. Dec. 2010,31. Dec. 2099,TRUE,1899,12,30,,
W7W/WH-101,WA-Whatcom,Mineral Mountain,2079,6820,48.8597,-121.4636,8,3,0,NPS,North Cascades NP,,,,,Open,Open,,,1. Dec. 2010,31. Dec. 2099,TRUE,1899,12,30,,
W7W/WH-102,WA-Whatcom,Pinnacle Peak,2078,6819,48.7548,-121.3081,8,3,0,NPS,North Cascades NP,,,,,Open,Open,,,1. Dec. 2010,31. Dec. 2099,TRUE,1899,12,30,,
W7W/WH-103,WA-Whatcom,Lonesome Peak,2067,6780,48.7342,-121.4666,8,3,0,NPS,North Cascades NP,,,,,Open,Open,,,1. Dec. 2010,31. Dec. 2099,TRUE,1899,12,30,,
W7W/WH-104,WA-Whatcom,Nook Mountain,2067,6780,48.875,-121.5661,8,3,0,USFS,Mt. Baker NF,,,,,Open,Open,,,1. Dec. 2010,31. Dec. 2099,TRUE,1899,12,30,,
W7W/WH-105,WA-Whatcom,Apple Peak,2061,6763,48.6582,-120.9927,8,3,0,NPS,North Cascades NP,,,,,Open,Open,,,1. Dec. 2010,31. Dec. 2099,TRUE,1899,12,30,,
W7W/WH-106,WA-Whatcom,Little Jack,2056,6745,48.7438,-120.9784,8,3,0,NPS,Ross Lake NRA,USFS,Mt. Baker NF,,,Open,Open,,,1. Dec. 2010,31. Dec. 2099,TRUE,1899,12,30,,
W7W/WH-107,WA-Whatcom,Mis-kai-whu Mountain,2051,6728,48.7834,-121.1718,8,3,0,NPS,North Cascades NP,,,,,Open,Open,,,1. Dec. 2010,31. Dec. 2099,TRUE,1899,12,30,,
W7W/WH-108,WA-Whatcom,West Goat Mountain,2050,6725,48.9277,-121.6388,8,3,1,,,,,,,,,,,1. Dec. 2010,31. Dec. 2099,TRUE,2021,6,24,2021-06-24,KJ7RTO
W7W/WH-109,WA-Whatcom,R Roost,2044,6705,48.7289,-121.2529,8,3,0,NPS,North Cascades NP,,,,,Open,Open,,,1. Dec. 2010,31. Dec. 2099,TRUE,1899,12,30,,
W7W/WH-110,WA-Whatcom,Granite Mountain,2039,6688,48.9044,-121.5536,8,3,1,,,,,,,,,,,1. Dec. 2010,31. Dec. 2099,TRUE,2023,7,1,2023-07-01,N7JTT
W7W/WH-111,WA-Whatcom,Montaña Sin Nombre,2039,6688,48.8697,-121.1273,8,3,0,NPS,North Cascades NP,,,,,Open,Open,,,1. Dec. 2010,31. Dec. 2099,TRUE,1899,12,30,,
W7W/WH-112,WA-Whatcom,North Twin,2030,6660,48.7154,-121.9985,8,3,2,,,,,,,,,,,1. Dec. 2010,31. Dec. 2099,TRUE,2017,7,4,2017-07-04,KE7RVG
W7W/WH-113,WA-Whatcom,Little Sister,2018,6620,48.6924,-121.9763,8,3,0,USFS,Mt. Baker NF,,,,,Open,Open,,,1. Dec. 2010,31. Dec. 2099,TRUE,1899,12,30,,
W7W/WH-114,WA-Whatcom,Nameless Mountain,2017,6616,48.8814,-121.1108,8,3,0,NPS,North Cascades NP,,,,,Open,Open,,,1. Dec. 2010,31. Dec. 2099,TRUE,1899,12,30,,
W7W/WH-115,WA-Whatcom,Nlaka-pamux Peak,2014,6607,48.7684,-121.1133,8,3,0,NPS,North Cascades NP,,,,,Open,Open,,,1. Dec. 2010,31. Dec. 2099,TRUE,1899,12,30,,
W7W/WH-116,WA-Whatcom,Sackout Mountain,2010,6596,48.8703,-121.5549,8,3,0,USFS,Mt. Baker NF,,,,,Open,Open,,,1. Dec. 2010,31. Dec. 2099,TRUE,1899,12,30,,
W7W/WH-117,WA-Whatcom,Mystery Ridge,2007,6585,48.7442,-121.4259,8,3,0,NPS,North Cascades NP,,,,,Open,Open,,,1. Dec. 2010,31. Dec. 2099,TRUE,1899,12,30,,
W7W/WH-118,WA-Whatcom,Skymo Mountain,2006,6582,48.8574,-121.0859,8,3,0,NPS,North Cascades NP,,,,,Open,Open,,,1. Dec. 2010,31. Dec. 2099,TRUE,1899,12,30,,
W7W/WH-119,WA-Whatcom,Mystic Mountain,2004,6574,48.8903,-121.1684,8,3,0,NPS,North Cascades NP,,,,,Open,Open,,,1. Dec. 2010,31. Dec. 2099,TRUE,1899,12,30,,
W7W/WH-120,WA-Whatcom,Cady Point,1994,6542,48.7355,-120.7959,6,3,0,USFS,Mt. Baker NF,,,,,Open,Open,,,1. Dec. 2010,31. Dec. 2099,TRUE,1899,12,30,,
W7W/WH-121,WA-Whatcom,Lasiocarpa Ridge,1989,6527,48.8295,-121.757,6,3,0,USFS,Mt. Baker NF,,,,,Open,Open,,,1. Dec. 2010,31. Dec. 2099,TRUE,1899,12,30,,
W7W/WH-122,WA-Whatcom,Winchester Mountain,1984,6510,48.9565,-121.643,6,3,22,,,,,,,,,,,1. Dec. 2010,31. Dec. 2099,TRUE,2012,9,1,2012-09-01,N7RR
W7W/WH-123,WA-Whatcom,30.06 Peak,1981,6500,48.9422,-121.6264,6,3,1,,,,,,,,,,,1. Dec. 2010,31. Dec. 2099,TRUE,2024,7,21,2024-07-21,N7JTT
W7W/WH-124,WA-Whatcom,Angel Wing,1977,6486,48.8006,-120.9903,6,3,0,USFS,Mt. Baker NF,,,,,Open,Open,,,1. Dec. 2010,31. Dec. 2099,TRUE,1899,12,30,,
W7W/WH-125,WA-Whatcom,Mamook Mountain,1973,6474,48.7111,-121.3728,6,3,0,NPS,North Cascades NP,,,,,Open,Open,,,1. Dec. 2010,31. Dec. 2099,TRUE,1899,12,30,,
W7W/WH-126,WA-Whatcom,Silesia Mountain,1964,6445,48.9071,-121.5127,6,3,0,NPS,North Cascades NP,,,,,Open,Open,,,1. Dec. 2010,31. Dec. 2099,TRUE,1899,12,30,,
W7W/WH-127,WA-Whatcom,Barnett Butte,1964,6444,48.8356,-120.97,6,3,0,USFS,Mt. Baker NF,,,,,Open,Open,,,1. Dec. 2010,31. Dec. 2099,TRUE,1899,12,30,,
W7W/WH-128,WA-Whatcom,Native Knoll,1963,6439,48.7254,-121.4583,6,3,0,NPS,North Cascades NP,,,,,Open,Open,,,1. Dec. 2010,31. Dec. 2099,TRUE,1899,12,30,,
W7W/WH-129,WA-Whatcom,Silver Ridge,1961,6434,48.9938,-121.1605,6,3,0,NPS,North Cascades NP,,,,,Open,Open,,,1. Dec. 2010,31. Dec. 2099,TRUE,1899,12,30,,
W7W/WH-130,WA-Whatcom,Electric Butte,1957,6420,48.6473,-121.4832,6,3,0,NPS,North Cascades NP,,,,,Open,Open,,,1. Dec. 2010,31. Dec. 2099,TRUE,1899,12,30,,
W7W/WH-131,WA-Whatcom,Interloper Peak,1957,6420,48.7067,-121.4569,6,3,0,NPS,North Cascades NP,,,,,Open,Open,,,1. Dec. 2010,31. Dec. 2099,TRUE,1899,12,30,,
W7W/WH-132,WA-Whatcom,North Big Bosom Butte,1946,6384,48.9594,-121.5881,6,3,0,USFS,Mt. Baker NF,,,,,Open,Open,,,1. Dec. 2010,31. Dec. 2099,TRUE,1899,12,30,,
W7W/WH-133,WA-Whatcom,6362 Vee Beam Pk,1939,6362,48.8395,-120.8748,6,3,0,USFS,Mt. Baker NF,,,,,Open,Open,,,1. Dec. 2010,31. Dec. 2099,TRUE,1899,12,30,,
W7W/WH-134,WA-Whatcom,Ti-gaks Peak,1939,6362,48.9275,-120.9575,6,3,0,USFS,Mt. Baker NF,,,,,Open,Open,,,1. Dec. 2010,31. Dec. 2099,TRUE,1899,12,30,,
W7W/WH-135,WA-Whatcom,Church Mountain,1925,6315,48.9283,-121.8828,6,3,3,,,,,,,,,,,1. Dec. 2010,31. Dec. 2099,TRUE,2021,6,21,2021-06-21,KJ7RTO
W7W/WH-136,WA-Whatcom,Mount Herman,1908,6260,48.8662,-121.7024,6,3,1,USFS,Mt. Baker NF,,,,,Open,Open,,,1. Dec. 2010,31. Dec. 2099,TRUE,2025,4,19,2025-04-19,KJ7RTO
W7W/WH-137,WA-Whatcom,Yellow Aster Butte,1902,6241,48.9544,-121.6819,6,3,14,,,,,,,,,,,1. Dec. 2010,31. Dec. 2099,TRUE,2012,9,13,2012-09-13,N7RR
W7W/WH-138,WA-Whatcom,Mount Watson,1896,6220,48.6556,-121.5767,6,3,1,,,,,,,,,,,1. Dec. 2010,31. Dec. 2099,TRUE,2020,8,19,2020-08-19,KE7JWP
W7W/WH-139,WA-Whatcom,Burgler Bear,1881,6170,48.9317,-121.1075,6,3,0,NPS,North Cascades NP,NPS,Ross Lake NRA,,,Open,Open,,,1. Dec. 2010,31. Dec. 2099,TRUE,1899,12,30,,
W7W/WH-140,WA-Whatcom,Foolish Mountain,1879,6164,48.8744,-120.865,6,3,0,USFS,Mt. Baker NF,,,,,Open,Open,,,1. Dec. 2010,31. Dec. 2099,TRUE,1899,12,30,,
W7W/WH-141,WA-Whatcom,Damfino Peak,1873,6145,48.95,-121.7358,6,3,0,USFS,Mt. Baker NF,,,,,Open,Open,,,1. Dec. 2010,31. Dec. 2099,TRUE,1899,12,30,,
W7W/WH-142,WA-Whatcom,Lunatic Peak,1864,6115,48.8239,-121.2269,6,3,0,NPS,North Cascades NP,,,,,Open,Open,,,1. Dec. 2010,31. Dec. 2099,TRUE,1899,12,30,,
W7W/WH-143,WA-Whatcom,Desolation Peak,1860,6102,48.9112,-121.0166,6,3,1,,,,,,,,,,,1. Dec. 2010,31. Dec. 2099,TRUE,2017,9,10,2017-09-10,W7TAO
W7W/WH-144,WA-Whatcom,Barbara Peak,1835,6020,48.6627,-121.9569,6,3,0,USFS,Mt. Baker NF,,,,,Open,Open,,,1. Dec. 2010,31. Dec. 2099,TRUE,1899,12,30,,
W7W/WH-145,WA-Whatcom,X Mountain,1823,5980,48.6925,-121.3308,6,3,1,,,,,,,,,,,1. Dec. 2010,31. Dec. 2099,TRUE,2024,9,11,2024-09-11,KK7RTO
W7W/WH-146,WA-Whatcom,5930 Shortwave Mtn,1807,5930,48.9327,-121.7678,6,3,4,,,,,,,,,,,1. Dec. 2010,31. Dec. 2099,TRUE,2017,9,6,2017-09-06,N7RR
W7W/WH-147,WA-Whatcom,Mount Ann,1786,5860,48.8165,-121.6665,6,3,0,WILDERNESS LAND TRUST,,,,,,Open,Open?,,,1. Dec. 2010,31. Dec. 2099,TRUE,1899,12,30,,
W7W/WH-148,WA-Whatcom,Barometer Mountain,1757,5763,48.8668,-121.7421,6,3,0,USFS,Mt. Baker NF,,,,,Open,Open,,,1. Dec. 2010,31. Dec. 2099,TRUE,1899,12,30,,
W7W/WH-149,WA-Whatcom,Anderson Butte,1750,5740,48.6716,-121.5937,6,3,0,USFS,Mt. Baker NF,,,,,Open,Open,,,1. Dec. 2010,31. Dec. 2099,TRUE,1899,12,30,,
W7W/WH-150,WA-Whatcom,5725 Twin Lead Pk,1745,5725,48.693,-121.5342,6,3,0,NPS,North Cascades NP,,,,,Open,Open,,,1. Dec. 2010,31. Dec. 2099,TRUE,1899,12,30,,
W7W/WH-151,WA-Whatcom,North Easy Ridge,1737,5700,48.8909,-121.4332,6,3,0,NPS,North Cascades NP,,,,,Open,Open,,,1. Dec. 2010,31. Dec. 2099,TRUE,1899,12,30,,
W7W/WH-152,WA-Whatcom,Oakes Peak,1732,5681,48.6528,-121.3919,6,3,1,,,,,,,,,,,1. Dec. 2010,31. Dec. 2099,TRUE,2022,2,12,2022-02-12,KJ7RTO
W7W/WH-153,WA-Whatcom,Cowap Peak,1725,5658,48.9697,-121.8004,6,3,17,,,,,,,,,,,1. Dec. 2010,31. Dec. 2099,TRUE,2014,9,16,2014-09-16,"W7TAO,N7RR"
W7W/WH-154,WA-Whatcom,Damnation Peak,1718,5635,48.6708,-121.3853,6,3,0,NPS,North Cascades NP,,,,,Open,Open,,,1. Dec. 2010,31. Dec. 2099,TRUE,1899,12,30,,
W7W/WH-155,WA-Whatcom,5622 Ipsoot Peak,1714,5622,48.7155,-121.5473,6,3,0,USFS,Mt. Baker NF,,,,,Open,Open,,,1. Dec. 2010,31. Dec. 2099,TRUE,1899,12,30,,
W7W/WH-156,WA-Whatcom,West Church Benchmark,1710,5610,48.9267,-121.9094,6,3,3,,,,,,,,,,,1. Dec. 2010,31. Dec. 2099,TRUE,2024,5,19,2024-05-19,"W7BCM,KI7JOM,KJ7LLS"
W7W/WH-157,WA-Whatcom,Loomis Mountain,1706,5598,48.68,-121.8456,6,3,1,,,,,,,,,,,1. Dec. 2010,31. Dec. 2099,TRUE,2024,4,20,2024-04-20,KJ7RTO
W7W/WH-158,WA-Whatcom,Groat Mountain,1701,5581,48.7849,-121.967,6,3,1,,,,,,,,,,,1. Dec. 2010,31. Dec. 2099,TRUE,2022,5,14,2022-05-14,KJ7RTO
W7W/WH-159,WA-Whatcom,5580 Tribander Mtn,1701,5580,48.6997,-121.5129,6,3,0,NPS,North Cascades NP,,,,,Open,Open,,,1. Dec. 2010,31. Dec. 2099,TRUE,1899,12,30,,
W7W/WH-160,WA-Whatcom,Salvation Peak,1701,5580,48.6761,-121.4006,6,3,0,NPS,North Cascades NP,USFS,Mt. Baker NF,,,Open,Open,,,1. Dec. 2010,31. Dec. 2099,TRUE,1899,12,30,,
W7W/WH-161,WA-Whatcom,Bald Mountain,1671,5481,48.9672,-121.9611,6,3,3,,,,,,,,,,,1. Dec. 2010,31. Dec. 2099,TRUE,2024,8,25,2024-08-25,"W7BCM,KI7JOM,KJ7LLS"
W7W/WH-162,WA-Whatcom,Park Butte,1664,5460,48.7167,-121.8564,6,3,21,,,,,,,,,,,1. Dec. 2010,31. Dec. 2099,TRUE,2012,7,7,2012-07-07,W7TAO
W7W/WH-163,WA-Whatcom,Blister Mountain,1660,5447,48.8085,-121.4906,6,3,0,NPS,North Cascades NP,,,,,Open,Open,,,1. Dec. 2010,31. Dec. 2099,TRUE,1899,12,30,,
W7W/WH-164,WA-Whatcom,Little Chilly Hill,1642,5386,48.9664,-121.4175,6,3,0,NPS,North Cascades NP,,,,,Open,Open,,,1. Dec. 2010,31. Dec. 2099,TRUE,1899,12,30,,
W7W/WH-165,WA-Whatcom,5365 Skywave Pk,1635,5365,48.8017,-121.9189,6,3,1,,,,,,,,,,,1. Dec. 2010,31. Dec. 2099,TRUE,2014,11,17,2014-11-17,N7RR
W7W/WH-166,WA-Whatcom,West Canyon Ridge,1624,5327,48.9795,-121.9152,6,3,3,,,,,,,,,,,1. Dec. 2010,31. Dec. 2099,TRUE,2023,10,15,2023-10-15,"KJ7LLS,KI7JOM,KJ7RTO"
W7W/WH-167,WA-Whatcom,Wobegon Peak,1587,5208,48.6503,-121.6237,6,3,0,USFS,Mt. Baker NF,,,,,Open,Open,,,1. Dec. 2010,31. Dec. 2099,TRUE,1899,12,30,,
W7W/WH-168,WA-Whatcom,North Lookout Mountain,1554,5100,48.8307,-121.924,6,3,5,,,,,,,,,,,1. Dec. 2010,31. Dec. 2099,TRUE,2021,3,20,2021-03-20,"KJ7LLS,KI7JOM/P,KJ7RTO"
W7W/WH-169,WA-Whatcom,Grouse Butte,1546,5071,48.8065,-121.9428,6,3,0,USFS,Mt. Baker NF,,,,,Open,Open,,,1. Dec. 2010,31. Dec. 2099,TRUE,1899,12,30,,
W7W/WH-170,WA-Whatcom,5060 Space Station Pk,1542,5060,48.6842,-121.6046,6,3,1,,,,,,,,,,,1. Dec. 2010,31. Dec. 2099,TRUE,2022,9,3,2022-09-03,K7GYB
W7W/WH-171,WA-Whatcom,Toboggan Mountain,1525,5004,48.8385,-122.0356,6,3,1,,,,,,,,,,,1. Dec. 2010,31. Dec. 2099,TRUE,2022,4,24,2022-04-24,KJ7RTO
W7W/WH-172,WA-Whatcom,Black Mountain,1523,4997,48.9854,-122.0192,6,3,7,,,,,,,,,,,1. Dec. 2010,31. Dec. 2099,TRUE,2020,8,2,2020-08-02,K7GYB
W7W/WH-173,WA-Whatcom,Isar Mtn,1506,4940,48.9989,-121.9633,6,3,0,SIERRA PACIFIC LAND & TIMBER COMPANY,,,,,,Open,Open,,,1. Dec. 2010,30. Nov. 2016,FALSE,1899,12,30,,
W7W/WH-174,WA-Whatcom,4926 Mt Toroid,1501,4926,48.8108,-121.9625,6,3,0,USFS,Mt. Baker NF,,,,,Open,Open,,,1. Dec. 2010,31. Dec. 2099,TRUE,1899,12,30,,
W7W/WH-175,WA-Whatcom,Slide Mountain,1495,4905,48.862,-122,4,0,0,WA DNR,NW Region:Baker District:Deming Unit,,,,,Open,Open,,,1. Dec. 2010,31. Dec. 2099,TRUE,1899,12,30,,
W7W/WH-176,WA-Whatcom,4820 Hot Wire,1469,4820,48.6614,-121.4736,4,0,0,NPS,North Cascades NP,,,,,Open,Open,,,1. Dec. 2010,31. Dec. 2099,TRUE,1899,12,30,,
W7W/WH-177,WA-Whatcom,4780 Squelch Pk,1457,4780,48.8418,-121.9662,4,0,2,,,,,,,,,,,1. Dec. 2010,31. Dec. 2099,TRUE,2023,1,8,2023-01-08,"KI7JOM,KJ7RTO"
W7W/WH-178,WA-Whatcom,Porter Peak,1457,4780,48.8167,-122.0656,4,0,1,,,,,,,,,,,1. Dec. 2010,31. Dec. 2099,TRUE,2023,6,19,2023-06-19,K7GYB
W7W/WH-179,WA-Whatcom,4678 Tetrode Mtn,1426,4678,48.7194,-121.9118,4,0,0,USFS,Mt. Baker NF,,,,,Open,Open,,,1. Dec. 2010,31. Dec. 2099,TRUE,1899,12,30,,
W7W/WH-180,WA-Whatcom,Bald Mountain,1394,4574,48.6504,-122.0261,4,0,1,,,,,,,,,,,1. Dec. 2010,31. Dec. 2099,TRUE,2019,7,13,2019-07-13,K7GYB
W7W/WH-181,WA-Whatcom,Little Jackass Mountain,1337,4387,48.9726,-121.066,4,0,0,NPS,Ross Lake NRA,,,,,Open,Open,,,1. Dec. 2010,31. Dec. 2099,TRUE,1899,12,30,,
W7W/WH-182,WA-Whatcom,Bowman Mountain,1289,4230,48.7407,-122.0558,4,0,1,,,,,,,,,,,1. Dec. 2010,31. Dec. 2099,TRUE,2022,3,27,2022-03-27,K7GYB
W7W/WH-183,WA-Whatcom,3804 Snowflea Hill,1159,3804,48.754,-121.6357,4,0,0,USFS,Mt. Baker NF,,,,,Open,Open,,,1. Dec. 2010,31. Dec. 2099,TRUE,1899,12,30,,
W7W/WH-184,WA-Whatcom,Pumpkin Mountain,1061,3482,48.7851,-121.0629,4,0,0,NPS,Ross Lake NRA,,,,,Open,Open,,,1. Dec. 2010,31. Dec. 2099,TRUE,1899,12,30,,
W7W/WH-185,WA-Whatcom,Sumas Mountain,1045,3430,48.9118,-122.2221,4,0,32,,,,,,,,,,,1. Dec. 2010,31. Dec. 2099,TRUE,2014,12,3,2014-12-03,N7RR
W7W/WH-186,WA-Whatcom,3338 Last Mtn,1017,3338,48.9638,-121.0399,4,0,0,NPS,Ross Lake NRA,,,,,Open,Open,,,1. Dec. 2010,31. Dec. 2099,TRUE,1899,12,30,,
W7W/WH-187,WA-Whatcom,Big Foot Hill,942,3090,48.775,-122.2732,2,0,4,,,,,,,,,,,1. Dec. 2010,31. Dec. 2099,TRUE,2019,5,5,2019-05-05,K7GYB
W7W/WH-188,WA-Whatcom,Hades Hill,823,2700,48.9294,-122.1719,2,0,6,,,,,,,,,,,1. Dec. 2010,31. Dec. 2099,TRUE,2020,11,15,2020-11-15,KV7DX
W7W/WH-189,WA-Whatcom,Deming Lookout,816,2678,48.8571,-122.1995,2,0,11,,,,,,,,,,,1. Dec. 2010,31. Dec. 2099,TRUE,2021,5,21,2021-05-21,"KI7JOM,KJ7RTO"
W7W/WH-190,WA-Whatcom,Lookout Mountain,816,2677,48.6887,-122.3607,2,0,9,,,,,,,,,,,1. Dec. 2010,31. Dec. 2099,TRUE,2013,11,23,2013-11-23,N7RR
W7W/WH-191,WA-Whatcom,Blue Mountain,746,2448,48.707,-122.1268,2,0,4,,,,,,,,,,,1. Dec. 2010,31. Dec. 2099,TRUE,2019,5,26,2019-05-26,K7GYB
W7W/WH-192,WA-Whatcom,Red Mountain,695,2281,48.945,-122.107,2,0,2,,,,,,,,,,,1. Dec. 2010,31. Dec. 2099,TRUE,2021,3,6,2021-03-06,"KJ7LLS,KJ7RTO"
W7W/WH-193,WA-Whatcom,Van Zandt Dike,689,2260,48.7766,-122.1395,2,0,14,,,,,,,,,,,1. Dec. 2010,31. Dec. 2099,TRUE,2020,7,11,2020-07-11,K7GYB
W7W/WH-194,WA-Whatcom,Middle Chuckanut,594,1950,48.6527,-122.4648,2,0,96,,,,,,,,,,,1. Dec. 2010,31. Dec. 2099,TRUE,2012,7,5,2012-07-05,W7TAO
W7W/WH-195,WA-Whatcom,North Chuckanut Mountain,565,1855,48.6782,-122.4523,2,0,55,,,,,,,,,,,1. Dec. 2010,31. Dec. 2099,TRUE,2012,4,28,2012-04-28,KF7LX
W7W/WH-196,WA-Whatcom,Vedder Mountain,518,1700,48.9921,-122.1572,2,0,4,,,,,,,,,,,1. Dec. 2010,31. Dec. 2099,TRUE,2016,8,18,2016-08-18,N7RR
W7W/WH-197,WA-Whatcom,Lummi Peak,507,1665,48.6694,-122.6414,2,0,5,,,,,,,,,,,1. Dec. 2010,31. Dec. 2099,TRUE,2012,10,17,2012-10-17,N7RR
W7W/WH-198,WA-Whatcom,Squalicum Mountain,472,1550,48.7821,-122.3696,1,0,3,,,,,,,,,,,1. Dec. 2010,31. Dec. 2099,TRUE,2016,5,6,2016-05-06,N7RR
W7W/WH-199,WA-Whatcom,Deming Tower Hill,443,1455,48.8037,-122.2204,1,0,1,,,,,,,,,,,1. Dec. 2010,31. Dec. 2099,TRUE,2018,5,21,2018-05-21,N7RR
W7W/WH-200,WA-Whatcom,1335 Magnetic Hill,407,1335,48.6814,-122.4126,1,0,21,,,,,,,,,,,1. Dec. 2010,31. Dec. 2099,TRUE,2017,12,7,2017-12-07,K7MAS
W7W/WH-201,WA-Whatcom,Hilltop Hill,382,1254,48.9682,-122.1733,1,0,0,EDWARD R BERTRAN,,,,,,Restricted,Unstated,,,1. Dec. 2010,31. Dec. 2099,TRUE,1899,12,30,,
W7W/WH-202,WA-Whatcom,Brokenridge Peak,362,1188,48.9481,-122.2411,1,0,0,JOHN L HELDER,,,,,,Restricted,Unstated,,,1. Dec. 2010,31. Dec. 2099,TRUE,1899,12,30,,
W7W/WH-203,WA-Whatcom,1060 Iowa Heights,323,1060,48.6595,-122.3031,1,0,2,,,,,,,,,,,1. Dec. 2010,31. Dec. 2099,TRUE,2016,5,11,2016-05-11,N7RR
W7W/WH-204,WA-Whatcom,South Twin,2140,7020,48.7049,-121.9875,8,3,1,,,,,,,,,,,1. Dec. 2016,31. Dec. 2099,TRUE,2021,8,9,2021-08-09,KJ7RTO
W7W/WH-205,WA-Whatcom,6234 Eccentric Mountain,1900,6234,48.8299,-120.8071,6,3,0,USFS,Mt. Baker NF,,,,,Open,Open,,,1. Dec. 2016,31. Dec. 2099,TRUE,1899,12,30,,
W7W/WH-206,WA-Whatcom,South Lookout Mountain,1547,5076,48.8223,-121.9315,6,3,11,,,,,,,,,,,1. Dec. 2016,31. Dec. 2099,TRUE,2021,7,10,2021-07-10,WX7EMT
W7W/WH-207,WA-Whatcom,1958Austin Hill,597,1958,48.6893,-122.3267,2,0,13,,,,,,,,,,,1. Dec. 2016,31. Dec. 2099,TRUE,2018,5,14,2018-05-14,N7RR
W7W/WH-208,WA-Whatcom,Thunder Knob,572,1875,48.7043,-121.1068,2,0,8,,,,,,,,,,,1. Dec. 2016,31. Dec. 2099,TRUE,2018,5,19,2018-05-19,N7RR
W7W/WH-209,WA-Whatcom,1316,401,1316,48.9893,-122.0793,1,0,0,WIGHTMOUNTAIN LLC,,PETER NOH,,BONG HO NOH,,Unstated/Restricted,Unstated,,,1. Dec. 2016,31. Dec. 2099,TRUE,1899,12,30,,
