{"type": "FeatureCollection", "features": [{"type": "Feature", "geometry": {"type": "Polygon", "coordinates": [[[-121.4040756225586, 47.19916079524634], [-121.39356136322021, 47.19913163631969], [-121.39060020446777, 47.19910247737698], [-121.39038562774658, 47.19910247737698], [-121.38309001922607, 47.19907331841824], [-121.38304710388184, 47.19644894651134], [-121.38304710388184, 47.19525335627455], [-121.38296127319336, 47.1918122389213], [-121.38283252716064, 47.184550165853295], [-121.38484954833984, 47.184550165853295], [-121.38815402984619, 47.18452099889805], [-121.38918399810791, 47.185483499959616], [-121.38974189758301, 47.18600849318304], [-121.39111518859863, 47.18726262264394], [-121.3934326171875, 47.18936249400136], [-121.39459133148193, 47.190383234792876], [-121.39613628387451, 47.1918122389213], [-121.39755249023438, 47.19312455575846], [-121.39974117279053, 47.195136711882355], [-121.4040756225586, 47.19916079524634]]]}, "properties": {"fid": 220684, "ogc_fid": 220684, "path": "/us/wa/king/enumclaw-plateau/220684", "ll_uuid": "1214f911-4ea4-43a3-96f2-481cd52caa16", "owner": "GREEN CANYON TIMBERLANDS LL", "parcelnumb": "2720119001"}, "id": 1}, {"type": "Feature", "geometry": {"type": "Polygon", "coordinates": [[[-121.34034633636475, 47.17154011351741], [-121.3405179977417, 47.176499478038664], [-121.3231372833252, 47.176499478038664], [-121.3231372833252, 47.16628851685391], [-121.32318019866943, 47.158818684986755], [-121.32318019866943, 47.1560464098668], [-121.34038925170898, 47.1559880446255], [-121.34034633636475, 47.16293305825326], [-121.34034633636475, 47.16558826473354], [-121.34030342102051, 47.166755346472456], [-121.34030342102051, 47.16984798907043], [-121.34034633636475, 47.17154011351741]]]}, "properties": {"fid": 22646, "ogc_fid": 22646, "path": "/us/wa/king/enumclaw-plateau/22646", "ll_uuid": "0cb8b962-28e3-48cf-b587-56b3230406d0", "owner": "GREEN CANYON TIMBERLANDS LL", "parcelnumb": "0319129001"}, "id": 2}, {"type": "Feature", "geometry": {"type": "MultiPolygon", "coordinates": [[[[-121.42008304595947, 47.20610016403782], [-121.41995429992676, 47.20595438831347], [-121.41909599304199, 47.204817323914654], [-121.41802310943604, 47.20338866999293], [-121.41592025756836, 47.200589563023186], [-121.41471862792969, 47.19901500045273], [-121.41673564910889, 47.19898584144593], [-121.41810894012451, 47.19898584144593], [-121.42506122589111, 47.19889836432938], [-121.42536163330078, 47.19886920525849], [-121.42540454864502, 47.19898584144593], [-121.42540454864502, 47.2036802351426], [-121.42544746398926, 47.206071008924994], [-121.42008304595947, 47.20610016403782]]], [[[-121.41175746917725, 47.21330098610957], [-121.40909671783447, 47.21333013724836], [-121.4040756225586, 47.21333013724836], [-121.4040756225586, 47.20624593936154], [-121.40939712524414, 47.20621678432883], [-121.41132831573486, 47.20749959060831], [-121.41334533691406, 47.20878236586452], [-121.4133882522583, 47.208811519487085], [-121.41476154327393, 47.209773580041514], [-121.41476154327393, 47.20986103922658], [-121.41480445861816, 47.21242644449467], [-121.41480445861816, 47.21330098610957], [-121.41175746917725, 47.21330098610957]]]]}, "properties": {"fid": 169144, "ogc_fid": 169144, "path": "/us/wa/king/enumclaw-plateau/169144", "ll_uuid": "57d42c00-0db0-4bae-9a44-cf0232e056df", "owner": "GREEN CANYON TIMBERLANDS LL", "parcelnumb": "2120119001"}, "id": 4}, {"type": "Feature", "geometry": {"type": "Polygon", "coordinates": [[[-121.41480445861816, 47.21330098610957], [-121.41480445861816, 47.21242644449467], [-121.41476154327393, 47.20986103922658], [-121.41476154327393, 47.20884067309359], [-121.41501903533936, 47.208986440885866], [-121.41527652740479, 47.20910305483122], [-121.41561985015869, 47.20927797526852], [-121.4159631729126, 47.209394588572934], [-121.41617774963379, 47.20948204838297], [-121.41643524169922, 47.20959866123866], [-121.4168643951416, 47.209715273837986], [-121.41699314117432, 47.209773580041514], [-121.41720771789551, 47.20986103922658], [-121.41733646392822, 47.209948498267465], [-121.41759395599365, 47.21006511009762], [-121.41802310943604, 47.210269180183445], [-121.41840934753418, 47.21044409677492], [-121.41858100891113, 47.21053155485433], [-121.41896724700928, 47.21073562314544], [-121.41926765441895, 47.21093969065137], [-121.41952514648438, 47.211056300302204], [-121.41965389251709, 47.211085452674865], [-121.41995429992676, 47.211231214297754], [-121.42029762268066, 47.21137697552004], [-121.42046928405762, 47.21149358420948], [-121.42076969146729, 47.211668496762854], [-121.42094135284424, 47.21175595282318], [-121.42119884490967, 47.21190171260329], [-121.42137050628662, 47.211989168279075], [-121.4214563369751, 47.21201832013895], [-121.42158508300781, 47.21207662381062], [-121.42167091369629, 47.212164079197976], [-121.42184257507324, 47.21228068615673], [-121.42205715179443, 47.21236814120758], [-121.42214298248291, 47.21242644449467], [-121.4223575592041, 47.212484747717696], [-121.42261505126953, 47.212601353971394], [-121.4229154586792, 47.21271795996873], [-121.4232587814331, 47.21283456570967], [-121.4234733581543, 47.212892868484005], [-121.42368793487549, 47.21298032252531], [-121.42398834228516, 47.21309692768938], [-121.42420291900635, 47.21315523017526], [-121.42433166503906, 47.21318438139417], [-121.42446041107178, 47.21324268378393], [-121.4229154586792, 47.21324268378393], [-121.41677856445312, 47.21327183495475], [-121.41480445861816, 47.21330098610957]]]}, "properties": {"fid": 169145, "ogc_fid": 169145, "path": "/us/wa/king/enumclaw-plateau/169145", "ll_uuid": "252d8dbc-a87b-4493-941b-0d917873f120", "owner": "GREEN CANYON TIMBERLANDS LL", "parcelnumb": "2120119005"}, "id": 5}, {"type": "Feature", "geometry": {"type": "Polygon", "coordinates": [[[-121.38274669647217, 47.213650798717424], [-121.37626647949219, 47.213621647754906], [-121.376051902771, 47.213621647754906], [-121.37227535247803, 47.21359249677636], [-121.36180400848389, 47.2135341947712], [-121.36176109313965, 47.208665751214085], [-121.36176109313965, 47.20560452494058], [-121.36171817779541, 47.20388432979385], [-121.36171817779541, 47.19907331841824], [-121.38309001922607, 47.19907331841824], [-121.38274669647217, 47.20612931913462], [-121.38274669647217, 47.213650798717424]]]}, "properties": {"fid": 186400, "ogc_fid": 186400, "path": "/us/wa/king/enumclaw-plateau/186400", "ll_uuid": "6da1b2c4-89ce-4eb9-a7e5-14c46a913d53", "owner": "GREEN CANYON TIMBERLANDS LL", "parcelnumb": "2320119001"}, "id": 6}, {"type": "Feature", "geometry": {"type": "Polygon", "coordinates": [[[-121.36167526245117, 47.156250687706574], [-121.36176109313965, 47.15236927446392], [-121.38304710388184, 47.15236927446392], [-121.38304710388184, 47.1526903043582], [-121.3830041885376, 47.15607559246345], [-121.3807725906372, 47.15610477504404], [-121.37231826782227, 47.15616314015713], [-121.36167526245117, 47.156250687706574]]]}, "properties": {"fid": 76130, "ogc_fid": 76130, "path": "/us/wa/king/enumclaw-plateau/76130", "ll_uuid": "799e190e-3f9d-4a42-baf5-9fe52bb37332", "owner": "GREEN CANYON TIMBERLANDS LL", "parcelnumb": "1119119001"}, "id": 9}, {"type": "Feature", "geometry": {"type": "Polygon", "coordinates": [[[-121.42523288726807, 47.18443349793617], [-121.41458988189697, 47.1844626649395], [-121.40394687652588, 47.1844626649395], [-121.40394687652588, 47.18020411282569], [-121.40398979187012, 47.177987197081706], [-121.40398979187012, 47.170198088206774], [-121.4133882522583, 47.17016891336689], [-121.42523288726807, 47.17016891336689], [-121.42523288726807, 47.18443349793617]]]}, "properties": {"fid": 275950, "ogc_fid": 275950, "path": "/us/wa/king/enumclaw-plateau/275950", "ll_uuid": "57ed2017-0002-4267-8450-1a647916bdbe", "owner": "GREEN CANYON TIMBERLANDS LL", "parcelnumb": "3320119001"}, "id": 13}, {"type": "Feature", "geometry": {"type": "Polygon", "coordinates": [[[-121.40424728393555, 47.227408264307655], [-121.40424728393555, 47.22778712703999], [-121.3827896118164, 47.22778712703999], [-121.3827896118164, 47.220734007561845], [-121.38274669647217, 47.215953674120556], [-121.38274669647217, 47.213650798717424], [-121.38437747955322, 47.213621647754906], [-121.38931274414062, 47.21356334578181], [-121.3934326171875, 47.21350504374459], [-121.3937759399414, 47.21350504374459], [-121.39986991882324, 47.213417590568554], [-121.4040756225586, 47.21333013724836], [-121.40411853790283, 47.21615772154823], [-121.40411853790283, 47.21694475427134], [-121.40416145324707, 47.22055912490933], [-121.40424728393555, 47.227408264307655]]]}, "properties": {"fid": 115418, "ogc_fid": 115418, "path": "/us/wa/king/enumclaw-plateau/115418", "ll_uuid": "84e1890a-9909-4e9e-bf92-994c1e83798b", "owner": "GREEN CANYON TIMBERLANDS LL", "parcelnumb": "1520119001"}, "id": 14}, {"type": "Feature", "geometry": {"type": "Polygon", "coordinates": [[[-121.38283252716064, 47.184550165853295], [-121.37227535247803, 47.18449183192678], [-121.36802673339844, 47.18449183192678], [-121.36171817779541, 47.1844626649395], [-121.36171817779541, 47.18122502973591], [-121.36167526245117, 47.17982491011617], [-121.36167526245117, 47.17731627012455], [-121.3615894317627, 47.170198088206774], [-121.36643886566162, 47.170198088206774], [-121.36725425720215, 47.170227263030625], [-121.37433528900146, 47.170227263030625], [-121.3789701461792, 47.170256437838475], [-121.38287544250488, 47.170256437838475], [-121.38283252716064, 47.173844816988066], [-121.38283252716064, 47.184550165853295]]]}, "properties": {"fid": 298405, "ogc_fid": 298405, "path": "/us/wa/king/enumclaw-plateau/298405", "ll_uuid": "40e34920-4b5e-486c-a3ed-01ffe491264a", "owner": "GREEN CANYON TIMBERLANDS LL", "parcelnumb": "3520119001"}, "id": 18}, {"type": "Feature", "geometry": {"type": "Polygon", "coordinates": [[[-121.3615894317627, 47.170198088206774], [-121.3509464263916, 47.17002303892707], [-121.34961605072021, 47.16999386399104], [-121.34313583374023, 47.16990633908671], [-121.34296417236328, 47.169877164086586], [-121.34030342102051, 47.16984798907043], [-121.34030342102051, 47.166755346472456], [-121.34034633636475, 47.16558826473354], [-121.34034633636475, 47.16293305825326], [-121.34038925170898, 47.1559880446255], [-121.35103225708008, 47.15610477504404], [-121.36167526245117, 47.156250687706574], [-121.36163234710693, 47.162874700576424], [-121.36163234710693, 47.163224845675785], [-121.3615894317627, 47.170198088206774]]]}, "properties": {"fid": 7330, "ogc_fid": 7330, "path": "/us/wa/king/enumclaw-plateau/7330", "ll_uuid": "8ace8f03-e635-46da-9d3e-1fb232e4efb4", "owner": "GREEN CANYON TIMBERLANDS LL", "parcelnumb": "0119119001"}, "id": 21}, {"type": "Feature", "geometry": {"type": "Polygon", "coordinates": [[[-121.36171817779541, 47.1844626649395], [-121.36171817779541, 47.19907331841824], [-121.36111736297607, 47.19907331841824], [-121.35485172271729, 47.19898584144593], [-121.35403633117676, 47.19898584144593], [-121.35120391845703, 47.1989566824231], [-121.35103225708008, 47.1989566824231], [-121.34944438934326, 47.19892752338427], [-121.34927272796631, 47.19892752338427], [-121.34116172790527, 47.19884004617157], [-121.34034633636475, 47.19881088706859], [-121.34034633636475, 47.19828602047531], [-121.34038925170898, 47.1935619874929], [-121.34038925170898, 47.19093734300168], [-121.34043216705322, 47.186883470350466], [-121.34043216705322, 47.18443349793617], [-121.35107517242432, 47.18443349793617], [-121.36171817779541, 47.1844626649395]]]}, "properties": {"fid": 203725, "ogc_fid": 203725, "path": "/us/wa/king/enumclaw-plateau/203725", "ll_uuid": "04aa894f-ee61-4552-b8f4-6d49a29a7af3", "owner": "GREEN CANYON TIMBERLANDS LL", "parcelnumb": "2520119001"}, "id": 33}, {"type": "Feature", "geometry": {"type": "Polygon", "coordinates": [[[-121.38287544250488, 47.170256437838475], [-121.38291835784912, 47.16316648831949], [-121.3830041885376, 47.15607559246345], [-121.40429019927979, 47.1561339576086], [-121.40416145324707, 47.16316648831949], [-121.40398979187012, 47.170198088206774], [-121.39815330505371, 47.170198088206774], [-121.3943338394165, 47.170227263030625], [-121.3934326171875, 47.170227263030625], [-121.38287544250488, 47.170256437838475]]]}, "properties": {"fid": 22645, "ogc_fid": 22645, "path": "/us/wa/king/enumclaw-plateau/22645", "ll_uuid": "c4d2f33a-d1b2-4d78-bbc3-2a34a0265e69", "owner": "GREEN CANYON TIMBERLANDS LL", "parcelnumb": "0319119001"}, "id": 43}, {"type": "Feature", "geometry": {"type": "Polygon", "coordinates": [[[-121.4252758026123, 47.156192322689634], [-121.41480445861816, 47.15616314015713], [-121.40429019927979, 47.1561339576086], [-121.40429019927979, 47.15236927446392], [-121.4252758026123, 47.15236927446392], [-121.4252758026123, 47.156192322689634]]]}, "properties": {"fid": 59527, "ogc_fid": 59527, "path": "/us/wa/king/enumclaw-plateau/59527", "ll_uuid": "fefdaea0-5c1e-47e8-8a1e-dac29c1a33d5", "owner": "GREEN CANYON TIMBERLANDS LL", "parcelnumb": "0919119001"}, "id": 49}, {"type": "Feature", "geometry": {"type": "Polygon", "coordinates": [[[-121.44497394561768, 47.28537188717297], [-121.44201278686523, 47.285313664127074], [-121.43471717834473, 47.28519721784295], [-121.43368721008301, 47.28519721784295], [-121.4302110671997, 47.28513899460475], [-121.42982482910156, 47.28513899460475], [-121.42819404602051, 47.28510988296165], [-121.4238166809082, 47.285022547936165], [-121.4238166809082, 47.282344203809174], [-121.42385959625244, 47.277802353854696], [-121.42385959625244, 47.275968034696405], [-121.42390251159668, 47.27200801780663], [-121.42390251159668, 47.27186242330282], [-121.42394542694092, 47.270610294035606], [-121.4258337020874, 47.270610294035606], [-121.42587661743164, 47.270639413657335], [-121.42596244812012, 47.270639413657335], [-121.42858028411865, 47.27066853326306], [-121.42991065979004, 47.27066853326306], [-121.43415927886963, 47.27072677242643], [-121.43428802490234, 47.270755891984095], [-121.43634796142578, 47.270755891984095], [-121.43802165985107, 47.2707850115257], [-121.43845081329346, 47.2707850115257], [-121.43870830535889, 47.27081413105131], [-121.44046783447266, 47.27081413105131], [-121.44124031066895, 47.270843250560915], [-121.44510269165039, 47.27090148953204], [-121.44510269165039, 47.27360953091318], [-121.44505977630615, 47.27605538466969], [-121.44501686096191, 47.2779188164163], [-121.44497394561768, 47.28426563834199], [-121.44497394561768, 47.28537188717297]]]}, "properties": {"fid": 244055, "ogc_fid": 244055, "path": "/us/wa/king/enumclaw-plateau/244055", "ll_uuid": "9bafd720-e07b-4714-bb8f-a4abbd00d6c7", "owner": "GREEN CANYON TIMBERLANDS LL", "parcelnumb": "2921119001"}, "id": 53}, {"type": "Feature", "geometry": {"type": "Polygon", "coordinates": [[[-121.36038780212402, 47.26749440193632], [-121.36034488677979, 47.26752352327239], [-121.36025905609131, 47.26752352327239], [-121.36025905609131, 47.26618392523099], [-121.36043071746826, 47.26609655896374], [-121.36043071746826, 47.26603831470544], [-121.3604736328125, 47.26603831470544], [-121.3604736328125, 47.266009192552275], [-121.36128902435303, 47.26504815250931], [-121.36133193969727, 47.265019029811384], [-121.36133193969727, 47.264960784367474], [-121.3613748550415, 47.26493166162149], [-121.3613748550415, 47.264902538859474], [-121.36141777038574, 47.264902538859474], [-121.36141777038574, 47.26487341608146], [-121.36146068572998, 47.26484429328741], [-121.36146068572998, 47.264815170477334], [-121.36150360107422, 47.264786047651256], [-121.36150360107422, 47.26475692480915], [-121.3615894317627, 47.264698679076844], [-121.3615894317627, 47.26466955618665], [-121.36163234710693, 47.264640433280476], [-121.36163234710693, 47.26461131035822], [-121.36176109313965, 47.26452394149544], [-121.36176109313965, 47.26449481850912], [-121.36180400848389, 47.26446569550677], [-121.36180400848389, 47.26443657248845], [-121.36184692382812, 47.26443657248845], [-121.36188983917236, 47.26440744945407], [-121.36188983917236, 47.26437832640366], [-121.36201858520508, 47.264290957156305], [-121.36201858520508, 47.26426183404183], [-121.36206150054932, 47.26423271091133], [-121.36210441589355, 47.26423271091133], [-121.36210441589355, 47.2642035877648], [-121.36223316192627, 47.26411621822908], [-121.36223316192627, 47.26408709501845], [-121.36227607727051, 47.26408709501845], [-121.36244773864746, 47.263970602015775], [-121.36244773864746, 47.26394147872503], [-121.3624906539917, 47.26394147872503], [-121.36253356933594, 47.263912355418285], [-121.36253356933594, 47.26388323209554], [-121.36257648468018, 47.26388323209554], [-121.36270523071289, 47.26379586203106], [-121.36274814605713, 47.26379586203106], [-121.36279106140137, 47.26376673864419], [-121.36279106140137, 47.263737615241325], [-121.36287689208984, 47.263737615241325], [-121.36287689208984, 47.26370849182243], [-121.36291980743408, 47.26370849182243], [-121.36296272277832, 47.2636793683875], [-121.36296272277832, 47.26365024493654], [-121.36300563812256, 47.26365024493654], [-121.3630485534668, 47.26362112146958], [-121.36309146881104, 47.26362112146958], [-121.36313438415527, 47.263591997986595], [-121.36313438415527, 47.263562874487576], [-121.36317729949951, 47.263562874487576], [-121.36322021484375, 47.26353375097253], [-121.36326313018799, 47.26353375097253], [-121.36330604553223, 47.26350462744148], [-121.36334896087646, 47.26350462744148], [-121.36334896087646, 47.2634755038944], [-121.3633918762207, 47.2634755038944], [-121.36343479156494, 47.26344638033132], [-121.36347770690918, 47.26344638033132], [-121.36352062225342, 47.26341725675218], [-121.36356353759766, 47.26341725675218], [-121.36356353759766, 47.26338813315704], [-121.3636064529419, 47.26338813315704], [-121.36364936828613, 47.263359009545866], [-121.36369228363037, 47.263359009545866], [-121.36373519897461, 47.263329885918694], [-121.36377811431885, 47.263329885918694], [-121.36382102966309, 47.26330076227549], [-121.36386394500732, 47.26330076227549], [-121.36390686035156, 47.26327163861623], [-121.3639497756958, 47.26327163861623], [-121.36399269104004, 47.26324251494097], [-121.36407852172852, 47.26324251494097], [-121.36412143707275, 47.26321339124971], [-121.36416435241699, 47.26321339124971], [-121.36420726776123, 47.263184267542414], [-121.3642930984497, 47.263184267542414], [-121.3642930984497, 47.26315514381909], [-121.36437892913818, 47.26315514381909], [-121.36442184448242, 47.26312602007974], [-121.3645076751709, 47.26312602007974], [-121.36455059051514, 47.263096896324384], [-121.36463642120361, 47.263096896324384], [-121.36467933654785, 47.263067772553], [-121.36480808258057, 47.263067772553], [-121.3648509979248, 47.26303864876559], [-121.36583805084229, 47.26277653395792], [-121.36588096618652, 47.26277653395792], [-121.36592388153076, 47.26274741001029], [-121.36600971221924, 47.26274741001029], [-121.36605262756348, 47.262718286046635], [-121.36609554290771, 47.262718286046635], [-121.36609554290771, 47.26268916206695], [-121.36613845825195, 47.26268916206695], [-121.36618137359619, 47.26266003807129], [-121.36626720428467, 47.26266003807129], [-121.3663101196289, 47.26263091405957], [-121.36635303497314, 47.26263091405957], [-121.36639595031738, 47.26260179003182], [-121.36643886566162, 47.26260179003182], [-121.36648178100586, 47.262572665988046], [-121.3665246963501, 47.262572665988046], [-121.3665246963501, 47.26254354192827], [-121.36656761169434, 47.26254354192827], [-121.36661052703857, 47.262514417852486], [-121.36665344238281, 47.262514417852486], [-121.36669635772705, 47.26248529376065], [-121.36673927307129, 47.26248529376065], [-121.36678218841553, 47.26245616965281], [-121.36682510375977, 47.26245616965281], [-121.366868019104, 47.26242704552891], [-121.366868019104, 47.26239792138904], [-121.36691093444824, 47.26239792138904], [-121.36695384979248, 47.26236879723311], [-121.36699676513672, 47.26236879723311], [-121.36703968048096, 47.262339673061206], [-121.3670825958252, 47.262339673061206], [-121.3670825958252, 47.262310548873245], [-121.36712551116943, 47.262281424669226], [-121.36716842651367, 47.262281424669226], [-121.36721134185791, 47.26225230044926], [-121.36725425720215, 47.26225230044926], [-121.36729717254639, 47.26222317621324], [-121.36729717254639, 47.26219405196119], [-121.36734008789062, 47.26219405196119], [-121.36738300323486, 47.26216492769311], [-121.3674259185791, 47.26216492769311], [-121.3674259185791, 47.262135803408995], [-121.36746883392334, 47.262135803408995], [-121.36755466461182, 47.26207755479277], [-121.36759757995605, 47.26207755479277], [-121.36759757995605, 47.262048430460624], [-121.3676404953003, 47.262048430460624], [-121.36772632598877, 47.261990181748246], [-121.36776924133301, 47.261990181748246], [-121.36776924133301, 47.26196105736801], [-121.36785507202148, 47.26196105736801], [-121.36794090270996, 47.26190280855948], [-121.3679838180542, 47.26190280855948], [-121.36802673339844, 47.26187368413122], [-121.36811256408691, 47.26187368413122], [-121.36811256408691, 47.26184455968692], [-121.36815547943115, 47.26184455968692], [-121.36819839477539, 47.261815435226595], [-121.36824131011963, 47.261815435226595], [-121.36828422546387, 47.26178631075021], [-121.36837005615234, 47.26178631075021], [-121.36841297149658, 47.26175718625785], [-121.36849880218506, 47.26175718625785], [-121.36849880218506, 47.26172806174944], [-121.36862754821777, 47.26172806174944], [-121.36862754821777, 47.26169893722502], [-121.36875629425049, 47.26169893722502], [-121.36879920959473, 47.26166981268457], [-121.36897087097168, 47.26166981268457], [-121.36897087097168, 47.2616406881281], [-121.36914253234863, 47.2616406881281], [-121.36918544769287, 47.26161156355562], [-121.36961460113525, 47.26161156355562], [-121.36965751647949, 47.26158243896711], [-121.36991500854492, 47.26158243896711], [-121.36991500854492, 47.26161156355562], [-121.3703441619873, 47.26161156355562], [-121.37038707733154, 47.2616406881281], [-121.37060165405273, 47.2616406881281], [-121.37064456939697, 47.26166981268457], [-121.37077331542969, 47.26166981268457], [-121.37188911437988, 47.26187368413122], [-121.3720178604126, 47.26187368413122], [-121.37206077575684, 47.26190280855948], [-121.37231826782227, 47.26190280855948], [-121.3723611831665, 47.26193193297175], [-121.37317657470703, 47.26193193297175], [-121.37317657470703, 47.26190280855948], [-121.37343406677246, 47.26190280855948], [-121.3734769821167, 47.26187368413122], [-121.37364864349365, 47.26187368413122], [-121.37369155883789, 47.26184455968692], [-121.3738203048706, 47.26184455968692], [-121.37386322021484, 47.261815435226595], [-121.37394905090332, 47.261815435226595], [-121.37794017791748, 47.260883444036295], [-121.3789701461792, 47.26065044367519], [-121.37901306152344, 47.26062131855795], [-121.37918472290039, 47.260592193424685], [-121.3793134689331, 47.26056306827539], [-121.37935638427734, 47.26056306827539], [-121.37939929962158, 47.26053394311009], [-121.37944221496582, 47.26053394311009], [-121.37948513031006, 47.26050481792876], [-121.37957096099854, 47.26050481792876], [-121.37965679168701, 47.26044656751807], [-121.37969970703125, 47.26044656751807], [-121.37974262237549, 47.260417442288656], [-121.37978553771973, 47.260417442288656], [-121.37982845306396, 47.260388317043265], [-121.3798713684082, 47.260388317043265], [-121.37991428375244, 47.260359191781816], [-121.37995719909668, 47.260359191781816], [-121.3800859451294, 47.260271815901376], [-121.38012886047363, 47.260271815901376], [-121.38021469116211, 47.260213565234295], [-121.38025760650635, 47.260213565234295], [-121.38030052185059, 47.26018443987675], [-121.3804292678833, 47.26015531450315], [-121.38051509857178, 47.26012618911355], [-121.38064384460449, 47.260067938286255], [-121.38081550598145, 47.26000968739487], [-121.38094425201416, 47.25998056192512], [-121.38103008270264, 47.259951436439394], [-121.38111591339111, 47.259893185419855], [-121.38137340545654, 47.259805808770324], [-121.38167381286621, 47.25963105503874], [-121.38171672821045, 47.25960192936071], [-121.38175964355469, 47.25960192936071], [-121.38184547424316, 47.25954367795663], [-121.3818883895874, 47.25954367795663], [-121.38193130493164, 47.25951455223057], [-121.38197422027588, 47.25951455223057], [-121.38206005096436, 47.259456300730335], [-121.3821029663086, 47.259456300730335], [-121.3821029663086, 47.25942717495619], [-121.38214588165283, 47.25942717495619], [-121.38218879699707, 47.25939804916604], [-121.38223171234131, 47.25939804916604], [-121.38227462768555, 47.25936892335983], [-121.38231754302979, 47.25936892335983], [-121.38236045837402, 47.25933979753765], [-121.38240337371826, 47.25933979753765], [-121.3824462890625, 47.25931067169938], [-121.38248920440674, 47.25931067169938], [-121.38257503509521, 47.25925241997487], [-121.38261795043945, 47.25925241997487], [-121.38266086578369, 47.25922329408854], [-121.38274669647217, 47.25922329408854], [-121.3827896118164, 47.25919416818624], [-121.38283252716064, 47.25919416818624], [-121.38287544250488, 47.25916504226791], [-121.38296127319336, 47.25916504226791], [-121.3830041885376, 47.25913591633355], [-121.38309001922607, 47.25913591633355], [-121.38313293457031, 47.25910679038316], [-121.38321876525879, 47.25910679038316], [-121.38326168060303, 47.259077664416765], [-121.38343334197998, 47.259077664416765], [-121.38347625732422, 47.259048538434314], [-121.38369083404541, 47.259048538434314], [-121.38373374938965, 47.25901941243586], [-121.38454914093018, 47.25901941243586], [-121.38459205627441, 47.259048538434314], [-121.38476371765137, 47.259048538434314], [-121.3848066329956, 47.259077664416765], [-121.38497829437256, 47.259077664416765], [-121.3850212097168, 47.25910679038316], [-121.38514995574951, 47.25910679038316], [-121.38519287109375, 47.25913591633355], [-121.38527870178223, 47.25913591633355], [-121.38532161712646, 47.25916504226791], [-121.38540744781494, 47.25916504226791], [-121.38540744781494, 47.25919416818624], [-121.38549327850342, 47.25919416818624], [-121.38553619384766, 47.25922329408854], [-121.3855791091919, 47.25922329408854], [-121.38562202453613, 47.25925241997487], [-121.38570785522461, 47.25925241997487], [-121.38570785522461, 47.25928154584514], [-121.38579368591309, 47.25928154584514], [-121.38583660125732, 47.25931067169938], [-121.38587951660156, 47.25931067169938], [-121.3859224319458, 47.25933979753765], [-121.38596534729004, 47.25933979753765], [-121.38605117797852, 47.25939804916604], [-121.38613700866699, 47.25939804916604], [-121.38613700866699, 47.25942717495619], [-121.38617992401123, 47.25942717495619], [-121.38622283935547, 47.259456300730335], [-121.3862657546997, 47.259456300730335], [-121.3862657546997, 47.25948542648845], [-121.38630867004395, 47.25948542648845], [-121.38639450073242, 47.25954367795663], [-121.38643741607666, 47.25954367795663], [-121.38643741607666, 47.259572803666714], [-121.3864803314209, 47.259572803666714], [-121.38652324676514, 47.25960192936071], [-121.38656616210938, 47.25960192936071], [-121.38656616210938, 47.25963105503874], [-121.38660907745361, 47.25963105503874], [-121.38669490814209, 47.25968930634667], [-121.38673782348633, 47.25968930634667], [-121.38673782348633, 47.25971843197664], [-121.3868236541748, 47.25977668318845], [-121.38686656951904, 47.25977668318845], [-121.38686656951904, 47.259805808770324], [-121.38690948486328, 47.259805808770324], [-121.38695240020752, 47.2598349343362], [-121.38695240020752, 47.25986405988601], [-121.38699531555176, 47.25986405988601], [-121.38699531555176, 47.259893185419855], [-121.387038230896, 47.25992231093761], [-121.38708114624023, 47.25992231093761], [-121.38708114624023, 47.259951436439394], [-121.38712406158447, 47.259951436439394], [-121.38712406158447, 47.25998056192512], [-121.38720989227295, 47.26003881284856], [-121.38720989227295, 47.260067938286255], [-121.38725280761719, 47.260067938286255], [-121.38725280761719, 47.26009706370789], [-121.38729572296143, 47.26009706370789], [-121.38729572296143, 47.26012618911355], [-121.3873815536499, 47.26018443987675], [-121.38742446899414, 47.26018443987675], [-121.38742446899414, 47.260213565234295], [-121.38746738433838, 47.260213565234295], [-121.38746738433838, 47.260242690575836], [-121.38751029968262, 47.260242690575836], [-121.38751029968262, 47.260271815901376], [-121.38755321502686, 47.260271815901376], [-121.38755321502686, 47.260300941210886], [-121.3875961303711, 47.260300941210886], [-121.3875961303711, 47.260330066504366], [-121.38763904571533, 47.260330066504366], [-121.38768196105957, 47.260359191781816], [-121.38772487640381, 47.260359191781816], [-121.38776779174805, 47.260388317043265], [-121.38781070709229, 47.260388317043265], [-121.38781070709229, 47.260417442288656], [-121.38785362243652, 47.260417442288656], [-121.38789653778076, 47.26044656751807], [-121.387939453125, 47.26044656751807], [-121.387939453125, 47.26047569273143], [-121.38802528381348, 47.26047569273143], [-121.38806819915771, 47.26050481792876], [-121.38815402984619, 47.26050481792876], [-121.38815402984619, 47.26053394311009], [-121.38823986053467, 47.26053394311009], [-121.38823986053467, 47.26056306827539], [-121.38836860656738, 47.26056306827539], [-121.38836860656738, 47.260592193424685], [-121.38896942138672, 47.260592193424685], [-121.38901233673096, 47.26056306827539], [-121.38926982879639, 47.26056306827539], [-121.38931274414062, 47.26053394311009], [-121.38944149017334, 47.26053394311009], [-121.38952732086182, 47.26050481792876], [-121.38969898223877, 47.26050481792876], [-121.38969898223877, 47.26047569273143], [-121.38982772827148, 47.26047569273143], [-121.38987064361572, 47.26044656751807], [-121.3899564743042, 47.26044656751807], [-121.3899564743042, 47.260417442288656], [-121.39004230499268, 47.260417442288656], [-121.39008522033691, 47.260388317043265], [-121.39017105102539, 47.260388317043265], [-121.39017105102539, 47.260359191781816], [-121.39025688171387, 47.260359191781816], [-121.39025688171387, 47.260330066504366], [-121.39034271240234, 47.260330066504366], [-121.39034271240234, 47.260300941210886], [-121.39038562774658, 47.260300941210886], [-121.39042854309082, 47.260271815901376], [-121.39047145843506, 47.260271815901376], [-121.39047145843506, 47.260242690575836], [-121.3905143737793, 47.260242690575836], [-121.39055728912354, 47.260213565234295], [-121.39060020446777, 47.260213565234295], [-121.39072895050049, 47.26012618911355], [-121.39077186584473, 47.26012618911355], [-121.39077186584473, 47.26009706370789], [-121.39081478118896, 47.26009706370789], [-121.39094352722168, 47.26000968739487], [-121.39094352722168, 47.25998056192512], [-121.39098644256592, 47.25998056192512], [-121.39098644256592, 47.259951436439394], [-121.39102935791016, 47.259951436439394], [-121.39102935791016, 47.25992231093761], [-121.3910722732544, 47.259893185419855], [-121.3910722732544, 47.25986405988601], [-121.39111518859863, 47.25986405988601], [-121.39111518859863, 47.259805808770324], [-121.39115810394287, 47.259805808770324], [-121.39115810394287, 47.25971843197664], [-121.39120101928711, 47.25971843197664], [-121.39120101928711, 47.25960192936071], [-121.39124393463135, 47.25960192936071], [-121.39124393463135, 47.25931067169938], [-121.39120101928711, 47.25931067169938], [-121.39120101928711, 47.25919416818624], [-121.39115810394287, 47.25916504226791], [-121.39115810394287, 47.259077664416765], [-121.39111518859863, 47.259048538434314], [-121.39111518859863, 47.25899028642138], [-121.3910722732544, 47.25899028642138], [-121.3910722732544, 47.25890290828181], [-121.39102935791016, 47.25890290828181], [-121.39102935791016, 47.258844656108664], [-121.39098644256592, 47.25881552999806], [-121.39098644256592, 47.258786403871426], [-121.39094352722168, 47.25875727772876], [-121.39094352722168, 47.2587281515701], [-121.39090061187744, 47.2586990253954], [-121.39090061187744, 47.258669899204676], [-121.3908576965332, 47.25864077299795], [-121.3908576965332, 47.258611646775165], [-121.39081478118896, 47.25858252053641], [-121.39081478118896, 47.25855339428156], [-121.39077186584473, 47.25855339428156], [-121.39077186584473, 47.2584951417239], [-121.39072895050049, 47.2584951417239], [-121.39072895050049, 47.25846601542105], [-121.39064311981201, 47.258407762767206], [-121.39064311981201, 47.25837863641627], [-121.3905143737793, 47.25829125726733], [-121.39017105102539, 47.25797086582074], [-121.39012813568115, 47.25797086582074], [-121.39012813568115, 47.257941739229494], [-121.39008522033691, 47.257941739229494], [-121.39008522033691, 47.25791261262219], [-121.39004230499268, 47.25791261262219], [-121.39004230499268, 47.25788348599886], [-121.3899564743042, 47.257825232704164], [-121.38991355895996, 47.257825232704164], [-121.38991355895996, 47.25779610603277], [-121.38987064361572, 47.25776697934538], [-121.38982772827148, 47.25776697934538], [-121.38982772827148, 47.25773785264195], [-121.38978481292725, 47.25773785264195], [-121.38978481292725, 47.25770872592247], [-121.38974189758301, 47.25770872592247], [-121.38969898223877, 47.257679599187014], [-121.38969898223877, 47.25765047243553], [-121.38965606689453, 47.25765047243553], [-121.38948440551758, 47.25753396526932], [-121.38944149017334, 47.25753396526932], [-121.38944149017334, 47.25750483843771], [-121.3893985748291, 47.25750483843771], [-121.38931274414062, 47.25744658472641], [-121.38926982879639, 47.25744658472641], [-121.38926982879639, 47.25741745784674], [-121.38922691345215, 47.25741745784674], [-121.38914108276367, 47.25735920403932], [-121.38909816741943, 47.25735920403932], [-121.38901233673096, 47.25730095016783], [-121.38896942138672, 47.25730095016783], [-121.38892650604248, 47.25727182320804], [-121.38888359069824, 47.25727182320804], [-121.38879776000977, 47.257213569240406], [-121.38875484466553, 47.257213569240406], [-121.38866901397705, 47.25715531520868], [-121.38858318328857, 47.25715531520868], [-121.38854026794434, 47.2571261881688], [-121.3884973526001, 47.2571261881688], [-121.38845443725586, 47.25709706111286], [-121.38841152191162, 47.25709706111286], [-121.38832569122314, 47.25706793404092], [-121.3882827758789, 47.25706793404092], [-121.38823986053467, 47.25703880695295], [-121.38815402984619, 47.25703880695295], [-121.38806819915771, 47.25700967984898], [-121.38802528381348, 47.25700967984898], [-121.38798236846924, 47.256980552728976], [-121.387939453125, 47.256980552728976], [-121.38785362243652, 47.256951425592945], [-121.38781070709229, 47.256951425592945], [-121.38776779174805, 47.256922298440884], [-121.38763904571533, 47.256922298440884], [-121.3875961303711, 47.25689317127282], [-121.38755321502686, 47.25689317127282], [-121.38751029968262, 47.25686404408873], [-121.3873815536499, 47.25686404408873], [-121.38733863830566, 47.25683491688861], [-121.38720989227295, 47.25683491688861], [-121.38716697692871, 47.256805789672455], [-121.38708114624023, 47.256805789672455], [-121.38699531555176, 47.2567766624403], [-121.38686656951904, 47.2567766624403], [-121.38678073883057, 47.25674753519212], [-121.38665199279785, 47.25674753519212], [-121.38660907745361, 47.256718407927906], [-121.38643741607666, 47.256718407927906], [-121.38639450073242, 47.25668928064766], [-121.38605117797852, 47.25668928064766], [-121.38600826263428, 47.25666015335142], [-121.38575077056885, 47.25666015335142], [-121.38570785522461, 47.25668928064766], [-121.3853645324707, 47.25668928064766], [-121.38532161712646, 47.256718407927906], [-121.38519287109375, 47.256718407927906], [-121.38514995574951, 47.25674753519212], [-121.3850212097168, 47.25674753519212], [-121.38497829437256, 47.2567766624403], [-121.38489246368408, 47.2567766624403], [-121.38484954833984, 47.256805789672455], [-121.38476371765137, 47.256805789672455], [-121.38472080230713, 47.25683491688861], [-121.38467788696289, 47.25683491688861], [-121.38463497161865, 47.25686404408873], [-121.38459205627441, 47.25686404408873], [-121.38454914093018, 47.25689317127282], [-121.3844633102417, 47.25689317127282], [-121.38442039489746, 47.256922298440884], [-121.38266086578369, 47.25756309208492], [-121.38137340545654, 47.25811649853679], [-121.37914180755615, 47.25901941243586], [-121.37905597686768, 47.259077664416765], [-121.37901306152344, 47.259077664416765], [-121.37892723083496, 47.25913591633355], [-121.37888431549072, 47.25913591633355], [-121.37879848480225, 47.25919416818624], [-121.37875556945801, 47.25919416818624], [-121.37858390808105, 47.25931067169938], [-121.37854099273682, 47.25931067169938], [-121.37854099273682, 47.25933979753765], [-121.37849807739258, 47.25936892335983], [-121.37845516204834, 47.25936892335983], [-121.37845516204834, 47.25939804916604], [-121.3784122467041, 47.25939804916604], [-121.3784122467041, 47.25942717495619], [-121.37815475463867, 47.25960192936071], [-121.37815475463867, 47.25963105503874], [-121.37811183929443, 47.25963105503874], [-121.37811183929443, 47.259660180700735], [-121.3780689239502, 47.259660180700735], [-121.3780689239502, 47.25968930634667], [-121.37802600860596, 47.25971843197664], [-121.37798309326172, 47.25971843197664], [-121.37798309326172, 47.25974755759054], [-121.37794017791748, 47.25974755759054], [-121.37794017791748, 47.25977668318845], [-121.37781143188477, 47.25986405988601], [-121.37776851654053, 47.25986405988601], [-121.37776851654053, 47.259893185419855], [-121.37768268585205, 47.259951436439394], [-121.37763977050781, 47.259951436439394], [-121.37763977050781, 47.25998056192512], [-121.37759685516357, 47.25998056192512], [-121.3775110244751, 47.26003881284856], [-121.37746810913086, 47.26003881284856], [-121.37746810913086, 47.260067938286255], [-121.37742519378662, 47.260067938286255], [-121.37742519378662, 47.26009706370789], [-121.37738227844238, 47.26009706370789], [-121.37733936309814, 47.26012618911355], [-121.3772964477539, 47.26012618911355], [-121.37725353240967, 47.26015531450315], [-121.37721061706543, 47.26015531450315], [-121.37721061706543, 47.26018443987675], [-121.37716770172119, 47.26018443987675], [-121.37712478637695, 47.260213565234295], [-121.37708187103271, 47.260213565234295], [-121.37699604034424, 47.260271815901376], [-121.37691020965576, 47.260271815901376], [-121.37691020965576, 47.260300941210886], [-121.37682437896729, 47.260300941210886], [-121.37682437896729, 47.260330066504366], [-121.37673854827881, 47.260330066504366], [-121.37669563293457, 47.260359191781816], [-121.37665271759033, 47.260359191781816], [-121.3766098022461, 47.260388317043265], [-121.37656688690186, 47.260388317043265], [-121.37652397155762, 47.260417442288656], [-121.3763952255249, 47.260417442288656], [-121.3763952255249, 47.26044656751807], [-121.37622356414795, 47.26044656751807], [-121.37622356414795, 47.26047569273143], [-121.37596607208252, 47.26047569273143], [-121.37592315673828, 47.26050481792876], [-121.37540817260742, 47.26050481792876], [-121.37540817260742, 47.26047569273143], [-121.37510776519775, 47.26047569273143], [-121.37510776519775, 47.26044656751807], [-121.3749361038208, 47.26044656751807], [-121.37489318847656, 47.260417442288656], [-121.37472152709961, 47.260417442288656], [-121.37467861175537, 47.260388317043265], [-121.37454986572266, 47.260388317043265], [-121.37450695037842, 47.260359191781816], [-121.37442111968994, 47.260359191781816], [-121.3743782043457, 47.260330066504366], [-121.37429237365723, 47.260330066504366], [-121.37424945831299, 47.260300941210886], [-121.37416362762451, 47.260300941210886], [-121.37412071228027, 47.260271815901376], [-121.37407779693604, 47.260271815901376], [-121.3734769821167, 47.26009706370789], [-121.37077331542969, 47.25928154584514], [-121.3705587387085, 47.25922329408854], [-121.37047290802002, 47.25916504226791], [-121.37042999267578, 47.25916504226791], [-121.37038707733154, 47.25913591633355], [-121.3703441619873, 47.25913591633355], [-121.3703441619873, 47.25910679038316], [-121.37030124664307, 47.25910679038316], [-121.37030124664307, 47.259077664416765], [-121.37021541595459, 47.259077664416765], [-121.37021541595459, 47.259048538434314], [-121.37017250061035, 47.259048538434314], [-121.37004375457764, 47.258961160390896], [-121.3700008392334, 47.258961160390896], [-121.3700008392334, 47.258932034344355], [-121.36995792388916, 47.258932034344355], [-121.36995792388916, 47.25890290828181], [-121.36991500854492, 47.25887378220327], [-121.36987209320068, 47.25887378220327], [-121.36987209320068, 47.258844656108664], [-121.36965751647949, 47.2587281515701], [-121.36957168579102, 47.258611646775165], [-121.36948585510254, 47.25855339428156], [-121.36948585510254, 47.258524268010774], [-121.3694429397583, 47.2584951417239], [-121.3694429397583, 47.25846601542105], [-121.36935710906982, 47.258407762767206], [-121.36935710906982, 47.25837863641627], [-121.36931419372559, 47.2583495100493], [-121.36931419372559, 47.25832038366633], [-121.36927127838135, 47.25829125726733], [-121.36927127838135, 47.25826213085227], [-121.36922836303711, 47.258233004421214], [-121.36922836303711, 47.258174751511035], [-121.36918544769287, 47.258174751511035], [-121.36918544769287, 47.25811649853679], [-121.36914253234863, 47.25808737202564], [-121.36914253234863, 47.25802911895525], [-121.3690996170044, 47.25799999239601], [-121.3690996170044, 47.25791261262219], [-121.36905670166016, 47.25788348599886], [-121.36905670166016, 47.25779610603277], [-121.36901378631592, 47.25776697934538], [-121.36901378631592, 47.25759221888447], [-121.36897087097168, 47.25756309208492], [-121.36897087097168, 47.257213569240406], [-121.36901378631592, 47.2571261881688], [-121.36901378631592, 47.256980552728976], [-121.36905670166016, 47.256922298440884], [-121.36905670166016, 47.256805789672455], [-121.3690996170044, 47.256805789672455], [-121.3690996170044, 47.256718407927906], [-121.36914253234863, 47.256718407927906], [-121.36914253234863, 47.256631026039145], [-121.36918544769287, 47.256631026039145], [-121.36918544769287, 47.256572771366535], [-121.36922836303711, 47.2565436440062], [-121.36922836303711, 47.256514516629835], [-121.36927127838135, 47.25648538923744], [-121.36927127838135, 47.256456261829044], [-121.36931419372559, 47.25642713440459], [-121.36931419372559, 47.25639800696416], [-121.36935710906982, 47.256368879507676], [-121.37133121490479, 47.256368879507676], [-121.37128829956055, 47.25639800696416], [-121.37128829956055, 47.25642713440459], [-121.37124538421631, 47.25642713440459], [-121.37124538421631, 47.256456261829044], [-121.37120246887207, 47.256456261829044], [-121.37120246887207, 47.25648538923744], [-121.37115955352783, 47.25648538923744], [-121.37115955352783, 47.256514516629835], [-121.3711166381836, 47.256514516629835], [-121.3711166381836, 47.2565436440062], [-121.37107372283936, 47.2565436440062], [-121.37107372283936, 47.256572771366535], [-121.37103080749512, 47.256572771366535], [-121.37103080749512, 47.25660189871084], [-121.37098789215088, 47.256631026039145], [-121.37098789215088, 47.25666015335142], [-121.37094497680664, 47.25666015335142], [-121.37094497680664, 47.25668928064766], [-121.3709020614624, 47.25668928064766], [-121.3709020614624, 47.256718407927906], [-121.37085914611816, 47.25674753519212], [-121.37085914611816, 47.2567766624403], [-121.37081623077393, 47.256805789672455], [-121.37081623077393, 47.25683491688861], [-121.37073040008545, 47.25689317127282], [-121.37073040008545, 47.256951425592945], [-121.37068748474121, 47.256951425592945], [-121.37068748474121, 47.25700967984898], [-121.37064456939697, 47.25700967984898], [-121.37064456939697, 47.25709706111286], [-121.37060165405273, 47.2571261881688], [-121.37060165405273, 47.257621345667985], [-121.37064456939697, 47.25765047243553], [-121.37064456939697, 47.25770872592247], [-121.37068748474121, 47.25773785264195], [-121.37068748474121, 47.25779610603277], [-121.37073040008545, 47.25779610603277], [-121.37073040008545, 47.257825232704164], [-121.37077331542969, 47.257854359359555], [-121.37077331542969, 47.25788348599886], [-121.37081623077393, 47.25788348599886], [-121.37081623077393, 47.25791261262219], [-121.37085914611816, 47.25791261262219], [-121.37085914611816, 47.257941739229494], [-121.3709020614624, 47.257941739229494], [-121.3709020614624, 47.25797086582074], [-121.3711166381836, 47.25811649853679], [-121.37115955352783, 47.25811649853679], [-121.37115955352783, 47.25814562503194], [-121.37120246887207, 47.25814562503194], [-121.37120246887207, 47.258174751511035], [-121.37124538421631, 47.258174751511035], [-121.37128829956055, 47.258203877974154], [-121.37133121490479, 47.258203877974154], [-121.37133121490479, 47.258233004421214], [-121.37137413024902, 47.258233004421214], [-121.37141704559326, 47.25826213085227], [-121.3714599609375, 47.25826213085227], [-121.37150287628174, 47.25829125726733], [-121.37154579162598, 47.25829125726733], [-121.37154579162598, 47.25832038366633], [-121.37163162231445, 47.25832038366633], [-121.37167453765869, 47.2583495100493], [-121.37171745300293, 47.2583495100493], [-121.37171745300293, 47.25837863641627], [-121.3718032836914, 47.25837863641627], [-121.37184619903564, 47.258407762767206], [-121.37193202972412, 47.258407762767206], [-121.37197494506836, 47.25843688910214], [-121.37231826782227, 47.258524268010774], [-121.37467861175537, 47.25919416818624], [-121.37523651123047, 47.25933979753765], [-121.37532234191895, 47.25933979753765], [-121.37536525726318, 47.25936892335983], [-121.37592315673828, 47.25936892335983], [-121.37592315673828, 47.25933979753765], [-121.376051902771, 47.25933979753765], [-121.376051902771, 47.25931067169938], [-121.37613773345947, 47.25931067169938], [-121.37613773345947, 47.25928154584514], [-121.37622356414795, 47.25928154584514], [-121.37622356414795, 47.25925241997487], [-121.37626647949219, 47.25925241997487], [-121.37630939483643, 47.25922329408854], [-121.37635231018066, 47.25922329408854], [-121.3763952255249, 47.25919416818624], [-121.37643814086914, 47.25919416818624], [-121.37643814086914, 47.25916504226791], [-121.37648105621338, 47.25916504226791], [-121.37652397155762, 47.25913591633355], [-121.37656688690186, 47.25913591633355], [-121.37656688690186, 47.25910679038316], [-121.3766098022461, 47.25910679038316], [-121.37673854827881, 47.25901941243586], [-121.37678146362305, 47.25901941243586], [-121.37678146362305, 47.25899028642138], [-121.37682437896729, 47.25899028642138], [-121.37682437896729, 47.258961160390896], [-121.37686729431152, 47.258961160390896], [-121.37686729431152, 47.258932034344355], [-121.37691020965576, 47.258932034344355], [-121.37691020965576, 47.25890290828181], [-121.376953125, 47.25887378220327], [-121.37716770172119, 47.2586990253954], [-121.37733936309814, 47.25858252053641], [-121.37746810913086, 47.258524268010774], [-121.3775110244751, 47.2584951417239], [-121.37759685516357, 47.25846601542105], [-121.37776851654053, 47.2583495100493], [-121.377854347229, 47.25832038366633], [-121.37798309326172, 47.258233004421214], [-121.3780689239502, 47.258203877974154], [-121.37824058532715, 47.25808737202564], [-121.37832641601562, 47.25805824549846], [-121.38137340545654, 47.256805789672455], [-121.38257503509521, 47.25633975203516], [-121.38630867004395, 47.25633975203516], [-121.38635158538818, 47.25631062454664], [-121.38974189758301, 47.25631062454664], [-121.38978481292725, 47.25633975203516], [-121.38982772827148, 47.25633975203516], [-121.3899564743042, 47.25642713440459], [-121.38999938964844, 47.25642713440459], [-121.39004230499268, 47.256456261829044], [-121.39008522033691, 47.256456261829044], [-121.39017105102539, 47.256514516629835], [-121.39021396636963, 47.256514516629835], [-121.39034271240234, 47.25660189871084], [-121.39038562774658, 47.25660189871084], [-121.39047145843506, 47.25666015335142], [-121.3905143737793, 47.25666015335142], [-121.3905143737793, 47.25668928064766], [-121.39055728912354, 47.256718407927906], [-121.39060020446777, 47.256718407927906], [-121.39068603515625, 47.2567766624403], [-121.39072895050049, 47.2567766624403], [-121.39072895050049, 47.256805789672455], [-121.39081478118896, 47.25686404408873], [-121.3908576965332, 47.25686404408873], [-121.39094352722168, 47.256922298440884], [-121.39094352722168, 47.256951425592945], [-121.39098644256592, 47.256951425592945], [-121.3910722732544, 47.25700967984898], [-121.3910722732544, 47.25703880695295], [-121.39111518859863, 47.25703880695295], [-121.39120101928711, 47.25709706111286], [-121.39120101928711, 47.2571261881688], [-121.39124393463135, 47.2571261881688], [-121.39132976531982, 47.25718444223256], [-121.39132976531982, 47.257213569240406], [-121.39137268066406, 47.257242696232225], [-121.3914155960083, 47.257242696232225], [-121.39145851135254, 47.25727182320804], [-121.39145851135254, 47.25730095016783], [-121.39184474945068, 47.257621345667985], [-121.39184474945068, 47.25765047243553], [-121.39188766479492, 47.257679599187014], [-121.39193058013916, 47.257679599187014], [-121.39193058013916, 47.25770872592247], [-121.39201641082764, 47.25776697934538], [-121.39201641082764, 47.25779610603277], [-121.39205932617188, 47.25779610603277], [-121.39205932617188, 47.257825232704164], [-121.39214515686035, 47.25788348599886], [-121.39214515686035, 47.25791261262219], [-121.39218807220459, 47.257941739229494], [-121.39218807220459, 47.25797086582074], [-121.39227390289307, 47.25802911895525], [-121.39227390289307, 47.25805824549846], [-121.39235973358154, 47.25811649853679], [-121.39235973358154, 47.258174751511035], [-121.39240264892578, 47.258174751511035], [-121.39240264892578, 47.258233004421214], [-121.39248847961426, 47.25829125726733], [-121.39248847961426, 47.2583495100493], [-121.3925313949585, 47.2583495100493], [-121.3925313949585, 47.258407762767206], [-121.39257431030273, 47.25843688910214], [-121.39257431030273, 47.2584951417239], [-121.39261722564697, 47.258524268010774], [-121.39261722564697, 47.25858252053641], [-121.39266014099121, 47.25858252053641], [-121.39266014099121, 47.258669899204676], [-121.39270305633545, 47.2586990253954], [-121.39270305633545, 47.258786403871426], [-121.39274597167969, 47.25881552999806], [-121.39274597167969, 47.25890290828181], [-121.39278888702393, 47.258932034344355], [-121.39278888702393, 47.25910679038316], [-121.39283180236816, 47.25910679038316], [-121.39283180236816, 47.259660180700735], [-121.39278888702393, 47.25968930634667], [-121.39278888702393, 47.259805808770324], [-121.39274597167969, 47.2598349343362], [-121.39274597167969, 47.25992231093761], [-121.39270305633545, 47.259951436439394], [-121.39270305633545, 47.26003881284856], [-121.39266014099121, 47.26003881284856], [-121.39266014099121, 47.26009706370789], [-121.39261722564697, 47.26012618911355], [-121.39261722564697, 47.26018443987675], [-121.39257431030273, 47.260213565234295], [-121.39257431030273, 47.260242690575836], [-121.3925313949585, 47.260271815901376], [-121.3925313949585, 47.260300941210886], [-121.39248847961426, 47.260330066504366], [-121.39248847961426, 47.260359191781816], [-121.39244556427002, 47.260388317043265], [-121.39244556427002, 47.260417442288656], [-121.39240264892578, 47.26044656751807], [-121.39240264892578, 47.26047569273143], [-121.39235973358154, 47.26047569273143], [-121.39235973358154, 47.26050481792876], [-121.3923168182373, 47.26053394311009], [-121.3923168182373, 47.26056306827539], [-121.39227390289307, 47.26056306827539], [-121.39227390289307, 47.26062131855795], [-121.39223098754883, 47.26062131855795], [-121.39223098754883, 47.26065044367519], [-121.39218807220459, 47.26065044367519], [-121.39218807220459, 47.26067956877637], [-121.39210224151611, 47.26073781893075], [-121.39210224151611, 47.260766943983896], [-121.39205932617188, 47.260766943983896], [-121.39201641082764, 47.26079606902104], [-121.39201641082764, 47.260825194042155], [-121.3919734954834, 47.260825194042155], [-121.3919734954834, 47.26085431904721], [-121.39193058013916, 47.26085431904721], [-121.39193058013916, 47.260883444036295], [-121.39188766479492, 47.260883444036295], [-121.39188766479492, 47.26091256900932], [-121.39184474945068, 47.26091256900932], [-121.39184474945068, 47.260941693966345], [-121.39180183410645, 47.260941693966345], [-121.39180183410645, 47.26097081890731], [-121.3917589187622, 47.26097081890731], [-121.39158725738525, 47.26108731851107], [-121.39154434204102, 47.26108731851107], [-121.39154434204102, 47.261116443371975], [-121.39150142669678, 47.261116443371975], [-121.39145851135254, 47.26114556821682], [-121.3914155960083, 47.26114556821682], [-121.39137268066406, 47.26117469304566], [-121.39132976531982, 47.26117469304566], [-121.39132976531982, 47.2612038178585], [-121.39128684997559, 47.2612038178585], [-121.39124393463135, 47.26123294265528], [-121.39120101928711, 47.26123294265528], [-121.39120101928711, 47.261262067436064], [-121.39111518859863, 47.261262067436064], [-121.3910722732544, 47.261291192200815], [-121.39102935791016, 47.261291192200815], [-121.39102935791016, 47.261320316949536], [-121.39094352722168, 47.261320316949536], [-121.39090061187744, 47.261349441682256], [-121.3908576965332, 47.261349441682256], [-121.3908576965332, 47.261378566398946], [-121.39077186584473, 47.261378566398946], [-121.39072895050049, 47.261407691099606], [-121.39064311981201, 47.261407691099606], [-121.39064311981201, 47.261436815784236], [-121.39055728912354, 47.261436815784236], [-121.3905143737793, 47.26146594045284], [-121.39042854309082, 47.26146594045284], [-121.39038562774658, 47.261495065105464], [-121.39025688171387, 47.261495065105464], [-121.39021396636963, 47.26152418974203], [-121.39012813568115, 47.26152418974203], [-121.39008522033691, 47.26155331436257], [-121.38991355895996, 47.26155331436257], [-121.38987064361572, 47.26158243896711], [-121.38974189758301, 47.26158243896711], [-121.38969898223877, 47.26161156355562], [-121.38952732086182, 47.26161156355562], [-121.38948440551758, 47.2616406881281], [-121.38918399810791, 47.2616406881281], [-121.38918399810791, 47.26166981268457], [-121.3884973526001, 47.26166981268457], [-121.38845443725586, 47.2616406881281], [-121.38819694519043, 47.2616406881281], [-121.38815402984619, 47.26161156355562], [-121.38798236846924, 47.26161156355562], [-121.387939453125, 47.26158243896711], [-121.38776779174805, 47.26158243896711], [-121.38776779174805, 47.26155331436257], [-121.38763904571533, 47.26155331436257], [-121.38763904571533, 47.26152418974203], [-121.38751029968262, 47.26152418974203], [-121.38751029968262, 47.261495065105464], [-121.38742446899414, 47.261495065105464], [-121.38742446899414, 47.26146594045284], [-121.38733863830566, 47.26146594045284], [-121.38729572296143, 47.261436815784236], [-121.38725280761719, 47.261436815784236], [-121.38720989227295, 47.261407691099606], [-121.38716697692871, 47.261407691099606], [-121.38712406158447, 47.261378566398946], [-121.38708114624023, 47.261378566398946], [-121.387038230896, 47.261349441682256], [-121.38699531555176, 47.261349441682256], [-121.38690948486328, 47.261291192200815], [-121.38686656951904, 47.261291192200815], [-121.3868236541748, 47.261262067436064], [-121.38678073883057, 47.261262067436064], [-121.38678073883057, 47.26123294265528], [-121.38673782348633, 47.26123294265528], [-121.38673782348633, 47.2612038178585], [-121.38669490814209, 47.2612038178585], [-121.38660907745361, 47.26114556821682], [-121.38656616210938, 47.26114556821682], [-121.38656616210938, 47.261116443371975], [-121.38652324676514, 47.261116443371975], [-121.38652324676514, 47.26108731851107], [-121.3864803314209, 47.26108731851107], [-121.3864803314209, 47.26105819363417], [-121.38643741607666, 47.26105819363417], [-121.38622283935547, 47.26091256900932], [-121.38622283935547, 47.260883444036295], [-121.38617992401123, 47.260883444036295], [-121.38617992401123, 47.26085431904721], [-121.38613700866699, 47.26085431904721], [-121.38613700866699, 47.260825194042155], [-121.38596534729004, 47.260708693861574], [-121.3859224319458, 47.260708693861574], [-121.3859224319458, 47.26067956877637], [-121.38587951660156, 47.26067956877637], [-121.38583660125732, 47.26065044367519], [-121.38583660125732, 47.26062131855795], [-121.38579368591309, 47.26062131855795], [-121.38570785522461, 47.26056306827539], [-121.38566493988037, 47.26056306827539], [-121.38566493988037, 47.26053394311009], [-121.38562202453613, 47.26053394311009], [-121.38553619384766, 47.26047569273143], [-121.38549327850342, 47.26047569273143], [-121.38540744781494, 47.260417442288656], [-121.3853645324707, 47.260417442288656], [-121.3853645324707, 47.260388317043265], [-121.38532161712646, 47.260388317043265], [-121.38527870178223, 47.260359191781816], [-121.38523578643799, 47.260359191781816], [-121.38523578643799, 47.260330066504366], [-121.38514995574951, 47.260330066504366], [-121.38506412506104, 47.260271815901376], [-121.38497829437256, 47.260271815901376], [-121.38497829437256, 47.260242690575836], [-121.38493537902832, 47.260242690575836], [-121.38489246368408, 47.260213565234295], [-121.3848066329956, 47.260213565234295], [-121.3848066329956, 47.26018443987675], [-121.38467788696289, 47.26018443987675], [-121.38467788696289, 47.26015531450315], [-121.38450622558594, 47.26015531450315], [-121.38450622558594, 47.26012618911355], [-121.38377666473389, 47.26012618911355], [-121.38377666473389, 47.26015531450315], [-121.38360500335693, 47.26015531450315], [-121.38360500335693, 47.26018443987675], [-121.38347625732422, 47.26018443987675], [-121.38343334197998, 47.260213565234295], [-121.3833475112915, 47.260213565234295], [-121.38330459594727, 47.260242690575836], [-121.38326168060303, 47.260242690575836], [-121.38321876525879, 47.260271815901376], [-121.38313293457031, 47.260271815901376], [-121.38313293457031, 47.260300941210886], [-121.38304710388184, 47.260300941210886], [-121.38304710388184, 47.260330066504366], [-121.38296127319336, 47.260330066504366], [-121.38296127319336, 47.260359191781816], [-121.38291835784912, 47.260359191781816], [-121.38291835784912, 47.260388317043265], [-121.38283252716064, 47.260388317043265], [-121.38283252716064, 47.260417442288656], [-121.38274669647217, 47.260417442288656], [-121.38274669647217, 47.26044656751807], [-121.38270378112793, 47.26044656751807], [-121.38270378112793, 47.26047569273143], [-121.38266086578369, 47.26047569273143], [-121.38261795043945, 47.26050481792876], [-121.38257503509521, 47.26050481792876], [-121.38257503509521, 47.26053394311009], [-121.38253211975098, 47.26053394311009], [-121.38231754302979, 47.26067956877637], [-121.38227462768555, 47.26067956877637], [-121.38227462768555, 47.260708693861574], [-121.38223171234131, 47.260708693861574], [-121.38223171234131, 47.26073781893075], [-121.38137340545654, 47.26123294265528], [-121.38115882873535, 47.261291192200815], [-121.38103008270264, 47.261320316949536], [-121.38090133666992, 47.261378566398946], [-121.38012886047363, 47.26155331436257], [-121.37995719909668, 47.26158243896711], [-121.37794017791748, 47.262048430460624], [-121.37776851654053, 47.26207755479277], [-121.37763977050781, 47.26210667910891], [-121.37755393981934, 47.262135803408995], [-121.37721061706543, 47.26222317621324], [-121.37669563293457, 47.262339673061206], [-121.37536525726318, 47.26266003807129], [-121.3743782043457, 47.26289302958821], [-121.37424945831299, 47.26289302958821], [-121.37420654296875, 47.26292215345572], [-121.37416362762451, 47.26292215345572], [-121.37412071228027, 47.262951277307224], [-121.37399196624756, 47.262951277307224], [-121.37394905090332, 47.2629804011427], [-121.3738203048706, 47.2629804011427], [-121.37377738952637, 47.26300952496214], [-121.37356281280518, 47.26300952496214], [-121.37351989746094, 47.26303864876559], [-121.37330532073975, 47.26303864876559], [-121.37326240539551, 47.263067772553], [-121.37227535247803, 47.263067772553], [-121.37223243713379, 47.26303864876559], [-121.37193202972412, 47.26303864876559], [-121.37188911437988, 47.26300952496214], [-121.37171745300293, 47.26300952496214], [-121.37167453765869, 47.2629804011427], [-121.37154579162598, 47.2629804011427], [-121.37077331542969, 47.26283478180508], [-121.37025833129883, 47.26274741001029], [-121.37008666992188, 47.26274741001029], [-121.37008666992188, 47.262718286046635], [-121.36935710906982, 47.262718286046635], [-121.36931419372559, 47.26274741001029], [-121.36918544769287, 47.26274741001029], [-121.36914253234863, 47.26277653395792], [-121.36901378631592, 47.26277653395792], [-121.36901378631592, 47.262805657889515], [-121.36892795562744, 47.262805657889515], [-121.3688850402832, 47.26283478180508], [-121.36884212493896, 47.26283478180508], [-121.36879920959473, 47.26286390570465], [-121.36875629425049, 47.26286390570465], [-121.36871337890625, 47.26289302958821], [-121.36867046356201, 47.26289302958821], [-121.36862754821777, 47.26292215345572], [-121.36858463287354, 47.26292215345572], [-121.36858463287354, 47.262951277307224], [-121.3685417175293, 47.262951277307224], [-121.36849880218506, 47.2629804011427], [-121.36845588684082, 47.2629804011427], [-121.36845588684082, 47.26300952496214], [-121.36841297149658, 47.26300952496214], [-121.36841297149658, 47.26303864876559], [-121.36837005615234, 47.26303864876559], [-121.36837005615234, 47.263067772553], [-121.36811256408691, 47.263184267542414], [-121.36802673339844, 47.26324251494097], [-121.3679838180542, 47.26324251494097], [-121.36789798736572, 47.26330076227549], [-121.36785507202148, 47.26330076227549], [-121.36785507202148, 47.263329885918694], [-121.36781215667725, 47.263329885918694], [-121.36772632598877, 47.26338813315704], [-121.36768341064453, 47.26338813315704], [-121.3676404953003, 47.26341725675218], [-121.36759757995605, 47.26341725675218], [-121.36751174926758, 47.2634755038944], [-121.36746883392334, 47.2634755038944], [-121.3674259185791, 47.26350462744148], [-121.36738300323486, 47.26350462744148], [-121.36734008789062, 47.26353375097253], [-121.36729717254639, 47.26353375097253], [-121.36725425720215, 47.263562874487576], [-121.36721134185791, 47.263562874487576], [-121.36716842651367, 47.263591997986595], [-121.36712551116943, 47.263591997986595], [-121.3670825958252, 47.26362112146958], [-121.36703968048096, 47.26362112146958], [-121.36699676513672, 47.26365024493654], [-121.36695384979248, 47.26365024493654], [-121.36691093444824, 47.2636793683875], [-121.366868019104, 47.2636793683875], [-121.36682510375977, 47.26370849182243], [-121.36678218841553, 47.26370849182243], [-121.36673927307129, 47.263737615241325], [-121.36669635772705, 47.263737615241325], [-121.36665344238281, 47.26376673864419], [-121.36656761169434, 47.26376673864419], [-121.3665246963501, 47.26379586203106], [-121.36648178100586, 47.26379586203106], [-121.36643886566162, 47.263824985401925], [-121.3654088973999, 47.26408709501845], [-121.36532306671143, 47.26408709501845], [-121.36532306671143, 47.26411621822908], [-121.36519432067871, 47.26411621822908], [-121.36515140533447, 47.26414534142367], [-121.365065574646, 47.26414534142367], [-121.36502265930176, 47.26417446460226], [-121.36497974395752, 47.26417446460226], [-121.36493682861328, 47.2642035877648], [-121.36480808258057, 47.2642035877648], [-121.36480808258057, 47.26423271091133], [-121.36472225189209, 47.26423271091133], [-121.36463642120361, 47.264290957156305], [-121.36455059051514, 47.264290957156305], [-121.36455059051514, 47.264320080254805], [-121.36446475982666, 47.264320080254805], [-121.36437892913818, 47.26437832640366], [-121.36433601379395, 47.26437832640366], [-121.3642930984497, 47.26440744945407], [-121.36425018310547, 47.26440744945407], [-121.36420726776123, 47.26443657248845], [-121.36416435241699, 47.26443657248845], [-121.36416435241699, 47.26446569550677], [-121.36412143707275, 47.26446569550677], [-121.36403560638428, 47.26452394149544], [-121.36399269104004, 47.26452394149544], [-121.36399269104004, 47.26455306446573], [-121.3639497756958, 47.26455306446573], [-121.36386394500732, 47.26461131035822], [-121.36382102966309, 47.26461131035822], [-121.36382102966309, 47.264640433280476], [-121.36377811431885, 47.264640433280476], [-121.36356353759766, 47.264786047651256], [-121.36352062225342, 47.264786047651256], [-121.36352062225342, 47.264815170477334], [-121.36330604553223, 47.264960784367474], [-121.36330604553223, 47.26498990709743], [-121.36326313018799, 47.26498990709743], [-121.36326313018799, 47.265019029811384], [-121.36322021484375, 47.26504815250931], [-121.36317729949951, 47.26504815250931], [-121.36317729949951, 47.265077275191175], [-121.36309146881104, 47.26513552050693], [-121.36309146881104, 47.265164643140736], [-121.3630485534668, 47.265164643140736], [-121.3630485534668, 47.26519376575854], [-121.36300563812256, 47.26522288836034], [-121.36300563812256, 47.265252010946114], [-121.36296272277832, 47.265281133515856], [-121.36296272277832, 47.26531025606954], [-121.36291980743408, 47.26531025606954], [-121.36291980743408, 47.26533937860725], [-121.36287689208984, 47.26536850112893], [-121.36287689208984, 47.265397623634584], [-121.3628339767456, 47.265397623634584], [-121.3628339767456, 47.265455868597826], [-121.36274814605713, 47.26551411349698], [-121.36274814605713, 47.265572358332065], [-121.36270523071289, 47.265572358332065], [-121.36270523071289, 47.265630603103034], [-121.36188983917236, 47.26659163257162], [-121.36184692382812, 47.26659163257162], [-121.36184692382812, 47.26662075440436], [-121.36180400848389, 47.26664987622104], [-121.36180400848389, 47.266678998021746], [-121.36176109313965, 47.266678998021746], [-121.36176109313965, 47.26673724157507], [-121.36171817779541, 47.26673724157507], [-121.36171817779541, 47.26676636332769], [-121.36167526245117, 47.26679548506428], [-121.36167526245117, 47.266824606784894], [-121.36163234710693, 47.266824606784894], [-121.36163234710693, 47.26685372848948], [-121.3615894317627, 47.26685372848948], [-121.3615894317627, 47.26688285017798], [-121.3613748550415, 47.267028458380366], [-121.3613748550415, 47.26705757997277], [-121.36133193969727, 47.26705757997277], [-121.36133193969727, 47.26708670154915], [-121.36128902435303, 47.26708670154915], [-121.36128902435303, 47.26711582310955], [-121.36124610900879, 47.26711582310955], [-121.36124610900879, 47.267144944653865], [-121.36120319366455, 47.267144944653865], [-121.36120319366455, 47.26717406618221], [-121.36116027832031, 47.26717406618221], [-121.36107444763184, 47.267232309190774], [-121.3610315322876, 47.267232309190774], [-121.3610315322876, 47.267261430671056], [-121.36098861694336, 47.267261430671056], [-121.36098861694336, 47.26729055213528], [-121.36090278625488, 47.26729055213528], [-121.36090278625488, 47.2673196735835], [-121.36085987091064, 47.2673196735835], [-121.36085987091064, 47.26734879501569], [-121.36077404022217, 47.26734879501569], [-121.36077404022217, 47.267377916431855], [-121.36073112487793, 47.267377916431855], [-121.36068820953369, 47.26740703783199], [-121.36064529418945, 47.26740703783199], [-121.36064529418945, 47.26743615921612], [-121.36055946350098, 47.26743615921612], [-121.36055946350098, 47.26746528058422], [-121.3604736328125, 47.26746528058422], [-121.36043071746826, 47.26749440193632], [-121.36038780212402, 47.26749440193632]]]}, "properties": {"fid": 293130, "ogc_fid": 293130, "path": "/us/wa/king/enumclaw-plateau/293130", "ll_uuid": "980410c8-5dd2-4156-8607-b16eddf9f40c", "owner": "BNSF RWY PROP TAX DEPT", "parcelnumb": "3521119017"}, "id": 54}, {"type": "Feature", "geometry": {"type": "Polygon", "coordinates": [[[-121.34553909301758, 47.270843250560915], [-121.3494873046875, 47.2695619769826], [-121.3546371459961, 47.26798946247038], [-121.35472297668457, 47.267960341390676], [-121.35485172271729, 47.26793122029494], [-121.35948657989502, 47.26653338885808], [-121.35952949523926, 47.26650426697728], [-121.3595724105835, 47.26650426697728], [-121.35961532592773, 47.26647514508042], [-121.35965824127197, 47.26647514508042], [-121.35965824127197, 47.26644602316759], [-121.35974407196045, 47.26644602316759], [-121.35974407196045, 47.26641690123873], [-121.35978698730469, 47.26641690123873], [-121.35982990264893, 47.26638777929384], [-121.3599157333374, 47.266358657332944], [-121.35995864868164, 47.266329535355965], [-121.36004447937012, 47.26630041336304], [-121.36008739471436, 47.26627129135406], [-121.36021614074707, 47.26621304728806], [-121.36025905609131, 47.26618392523099], [-121.36025905609131, 47.2675526445924], [-121.35910034179688, 47.26784385691161], [-121.35738372802734, 47.268368035048695], [-121.35472297668457, 47.2691834129439], [-121.35455131530762, 47.26924165374149], [-121.34953022003174, 47.27081413105131], [-121.34716987609863, 47.27081413105131], [-121.34553909301758, 47.270843250560915]]]}, "properties": {"fid": 306967, "ogc_fid": 306967, "path": "/us/wa/king/enumclaw-plateau/306967", "ll_uuid": "67202628-e2d0-433b-a378-9452e079f4a2", "owner": "BNSF", "parcelnumb": "3621119017"}, "id": 55}, {"type": "Feature", "geometry": {"type": "Polygon", "coordinates": [[[-121.40248775482178, 47.2707850115257], [-121.40257358551025, 47.26388323209554], [-121.40261650085449, 47.263591997986595], [-121.4038610458374, 47.263591997986595], [-121.40862464904785, 47.263562874487576], [-121.41111373901367, 47.263562874487576], [-121.41330242156982, 47.26353375097253], [-121.41330242156982, 47.26274741001029], [-121.41334533691406, 47.26184455968692], [-121.4133882522583, 47.25864077299795], [-121.41343116760254, 47.256368879507676], [-121.41467571258545, 47.256368879507676], [-121.42385959625244, 47.25633975203516], [-121.42411708831787, 47.25633975203516], [-121.42411708831787, 47.25756309208492], [-121.4240312576294, 47.262048430460624], [-121.4240312576294, 47.26437832640366], [-121.42398834228516, 47.267610887184446], [-121.42394542694092, 47.26886308741166], [-121.42394542694092, 47.270610294035606], [-121.42184257507324, 47.270610294035606], [-121.41622066497803, 47.27066853326306], [-121.41321659088135, 47.27069765285276], [-121.4073371887207, 47.270755891984095], [-121.40562057495117, 47.270755891984095], [-121.40248775482178, 47.2707850115257]]]}, "properties": {"fid": 276257, "ogc_fid": 276257, "path": "/us/wa/king/enumclaw-plateau/276257", "ll_uuid": "a42ff3ca-9e5d-4136-8954-9861c777200d", "owner": "GREEN CANYON TIMBERLANDS LL", "parcelnumb": "3321119001"}, "id": 64}, {"type": "Feature", "geometry": {"type": "Polygon", "coordinates": [[[-121.475830078125, 47.25633975203516], [-121.46810531616211, 47.256135859279084], [-121.46673202514648, 47.256106731678386], [-121.46656036376953, 47.25255304418042], [-121.46643161773682, 47.24998958056085], [-121.46643161773682, 47.249115644148844], [-121.47338390350342, 47.249203038438964], [-121.475830078125, 47.24926130121892], [-121.475830078125, 47.25633975203516]]]}, "properties": {"fid": 7553, "ogc_fid": 7553, "path": "/us/wa/king/enumclaw-plateau/7553", "ll_uuid": "a540203e-5c13-4b80-aaf3-dc3e3e1dafe3", "owner": "BTG PACTUAL OEF PROPERTY 1", "parcelnumb": "0120109001"}, "id": 70}, {"type": "Feature", "geometry": {"type": "Polygon", "coordinates": [[[-121.44896507263184, 47.25633975203516], [-121.44857883453369, 47.256368879507676], [-121.44664764404297, 47.256368879507676], [-121.44664764404297, 47.252465655418064], [-121.44660472869873, 47.24931956393479], [-121.44660472869873, 47.24226931001539], [-121.45634651184082, 47.24218190428505], [-121.45647525787354, 47.24218190428505], [-121.46076679229736, 47.24215276900955], [-121.46252632141113, 47.24215276900955], [-121.46604537963867, 47.24212363371802], [-121.46613121032715, 47.24212363371802], [-121.46638870239258, 47.248241693316515], [-121.46643161773682, 47.249115644148844], [-121.46643161773682, 47.24998958056085], [-121.46656036376953, 47.25255304418042], [-121.46673202514648, 47.256106731678386], [-121.46634578704834, 47.256135859279084], [-121.46553039550781, 47.256135859279084], [-121.46179676055908, 47.25619411443236], [-121.45827770233154, 47.25622324198497], [-121.45793437957764, 47.25622324198497], [-121.45780563354492, 47.25625236952155], [-121.45578861236572, 47.25625236952155], [-121.45175457000732, 47.25631062454664], [-121.44913673400879, 47.25633975203516], [-121.44896507263184, 47.25633975203516]]]}, "properties": {"fid": 39890, "ogc_fid": 39890, "path": "/us/wa/king/enumclaw-plateau/39890", "ll_uuid": "64ab99be-51b7-4577-8106-c2d17e626781", "owner": "GREEN CANYON TIMBERLANDS LL", "parcelnumb": "0620119001"}, "id": 72}, {"type": "Feature", "geometry": {"type": "Polygon", "coordinates": [[[-121.475830078125, 47.24926130121892], [-121.47338390350342, 47.249203038438964], [-121.46643161773682, 47.249115644148844], [-121.46638870239258, 47.248241693316515], [-121.46613121032715, 47.24212363371802], [-121.475830078125, 47.24218190428505], [-121.475830078125, 47.24926130121892]]]}, "properties": {"fid": 7565, "ogc_fid": 7565, "path": "/us/wa/king/enumclaw-plateau/7565", "ll_uuid": "a0e92bb2-6be9-4b67-8bea-7aa52242180b", "owner": "GREEN CANYON TIMBERLANDS LL", "parcelnumb": "0120109005"}, "id": 74}, {"type": "Feature", "geometry": {"type": "Polygon", "coordinates": [[[-121.44514560699463, 47.2695619769826], [-121.44514560699463, 47.26627129135406], [-121.44518852233887, 47.2642035877648], [-121.44518852233887, 47.26239792138904], [-121.4452314376831, 47.259077664416765], [-121.4452314376831, 47.25639800696416], [-121.44664764404297, 47.256368879507676], [-121.44857883453369, 47.256368879507676], [-121.44896507263184, 47.25633975203516], [-121.44913673400879, 47.25633975203516], [-121.45175457000732, 47.25631062454664], [-121.45578861236572, 47.25625236952155], [-121.45780563354492, 47.25625236952155], [-121.45793437957764, 47.25622324198497], [-121.45827770233154, 47.25622324198497], [-121.46179676055908, 47.25619411443236], [-121.46553039550781, 47.256135859279084], [-121.46634578704834, 47.256135859279084], [-121.46634578704834, 47.25791261262219], [-121.46643161773682, 47.26263091405957], [-121.46647453308105, 47.2629804011427], [-121.46647453308105, 47.263359009545866], [-121.46656036376953, 47.26915429252108], [-121.46659708135272, 47.269876819080864], [-121.46659711737051, 47.26988669348418], [-121.46659748681178, 47.2699879549892], [-121.46659800453418, 47.27003461952797], [-121.46660327911377, 47.270509514650904], [-121.46660327911377, 47.27057192454647], [-121.46471924811883, 47.2706013288246], [-121.46470363083453, 47.270610294035606], [-121.46381378173828, 47.270610294035606], [-121.46089553833008, 47.27066853326306], [-121.45922183990479, 47.27069765285276], [-121.45668983459473, 47.27072677242643], [-121.45583152770996, 47.27072677242643], [-121.4514970779419, 47.2707850115257], [-121.45136833190918, 47.2707850115257], [-121.4466905593872, 47.27087237005446], [-121.44510269165039, 47.27090148953204], [-121.44514560699463, 47.2695619769826]]]}, "properties": {"fid": 256277, "ogc_fid": 256277, "path": "/us/wa/king/enumclaw-plateau/256277", "ll_uuid": "56f210ff-fceb-4cda-b996-bad3bd302f02", "owner": "GREEN CANYON TIMBERLANDS LL", "parcelnumb": "3121119001"}, "id": 75}, {"type": "Feature", "geometry": {"type": "Polygon", "coordinates": [[[-121.44660472869873, 47.24226931001539], [-121.44656181335449, 47.235043282860914], [-121.45145416259766, 47.235014143659754], [-121.45145416259766, 47.23510156121512], [-121.45141124725342, 47.23714126323438], [-121.45141124725342, 47.23865641962337], [-121.45638942718506, 47.23865641962337], [-121.46621704101562, 47.238627282409084], [-121.46613121032715, 47.24209449841047], [-121.46613121032715, 47.24212363371802], [-121.46604537963867, 47.24212363371802], [-121.46252632141113, 47.24215276900955], [-121.46076679229736, 47.24215276900955], [-121.45647525787354, 47.24218190428505], [-121.45634651184082, 47.24218190428505], [-121.44660472869873, 47.24226931001539]], [[-121.45578861236572, 47.24174487347017], [-121.45591735839844, 47.24174487347017], [-121.45604610443115, 47.241686602422476], [-121.45608901977539, 47.24162833131069], [-121.45613193511963, 47.24159919573074], [-121.45613193511963, 47.241511788894826], [-121.45608901977539, 47.2414243819147], [-121.45600318908691, 47.24136611051446], [-121.4558744430542, 47.24133697479036], [-121.45578861236572, 47.241307839050194], [-121.45565986633301, 47.24133697479036], [-121.45561695098877, 47.24139524622257], [-121.45557403564453, 47.241482653250785], [-121.45557403564453, 47.24162833131069], [-121.45565986633301, 47.24171573795434], [-121.45578861236572, 47.24174487347017]]]}, "properties": {"fid": 47079, "ogc_fid": 47079, "path": "/us/wa/king/enumclaw-plateau/47079", "ll_uuid": "c6342ba4-0b6e-42cc-963b-ce85d6082d4e", "owner": "GREEN CANYON TIMBERLANDS LL", "parcelnumb": "0720119001"}, "id": 79}, {"type": "Feature", "geometry": {"type": "Polygon", "coordinates": [[[-121.44664764404297, 47.256368879507676], [-121.4452314376831, 47.25639800696416], [-121.43909454345703, 47.25639800696416], [-121.43712043762207, 47.256368879507676], [-121.43068313598633, 47.256368879507676], [-121.42566204071045, 47.25633975203516], [-121.42544746398926, 47.25633975203516], [-121.42540454864502, 47.25543679244069], [-121.42536163330078, 47.250601327469155], [-121.42531871795654, 47.25033915108796], [-121.42531871795654, 47.24931956393479], [-121.4252758026123, 47.24707640310842], [-121.42523288726807, 47.24527015262208], [-121.42518997192383, 47.242298445226794], [-121.42664909362793, 47.242298445226794], [-121.4359188079834, 47.24226931001539], [-121.44660472869873, 47.24226931001539], [-121.44660472869873, 47.24931956393479], [-121.44664764404297, 47.252465655418064], [-121.44664764404297, 47.256368879507676]]]}, "properties": {"fid": 34546, "ogc_fid": 34546, "path": "/us/wa/king/enumclaw-plateau/34546", "ll_uuid": "d8172baf-9945-4be1-89b9-dc3a8eaa44f6", "owner": "GREEN CANYON TIMBERLANDS LL", "parcelnumb": "0520119001"}, "id": 82}, {"type": "Feature", "geometry": {"type": "Polygon", "coordinates": [[[-121.3827896118164, 47.2496400077265], [-121.3827896118164, 47.242356715601545], [-121.38304710388184, 47.242356715601545], [-121.38656616210938, 47.24232758042217], [-121.38918399810791, 47.242298445226794], [-121.39300346374512, 47.24224017478795], [-121.39334678649902, 47.24224017478795], [-121.40180110931396, 47.24215276900955], [-121.4038610458374, 47.24212363371802], [-121.4038610458374, 47.244512674410686], [-121.39712333679199, 47.24853301186289], [-121.39708042144775, 47.248562143629385], [-121.39703750610352, 47.248562143629385], [-121.39703750610352, 47.24859127537988], [-121.39699459075928, 47.24859127537988], [-121.39695167541504, 47.248620407114345], [-121.3969087600708, 47.248620407114345], [-121.3969087600708, 47.24864953883281], [-121.39686584472656, 47.24864953883281], [-121.39678001403809, 47.24870780222162], [-121.39673709869385, 47.24870780222162], [-121.39673709869385, 47.24873693389202], [-121.39669418334961, 47.24873693389202], [-121.39665126800537, 47.24876606554636], [-121.39660835266113, 47.24876606554636], [-121.39660835266113, 47.248795197184705], [-121.3965654373169, 47.248795197184705], [-121.39647960662842, 47.2488534604133], [-121.39639377593994, 47.2488534604133], [-121.39639377593994, 47.248882592003554], [-121.3963508605957, 47.248882592003554], [-121.39630794525146, 47.248911723577805], [-121.39626502990723, 47.248911723577805], [-121.39622211456299, 47.248940855136], [-121.39617919921875, 47.248940855136], [-121.39613628387451, 47.24896998667822], [-121.39605045318604, 47.24896998667822], [-121.3960075378418, 47.24899911820438], [-121.39592170715332, 47.24899911820438], [-121.39587879180908, 47.24902824971454], [-121.39575004577637, 47.24902824971454], [-121.39575004577637, 47.24905738120867], [-121.39502048492432, 47.24905738120867], [-121.39497756958008, 47.24902824971454], [-121.39476299285889, 47.24902824971454], [-121.39476299285889, 47.24899911820438], [-121.39463424682617, 47.24899911820438], [-121.39459133148193, 47.24896998667822], [-121.39446258544922, 47.24896998667822], [-121.39441967010498, 47.248940855136], [-121.3943338394165, 47.248940855136], [-121.39429092407227, 47.248911723577805], [-121.39420509338379, 47.248911723577805], [-121.39334678649902, 47.24864953883281], [-121.39150142669678, 47.24815429744018], [-121.39145851135254, 47.24812516544935], [-121.3914155960083, 47.24812516544935], [-121.39137268066406, 47.24809603344249], [-121.39128684997559, 47.24809603344249], [-121.39124393463135, 47.248066901419634], [-121.39120101928711, 47.248066901419634], [-121.39115810394287, 47.248037769380716], [-121.39102935791016, 47.248037769380716], [-121.39098644256592, 47.248008637325796], [-121.39094352722168, 47.248008637325796], [-121.39090061187744, 47.247979505254875], [-121.39072895050049, 47.247979505254875], [-121.39068603515625, 47.247950373167896], [-121.39055728912354, 47.247950373167896], [-121.3905143737793, 47.247921241064915], [-121.39034271240234, 47.247921241064915], [-121.3902997970581, 47.247892108945905], [-121.39008522033691, 47.247892108945905], [-121.39004230499268, 47.247862976810865], [-121.38944149017334, 47.247862976810865], [-121.3893985748291, 47.247892108945905], [-121.38914108276367, 47.247892108945905], [-121.38914108276367, 47.247921241064915], [-121.38896942138672, 47.247921241064915], [-121.38892650604248, 47.247950373167896], [-121.38875484466553, 47.247950373167896], [-121.38871192932129, 47.247979505254875], [-121.38862609863281, 47.247979505254875], [-121.38858318328857, 47.248008637325796], [-121.38845443725586, 47.248008637325796], [-121.38841152191162, 47.248037769380716], [-121.38832569122314, 47.248037769380716], [-121.38832569122314, 47.248066901419634], [-121.38819694519043, 47.248066901419634], [-121.38815402984619, 47.24809603344249], [-121.38806819915771, 47.24809603344249], [-121.38806819915771, 47.24812516544935], [-121.38798236846924, 47.24812516544935], [-121.387939453125, 47.24815429744018], [-121.38789653778076, 47.24815429744018], [-121.38785362243652, 47.24818342941498], [-121.38781070709229, 47.24818342941498], [-121.38377666473389, 47.24934869526871], [-121.3827896118164, 47.2496400077265]]]}, "properties": {"fid": 22811, "ogc_fid": 22811, "path": "/us/wa/king/enumclaw-plateau/22811", "ll_uuid": "19c74eff-15d2-443c-8dbb-18d33ed55267", "owner": "GREEN CANYON TIMBERLANDS LL", "parcelnumb": "0320119001"}, "id": 89}, {"type": "Feature", "geometry": {"type": "Polygon", "coordinates": [[[-121.42531871795654, 47.2325372529975], [-121.42531871795654, 47.23183787467556], [-121.42536163330078, 47.231138487124184], [-121.4254903793335, 47.231051063031344], [-121.42574787139893, 47.230934497349836], [-121.43141269683838, 47.227757983849045], [-121.43274307250977, 47.227757983849045], [-121.43394470214844, 47.22778712703999], [-121.42759323120117, 47.23131333487731], [-121.42682075500488, 47.23175045173639], [-121.42660617828369, 47.23189615655491], [-121.42643451690674, 47.23198357925375], [-121.42634868621826, 47.232041860972856], [-121.42621994018555, 47.23207100180838], [-121.42613410949707, 47.23212928343136], [-121.42561912536621, 47.232362409282274], [-121.42544746398926, 47.232449831211994], [-121.42531871795654, 47.2325372529975]]]}, "properties": {"fid": 54012, "ogc_fid": 54012, "path": "/us/wa/king/enumclaw-plateau/54012", "ll_uuid": "55454f76-334c-41b4-9fad-1f95e9da4cf9", "owner": "BNSF", "parcelnumb": "0820119022"}, "id": 92}, {"type": "Feature", "geometry": {"type": "Polygon", "coordinates": [[[-121.33893013000488, 47.274250122585585], [-121.33893013000488, 47.27419188729942], [-121.33923053741455, 47.27363864888471], [-121.33931636810303, 47.273493058866904], [-121.33931636810303, 47.273463940815276], [-121.3394021987915, 47.273318350316856], [-121.33948802947998, 47.27291069479034], [-121.33948802947998, 47.272823339626115], [-121.3396167755127, 47.27279422120603], [-121.33978843688965, 47.272735984317706], [-121.34541034698486, 47.27090148953204], [-121.34553909301758, 47.270843250560915], [-121.34716987609863, 47.27081413105131], [-121.34953022003174, 47.27081413105131], [-121.34944438934326, 47.270843250560915], [-121.34807109832764, 47.2712800412821], [-121.34729862213135, 47.27151299485942], [-121.34716987609863, 47.27157123309354], [-121.34644031524658, 47.27180418538913], [-121.34446620941162, 47.272444798914876], [-121.3394021987915, 47.27410453425003], [-121.33927345275879, 47.27413365194917], [-121.33893013000488, 47.274250122585585]]]}, "properties": {"fid": 204011, "ogc_fid": 204011, "path": "/us/wa/king/enumclaw-plateau/204011", "ll_uuid": "9830e16f-5842-42c5-868b-4503ac0d78a0", "owner": "BNSF", "parcelnumb": "2521119017"}, "id": 95}, {"type": "Feature", "geometry": {"type": "Polygon", "coordinates": [[[-121.37214660644531, 47.255698943586594], [-121.37137413024902, 47.256368879507676], [-121.36935710906982, 47.256368879507676], [-121.36935710906982, 47.25633975203516], [-121.3694429397583, 47.256281497042124], [-121.3694429397583, 47.25625236952155], [-121.36948585510254, 47.25622324198497], [-121.36948585510254, 47.25619411443236], [-121.36952877044678, 47.25619411443236], [-121.36952877044678, 47.25616498686372], [-121.36961460113525, 47.256106731678386], [-121.36961460113525, 47.256077604061716], [-121.36965751647949, 47.256077604061716], [-121.36974334716797, 47.25601934878023], [-121.36974334716797, 47.25599022111547], [-121.3697862625122, 47.25599022111547], [-121.3697862625122, 47.25596109343468], [-121.36987209320068, 47.25590283802504], [-121.36991500854492, 47.25590283802504], [-121.36991500854492, 47.255873710296186], [-121.36995792388916, 47.255873710296186], [-121.36995792388916, 47.25584458255133], [-121.3700008392334, 47.255815454790394], [-121.37004375457764, 47.255815454790394], [-121.37004375457764, 47.25578632701348], [-121.37008666992188, 47.25578632701348], [-121.37017250061035, 47.255728071411596], [-121.37218952178955, 47.254329917739], [-121.37309074401855, 47.25386385831135], [-121.37309074401855, 47.25383472946095], [-121.3731336593628, 47.25383472946095], [-121.37317657470703, 47.25380560059452], [-121.37321949005127, 47.25380560059452], [-121.37321949005127, 47.25377647171203], [-121.37326240539551, 47.25377647171203], [-121.37339115142822, 47.25368908496853], [-121.37343406677246, 47.25368908496853], [-121.37351989746094, 47.253630827059396], [-121.37356281280518, 47.253630827059396], [-121.37364864349365, 47.253572569086174], [-121.37373447418213, 47.253572569086174], [-121.3738203048706, 47.25351431104886], [-121.37386322021484, 47.25351431104886], [-121.37390613555908, 47.25348518200619], [-121.37394905090332, 47.25348518200619], [-121.37394905090332, 47.253456052947485], [-121.3740348815918, 47.253456052947485], [-121.37407779693604, 47.25342692387272], [-121.37412071228027, 47.25342692387272], [-121.37416362762451, 47.25339779478199], [-121.37420654296875, 47.25339779478199], [-121.37424945831299, 47.253368665675225], [-121.37433528900146, 47.253368665675225], [-121.3743782043457, 47.2533395365524], [-121.37442111968994, 47.2533395365524], [-121.37446403503418, 47.25331040741361], [-121.37454986572266, 47.25331040741361], [-121.3745927810669, 47.253281278258754], [-121.37467861175537, 47.253281278258754], [-121.37467861175537, 47.2532521490879], [-121.37480735778809, 47.2532521490879], [-121.37485027313232, 47.253223019901014], [-121.37497901916504, 47.253223019901014], [-121.37502193450928, 47.2531938906981], [-121.37515068054199, 47.2531938906981], [-121.37519359588623, 47.253164761479184], [-121.37545108795166, 47.253164761479184], [-121.37545108795166, 47.25313563224421], [-121.37566566467285, 47.25313563224421], [-121.37824058532715, 47.25284433901342], [-121.3784122467041, 47.25284433901342], [-121.3784122467041, 47.252815209602204], [-121.37854099273682, 47.252815209602204], [-121.37858390808105, 47.252786080175014], [-121.37866973876953, 47.252786080175014], [-121.37871265411377, 47.252756950731765], [-121.37875556945801, 47.252756950731765], [-121.37879848480225, 47.25272782127249], [-121.37884140014648, 47.25272782127249], [-121.37888431549072, 47.25269869179721], [-121.37892723083496, 47.25269869179721], [-121.3789701461792, 47.2526695623059], [-121.37901306152344, 47.2526695623059], [-121.37901306152344, 47.25264043279856], [-121.37905597686768, 47.25264043279856], [-121.37909889221191, 47.25261130327519], [-121.37914180755615, 47.25261130327519], [-121.37914180755615, 47.25258217373582], [-121.37918472290039, 47.25258217373582], [-121.37918472290039, 47.25255304418042], [-121.37922763824463, 47.25255304418042], [-121.37922763824463, 47.25252391460896], [-121.37927055358887, 47.25252391460896], [-121.3793134689331, 47.2524947850215], [-121.3793134689331, 47.252465655418064], [-121.37935638427734, 47.252465655418064], [-121.37939929962158, 47.25243652579857], [-121.37939929962158, 47.25240739616302], [-121.37944221496582, 47.25240739616302], [-121.37944221496582, 47.2523782665115], [-121.37948513031006, 47.2523782665115], [-121.37948513031006, 47.25234913684395], [-121.3795280456543, 47.25234913684395], [-121.3795280456543, 47.252320007160336], [-121.37957096099854, 47.25229087746075], [-121.37957096099854, 47.25226174774511], [-121.37961387634277, 47.25226174774511], [-121.37961387634277, 47.25220348826579], [-121.37965679168701, 47.25220348826579], [-121.37965679168701, 47.25217435850212], [-121.37969970703125, 47.252145228722384], [-121.37969970703125, 47.25211609892665], [-121.38030052185059, 47.2512713278804], [-121.3804292678833, 47.251183937003105], [-121.3804292678833, 47.25112567633809], [-121.38047218322754, 47.25112567633809], [-121.38047218322754, 47.25109654598157], [-121.38051509857178, 47.251067415609015], [-121.38051509857178, 47.25103828522046], [-121.38055801391602, 47.25103828522046], [-121.38055801391602, 47.25100915481585], [-121.38064384460449, 47.25095089395862], [-121.38064384460449, 47.25092176350594], [-121.38068675994873, 47.25092176350594], [-121.38068675994873, 47.25089263303724], [-121.3807725906372, 47.25083437205183], [-121.3807725906372, 47.25080524153509], [-121.38081550598145, 47.25080524153509], [-121.38081550598145, 47.250776111002295], [-121.38090133666992, 47.25071784988867], [-121.38090133666992, 47.25068871930782], [-121.38094425201416, 47.25068871930782], [-121.38103008270264, 47.25063045809807], [-121.38103008270264, 47.250601327469155], [-121.38107299804688, 47.250601327469155], [-121.38128757476807, 47.250455674084265], [-121.3813304901123, 47.250455674084265], [-121.3813304901123, 47.250426543359225], [-121.38137340545654, 47.250426543359225], [-121.38137340545654, 47.250397412618184], [-121.38141632080078, 47.250397412618184], [-121.38150215148926, 47.25033915108796], [-121.3815450668335, 47.25033915108796], [-121.38163089752197, 47.250280889493666], [-121.38167381286621, 47.250280889493666], [-121.38167381286621, 47.250251758672476], [-121.38171672821045, 47.250251758672476], [-121.38180255889893, 47.250193496982064], [-121.38184547424316, 47.250193496982064], [-121.3818883895874, 47.25016436611281], [-121.3827896118164, 47.2496400077265], [-121.3827896118164, 47.25083437205183], [-121.38214588165283, 47.25138784882583], [-121.3821029663086, 47.25138784882583], [-121.3821029663086, 47.25141697902211], [-121.38201713562012, 47.25147523936667], [-121.38201713562012, 47.25150436951492], [-121.38197422027588, 47.25150436951492], [-121.38197422027588, 47.25153349964711], [-121.38193130493164, 47.25153349964711], [-121.38193130493164, 47.25156262976333], [-121.3818883895874, 47.25159175986349], [-121.3818883895874, 47.25162088994762], [-121.38184547424316, 47.25162088994762], [-121.38184547424316, 47.251650020015745], [-121.38180255889893, 47.251679150067844], [-121.38180255889893, 47.25170828010391], [-121.38175964355469, 47.25173741012395], [-121.38175964355469, 47.25176654012799], [-121.38171672821045, 47.251795670116024], [-121.38171672821045, 47.25182480008803], [-121.38103008270264, 47.25269869179721], [-121.38103008270264, 47.252756950731765], [-121.3809871673584, 47.252756950731765], [-121.3809871673584, 47.252786080175014], [-121.38094425201416, 47.252815209602204], [-121.38094425201416, 47.25284433901342], [-121.38085842132568, 47.25290259778777], [-121.38085842132568, 47.252931727150894], [-121.38081550598145, 47.252931727150894], [-121.38081550598145, 47.25296085649802], [-121.3807725906372, 47.25298998582912], [-121.3807725906372, 47.253019115144156], [-121.38072967529297, 47.253019115144156], [-121.38072967529297, 47.25304824444322], [-121.38060092926025, 47.25313563224421], [-121.38060092926025, 47.253164761479184], [-121.38055801391602, 47.253164761479184], [-121.38034343719482, 47.25331040741361], [-121.38030052185059, 47.25331040741361], [-121.38030052185059, 47.2533395365524], [-121.38025760650635, 47.2533395365524], [-121.38025760650635, 47.253368665675225], [-121.38021469116211, 47.253368665675225], [-121.3800859451294, 47.253456052947485], [-121.38004302978516, 47.253456052947485], [-121.38004302978516, 47.25348518200619], [-121.38000011444092, 47.25348518200619], [-121.37995719909668, 47.25351431104886], [-121.37991428375244, 47.25351431104886], [-121.37982845306396, 47.253572569086174], [-121.37978553771973, 47.253572569086174], [-121.37974262237549, 47.253601698080786], [-121.37969970703125, 47.253601698080786], [-121.37969970703125, 47.253630827059396], [-121.37961387634277, 47.253630827059396], [-121.37961387634277, 47.25365995602198], [-121.3795280456543, 47.25365995602198], [-121.3795280456543, 47.25368908496853], [-121.37944221496582, 47.25368908496853], [-121.37939929962158, 47.25371821389905], [-121.37935638427734, 47.25371821389905], [-121.3793134689331, 47.25374734281357], [-121.37922763824463, 47.25374734281357], [-121.37918472290039, 47.25377647171203], [-121.37909889221191, 47.25377647171203], [-121.37905597686768, 47.25380560059452], [-121.3789701461792, 47.25380560059452], [-121.37892723083496, 47.25383472946095], [-121.37884140014648, 47.25383472946095], [-121.37875556945801, 47.25386385831135], [-121.37866973876953, 47.25386385831135], [-121.37858390808105, 47.253892987145775], [-121.37845516204834, 47.253892987145775], [-121.37836933135986, 47.253922115964144], [-121.37824058532715, 47.253922115964144], [-121.37815475463867, 47.253951244766455], [-121.37545108795166, 47.254242531908744], [-121.37532234191895, 47.254242531908744], [-121.37532234191895, 47.25427166053484], [-121.37515068054199, 47.25427166053484], [-121.37515068054199, 47.254300789144935], [-121.37502193450928, 47.254300789144935], [-121.37502193450928, 47.254329917739], [-121.3749361038208, 47.254329917739], [-121.37489318847656, 47.254359046317035], [-121.37485027313232, 47.254359046317035], [-121.37480735778809, 47.25438817487907], [-121.37476444244385, 47.25438817487907], [-121.37472152709961, 47.25441730342504], [-121.37467861175537, 47.25441730342504], [-121.37463569641113, 47.25444643195502], [-121.3745927810669, 47.25444643195502], [-121.37454986572266, 47.25447556046896], [-121.37450695037842, 47.25447556046896], [-121.37450695037842, 47.254504688966875], [-121.37446403503418, 47.254504688966875], [-121.37446403503418, 47.25453381744882], [-121.37442111968994, 47.25453381744882], [-121.3743782043457, 47.25456294591467], [-121.37433528900146, 47.25456294591467], [-121.37433528900146, 47.254592074364524], [-121.37429237365723, 47.254592074364524], [-121.37424945831299, 47.254621202798376], [-121.37214660644531, 47.255698943586594]]]}, "properties": {"fid": 14074, "ogc_fid": 14074, "path": "/us/wa/king/enumclaw-plateau/14074", "ll_uuid": "cadc3f75-1d30-4203-9f7e-92f5635bda08", "owner": "BNSF", "parcelnumb": "0220119017"}, "id": 100}, {"type": "Feature", "geometry": {"type": "MultiPolygon", "coordinates": [[[[-121.3827896118164, 47.25083437205183], [-121.3827896118164, 47.2496400077265], [-121.38377666473389, 47.24934869526871], [-121.38781070709229, 47.24818342941498], [-121.38785362243652, 47.24818342941498], [-121.38789653778076, 47.24815429744018], [-121.387939453125, 47.24815429744018], [-121.38798236846924, 47.24812516544935], [-121.38806819915771, 47.24812516544935], [-121.38806819915771, 47.24809603344249], [-121.38815402984619, 47.24809603344249], [-121.38819694519043, 47.248066901419634], [-121.38832569122314, 47.248066901419634], [-121.38832569122314, 47.248037769380716], [-121.38841152191162, 47.248037769380716], [-121.38845443725586, 47.248008637325796], [-121.38858318328857, 47.248008637325796], [-121.38862609863281, 47.247979505254875], [-121.38871192932129, 47.247979505254875], [-121.38875484466553, 47.247950373167896], [-121.38892650604248, 47.247950373167896], [-121.38896942138672, 47.247921241064915], [-121.38914108276367, 47.247921241064915], [-121.38914108276367, 47.247892108945905], [-121.3893985748291, 47.247892108945905], [-121.38944149017334, 47.247862976810865], [-121.39004230499268, 47.247862976810865], [-121.39008522033691, 47.247892108945905], [-121.3902997970581, 47.247892108945905], [-121.39034271240234, 47.247921241064915], [-121.3905143737793, 47.247921241064915], [-121.39055728912354, 47.247950373167896], [-121.39068603515625, 47.247950373167896], [-121.39072895050049, 47.247979505254875], [-121.39090061187744, 47.247979505254875], [-121.39094352722168, 47.248008637325796], [-121.39098644256592, 47.248008637325796], [-121.39102935791016, 47.248037769380716], [-121.39115810394287, 47.248037769380716], [-121.39120101928711, 47.248066901419634], [-121.39124393463135, 47.248066901419634], [-121.39128684997559, 47.24809603344249], [-121.39137268066406, 47.24809603344249], [-121.3914155960083, 47.24812516544935], [-121.39145851135254, 47.24812516544935], [-121.39150142669678, 47.24815429744018], [-121.39334678649902, 47.24864953883281], [-121.39420509338379, 47.248911723577805], [-121.39429092407227, 47.248911723577805], [-121.3943338394165, 47.248940855136], [-121.39441967010498, 47.248940855136], [-121.39446258544922, 47.24896998667822], [-121.39459133148193, 47.24896998667822], [-121.39463424682617, 47.24899911820438], [-121.39476299285889, 47.24899911820438], [-121.39476299285889, 47.24902824971454], [-121.39497756958008, 47.24902824971454], [-121.39502048492432, 47.24905738120867], [-121.39575004577637, 47.24905738120867], [-121.39575004577637, 47.24902824971454], [-121.39587879180908, 47.24902824971454], [-121.39592170715332, 47.24899911820438], [-121.3960075378418, 47.24899911820438], [-121.39605045318604, 47.24896998667822], [-121.39613628387451, 47.24896998667822], [-121.39617919921875, 47.248940855136], [-121.39622211456299, 47.248940855136], [-121.39626502990723, 47.248911723577805], [-121.39630794525146, 47.248911723577805], [-121.3963508605957, 47.248882592003554], [-121.39639377593994, 47.248882592003554], [-121.39639377593994, 47.2488534604133], [-121.39647960662842, 47.2488534604133], [-121.3965654373169, 47.248795197184705], [-121.39660835266113, 47.248795197184705], [-121.39660835266113, 47.24876606554636], [-121.39665126800537, 47.24876606554636], [-121.39669418334961, 47.24873693389202], [-121.39673709869385, 47.24873693389202], [-121.39673709869385, 47.24870780222162], [-121.39678001403809, 47.24870780222162], [-121.39686584472656, 47.24864953883281], [-121.3969087600708, 47.24864953883281], [-121.3969087600708, 47.248620407114345], [-121.39695167541504, 47.248620407114345], [-121.39699459075928, 47.24859127537988], [-121.39703750610352, 47.24859127537988], [-121.39703750610352, 47.248562143629385], [-121.39708042144775, 47.248562143629385], [-121.39712333679199, 47.24853301186289], [-121.4038610458374, 47.244512674410686], [-121.40450477600098, 47.24419219959907], [-121.40454769134521, 47.24419219959907], [-121.40459060668945, 47.24416306542915], [-121.40459060668945, 47.2441339312432], [-121.40463352203369, 47.2441339312432], [-121.4047622680664, 47.24404652858925], [-121.40480518341064, 47.24404652858925], [-121.40480518341064, 47.24401739433921], [-121.40484809875488, 47.24401739433921], [-121.40489101409912, 47.24398826007314], [-121.40493392944336, 47.24398826007314], [-121.4049768447876, 47.243959125791065], [-121.4049768447876, 47.24392999149296], [-121.40501976013184, 47.24392999149296], [-121.40506267547607, 47.24390085717883], [-121.40510559082031, 47.24390085717883], [-121.40510559082031, 47.243871722848695], [-121.40514850616455, 47.243871722848695], [-121.40519142150879, 47.24384258850253], [-121.40523433685303, 47.24384258850253], [-121.4053201675415, 47.24378431976211], [-121.40536308288574, 47.24378431976211], [-121.40540599822998, 47.24375518536786], [-121.40544891357422, 47.24375518536786], [-121.4055347442627, 47.24369691653132], [-121.40562057495117, 47.24369691653132], [-121.40566349029541, 47.243667782089005], [-121.40570640563965, 47.243667782089005], [-121.40570640563965, 47.24363864763069], [-121.40579223632812, 47.24363864763069], [-121.40583515167236, 47.24360951315634], [-121.4058780670166, 47.24360951315634], [-121.40592098236084, 47.24358037866597], [-121.40600681304932, 47.24358037866597], [-121.40600681304932, 47.24355124415956], [-121.4060926437378, 47.24355124415956], [-121.40613555908203, 47.24352210963713], [-121.40622138977051, 47.24352210963713], [-121.40626430511475, 47.24349297509872], [-121.40635013580322, 47.24349297509872], [-121.40635013580322, 47.24346384054422], [-121.4064359664917, 47.24346384054422], [-121.40647888183594, 47.243434705973726], [-121.40660762786865, 47.243434705973726], [-121.40665054321289, 47.24340557138723], [-121.40695095062256, 47.243347302166114], [-121.40712261199951, 47.243347302166114], [-121.40712261199951, 47.243318167531555], [-121.40725135803223, 47.243318167531555], [-121.40729427337646, 47.24328903288094], [-121.40738010406494, 47.24328903288094], [-121.40742301940918, 47.24325989821432], [-121.40750885009766, 47.24325989821432], [-121.40750885009766, 47.24323076353167], [-121.40759468078613, 47.24323076353167], [-121.40759468078613, 47.24320162883299], [-121.40768051147461, 47.24320162883299], [-121.40772342681885, 47.243172494118284], [-121.40776634216309, 47.243172494118284], [-121.40780925750732, 47.243143359387574], [-121.40785217285156, 47.243143359387574], [-121.40785217285156, 47.243114224640834], [-121.4078950881958, 47.243114224640834], [-121.40793800354004, 47.243085089878065], [-121.40798091888428, 47.243085089878065], [-121.40798091888428, 47.243055955099294], [-121.40802383422852, 47.243055955099294], [-121.40810966491699, 47.242997685493634], [-121.40815258026123, 47.242997685493634], [-121.40828132629395, 47.24291028096499], [-121.40832424163818, 47.24291028096499], [-121.40832424163818, 47.24288114609007], [-121.40849590301514, 47.24276460643014], [-121.40853881835938, 47.24276460643014], [-121.40853881835938, 47.2427354714751], [-121.40871047973633, 47.24261893149472], [-121.40871047973633, 47.24258979645958], [-121.40875339508057, 47.24258979645958], [-121.4087963104248, 47.24256066140842], [-121.4087963104248, 47.242531526341224], [-121.40883922576904, 47.24250239125797], [-121.40888214111328, 47.24250239125797], [-121.40888214111328, 47.242473256158746], [-121.40892505645752, 47.24244412104346], [-121.40892505645752, 47.24241498591218], [-121.40896797180176, 47.24238585076486], [-121.409010887146, 47.24238585076486], [-121.409010887146, 47.242356715601545], [-121.40909671783447, 47.242298445226794], [-121.40909671783447, 47.24226931001539], [-121.40913963317871, 47.24226931001539], [-121.40913963317871, 47.24224017478795], [-121.40918254852295, 47.242211039544486], [-121.40918254852295, 47.24218190428505], [-121.40922546386719, 47.24218190428505], [-121.40922546386719, 47.24212363371802], [-121.40926837921143, 47.24212363371802], [-121.40931129455566, 47.24209449841047], [-121.40931129455566, 47.24206536308691], [-121.4093542098999, 47.24203622774732], [-121.4093542098999, 47.2420070923917], [-121.40939712524414, 47.241977957020055], [-121.40939712524414, 47.241948821632405], [-121.40948295593262, 47.24189055080902], [-121.40948295593262, 47.24186141537331], [-121.40952587127686, 47.24183227992157], [-121.40952587127686, 47.2418031444538], [-121.4095687866211, 47.24177400897], [-121.4095687866211, 47.24171573795434], [-121.40965461730957, 47.241657466874585], [-121.40965461730957, 47.24162833131069], [-121.40969753265381, 47.24159919573074], [-121.41132831573486, 47.238772968320234], [-121.4113712310791, 47.23874383117007], [-121.4113712310791, 47.238714694003846], [-121.41141414642334, 47.23868555682162], [-121.41141414642334, 47.238627282409084], [-121.41145706176758, 47.2385981451788], [-121.41145706176758, 47.238569007932455], [-121.41149997711182, 47.23853987067011], [-121.41149997711182, 47.23848159609736], [-121.41154289245605, 47.23845245878695], [-121.41154289245605, 47.238423321460516], [-121.4115858078003, 47.23839418411805], [-121.4115858078003, 47.238365046759554], [-121.41162872314453, 47.23833590938506], [-121.41162872314453, 47.23830677199453], [-121.41167163848877, 47.23830677199453], [-121.41167163848877, 47.23824849716539], [-121.41171455383301, 47.2382193597268], [-121.41171455383301, 47.23819022227218], [-121.41175746917725, 47.23816108480153], [-121.41175746917725, 47.238131947314855], [-121.41180038452148, 47.23810280981215], [-121.41180038452148, 47.23807367229344], [-121.4119291305542, 47.23798625964116], [-121.4119291305542, 47.23795712205836], [-121.41197204589844, 47.23792798445953], [-121.41197204589844, 47.2378988468447], [-121.41201496124268, 47.23786970921381], [-121.41201496124268, 47.23784057156689], [-121.41205787658691, 47.23784057156689], [-121.41210079193115, 47.23781143390397], [-121.41210079193115, 47.23778229622505], [-121.41214370727539, 47.23775315853007], [-121.41214370727539, 47.23772402081906], [-121.41231536865234, 47.23760746981489], [-121.41231536865234, 47.23757833202379], [-121.41235828399658, 47.237549194216655], [-121.41240119934082, 47.237549194216655], [-121.41240119934082, 47.23752005639349], [-121.4124870300293, 47.237461780699135], [-121.4124870300293, 47.23743264282788], [-121.41252994537354, 47.23743264282788], [-121.41257286071777, 47.23740350494063], [-121.41257286071777, 47.237374367037376], [-121.41261577606201, 47.23734522911806], [-121.41265869140625, 47.23734522911806], [-121.41265869140625, 47.23731609118278], [-121.41274452209473, 47.23725781526409], [-121.41278743743896, 47.23725781526409], [-121.41278743743896, 47.23722867728068], [-121.4128303527832, 47.23719953928128], [-121.41287326812744, 47.23719953928128], [-121.41291618347168, 47.23717040126584], [-121.41291618347168, 47.23714126323438], [-121.41295909881592, 47.23711212518694], [-121.41300201416016, 47.23711212518694], [-121.4130449295044, 47.237082987123415], [-121.4130449295044, 47.23705384904389], [-121.41308784484863, 47.23705384904389], [-121.41325950622559, 47.23693729656557], [-121.41467571258545, 47.23620883776766], [-121.41531944274902, 47.235888312724], [-121.41536235809326, 47.235859173987535], [-121.41544818878174, 47.23583003523504], [-121.41549110412598, 47.235800896466515], [-121.41553401947021, 47.2357426188814], [-121.41561985015869, 47.23571348006482], [-121.41566276550293, 47.23568434123223], [-121.4157485961914, 47.23565520238358], [-121.41583442687988, 47.23559692463823], [-121.41592025756836, 47.23556778574155], [-121.4159631729126, 47.235538646828786], [-121.41604900360107, 47.235509507900076], [-121.41613483428955, 47.23545122999448], [-121.41622066497803, 47.235422091017654], [-121.41626358032227, 47.235422091017654], [-121.41634941101074, 47.235392952024796], [-121.41634941101074, 47.235363813015965], [-121.41720771789551, 47.235014143659754], [-121.41956806182861, 47.234023401287004], [-121.41961097717285, 47.234023401287004], [-121.41982555389404, 47.23387770231702], [-121.41986846923828, 47.23387770231702], [-121.41995429992676, 47.23381942261682], [-121.419997215271, 47.23381942261682], [-121.42012596130371, 47.2337320029464], [-121.42016887664795, 47.2337320029464], [-121.42029762268066, 47.23364458313176], [-121.4203405380249, 47.23364458313176], [-121.42042636871338, 47.2335863031752], [-121.42042636871338, 47.23355716317289], [-121.42046928405762, 47.23352802315455], [-121.42051219940186, 47.23352802315455], [-121.42068386077881, 47.233411462921026], [-121.42171382904053, 47.232799517488786], [-121.42175674438477, 47.23277037705381], [-121.421799659729, 47.23277037705381], [-121.4220142364502, 47.2326246746388], [-121.42205715179443, 47.2326246746388], [-121.42222881317139, 47.23250811241837], [-121.42227172851562, 47.23250811241837], [-121.42240047454834, 47.2324206905848], [-121.42244338989258, 47.2324206905848], [-121.42248630523682, 47.23239154994155], [-121.4225721359253, 47.232362409282274], [-121.42261505126953, 47.23233326860699], [-121.42265796661377, 47.23233326860699], [-121.42278671264648, 47.232245846485], [-121.42282962799072, 47.232245846485], [-121.4229154586792, 47.2321875649902], [-121.42295837402344, 47.2321875649902], [-121.42304420471191, 47.23212928343136], [-121.42308712005615, 47.23212928343136], [-121.42313003540039, 47.23210014262787], [-121.42536163330078, 47.231138487124184], [-121.42531871795654, 47.23183787467556], [-121.42531871795654, 47.2325372529975], [-121.4238166809082, 47.23309092095684], [-121.42373085021973, 47.23314920145816], [-121.42368793487549, 47.23314920145816], [-121.42364501953125, 47.233178341684805], [-121.42360210418701, 47.233178341684805], [-121.42351627349854, 47.233236622090004], [-121.4234733581543, 47.233236622090004], [-121.42343044281006, 47.23326576226856], [-121.42338752746582, 47.23326576226856], [-121.4232587814331, 47.2333531827081], [-121.42321586608887, 47.2333531827081], [-121.42321586608887, 47.233382322822564], [-121.42317295074463, 47.233382322822564], [-121.42308712005615, 47.23344060300346], [-121.42304420471191, 47.23344060300346], [-121.42304420471191, 47.23346974306986], [-121.42300128936768, 47.23346974306986], [-121.42274379730225, 47.23364458313176], [-121.42171382904053, 47.234256518805836], [-121.42167091369629, 47.234256518805836], [-121.42154216766357, 47.234343937611015], [-121.4214563369751, 47.23437307718069], [-121.42132759094238, 47.2344604957936], [-121.4212417602539, 47.234489635299184], [-121.42111301422119, 47.23457705371979], [-121.42102718353271, 47.23460619316131], [-121.4208984375, 47.234693611389645], [-121.42081260681152, 47.23472275076705], [-121.42072677612305, 47.234781029473766], [-121.42064094543457, 47.23481016880308], [-121.4205551147461, 47.2348684474137], [-121.42046928405762, 47.234897586694956], [-121.42038345336914, 47.23495586520937], [-121.42021179199219, 47.235014143659754], [-121.41716480255127, 47.23629625335218], [-121.41712188720703, 47.23629625335218], [-121.41712188720703, 47.23632539184828], [-121.4170789718628, 47.23632539184828], [-121.41703605651855, 47.23635453032841], [-121.41699314117432, 47.23635453032841], [-121.41690731048584, 47.23641280724053], [-121.4168643951416, 47.23641280724053], [-121.41677856445312, 47.23647108408858], [-121.41673564910889, 47.23647108408858], [-121.41664981842041, 47.23652936087251], [-121.41660690307617, 47.23652936087251], [-121.41656398773193, 47.23655849924046], [-121.41656398773193, 47.23658763759238], [-121.4165210723877, 47.23658763759238], [-121.41634941101074, 47.236704190839816], [-121.4163064956665, 47.236704190839816], [-121.41626358032227, 47.236733329111615], [-121.41626358032227, 47.236762467367384], [-121.41463279724121, 47.23760746981489], [-121.4142894744873, 47.23781143390397], [-121.41424655914307, 47.23784057156689], [-121.41420364379883, 47.23784057156689], [-121.41420364379883, 47.23786970921381], [-121.41416072845459, 47.23786970921381], [-121.41411781311035, 47.2378988468447], [-121.41411781311035, 47.23792798445953], [-121.41407489776611, 47.23792798445953], [-121.41403198242188, 47.23795712205836], [-121.41403198242188, 47.23798625964116], [-121.41398906707764, 47.23798625964116], [-121.4139461517334, 47.23801539720796], [-121.4139461517334, 47.23804453475873], [-121.41390323638916, 47.23804453475873], [-121.41386032104492, 47.23807367229344], [-121.41386032104492, 47.23810280981215], [-121.41368865966797, 47.2382193597268], [-121.41368865966797, 47.23824849716539], [-121.41364574432373, 47.23827763458797], [-121.41360282897949, 47.23827763458797], [-121.41360282897949, 47.23830677199453], [-121.41355991363525, 47.23833590938506], [-121.41355991363525, 47.238365046759554], [-121.41351699829102, 47.238365046759554], [-121.41351699829102, 47.23839418411805], [-121.4133882522583, 47.23848159609736], [-121.4133882522583, 47.238510733391735], [-121.41334533691406, 47.23853987067011], [-121.41334533691406, 47.238569007932455], [-121.41330242156982, 47.238569007932455], [-121.41330242156982, 47.2385981451788], [-121.41325950622559, 47.238627282409084], [-121.41325950622559, 47.23865641962337], [-121.41317367553711, 47.238714694003846], [-121.41317367553711, 47.238772968320234], [-121.41313076019287, 47.2388021054544], [-121.41313076019287, 47.23883124257253], [-121.41308784484863, 47.23883124257253], [-121.41308784484863, 47.23886037967466], [-121.4130449295044, 47.238889516760736], [-121.4130449295044, 47.23894779088488], [-121.41295909881592, 47.2390060649449], [-121.41295909881592, 47.23906433894081], [-121.41291618347168, 47.23909347591473], [-121.41291618347168, 47.23915174981454], [-121.41119956970215, 47.2420070923917], [-121.4110279083252, 47.24218190428505], [-121.41094207763672, 47.242298445226794], [-121.41089916229248, 47.242298445226794], [-121.41089916229248, 47.242356715601545], [-121.410813331604, 47.24241498591218], [-121.410813331604, 47.24244412104346], [-121.41077041625977, 47.242473256158746], [-121.41077041625977, 47.24250239125797], [-121.41072750091553, 47.24250239125797], [-121.41072750091553, 47.242531526341224], [-121.41068458557129, 47.24256066140842], [-121.41068458557129, 47.24258979645958], [-121.41064167022705, 47.24261893149472], [-121.41064167022705, 47.24264806651388], [-121.41055583953857, 47.24270633650406], [-121.41055583953857, 47.2427354714751], [-121.41051292419434, 47.24276460643014], [-121.41051292419434, 47.242793741369155], [-121.41042709350586, 47.24285201119912], [-121.41042709350586, 47.24288114609007], [-121.41034126281738, 47.24293941582391], [-121.41034126281738, 47.242968550666774], [-121.41021251678467, 47.243055955099294], [-121.41021251678467, 47.243085089878065], [-121.41008377075195, 47.243172494118284], [-121.41008377075195, 47.24320162883299], [-121.40986919403076, 47.243347302166114], [-121.40986919403076, 47.2433764367847], [-121.40978336334229, 47.243434705973726], [-121.40974044799805, 47.243434705973726], [-121.40974044799805, 47.24346384054422], [-121.40926837921143, 47.24378431976211], [-121.40922546386719, 47.24378431976211], [-121.40918254852295, 47.24381345414034], [-121.40918254852295, 47.24384258850253], [-121.40913963317871, 47.24384258850253], [-121.40909671783447, 47.243871722848695], [-121.40905380249023, 47.243871722848695], [-121.40905380249023, 47.24390085717883], [-121.409010887146, 47.24390085717883], [-121.40896797180176, 47.24392999149296], [-121.40892505645752, 47.24392999149296], [-121.40883922576904, 47.24398826007314], [-121.4087963104248, 47.24398826007314], [-121.40875339508057, 47.24401739433921], [-121.40871047973633, 47.24401739433921], [-121.40862464904785, 47.244075662823235], [-121.40858173370361, 47.244075662823235], [-121.40853881835938, 47.244104797041246], [-121.40849590301514, 47.244104797041246], [-121.40841007232666, 47.24416306542915], [-121.40832424163818, 47.24416306542915], [-121.40828132629395, 47.24419219959907], [-121.4082384109497, 47.24419219959907], [-121.40819549560547, 47.24422133375296], [-121.40815258026123, 47.24422133375296], [-121.40810966491699, 47.24425046789085], [-121.40806674957275, 47.24425046789085], [-121.40802383422852, 47.24427960201271], [-121.40793800354004, 47.24427960201271], [-121.4078950881958, 47.24430873611851], [-121.40780925750732, 47.24430873611851], [-121.40780925750732, 47.24433787020831], [-121.40772342681885, 47.24433787020831], [-121.40768051147461, 47.24436700428211], [-121.4075517654419, 47.24436700428211], [-121.40750885009766, 47.24439613833988], [-121.40738010406494, 47.24439613833988], [-121.40707969665527, 47.24445440640733], [-121.40703678131104, 47.24448354041701], [-121.40695095062256, 47.24448354041701], [-121.40690803527832, 47.244512674410686], [-121.40682220458984, 47.244512674410686], [-121.4067792892456, 47.244541808388334], [-121.40669345855713, 47.244541808388334], [-121.40665054321289, 47.244570942349924], [-121.40660762786865, 47.244570942349924], [-121.40656471252441, 47.24460007629554], [-121.40647888183594, 47.24460007629554], [-121.40647888183594, 47.24462921022513], [-121.40639305114746, 47.24462921022513], [-121.40630722045898, 47.24468747803621], [-121.40622138977051, 47.24468747803621], [-121.40613555908203, 47.244745745783206], [-121.4060926437378, 47.244745745783206], [-121.40604972839355, 47.24477487963267], [-121.40600681304932, 47.24477487963267], [-121.40592098236084, 47.24483314728354], [-121.4058780670166, 47.24483314728354], [-121.40579223632812, 47.244891414870295], [-121.40574932098389, 47.244891414870295], [-121.40574932098389, 47.24492054863964], [-121.40570640563965, 47.24492054863964], [-121.40566349029541, 47.244949682392956], [-121.40562057495117, 47.244949682392956], [-121.40562057495117, 47.24497881613027], [-121.40557765960693, 47.24497881613027], [-121.4055347442627, 47.245007949851555], [-121.40480518341064, 47.24541582026711], [-121.4038610458374, 47.24594022047256], [-121.39823913574219, 47.24929043258487], [-121.39819622039795, 47.24931956393479], [-121.39815330505371, 47.24931956393479], [-121.39798164367676, 47.24943608917428], [-121.39793872833252, 47.24943608917428], [-121.39785289764404, 47.249494351697905], [-121.3978099822998, 47.249494351697905], [-121.3978099822998, 47.24952348293567], [-121.39776706695557, 47.24952348293567], [-121.39776706695557, 47.24955261415741], [-121.39772415161133, 47.24955261415741], [-121.39768123626709, 47.249581745363116], [-121.39763832092285, 47.249581745363116], [-121.39755249023438, 47.2496400077265], [-121.39750957489014, 47.2496400077265], [-121.3974666595459, 47.249669138884144], [-121.39742374420166, 47.249669138884144], [-121.39733791351318, 47.249727401151375], [-121.39729499816895, 47.249727401151375], [-121.3972520828247, 47.24975653226096], [-121.39720916748047, 47.24975653226096], [-121.39720916748047, 47.249785663354515], [-121.39716625213623, 47.249785663354515], [-121.39712333679199, 47.24981479443207], [-121.39708042144775, 47.24981479443207], [-121.39703750610352, 47.24984392549359], [-121.39695167541504, 47.24984392549359], [-121.39695167541504, 47.24987305653909], [-121.3969087600708, 47.24987305653909], [-121.39686584472656, 47.24990218756855], [-121.39678001403809, 47.24990218756855], [-121.39678001403809, 47.249931318582014], [-121.39669418334961, 47.249931318582014], [-121.39665126800537, 47.24996044957945], [-121.3965654373169, 47.24996044957945], [-121.39652252197266, 47.24998958056085], [-121.39647960662842, 47.24998958056085], [-121.39643669128418, 47.25001871152625], [-121.39630794525146, 47.25001871152625], [-121.39626502990723, 47.250047842475595], [-121.39613628387451, 47.250047842475595], [-121.39609336853027, 47.25007697340891], [-121.3957929611206, 47.25007697340891], [-121.39575004577637, 47.25010610432625], [-121.39514923095703, 47.25010610432625], [-121.3951063156128, 47.25007697340891], [-121.39476299285889, 47.25007697340891], [-121.39472007751465, 47.250047842475595], [-121.39450550079346, 47.250047842475595], [-121.39446258544922, 47.25001871152625], [-121.39429092407227, 47.25001871152625], [-121.39429092407227, 47.24998958056085], [-121.39416217803955, 47.24998958056085], [-121.39411926269531, 47.24996044957945], [-121.3939905166626, 47.24996044957945], [-121.39394760131836, 47.249931318582014], [-121.39390468597412, 47.249931318582014], [-121.39386177062988, 47.24990218756855], [-121.3937759399414, 47.24990218756855], [-121.39373302459717, 47.24987305653909], [-121.39364719390869, 47.24987305653909], [-121.39364719390869, 47.24984392549359], [-121.39334678649902, 47.249785663354515], [-121.39098644256592, 47.249144775594914], [-121.39094352722168, 47.249115644148844], [-121.3908576965332, 47.249115644148844], [-121.39081478118896, 47.24908651268677], [-121.39072895050049, 47.24908651268677], [-121.39068603515625, 47.24905738120867], [-121.39060020446777, 47.24905738120867], [-121.39055728912354, 47.24902824971454], [-121.39038562774658, 47.24902824971454], [-121.39034271240234, 47.24899911820438], [-121.39017105102539, 47.24899911820438], [-121.39012813568115, 47.24896998667822], [-121.38931274414062, 47.24896998667822], [-121.38926982879639, 47.24899911820438], [-121.38914108276367, 47.24899911820438], [-121.38909816741943, 47.24902824971454], [-121.38901233673096, 47.24902824971454], [-121.38896942138672, 47.24905738120867], [-121.38888359069824, 47.24905738120867], [-121.388840675354, 47.24908651268677], [-121.38879776000977, 47.24908651268677], [-121.38875484466553, 47.249115644148844], [-121.38866901397705, 47.249115644148844], [-121.38866901397705, 47.249144775594914], [-121.38858318328857, 47.249144775594914], [-121.38854026794434, 47.249173907024954], [-121.3884973526001, 47.249173907024954], [-121.38802528381348, 47.24931956393479], [-121.3827896118164, 47.25083437205183]]], [[[-121.38635158538818, 47.25631062454664], [-121.38630867004395, 47.25633975203516], [-121.3827896118164, 47.25633975203516], [-121.3827896118164, 47.25622324198497], [-121.38287544250488, 47.25622324198497], [-121.38291835784912, 47.25619411443236], [-121.38296127319336, 47.25619411443236], [-121.3830041885376, 47.25616498686372], [-121.38304710388184, 47.25616498686372], [-121.38309001922607, 47.256135859279084], [-121.38313293457031, 47.256135859279084], [-121.38317584991455, 47.256106731678386], [-121.38321876525879, 47.256106731678386], [-121.38326168060303, 47.256077604061716], [-121.38330459594727, 47.256077604061716], [-121.3833475112915, 47.25604847642899], [-121.38343334197998, 47.25604847642899], [-121.38347625732422, 47.25601934878023], [-121.38351917266846, 47.25601934878023], [-121.3835620880127, 47.25599022111547], [-121.38364791870117, 47.25599022111547], [-121.38369083404541, 47.25596109343468], [-121.38373374938965, 47.25596109343468], [-121.38377666473389, 47.25593196573789], [-121.3839054107666, 47.25593196573789], [-121.38394832611084, 47.25590283802504], [-121.38403415679932, 47.25590283802504], [-121.38407707214355, 47.255873710296186], [-121.38416290283203, 47.255873710296186], [-121.38424873352051, 47.25584458255133], [-121.38433456420898, 47.25584458255133], [-121.38437747955322, 47.255815454790394], [-121.3844633102417, 47.255815454790394], [-121.38450622558594, 47.25578632701348], [-121.38467788696289, 47.25578632701348], [-121.38472080230713, 47.25575719922057], [-121.38510704040527, 47.25575719922057], [-121.38514995574951, 47.255728071411596], [-121.38587951660156, 47.255728071411596], [-121.3859224319458, 47.25575719922057], [-121.38622283935547, 47.25575719922057], [-121.3862657546997, 47.25578632701348], [-121.3864803314209, 47.25578632701348], [-121.3864803314209, 47.255815454790394], [-121.38665199279785, 47.255815454790394], [-121.38669490814209, 47.25584458255133], [-121.3868236541748, 47.25584458255133], [-121.38755321502686, 47.25601934878023], [-121.38798236846924, 47.256106731678386], [-121.38858318328857, 47.25622324198497], [-121.38892650604248, 47.25631062454664], [-121.38635158538818, 47.25631062454664]]]]}, "properties": {"fid": 22812, "ogc_fid": 22812, "path": "/us/wa/king/enumclaw-plateau/22812", "ll_uuid": "eb4737da-e3ee-4a78-9660-d7109ba84ed6", "owner": "BNSF", "parcelnumb": "0320119017"}, "id": 105}, {"type": "Feature", "geometry": {"type": "Polygon", "coordinates": [[[-121.40922546386719, 47.24218190428505], [-121.4038610458374, 47.24212363371802], [-121.40394687652588, 47.238423321460516], [-121.4040756225586, 47.23495586520937], [-121.40424728393555, 47.22831170173734], [-121.40424728393555, 47.22778712703999], [-121.40562057495117, 47.22778712703999], [-121.40622138977051, 47.227757983849045], [-121.40982627868652, 47.227757983849045], [-121.41291618347168, 47.22772884064207], [-121.41634941101074, 47.22772884064207], [-121.4192247390747, 47.22769969741904], [-121.42115592956543, 47.22769969741904], [-121.42373085021973, 47.22767055418001], [-121.4254903793335, 47.22767055418001], [-121.42536163330078, 47.231138487124184], [-121.42313003540039, 47.23210014262787], [-121.42308712005615, 47.23212928343136], [-121.42304420471191, 47.23212928343136], [-121.42295837402344, 47.2321875649902], [-121.4229154586792, 47.2321875649902], [-121.42282962799072, 47.232245846485], [-121.42278671264648, 47.232245846485], [-121.42265796661377, 47.23233326860699], [-121.42261505126953, 47.23233326860699], [-121.4225721359253, 47.232362409282274], [-121.42248630523682, 47.23239154994155], [-121.42244338989258, 47.2324206905848], [-121.42240047454834, 47.2324206905848], [-121.42227172851562, 47.23250811241837], [-121.42222881317139, 47.23250811241837], [-121.42205715179443, 47.2326246746388], [-121.4220142364502, 47.2326246746388], [-121.421799659729, 47.23277037705381], [-121.42175674438477, 47.23277037705381], [-121.42171382904053, 47.232799517488786], [-121.42068386077881, 47.233411462921026], [-121.42051219940186, 47.23352802315455], [-121.42046928405762, 47.23352802315455], [-121.42042636871338, 47.23355716317289], [-121.42042636871338, 47.2335863031752], [-121.4203405380249, 47.23364458313176], [-121.42029762268066, 47.23364458313176], [-121.42016887664795, 47.2337320029464], [-121.42012596130371, 47.2337320029464], [-121.419997215271, 47.23381942261682], [-121.41995429992676, 47.23381942261682], [-121.41986846923828, 47.23387770231702], [-121.41982555389404, 47.23387770231702], [-121.41961097717285, 47.234023401287004], [-121.41956806182861, 47.234023401287004], [-121.41720771789551, 47.235014143659754], [-121.41634941101074, 47.235363813015965], [-121.41634941101074, 47.235392952024796], [-121.41626358032227, 47.235422091017654], [-121.41622066497803, 47.235422091017654], [-121.41613483428955, 47.23545122999448], [-121.41604900360107, 47.235509507900076], [-121.4159631729126, 47.235538646828786], [-121.41592025756836, 47.23556778574155], [-121.41583442687988, 47.23559692463823], [-121.4157485961914, 47.23565520238358], [-121.41566276550293, 47.23568434123223], [-121.41561985015869, 47.23571348006482], [-121.41553401947021, 47.2357426188814], [-121.41549110412598, 47.235800896466515], [-121.41544818878174, 47.23583003523504], [-121.41536235809326, 47.235859173987535], [-121.41531944274902, 47.235888312724], [-121.41467571258545, 47.23620883776766], [-121.41325950622559, 47.23693729656557], [-121.41308784484863, 47.23705384904389], [-121.4130449295044, 47.23705384904389], [-121.4130449295044, 47.237082987123415], [-121.41300201416016, 47.23711212518694], [-121.41295909881592, 47.23711212518694], [-121.41291618347168, 47.23714126323438], [-121.41291618347168, 47.23717040126584], [-121.41287326812744, 47.23719953928128], [-121.4128303527832, 47.23719953928128], [-121.41278743743896, 47.23722867728068], [-121.41278743743896, 47.23725781526409], [-121.41274452209473, 47.23725781526409], [-121.41265869140625, 47.23731609118278], [-121.41265869140625, 47.23734522911806], [-121.41261577606201, 47.23734522911806], [-121.41257286071777, 47.237374367037376], [-121.41257286071777, 47.23740350494063], [-121.41252994537354, 47.23743264282788], [-121.4124870300293, 47.23743264282788], [-121.4124870300293, 47.237461780699135], [-121.41240119934082, 47.23752005639349], [-121.41240119934082, 47.237549194216655], [-121.41235828399658, 47.237549194216655], [-121.41231536865234, 47.23757833202379], [-121.41231536865234, 47.23760746981489], [-121.41214370727539, 47.23772402081906], [-121.41214370727539, 47.23775315853007], [-121.41210079193115, 47.23778229622505], [-121.41210079193115, 47.23781143390397], [-121.41205787658691, 47.23784057156689], [-121.41201496124268, 47.23784057156689], [-121.41201496124268, 47.23786970921381], [-121.41197204589844, 47.2378988468447], [-121.41197204589844, 47.23792798445953], [-121.4119291305542, 47.23795712205836], [-121.4119291305542, 47.23798625964116], [-121.41180038452148, 47.23807367229344], [-121.41180038452148, 47.23810280981215], [-121.41175746917725, 47.238131947314855], [-121.41175746917725, 47.23816108480153], [-121.41171455383301, 47.23819022227218], [-121.41171455383301, 47.2382193597268], [-121.41167163848877, 47.23824849716539], [-121.41167163848877, 47.23830677199453], [-121.41162872314453, 47.23830677199453], [-121.41162872314453, 47.23833590938506], [-121.4115858078003, 47.238365046759554], [-121.4115858078003, 47.23839418411805], [-121.41154289245605, 47.238423321460516], [-121.41154289245605, 47.23845245878695], [-121.41149997711182, 47.23848159609736], [-121.41149997711182, 47.23853987067011], [-121.41145706176758, 47.238569007932455], [-121.41145706176758, 47.2385981451788], [-121.41141414642334, 47.238627282409084], [-121.41141414642334, 47.23868555682162], [-121.4113712310791, 47.238714694003846], [-121.4113712310791, 47.23874383117007], [-121.41132831573486, 47.238772968320234], [-121.40969753265381, 47.24159919573074], [-121.40965461730957, 47.24162833131069], [-121.40965461730957, 47.241657466874585], [-121.4095687866211, 47.24171573795434], [-121.4095687866211, 47.24177400897], [-121.40952587127686, 47.2418031444538], [-121.40952587127686, 47.24183227992157], [-121.40948295593262, 47.24186141537331], [-121.40948295593262, 47.24189055080902], [-121.40939712524414, 47.241948821632405], [-121.40939712524414, 47.241977957020055], [-121.4093542098999, 47.2420070923917], [-121.4093542098999, 47.24203622774732], [-121.40931129455566, 47.24206536308691], [-121.40931129455566, 47.24209449841047], [-121.40926837921143, 47.24212363371802], [-121.40922546386719, 47.24212363371802], [-121.40922546386719, 47.24218190428505]]]}, "properties": {"fid": 59667, "ogc_fid": 59667, "path": "/us/wa/king/enumclaw-plateau/59667", "ll_uuid": "ec705466-b88e-4803-82dd-7f702dfe24d9", "owner": "GREEN CANYON TIMBERLANDS LL", "parcelnumb": "0920119001"}, "id": 106}, {"type": "Feature", "geometry": {"type": "Polygon", "coordinates": [[[-121.475830078125, 47.156367417548125], [-121.475830078125, 47.170139738510954], [-121.46759033203125, 47.170139738510954], [-121.46771907806396, 47.163254024329916], [-121.46784782409668, 47.156396599968446], [-121.4738130569458, 47.156367417548125], [-121.475830078125, 47.156367417548125]]]}, "properties": {"fid": 7329, "ogc_fid": 7329, "path": "/us/wa/king/enumclaw-plateau/7329", "ll_uuid": "00081495-6dc5-45ea-b544-e09f611d58db", "owner": "GREEN CANYON TIMBERLANDS LL", "parcelnumb": "0119109001"}, "id": 113}, {"type": "Feature", "geometry": {"type": "Polygon", "coordinates": [[[-121.4330005645752, 47.22691282434087], [-121.43179893493652, 47.227757983849045], [-121.43141269683838, 47.227757983849045], [-121.4254903793335, 47.22767055418001], [-121.4254903793335, 47.21507917625149], [-121.42609119415283, 47.21507917625149], [-121.42918109893799, 47.21510832641283], [-121.43295764923096, 47.21513747655814], [-121.43377304077148, 47.21513747655814], [-121.43381595611572, 47.21516662668736], [-121.43381595611572, 47.21519577680064], [-121.43385887145996, 47.21522492689786], [-121.43385887145996, 47.21528322704424], [-121.4339017868042, 47.2153123770934], [-121.4339017868042, 47.215399827144694], [-121.43394470214844, 47.21542897712973], [-121.43394470214844, 47.21545812709874], [-121.43398761749268, 47.21548727705175], [-121.43398761749268, 47.215545576909705], [-121.43403053283691, 47.21557472681462], [-121.43403053283691, 47.215662176433256], [-121.43407344818115, 47.21569132627411], [-121.43407344818115, 47.21577877570047], [-121.43411636352539, 47.21580792547721], [-121.43411636352539, 47.215895374711295], [-121.43415927886963, 47.21592452442394], [-121.43415927886963, 47.216070272746805], [-121.43420219421387, 47.2160994223633], [-121.43420219421387, 47.21618687111663], [-121.4342451095581, 47.216216020669066], [-121.4342451095581, 47.21639091764695], [-121.43428802490234, 47.21642006708723], [-121.43428802490234, 47.216711560608246], [-121.43433094024658, 47.21674070987223], [-121.4342451095581, 47.218198152640184], [-121.43420219421387, 47.22052997774449], [-121.43403053283691, 47.22493101816559], [-121.43403053283691, 47.22498930764007], [-121.43407344818115, 47.22501845235328], [-121.43407344818115, 47.22516417567894], [-121.43403053283691, 47.22519332029603], [-121.43403053283691, 47.22548476558532], [-121.43398761749268, 47.22551391002611], [-121.43398761749268, 47.225630487629104], [-121.43394470214844, 47.22565963198977], [-121.43394470214844, 47.22577620927228], [-121.4339017868042, 47.22580535355283], [-121.4339017868042, 47.22586364206592], [-121.43385887145996, 47.2258927862984], [-121.43385887145996, 47.22595107471531], [-121.43381595611572, 47.225980218899736], [-121.43381595611572, 47.22600936306813], [-121.43377304077148, 47.22603850722052], [-121.43377304077148, 47.22609679547722], [-121.43373012542725, 47.22612593958152], [-121.43373012542725, 47.22618422774207], [-121.43368721008301, 47.22618422774207], [-121.43368721008301, 47.22621337179828], [-121.43364429473877, 47.22624251583849], [-121.43364429473877, 47.226271659862704], [-121.43360137939453, 47.226300803870856], [-121.43360137939453, 47.2263590918391], [-121.4335584640503, 47.2263590918391], [-121.4335584640503, 47.22638823579919], [-121.43351554870605, 47.22641737974328], [-121.43351554870605, 47.226446523671314], [-121.43347263336182, 47.22647566758337], [-121.43347263336182, 47.226504811479344], [-121.43342971801758, 47.226504811479344], [-121.43342971801758, 47.226533955359315], [-121.4333438873291, 47.226592243071195], [-121.4333438873291, 47.226621386903105], [-121.43330097198486, 47.226621386903105], [-121.43330097198486, 47.22665053071901], [-121.43321514129639, 47.22670881830271], [-121.43321514129639, 47.2267379620705], [-121.43317222595215, 47.2267379620705], [-121.43317222595215, 47.22676710582226], [-121.43304347991943, 47.226854536981506], [-121.43304347991943, 47.226883680669204], [-121.4330005645752, 47.226883680669204], [-121.4330005645752, 47.22691282434087]]]}, "properties": {"fid": 131363, "ogc_fid": 131363, "path": "/us/wa/king/enumclaw-plateau/131363", "ll_uuid": "001cf64b-cf5a-4487-abbe-3761114d881e", "owner": "GREEN CANYON TIMBERLANDS LL", "parcelnumb": "1720119001"}, "id": 114}, {"type": "Feature", "geometry": {"type": "Polygon", "coordinates": [[[-121.4466905593872, 47.19676971004051], [-121.4466905593872, 47.19889836432938], [-121.43149852752686, 47.19889836432938], [-121.42793655395508, 47.19886920525849], [-121.42536163330078, 47.19886920525849], [-121.42531871795654, 47.19327036673724], [-121.42531871795654, 47.19166642393628], [-121.42523288726807, 47.186329319819066], [-121.42523288726807, 47.18443349793617], [-121.44656181335449, 47.18443349793617], [-121.44656181335449, 47.186358485780744], [-121.44660472869873, 47.188166744106866], [-121.44660472869873, 47.19166642393628], [-121.44664764404297, 47.19195805350574], [-121.4466905593872, 47.19676971004051]]]}, "properties": {"fid": 243676, "ogc_fid": 243676, "path": "/us/wa/king/enumclaw-plateau/243676", "ll_uuid": "50b4a5bf-4425-4814-8467-6befe5645843", "owner": "GREEN CANYON TIMBERLANDS LL", "parcelnumb": "2920119001"}, "id": 117}, {"type": "Feature", "geometry": {"type": "Polygon", "coordinates": [[[-121.46784782409668, 47.156396599968446], [-121.45741939544678, 47.156338235111775], [-121.45720481872559, 47.156338235111775], [-121.44656181335449, 47.156279870190986], [-121.44656181335449, 47.15236927446392], [-121.46789073944092, 47.15236927446392], [-121.46784782409668, 47.156396599968446]]]}, "properties": {"fid": 46917, "ogc_fid": 46917, "path": "/us/wa/king/enumclaw-plateau/46917", "ll_uuid": "df351149-0ee4-4947-87d0-6fc6448e1b86", "owner": "GREEN CANYON TIMBERLANDS LL", "parcelnumb": "0719119001"}, "id": 129}, {"type": "Feature", "geometry": {"type": "Polygon", "coordinates": [[[-121.42523288726807, 47.17016891336689], [-121.4252758026123, 47.16319566700565], [-121.4252758026123, 47.156192322689634], [-121.4359188079834, 47.156250687706574], [-121.44656181335449, 47.156279870190986], [-121.44656181335449, 47.17002303892707], [-121.44248485565186, 47.17005221384707], [-121.43587589263916, 47.170110563639014], [-121.42523288726807, 47.17016891336689]]]}, "properties": {"fid": 34355, "ogc_fid": 34355, "path": "/us/wa/king/enumclaw-plateau/34355", "ll_uuid": "2ef97834-8366-4c28-84d0-98da1f0cbb69", "owner": "GREEN CANYON TIMBERLANDS LL", "parcelnumb": "0519119001"}, "id": 135}, {"type": "Feature", "geometry": {"type": "Polygon", "coordinates": [[[-121.44656181335449, 47.17002303892707], [-121.44656181335449, 47.18443349793617], [-121.42523288726807, 47.18443349793617], [-121.42523288726807, 47.17016891336689], [-121.43587589263916, 47.170110563639014], [-121.44248485565186, 47.17005221384707], [-121.44656181335449, 47.17002303892707]]]}, "properties": {"fid": 262874, "ogc_fid": 262874, "path": "/us/wa/king/enumclaw-plateau/262874", "ll_uuid": "ce50e747-5dd7-4019-9ac5-4a36ebddec99", "owner": "GREEN CANYON TIMBERLANDS LL", "parcelnumb": "3220119001"}, "id": 140}, {"type": "Feature", "geometry": {"type": "Polygon", "coordinates": [[[-121.43394470214844, 47.22778712703999], [-121.43274307250977, 47.227757983849045], [-121.43179893493652, 47.227757983849045], [-121.4330005645752, 47.22691282434087], [-121.4330005645752, 47.226883680669204], [-121.43304347991943, 47.226883680669204], [-121.43304347991943, 47.226854536981506], [-121.43317222595215, 47.22676710582226], [-121.43317222595215, 47.2267379620705], [-121.43321514129639, 47.2267379620705], [-121.43321514129639, 47.22670881830271], [-121.43330097198486, 47.22665053071901], [-121.43330097198486, 47.226621386903105], [-121.4333438873291, 47.226621386903105], [-121.4333438873291, 47.226592243071195], [-121.43342971801758, 47.226533955359315], [-121.43342971801758, 47.226504811479344], [-121.43347263336182, 47.226504811479344], [-121.43347263336182, 47.22647566758337], [-121.43351554870605, 47.226446523671314], [-121.43351554870605, 47.22641737974328], [-121.4335584640503, 47.22638823579919], [-121.4335584640503, 47.2263590918391], [-121.43360137939453, 47.2263590918391], [-121.43360137939453, 47.226300803870856], [-121.43364429473877, 47.226271659862704], [-121.43364429473877, 47.22624251583849], [-121.43368721008301, 47.22621337179828], [-121.43368721008301, 47.22618422774207], [-121.43373012542725, 47.22618422774207], [-121.43373012542725, 47.22612593958152], [-121.43377304077148, 47.22609679547722], [-121.43377304077148, 47.22603850722052], [-121.43381595611572, 47.22600936306813], [-121.43381595611572, 47.225980218899736], [-121.43385887145996, 47.22595107471531], [-121.43385887145996, 47.2258927862984], [-121.4339017868042, 47.22586364206592], [-121.4339017868042, 47.22580535355283], [-121.43394470214844, 47.22577620927228], [-121.43394470214844, 47.22565963198977], [-121.43398761749268, 47.225630487629104], [-121.43398761749268, 47.22551391002611], [-121.43403053283691, 47.22548476558532], [-121.43403053283691, 47.22519332029603], [-121.43407344818115, 47.22516417567894], [-121.43407344818115, 47.22501845235328], [-121.43403053283691, 47.22498930764007], [-121.43403053283691, 47.22493101816559], [-121.43420219421387, 47.22052997774449], [-121.4342451095581, 47.218198152640184], [-121.43433094024658, 47.21674070987223], [-121.43428802490234, 47.216711560608246], [-121.43428802490234, 47.21642006708723], [-121.4342451095581, 47.21639091764695], [-121.4342451095581, 47.216216020669066], [-121.43420219421387, 47.21618687111663], [-121.43420219421387, 47.2160994223633], [-121.43415927886963, 47.216070272746805], [-121.43415927886963, 47.21592452442394], [-121.43411636352539, 47.215895374711295], [-121.43411636352539, 47.21580792547721], [-121.43407344818115, 47.21577877570047], [-121.43407344818115, 47.21569132627411], [-121.43403053283691, 47.215662176433256], [-121.43403053283691, 47.21557472681462], [-121.43398761749268, 47.215545576909705], [-121.43398761749268, 47.21548727705175], [-121.43394470214844, 47.21545812709874], [-121.43394470214844, 47.21542897712973], [-121.4339017868042, 47.215399827144694], [-121.4339017868042, 47.2153123770934], [-121.43385887145996, 47.21528322704424], [-121.43385887145996, 47.21522492689786], [-121.43381595611572, 47.21519577680064], [-121.43381595611572, 47.21516662668736], [-121.43377304077148, 47.21513747655814], [-121.43338680267334, 47.21440871811856], [-121.43338680267334, 47.214350417010735], [-121.4333438873291, 47.214292115838845], [-121.43321514129639, 47.21408806123239], [-121.43317222595215, 47.21394230746134], [-121.43308639526367, 47.21382570415608], [-121.43317222595215, 47.21382570415608], [-121.43321514129639, 47.21379655328968], [-121.43330097198486, 47.21379655328968], [-121.4333438873291, 47.213767402407285], [-121.43347263336182, 47.213767402407285], [-121.43351554870605, 47.21373825150886], [-121.43364429473877, 47.21373825150886], [-121.43347263336182, 47.21335928837112], [-121.43342971801758, 47.21330098610957], [-121.43312931060791, 47.21330098610957], [-121.43235683441162, 47.21172680081909], [-121.43235683441162, 47.211668496762854], [-121.43231391906738, 47.21163934471065], [-121.43231391906738, 47.21155188845799], [-121.43227100372314, 47.21152273634175], [-121.43227100372314, 47.21140612771646], [-121.4322280883789, 47.21137697552004], [-121.4322280883789, 47.21067731799954], [-121.43227100372314, 47.210648165402546], [-121.43227100372314, 47.21050240217724], [-121.43231391906738, 47.210473249484096], [-121.43231391906738, 47.21038579130854], [-121.43235683441162, 47.210356638551275], [-121.43235683441162, 47.21029833298874], [-121.43239974975586, 47.210269180183445], [-121.43239974975586, 47.21021087452476], [-121.4324426651001, 47.21018172167135], [-121.4324426651001, 47.21012341591654], [-121.43248558044434, 47.210094263015094], [-121.43248558044434, 47.21006511009762], [-121.43252849578857, 47.21003595716411], [-121.43252849578857, 47.2100068042146], [-121.43257141113281, 47.209977651249034], [-121.43257141113281, 47.209948498267465], [-121.43261432647705, 47.20991934526984], [-121.43261432647705, 47.20989019225621], [-121.43265724182129, 47.20986103922658], [-121.43265724182129, 47.20983188618092], [-121.43270015716553, 47.20980273311923], [-121.43270015716553, 47.209773580041514], [-121.432785987854, 47.209715273837986], [-121.432785987854, 47.209686120712206], [-121.43282890319824, 47.20965696757037], [-121.43282890319824, 47.20962781441253], [-121.43287181854248, 47.20962781441253], [-121.43287181854248, 47.20959866123866], [-121.43291473388672, 47.20959866123866], [-121.43291473388672, 47.20956950804876], [-121.4330005645752, 47.20951120162093], [-121.4330005645752, 47.20948204838297], [-121.43304347991943, 47.20948204838297], [-121.43304347991943, 47.209452895128976], [-121.43308639526367, 47.209452895128976], [-121.43308639526367, 47.209423741858956], [-121.43321514129639, 47.20933628195277], [-121.43321514129639, 47.20930712861869], [-121.43325805664062, 47.20930712861869], [-121.43325805664062, 47.20927797526852], [-121.43330097198486, 47.20927797526852], [-121.43342971801758, 47.209190515122], [-121.43347263336182, 47.209190515122], [-121.43347263336182, 47.20916136170774], [-121.43351554870605, 47.20916136170774], [-121.43351554870605, 47.20913220827751], [-121.4335584640503, 47.20913220827751], [-121.43368721008301, 47.2090447478906], [-121.43373012542725, 47.2090447478906], [-121.43373012542725, 47.20901559439622], [-121.43377304077148, 47.20901559439622], [-121.43381595611572, 47.208986440885866], [-121.43385887145996, 47.208986440885866], [-121.43394470214844, 47.20892813381704], [-121.43398761749268, 47.20892813381704], [-121.43398761749268, 47.208898980258596], [-121.43407344818115, 47.208898980258596], [-121.43411636352539, 47.20886982668412], [-121.43415927886963, 47.20886982668412], [-121.43420219421387, 47.20884067309359], [-121.4342451095581, 47.20884067309359], [-121.43428802490234, 47.208811519487085], [-121.43433094024658, 47.208811519487085], [-121.43437385559082, 47.20878236586452], [-121.43441677093506, 47.20878236586452], [-121.4344596862793, 47.20875321222596], [-121.43454551696777, 47.20875321222596], [-121.43454551696777, 47.20872405857136], [-121.43467426300049, 47.20872405857136], [-121.43467426300049, 47.20869490490074], [-121.4348030090332, 47.20869490490074], [-121.43484592437744, 47.208665751214085], [-121.43497467041016, 47.208665751214085], [-121.4350175857544, 47.20863659751143], [-121.43523216247559, 47.20863659751143], [-121.43523216247559, 47.208607443792744], [-121.4357042312622, 47.208607443792744], [-121.4357042312622, 47.20857829005803], [-121.43579006195068, 47.20857829005803], [-121.43604755401611, 47.208607443792744], [-121.43604755401611, 47.20875321222596], [-121.44450187683105, 47.208898980258596], [-121.44484519958496, 47.208898980258596], [-121.4448881149292, 47.20892813381704], [-121.44536018371582, 47.20892813381704], [-121.44540309906006, 47.208957287359425], [-121.44566059112549, 47.208957287359425], [-121.44570350646973, 47.208986440885866], [-121.44587516784668, 47.208986440885866], [-121.44596099853516, 47.20901559439622], [-121.44608974456787, 47.20901559439622], [-121.44664764404297, 47.209190515122], [-121.4466905593872, 47.209190515122], [-121.44733428955078, 47.20933628195277], [-121.44737720489502, 47.209365435270854], [-121.4474630355835, 47.209365435270854], [-121.44750595092773, 47.209394588572934], [-121.44759178161621, 47.209394588572934], [-121.44763469696045, 47.209423741858956], [-121.44776344299316, 47.209423741858956], [-121.4478063583374, 47.209452895128976], [-121.44797801971436, 47.209452895128976], [-121.4480209350586, 47.20948204838297], [-121.44827842712402, 47.20948204838297], [-121.44832134246826, 47.20951120162093], [-121.44922256469727, 47.20951120162093], [-121.4492654800415, 47.20948204838297], [-121.44952297210693, 47.20948204838297], [-121.44956588745117, 47.209452895128976], [-121.44969463348389, 47.209452895128976], [-121.44973754882812, 47.209423741858956], [-121.4498233795166, 47.209423741858956], [-121.4518404006958, 47.20910305483122], [-121.45192623138428, 47.20910305483122], [-121.45196914672852, 47.209073901368896], [-121.45214080810547, 47.209073901368896], [-121.4521837234497, 47.2090447478906], [-121.45231246948242, 47.2090447478906], [-121.45235538482666, 47.20901559439622], [-121.45256996154785, 47.20901559439622], [-121.45261287689209, 47.208986440885866], [-121.45287036895752, 47.208986440885866], [-121.45291328430176, 47.208957287359425], [-121.4532995223999, 47.208957287359425], [-121.45338535308838, 47.20892813381704], [-121.45664691925049, 47.208898980258596], [-121.45960807800293, 47.208898980258596], [-121.45965099334717, 47.20886982668412], [-121.4604663848877, 47.20886982668412], [-121.46050930023193, 47.208898980258596], [-121.46093845367432, 47.208898980258596], [-121.46098136901855, 47.20892813381704], [-121.46123886108398, 47.20892813381704], [-121.46128177642822, 47.208957287359425], [-121.46141052246094, 47.208957287359425], [-121.46660327911377, 47.209452895128976], [-121.46660327911377, 47.209744426947765], [-121.4613676071167, 47.209248821902406], [-121.46115303039551, 47.209248821902406], [-121.46111011505127, 47.20921966852018], [-121.46076679229736, 47.20921966852018], [-121.46072387695312, 47.209190515122], [-121.45995140075684, 47.209190515122], [-121.45986557006836, 47.20916136170774], [-121.45982265472412, 47.20916136170774], [-121.45977973937988, 47.209190515122], [-121.45797729492188, 47.209190515122], [-121.45797729492188, 47.20927797526852], [-121.45724773406982, 47.209248821902406], [-121.45724773406982, 47.209190515122], [-121.45505905151367, 47.209190515122], [-121.45505905151367, 47.20930712861869], [-121.45411491394043, 47.20930712861869], [-121.45407199859619, 47.20933628195277], [-121.45394325256348, 47.20933628195277], [-121.45394325256348, 47.20921966852018], [-121.45312786102295, 47.20921966852018], [-121.45308494567871, 47.209248821902406], [-121.45287036895752, 47.209248821902406], [-121.45278453826904, 47.20927797526852], [-121.45256996154785, 47.20927797526852], [-121.45252704620361, 47.20930712861869], [-121.45235538482666, 47.20930712861869], [-121.45231246948242, 47.20933628195277], [-121.45214080810547, 47.20933628195277], [-121.45209789276123, 47.209365435270854], [-121.45196914672852, 47.209365435270854], [-121.45192623138428, 47.209394588572934], [-121.44990921020508, 47.209715273837986], [-121.44978046417236, 47.209715273837986], [-121.44973754882812, 47.209744426947765], [-121.44956588745117, 47.209744426947765], [-121.44952297210693, 47.209773580041514], [-121.4492654800415, 47.209773580041514], [-121.44922256469727, 47.20980273311923], [-121.44827842712402, 47.20980273311923], [-121.44823551177979, 47.20991934526984], [-121.44797801971436, 47.20991934526984], [-121.44793510437012, 47.20989019225621], [-121.44772052764893, 47.20989019225621], [-121.44767761230469, 47.20986103922658], [-121.44754886627197, 47.20986103922658], [-121.44754886627197, 47.20983188618092], [-121.44742012023926, 47.20983188618092], [-121.44737720489502, 47.20980273311923], [-121.44729137420654, 47.20980273311923], [-121.4472484588623, 47.209773580041514], [-121.44720554351807, 47.209773580041514], [-121.44716262817383, 47.209744426947765], [-121.44711971282959, 47.209744426947765], [-121.44673347473145, 47.20965696757037], [-121.44664764404297, 47.20962781441253], [-121.44626140594482, 47.20948204838297], [-121.44617557525635, 47.209452895128976], [-121.44604682922363, 47.209452895128976], [-121.4460039138794, 47.209423741858956], [-121.44587516784668, 47.209423741858956], [-121.44583225250244, 47.209394588572934], [-121.44566059112549, 47.209394588572934], [-121.44561767578125, 47.209365435270854], [-121.44548892974854, 47.209365435270854], [-121.4454460144043, 47.209248821902406], [-121.44540309906006, 47.20921966852018], [-121.44501686096191, 47.20921966852018], [-121.44497394561768, 47.209190515122], [-121.44450187683105, 47.209190515122], [-121.43604755401611, 47.2090447478906], [-121.43604755401611, 47.20916136170774], [-121.43540382385254, 47.20916136170774], [-121.43540382385254, 47.209190515122], [-121.43518924713135, 47.209190515122], [-121.43514633178711, 47.20921966852018], [-121.4350175857544, 47.20921966852018], [-121.43497467041016, 47.209248821902406], [-121.43488883972168, 47.209248821902406], [-121.43488883972168, 47.20927797526852], [-121.4348030090332, 47.20927797526852], [-121.43476009368896, 47.20930712861869], [-121.43467426300049, 47.20930712861869], [-121.43463134765625, 47.20933628195277], [-121.43458843231201, 47.20933628195277], [-121.43454551696777, 47.209365435270854], [-121.43450260162354, 47.209365435270854], [-121.43450260162354, 47.209394588572934], [-121.43441677093506, 47.209394588572934], [-121.43441677093506, 47.209423741858956], [-121.43437385559082, 47.209423741858956], [-121.43433094024658, 47.209452895128976], [-121.43428802490234, 47.209452895128976], [-121.43420219421387, 47.20951120162093], [-121.43415927886963, 47.20951120162093], [-121.43403053283691, 47.20959866123866], [-121.43398761749268, 47.20959866123866], [-121.43398761749268, 47.20962781441253], [-121.43394470214844, 47.20962781441253], [-121.43394470214844, 47.20965696757037], [-121.4339017868042, 47.20965696757037], [-121.4339017868042, 47.209686120712206], [-121.43385887145996, 47.209686120712206], [-121.43385887145996, 47.209715273837986], [-121.43381595611572, 47.209715273837986], [-121.43381595611572, 47.209744426947765], [-121.43377304077148, 47.209744426947765], [-121.43377304077148, 47.209773580041514], [-121.43373012542725, 47.209773580041514], [-121.43373012542725, 47.20980273311923], [-121.43368721008301, 47.20980273311923], [-121.43368721008301, 47.20983188618092], [-121.43364429473877, 47.20983188618092], [-121.43364429473877, 47.20986103922658], [-121.43360137939453, 47.20989019225621], [-121.43360137939453, 47.20991934526984], [-121.4335584640503, 47.20991934526984], [-121.4335584640503, 47.209948498267465], [-121.43351554870605, 47.209948498267465], [-121.43351554870605, 47.2100068042146], [-121.43347263336182, 47.2100068042146], [-121.43347263336182, 47.21003595716411], [-121.43342971801758, 47.21003595716411], [-121.43342971801758, 47.210094263015094], [-121.43338680267334, 47.210094263015094], [-121.43338680267334, 47.21012341591654], [-121.4333438873291, 47.21015256880196], [-121.4333438873291, 47.21018172167135], [-121.43330097198486, 47.21021087452476], [-121.43330097198486, 47.21024002736212], [-121.43325805664062, 47.210269180183445], [-121.43325805664062, 47.21032748577804], [-121.43321514129639, 47.21032748577804], [-121.43321514129639, 47.21038579130854], [-121.43317222595215, 47.210414944049745], [-121.43317222595215, 47.210473249484096], [-121.43312931060791, 47.21050240217724], [-121.43312931060791, 47.21056070751541], [-121.43308639526367, 47.210589860160496], [-121.43308639526367, 47.210706470580504], [-121.43304347991943, 47.21073562314544], [-121.43304347991943, 47.21099799550885], [-121.4330005645752, 47.21099799550885], [-121.4330005645752, 47.211085452674865], [-121.43304347991943, 47.211114605031526], [-121.43304347991943, 47.21137697552004], [-121.43308639526367, 47.21140612771646], [-121.43308639526367, 47.21152273634175], [-121.43312931060791, 47.21152273634175], [-121.43312931060791, 47.21158104055826], [-121.43398761749268, 47.21330098610957], [-121.4339017868042, 47.21330098610957], [-121.43411636352539, 47.21367994966394], [-121.43420219421387, 47.21367994966394], [-121.43420219421387, 47.213650798717424], [-121.43437385559082, 47.213650798717424], [-121.43441677093506, 47.213621647754906], [-121.43463134765625, 47.213621647754906], [-121.43467426300049, 47.21359249677636], [-121.43471717834473, 47.21367994966394], [-121.43484592437744, 47.21391315665906], [-121.43493175506592, 47.214058910510204], [-121.43523216247559, 47.21467107231052], [-121.43493175506592, 47.21467107231052], [-121.43488883972168, 47.214700222696194], [-121.43467426300049, 47.214700222696194], [-121.43467426300049, 47.21472937306581], [-121.43463134765625, 47.21472937306581], [-121.43497467041016, 47.21542897712973], [-121.4350175857544, 47.21542897712973], [-121.43510341644287, 47.21548727705175], [-121.43514633178711, 47.21548727705175], [-121.43514633178711, 47.215516426988756], [-121.43518924713135, 47.215516426988756], [-121.43518924713135, 47.215545576909705], [-121.43523216247559, 47.21557472681462], [-121.43527507781982, 47.21557472681462], [-121.43527507781982, 47.21560387670354], [-121.43531799316406, 47.21560387670354], [-121.43531799316406, 47.21563302657643], [-121.4353609085083, 47.21563302657643], [-121.4353609085083, 47.215662176433256], [-121.43544673919678, 47.21572047609894], [-121.43544673919678, 47.215749625907705], [-121.43548965454102, 47.215749625907705], [-121.43548965454102, 47.21577877570047], [-121.43553256988525, 47.21580792547721], [-121.43553256988525, 47.21583707523794], [-121.43557548522949, 47.21583707523794], [-121.43557548522949, 47.21586622498262], [-121.43561840057373, 47.215895374711295], [-121.43561840057373, 47.21592452442394], [-121.43566131591797, 47.215953674120556], [-121.43566131591797, 47.21598282380117], [-121.4357042312622, 47.21598282380117], [-121.4357042312622, 47.21604112311428], [-121.43574714660645, 47.216070272746805], [-121.43574714660645, 47.2160994223633], [-121.43579006195068, 47.216128571963765], [-121.43579006195068, 47.21618687111663], [-121.43583297729492, 47.216216020669066], [-121.43583297729492, 47.2163034692301], [-121.43587589263916, 47.21633261871844], [-121.43587589263916, 47.21644921651142], [-121.4359188079834, 47.216478365919585], [-121.4359188079834, 47.21659496339211], [-121.43587589263916, 47.21831474633103], [-121.43579006195068, 47.22052997774449], [-121.43561840057373, 47.22490187340432], [-121.43561840057373, 47.225543054450924], [-121.43557548522949, 47.22557219885965], [-121.43557548522949, 47.22571792066307], [-121.43553256988525, 47.22574706497571], [-121.43553256988525, 47.22586364206592], [-121.43548965454102, 47.2258927862984], [-121.43548965454102, 47.225980218899736], [-121.43544673919678, 47.22600936306813], [-121.43544673919678, 47.22609679547722], [-121.43540382385254, 47.22612593958152], [-121.43540382385254, 47.22621337179828], [-121.4353609085083, 47.22621337179828], [-121.4353609085083, 47.226271659862704], [-121.43531799316406, 47.226300803870856], [-121.43531799316406, 47.2263590918391], [-121.43527507781982, 47.22638823579919], [-121.43527507781982, 47.226446523671314], [-121.43523216247559, 47.22647566758337], [-121.43523216247559, 47.226504811479344], [-121.43518924713135, 47.226533955359315], [-121.43518924713135, 47.226563099223256], [-121.43514633178711, 47.226592243071195], [-121.43514633178711, 47.22665053071901], [-121.43510341644287, 47.226679674518834], [-121.43510341644287, 47.22670881830271], [-121.43506050109863, 47.2267379620705], [-121.43506050109863, 47.22676710582226], [-121.4350175857544, 47.22679624955805], [-121.4350175857544, 47.22682539327778], [-121.43497467041016, 47.226854536981506], [-121.43497467041016, 47.226883680669204], [-121.43488883972168, 47.22694196799654], [-121.43488883972168, 47.226971111636146], [-121.43484592437744, 47.227000255259725], [-121.43484592437744, 47.2270293988673], [-121.43476009368896, 47.227087686034395], [-121.43476009368896, 47.22711682959391], [-121.43471717834473, 47.2271459731374], [-121.43471717834473, 47.22717511666485], [-121.43467426300049, 47.22717511666485], [-121.43467426300049, 47.22720426017628], [-121.43458843231201, 47.22726254715104], [-121.43458843231201, 47.227291690614436], [-121.43454551696777, 47.227291690614436], [-121.43454551696777, 47.22732083406177], [-121.43441677093506, 47.227408264307655], [-121.43441677093506, 47.2274374076909], [-121.43437385559082, 47.227466551058114], [-121.43433094024658, 47.227466551058114], [-121.43433094024658, 47.22749569440933], [-121.43415927886963, 47.22761226765388], [-121.43394470214844, 47.22778712703999]]]}, "properties": {"fid": 130720, "ogc_fid": 130720, "path": "/us/wa/king/enumclaw-plateau/130720", "ll_uuid": "aab7b72e-f0d2-45d8-bbdf-a20f7d730aa5", "owner": "BNSF", "parcelnumb": "1720119017"}, "id": 142}, {"type": "Feature", "geometry": {"type": "Polygon", "coordinates": [[[-121.475830078125, 47.21624517020541], [-121.475830078125, 47.220617419190944], [-121.4665174484253, 47.220617419190944], [-121.4665174484253, 47.21869367405566], [-121.475830078125, 47.21624517020541]]]}, "properties": {"fid": 95128, "ogc_fid": 95128, "path": "/us/wa/king/enumclaw-plateau/95128", "ll_uuid": "ed87d524-cad3-4d1e-988e-d6085cdcc39e", "owner": "BTG PACTUAL OEF PROPERTY 1", "parcelnumb": "1320109013"}, "id": 143}, {"type": "Feature", "geometry": {"type": "Polygon", "coordinates": [[[-121.475830078125, 47.220617419190944], [-121.475830078125, 47.22781627021496], [-121.46656036376953, 47.22781627021496], [-121.4665174484253, 47.22423153947244], [-121.4665174484253, 47.220617419190944], [-121.475830078125, 47.220617419190944]]]}, "properties": {"fid": 95127, "ogc_fid": 95127, "path": "/us/wa/king/enumclaw-plateau/95127", "ll_uuid": "c70e0bd3-6924-4af2-a399-27fbce083791", "owner": "GREEN CANYON TIMBERLANDS LL", "parcelnumb": "1320109001"}, "id": 155}, {"type": "Feature", "geometry": {"type": "Polygon", "coordinates": [[[-121.47252559661865, 47.21006511009762], [-121.47248268127441, 47.21012341591654], [-121.47136688232422, 47.21012341591654], [-121.47003650665283, 47.21003595716411], [-121.47007942199707, 47.209977651249034], [-121.46870613098145, 47.20989019225621], [-121.46849155426025, 47.20986103922658], [-121.46681785583496, 47.209773580041514], [-121.46660327911377, 47.209744426947765], [-121.46660327911377, 47.209452895128976], [-121.46849155426025, 47.20954035484286], [-121.46870613098145, 47.20956950804876], [-121.47007942199707, 47.20965696757037], [-121.47007942199707, 47.20959866123866], [-121.47140979766846, 47.209686120712206], [-121.47248268127441, 47.209686120712206], [-121.47248268127441, 47.209773580041514], [-121.475830078125, 47.209715273837986], [-121.475830078125, 47.2100068042146], [-121.47252559661865, 47.21006511009762]]]}, "properties": {"fid": 193090, "ogc_fid": 193090, "path": "/us/wa/king/enumclaw-plateau/193090", "ll_uuid": "dc3fb7f4-620d-41be-8c76-1c8309c2bd1e", "owner": "BNSF", "parcelnumb": "2420109012"}, "id": 158}, {"type": "Feature", "geometry": {"type": "Polygon", "coordinates": [[[-121.48887634277344, 47.16319566700565], [-121.48874759674072, 47.16730970131579], [-121.46767616271973, 47.16730970131579], [-121.46771907806396, 47.163254024329916], [-121.46784782409668, 47.156425782372736], [-121.4738130569458, 47.156396599968446], [-121.47849082946777, 47.156367417548125], [-121.48909091949463, 47.156309052659395], [-121.48887634277344, 47.16319566700565]]]}, "properties": {"fid": 7329, "ogc_fid": 7329, "path": "/us/wa/king/enumclaw-plateau/7329", "ll_uuid": "00081495-6dc5-45ea-b544-e09f611d58db", "owner": "GREEN CANYON TIMBERLANDS LL", "parcelnumb": "0119109001"}, "id": 44}, {"type": "Feature", "geometry": {"type": "Polygon", "coordinates": [[[-121.49964809417725, 47.156367417548125], [-121.48909091949463, 47.156309052659395], [-121.48904800415039, 47.149042123186774], [-121.48904800415039, 47.14594562423427], [-121.4890659935451, 47.14595664607035], [-121.48925138473535, 47.146039728171495], [-121.48950200448192, 47.14611812253742], [-121.48975311399442, 47.14616840603303], [-121.49002504540246, 47.14620412970256], [-121.49016252114701, 47.14620992420206], [-121.49029553923891, 47.146215526425756], [-121.49053266370669, 47.14621623333813], [-121.49081928624527, 47.14617641146519], [-121.49100717973234, 47.14613083669473], [-121.49102434476055, 47.146126675544146], [-121.49133239842388, 47.146050343797675], [-121.49151956258495, 47.14601103294396], [-121.49174810016159, 47.14598164567328], [-121.49193154876829, 47.145958825072164], [-121.49215962796545, 47.145959952593806], [-121.49245949113238, 47.145983084736656], [-121.49276614406031, 47.14604968036819], [-121.49306747003071, 47.14609816165641], [-121.4931501998127, 47.146116302058964], [-121.49339533280124, 47.14617006728092], [-121.49366354581623, 47.14616673400725], [-121.49404024070243, 47.14610830255608], [-121.49468827868141, 47.145780888171934], [-121.49524886226455, 47.14547907620075], [-121.49528863931037, 47.14542288004145], [-121.49999141693115, 47.14542288004145], [-121.50002981984136, 47.14542310424177], [-121.50030102931942, 47.145554203410356], [-121.50087208351039, 47.145816781983314], [-121.50121821018523, 47.14595207039531], [-121.50259181524434, 47.14622670023926], [-121.50388223040753, 47.146159867145585], [-121.50433340792235, 47.14613649007098], [-121.50517138956172, 47.14597668074866], [-121.50600917703687, 47.14558859608132], [-121.50643673515054, 47.145460508502836], [-121.50999069213867, 47.1454812568862], [-121.51007652282715, 47.14886700419197], [-121.51007652282715, 47.14915886886274], [-121.51020526885986, 47.15447052585], [-121.5102481842041, 47.156454964761025], [-121.49964809417725, 47.156367417548125]]]}, "properties": {"fid": 76126, "ogc_fid": 76126, "path": "/us/wa/king/enumclaw-plateau/76126", "ll_uuid": "e5dcd7a4-2253-45f0-b470-b0a5940e9ea1", "owner": "GREEN CANYON TIMBERLANDS LL", "parcelnumb": "1119109001"}, "id": 48}, {"type": "Feature", "geometry": {"type": "Polygon", "coordinates": [[[-121.53114795684814, 47.16730970131579], [-121.51007652282715, 47.16730970131579], [-121.5102481842041, 47.156454964761025], [-121.51132106781006, 47.156425782372736], [-121.520676612854, 47.156338235111775], [-121.52999009758273, 47.15626036818067], [-121.53008635787197, 47.156457984726124], [-121.52989437059512, 47.156884203778915], [-121.52956364031692, 47.15699890371674], [-121.52903270276316, 47.15681253773886], [-121.5286726452397, 47.156424676204914], [-121.52806461300337, 47.15635131665835], [-121.52781725191582, 47.156641271733704], [-121.52767436914536, 47.15716587147934], [-121.52801621931938, 47.15758889051292], [-121.52786223672702, 47.15800009458661], [-121.52804482557436, 47.158089900425495], [-121.52815083353543, 47.15816778713049], [-121.52832420099661, 47.15843101300078], [-121.52844398787059, 47.15875641150124], [-121.52843125928139, 47.15903079462967], [-121.52846890158634, 47.15915447503275], [-121.52854855453053, 47.15928564515107], [-121.52874423372931, 47.15952621967621], [-121.52941144413394, 47.16018166206286], [-121.5295840346409, 47.16037737166463], [-121.5296632763754, 47.160526787633685], [-121.52973428885063, 47.16079874106261], [-121.52980033982332, 47.16117643880588], [-121.5301960389172, 47.16192920450313], [-121.5308608807686, 47.16262980766091], [-121.53085116277413, 47.162836726430946], [-121.5306857012645, 47.162989106226775], [-121.53040603947686, 47.16313753758826], [-121.53008103754615, 47.16328587104536], [-121.52971386083978, 47.16338863481714], [-121.52943532192282, 47.16344917831089], [-121.52926709105687, 47.16354674473406], [-121.52898552267155, 47.16420645181339], [-121.52893157446098, 47.16434843137926], [-121.5289199520713, 47.16448253439286], [-121.52906948416907, 47.164915404687406], [-121.52910140222974, 47.16506591034181], [-121.52908890189276, 47.1652293993149], [-121.52922858493174, 47.16552698911446], [-121.52957316454955, 47.16591324802619], [-121.52978471059575, 47.166035312888546], [-121.53002103897208, 47.166145871198665], [-121.53028937238084, 47.1662692042698], [-121.53055228056222, 47.166386283387055], [-121.53076613876678, 47.166448098711584], [-121.530960683541, 47.166466696423946], [-121.53114795684814, 47.16642330354371], [-121.53114795684814, 47.16730970131579]]]}, "properties": {"fid": 22644, "ogc_fid": 22644, "path": "/us/wa/king/enumclaw-plateau/22644", "ll_uuid": "1d700377-10a0-4500-88cc-e8f9f988b17a", "owner": "GREEN CANYON TIMBERLANDS LL", "parcelnumb": "0319109001"}, "id": 53}, {"type": "Feature", "geometry": {"type": "Polygon", "coordinates": [[[-121.45741939544678, 47.156367417548125], [-121.453857421875, 47.156367417548125], [-121.453857421875, 47.14171581911481], [-121.45729064941406, 47.14165743813507], [-121.46231174468994, 47.14159905709124], [-121.46233674399672, 47.141598801388106], [-121.46233755804877, 47.14160082896702], [-121.46237765151636, 47.14176364941717], [-121.46245806311063, 47.141935716658395], [-121.46248110548771, 47.14204383969003], [-121.4625306386135, 47.14211642942578], [-121.46258534416548, 47.14219822930678], [-121.46271588932126, 47.142307863481854], [-121.46281159250135, 47.14243523266211], [-121.46284319312882, 47.142516553755925], [-121.4628993900006, 47.14262542787581], [-121.46293126847621, 47.14277870614857], [-121.4629726877936, 47.14295932458952], [-121.46302888558287, 47.1430682094233], [-121.46318167280968, 47.143241048640036], [-121.46328526121437, 47.14335945741407], [-121.46350273886118, 47.143497482559994], [-121.46363128890526, 47.14360711792912], [-121.46378444515969, 47.143743974866695], [-121.46404160455559, 47.14390942966955], [-121.46425869624626, 47.14408344491782], [-121.46439615778134, 47.14418443286604], [-121.46462102633487, 47.144286395171434], [-121.46485458333379, 47.144424307907975], [-121.46503855954259, 47.144543765074225], [-121.4651435340763, 47.14462616872017], [-121.4652233635247, 47.1447084439724], [-121.46528893725868, 47.14483504519742], [-121.46534448953783, 47.14490794238919], [-121.46543406999704, 47.14497197324839], [-121.46549686414131, 47.144999900313415], [-121.46557137362626, 47.14500989952413], [-121.46576296288403, 47.145048400385036], [-121.46597999078674, 47.14510554298035], [-121.46608366463342, 47.14511564810746], [-121.46614915283584, 47.145125716038976], [-121.46626975075047, 47.145127110017015], [-121.46638970336829, 47.145092864612636], [-121.46654264863562, 47.14504975031201], [-121.46667916680963, 47.14504279565348], [-121.46687227939567, 47.14505418794184], [-121.46700087934494, 47.14511002249337], [-121.46713013516187, 47.145201821723745], [-121.46724261731445, 47.14531125197889], [-121.4673867774058, 47.145394018432356], [-121.4674992519636, 47.14550378135197], [-121.46767723447596, 47.14562294806667], [-121.467885036769, 47.145724728469375], [-121.46797412063577, 47.14576200668244], [-121.46797520191986, 47.14576246867568], [-121.46793365478516, 47.148983750252626], [-121.46784782409668, 47.156425782372736], [-121.45741939544678, 47.156367417548125]]]}, "properties": {"fid": 46917, "ogc_fid": 46917, "path": "/us/wa/king/enumclaw-plateau/46917", "ll_uuid": "df351149-0ee4-4947-87d0-6fc6448e1b86", "owner": "GREEN CANYON TIMBERLANDS LL", "parcelnumb": "0719119001"}, "id": 54}, {"type": "Feature", "geometry": {"type": "Polygon", "coordinates": [[[-121.5312118277711, 47.152631079703845], [-121.53149525539914, 47.15336858155601], [-121.53162407329522, 47.15347815525318], [-121.53175731849191, 47.15359149461589], [-121.53179286073448, 47.15366460564258], [-121.53213756556153, 47.154127136812996], [-121.53219572282599, 47.15420607586036], [-121.53222729289105, 47.15427961533285], [-121.53223075879085, 47.154386717044574], [-121.53216103688753, 47.15463087059034], [-121.5322060367282, 47.15471253772014], [-121.53231156641789, 47.154788277618124], [-121.53251437018447, 47.15489587092421], [-121.53259631355614, 47.15494108090245], [-121.53267827691316, 47.15502277847913], [-121.53276139693958, 47.15516478843915], [-121.53252193843423, 47.15561554738522], [-121.53192810402119, 47.15566491832117], [-121.53115657633563, 47.15576221557509], [-121.5312118277711, 47.152631079703845]]]}, "properties": {"fid": 59525, "ogc_fid": 59525, "path": "/us/wa/king/enumclaw-plateau/59525", "ll_uuid": "29fa8afd-16f9-466c-b10b-175baffe54cb", "owner": "GREEN CANYON TIMBERLANDS LL", "parcelnumb": "0919109001"}, "id": 71}, {"type": "Feature", "geometry": {"type": "Polygon", "coordinates": [[[-121.47724628448486, 47.254883357981896], [-121.47724628448486, 47.25633975203516], [-121.47707462310791, 47.25633975203516], [-121.46810531616211, 47.256135859279084], [-121.46673202514648, 47.256106731678386], [-121.46656036376953, 47.25255304418042], [-121.46643161773682, 47.24998958056085], [-121.46643161773682, 47.249115644148844], [-121.47338390350342, 47.249203038438964], [-121.47711753845215, 47.24926130121892], [-121.47720336914062, 47.253019115144156], [-121.47720336914062, 47.253223019901014], [-121.47724628448486, 47.254883357981896]]]}, "properties": {"fid": 7553, "ogc_fid": 7553, "path": "/us/wa/king/enumclaw-plateau/7553", "ll_uuid": "a540203e-5c13-4b80-aaf3-dc3e3e1dafe3", "owner": "BTG PACTUAL OEF PROPERTY 1", "parcelnumb": "0120109001"}, "id": 89}, {"type": "Feature", "geometry": {"type": "Polygon", "coordinates": [[[-121.453857421875, 47.256281497042124], [-121.453857421875, 47.242211039544486], [-121.45634651184082, 47.24218190428505], [-121.45647525787354, 47.24218190428505], [-121.46076679229736, 47.24215276900955], [-121.46252632141113, 47.24215276900955], [-121.46604537963867, 47.24212363371802], [-121.46613121032715, 47.24212363371802], [-121.46638870239258, 47.248241693316515], [-121.46643161773682, 47.249115644148844], [-121.46643161773682, 47.24998958056085], [-121.46656036376953, 47.25255304418042], [-121.46673202514648, 47.256106731678386], [-121.46634578704834, 47.256135859279084], [-121.46553039550781, 47.256135859279084], [-121.46179676055908, 47.25619411443236], [-121.45827770233154, 47.25622324198497], [-121.45793437957764, 47.25622324198497], [-121.45780563354492, 47.25625236952155], [-121.45578861236572, 47.25625236952155], [-121.453857421875, 47.256281497042124]]]}, "properties": {"fid": 39890, "ogc_fid": 39890, "path": "/us/wa/king/enumclaw-plateau/39890", "ll_uuid": "64ab99be-51b7-4577-8106-c2d17e626781", "owner": "GREEN CANYON TIMBERLANDS LL", "parcelnumb": "0620119001"}, "id": 90}, {"type": "Feature", "geometry": {"type": "Polygon", "coordinates": [[[-121.48780345916748, 47.2565436440062], [-121.48364067077637, 47.256456261829044], [-121.47922039031982, 47.256368879507676], [-121.47724628448486, 47.25633975203516], [-121.47724628448486, 47.254883357981896], [-121.47720336914062, 47.253223019901014], [-121.47720336914062, 47.253019115144156], [-121.47711753845215, 47.24926130121892], [-121.47338390350342, 47.249203038438964], [-121.46643161773682, 47.249115644148844], [-121.46638870239258, 47.248241693316515], [-121.46613121032715, 47.24212363371802], [-121.4769458770752, 47.24218190428505], [-121.48218154907227, 47.242211039544486], [-121.485915184021, 47.242211039544486], [-121.48780345916748, 47.24224017478795], [-121.48780345916748, 47.2565436440062]]]}, "properties": {"fid": 7565, "ogc_fid": 7565, "path": "/us/wa/king/enumclaw-plateau/7565", "ll_uuid": "a0e92bb2-6be9-4b67-8bea-7aa52242180b", "owner": "GREEN CANYON TIMBERLANDS LL", "parcelnumb": "0120109005"}, "id": 92}, {"type": "Feature", "geometry": {"type": "Polygon", "coordinates": [[[-121.453857421875, 47.256281497042124], [-121.45578861236572, 47.25625236952155], [-121.45780563354492, 47.25625236952155], [-121.45793437957764, 47.25622324198497], [-121.45827770233154, 47.25622324198497], [-121.46179676055908, 47.25619411443236], [-121.46553039550781, 47.256135859279084], [-121.46634578704834, 47.256135859279084], [-121.46634578704834, 47.25791261262219], [-121.46643161773682, 47.26263091405957], [-121.46647453308105, 47.2629804011427], [-121.46647453308105, 47.263359009545866], [-121.46656036376953, 47.26915429252108], [-121.46659708135272, 47.269876819080864], [-121.46659711737051, 47.26988669348418], [-121.46659748681178, 47.2699879549892], [-121.46659800453418, 47.27003461952797], [-121.46660327911377, 47.270509514650904], [-121.46660327911377, 47.27057192454647], [-121.46471924811883, 47.2706013288246], [-121.46470363083453, 47.270610294035606], [-121.46381378173828, 47.270610294035606], [-121.46089553833008, 47.27066853326306], [-121.45922183990479, 47.27069765285276], [-121.45668983459473, 47.27072677242643], [-121.45583152770996, 47.27072677242643], [-121.453857421875, 47.270755891984095], [-121.453857421875, 47.256281497042124]]]}, "properties": {"fid": 256277, "ogc_fid": 256277, "path": "/us/wa/king/enumclaw-plateau/256277", "ll_uuid": "56f210ff-fceb-4cda-b996-bad3bd302f02", "owner": "GREEN CANYON TIMBERLANDS LL", "parcelnumb": "3121119001"}, "id": 93}, {"type": "Feature", "geometry": {"type": "Polygon", "coordinates": [[[-121.453857421875, 47.242211039544486], [-121.453857421875, 47.23865641962337], [-121.45638942718506, 47.23865641962337], [-121.46621704101562, 47.238627282409084], [-121.46613121032715, 47.24209449841047], [-121.46613121032715, 47.24212363371802], [-121.46604537963867, 47.24212363371802], [-121.46252632141113, 47.24215276900955], [-121.46076679229736, 47.24215276900955], [-121.45647525787354, 47.24218190428505], [-121.45634651184082, 47.24218190428505], [-121.453857421875, 47.242211039544486]], [[-121.45578861236572, 47.24174487347017], [-121.45591735839844, 47.24174487347017], [-121.45604610443115, 47.241686602422476], [-121.45608901977539, 47.24162833131069], [-121.45613193511963, 47.24159919573074], [-121.45613193511963, 47.241511788894826], [-121.45608901977539, 47.2414243819147], [-121.45600318908691, 47.24136611051446], [-121.4558744430542, 47.24133697479036], [-121.45578861236572, 47.241307839050194], [-121.45565986633301, 47.24133697479036], [-121.45561695098877, 47.24139524622257], [-121.45557403564453, 47.241482653250785], [-121.45557403564453, 47.24162833131069], [-121.45565986633301, 47.24171573795434], [-121.45578861236572, 47.24174487347017]]]}, "properties": {"fid": 47079, "ogc_fid": 47079, "path": "/us/wa/king/enumclaw-plateau/47079", "ll_uuid": "c6342ba4-0b6e-42cc-963b-ce85d6082d4e", "owner": "GREEN CANYON TIMBERLANDS LL", "parcelnumb": "0720119001"}, "id": 94}, {"type": "Feature", "geometry": {"type": "Polygon", "coordinates": [[[-121.48797512054443, 47.170110563639014], [-121.47810459136963, 47.170139738510954], [-121.46759033203125, 47.170139738510954], [-121.46771907806396, 47.163254024329916], [-121.46784782409668, 47.156396599968446], [-121.4738130569458, 47.156367417548125], [-121.47849082946777, 47.156367417548125], [-121.48909091949463, 47.156309052659395], [-121.48887634277344, 47.16319566700565], [-121.48861885070801, 47.170110563639014], [-121.48797512054443, 47.170110563639014]]]}, "properties": {"fid": 7329, "ogc_fid": 7329, "path": "/us/wa/king/enumclaw-plateau/7329", "ll_uuid": "00081495-6dc5-45ea-b544-e09f611d58db", "owner": "GREEN CANYON TIMBERLANDS LL", "parcelnumb": "0119109001"}, "id": 107}, {"type": "Feature", "geometry": {"type": "MultiPolygon", "coordinates": [[[[-121.48900508880615, 47.209686120712206], [-121.48891925811768, 47.209686120712206], [-121.48866176605225, 47.209715273837986], [-121.48823261260986, 47.209773580041514], [-121.48823261260986, 47.20901559439622], [-121.49535655975342, 47.207995211998536], [-121.49831595142278, 47.207573267946564], [-121.49834119120534, 47.20870708652256], [-121.49110794067383, 47.209744426947765], [-121.49003505706787, 47.20991934526984], [-121.48900508880615, 47.209686120712206]]], [[[-121.48823261260986, 47.209948498267465], [-121.4888334274292, 47.20986103922658], [-121.48896217346191, 47.20983188618092], [-121.48900508880615, 47.20983188618092], [-121.48909091949463, 47.20986103922658], [-121.48960590362549, 47.209977651249034], [-121.48823261260986, 47.21015256880196], [-121.48823261260986, 47.209948498267465]]]]}, "properties": {"fid": 186398, "ogc_fid": 186398, "path": "/us/wa/king/enumclaw-plateau/186398", "ll_uuid": "7b32dd21-4667-4642-af0d-3867d0dc2395", "owner": "BNSF", "parcelnumb": "2320109017"}, "id": 115}, {"type": "Feature", "geometry": {"type": "Polygon", "coordinates": [[[-121.5102481842041, 47.156425782372736], [-121.49964809417725, 47.156367417548125], [-121.48909091949463, 47.156309052659395], [-121.48909091949463, 47.15236927446392], [-121.51016235351562, 47.15236927446392], [-121.51020526885986, 47.15444134237194], [-121.5102481842041, 47.156425782372736]]]}, "properties": {"fid": 76126, "ogc_fid": 76126, "path": "/us/wa/king/enumclaw-plateau/76126", "ll_uuid": "e5dcd7a4-2253-45f0-b470-b0a5940e9ea1", "owner": "GREEN CANYON TIMBERLANDS LL", "parcelnumb": "1119109001"}, "id": 117}, {"type": "Feature", "geometry": {"type": "Polygon", "coordinates": [[[-121.53114795684814, 47.17037313690955], [-121.53063297271729, 47.17037313690955], [-121.52054786682129, 47.17031478740603], [-121.51986122131348, 47.17031478740603], [-121.50999069213867, 47.170256437838475], [-121.5102481842041, 47.156425782372736], [-121.51132106781006, 47.156425782372736], [-121.520676612854, 47.156338235111775], [-121.52999009758273, 47.15626036818067], [-121.53008635787197, 47.156457984726124], [-121.52989437059512, 47.156884203778915], [-121.52956364031692, 47.15699890371674], [-121.52903270276316, 47.15681253773886], [-121.5286726452397, 47.156424676204914], [-121.52806461300337, 47.15635131665835], [-121.52781725191582, 47.156641271733704], [-121.52767436914536, 47.15716587147934], [-121.52801621931938, 47.15758889051292], [-121.52786223672702, 47.15800009458661], [-121.52804482557436, 47.158089900425495], [-121.52815083353543, 47.15816778713049], [-121.52832420099661, 47.15843101300078], [-121.52844398787059, 47.15875641150124], [-121.52843125928139, 47.15903079462967], [-121.52846890158634, 47.15915447503275], [-121.52854855453053, 47.15928564515107], [-121.52874423372931, 47.15952621967621], [-121.52941144413394, 47.16018166206286], [-121.5295840346409, 47.16037737166463], [-121.5296632763754, 47.160526787633685], [-121.52973428885063, 47.16079874106261], [-121.52980033982332, 47.16117643880588], [-121.5301960389172, 47.16192920450313], [-121.5308608807686, 47.16262980766091], [-121.53085116277413, 47.162836726430946], [-121.5306857012645, 47.162989106226775], [-121.53040603947686, 47.16313753758826], [-121.53008103754615, 47.16328587104536], [-121.52971386083978, 47.16338863481714], [-121.52943532192282, 47.16344917831089], [-121.52926709105687, 47.16354674473406], [-121.52898552267155, 47.16420645181339], [-121.52893157446098, 47.16434843137926], [-121.5289199520713, 47.16448253439286], [-121.52906948416907, 47.164915404687406], [-121.52910140222974, 47.16506591034181], [-121.52908890189276, 47.1652293993149], [-121.52922858493174, 47.16552698911446], [-121.52957316454955, 47.16591324802619], [-121.52978471059575, 47.166035312888546], [-121.53002103897208, 47.166145871198665], [-121.53028937238084, 47.1662692042698], [-121.53055228056222, 47.166386283387055], [-121.53076613876678, 47.166448098711584], [-121.530960683541, 47.166466696423946], [-121.53114795684814, 47.16642330354371], [-121.53114795684814, 47.17037313690955]]]}, "properties": {"fid": 22644, "ogc_fid": 22644, "path": "/us/wa/king/enumclaw-plateau/22644", "ll_uuid": "1d700377-10a0-4500-88cc-e8f9f988b17a", "owner": "GREEN CANYON TIMBERLANDS LL", "parcelnumb": "0319109001"}, "id": 128}, {"type": "Feature", "geometry": {"type": "Polygon", "coordinates": [[[-121.46784782409668, 47.156396599968446], [-121.45741939544678, 47.156338235111775], [-121.453857421875, 47.156338235111775], [-121.453857421875, 47.15236927446392], [-121.46793365478516, 47.15236927446392], [-121.46784782409668, 47.156396599968446]]]}, "properties": {"fid": 46917, "ogc_fid": 46917, "path": "/us/wa/king/enumclaw-plateau/46917", "ll_uuid": "df351149-0ee4-4947-87d0-6fc6448e1b86", "owner": "GREEN CANYON TIMBERLANDS LL", "parcelnumb": "0719119001"}, "id": 129}, {"type": "Feature", "geometry": {"type": "Polygon", "coordinates": [[[-121.48806095123291, 47.22058827205814], [-121.48818969726562, 47.213621647754906], [-121.48818969726562, 47.21344674164328], [-121.48913383483887, 47.21344674164328], [-121.49878978729248, 47.213650798717424], [-121.50105511170713, 47.21369512502093], [-121.50134836189905, 47.21486076864644], [-121.50158659903776, 47.216979083907376], [-121.50181651576274, 47.21844321364439], [-121.50252654895887, 47.21990449982546], [-121.50313157212982, 47.22065982789852], [-121.50367665681671, 47.221232323570604], [-121.50414878374893, 47.222106197382196], [-121.50423280259812, 47.22266834197561], [-121.50432598472169, 47.2230745051366], [-121.50405939100621, 47.22314234612689], [-121.50383951721204, 47.223060828865734], [-121.50340400339437, 47.22322905912292], [-121.50294311447377, 47.22331461439776], [-121.50262852692995, 47.22343242989003], [-121.50243617127784, 47.223723628186235], [-121.50213196093854, 47.2239080873766], [-121.50135129826047, 47.223862926575045], [-121.50063889343654, 47.22388913835519], [-121.50011542307949, 47.22395672428049], [-121.49957958003853, 47.224251818907206], [-121.49883303230612, 47.224961897815916], [-121.4988557942399, 47.22548265898323], [-121.4988983074516, 47.226118751281334], [-121.49853893349055, 47.22662515434805], [-121.49758466328991, 47.22701278595291], [-121.49674626917928, 47.227490921976106], [-121.49655883189875, 47.22765705642924], [-121.49650954810387, 47.227734754102244], [-121.48788928985596, 47.227757983849045], [-121.48806095123291, 47.22058827205814]]]}, "properties": {"fid": 104051, "ogc_fid": 104051, "path": "/us/wa/king/enumclaw-plateau/104051", "ll_uuid": "139692e7-4963-43ec-88e8-f7294c33684e", "owner": "GREEN CANYON TIMBERLANDS LL", "parcelnumb": "1420109001"}, "id": 134}, {"type": "Feature", "geometry": {"type": "Polygon", "coordinates": [[[-121.46660327911377, 47.209744426947765], [-121.4613676071167, 47.209248821902406], [-121.46115303039551, 47.209248821902406], [-121.46111011505127, 47.20921966852018], [-121.46076679229736, 47.20921966852018], [-121.46072387695312, 47.209190515122], [-121.45995140075684, 47.209190515122], [-121.45986557006836, 47.20916136170774], [-121.45982265472412, 47.20916136170774], [-121.45977973937988, 47.209190515122], [-121.45797729492188, 47.209190515122], [-121.45797729492188, 47.20927797526852], [-121.45724773406982, 47.209248821902406], [-121.45724773406982, 47.209190515122], [-121.45505905151367, 47.209190515122], [-121.45505905151367, 47.20930712861869], [-121.45411491394043, 47.20930712861869], [-121.45407199859619, 47.20933628195277], [-121.45394325256348, 47.20933628195277], [-121.45394325256348, 47.20921966852018], [-121.453857421875, 47.20921966852018], [-121.453857421875, 47.20892813381704], [-121.45664691925049, 47.208898980258596], [-121.45960807800293, 47.208898980258596], [-121.45965099334717, 47.20886982668412], [-121.4604663848877, 47.20886982668412], [-121.46050930023193, 47.208898980258596], [-121.46093845367432, 47.208898980258596], [-121.46098136901855, 47.20892813381704], [-121.46123886108398, 47.20892813381704], [-121.46128177642822, 47.208957287359425], [-121.46141052246094, 47.208957287359425], [-121.46660327911377, 47.209452895128976], [-121.46660327911377, 47.209744426947765]]]}, "properties": {"fid": 130720, "ogc_fid": 130720, "path": "/us/wa/king/enumclaw-plateau/130720", "ll_uuid": "aab7b72e-f0d2-45d8-bbdf-a20f7d730aa5", "owner": "BNSF", "parcelnumb": "1720119017"}, "id": 142}, {"type": "Feature", "geometry": {"type": "Polygon", "coordinates": [[[-121.47733211517334, 47.21583707523794], [-121.4772891998291, 47.220617419190944], [-121.4665174484253, 47.220617419190944], [-121.4665174484253, 47.21869367405566], [-121.47733211517334, 47.21583707523794]]]}, "properties": {"fid": 95128, "ogc_fid": 95128, "path": "/us/wa/king/enumclaw-plateau/95128", "ll_uuid": "ed87d524-cad3-4d1e-988e-d6085cdcc39e", "owner": "BTG PACTUAL OEF PROPERTY 1", "parcelnumb": "1320109013"}, "id": 146}, {"type": "Feature", "geometry": {"type": "Polygon", "coordinates": [[[-121.46656036376953, 47.22781627021496], [-121.4665174484253, 47.22423153947244], [-121.4665174484253, 47.220617419190944], [-121.4772891998291, 47.220617419190944], [-121.47733211517334, 47.21583707523794], [-121.47733211517334, 47.21525407697905], [-121.47737503051758, 47.2148751246736], [-121.47737503051758, 47.213417590568554], [-121.48145198822021, 47.213417590568554], [-121.48235321044922, 47.21344674164328], [-121.48818969726562, 47.21344674164328], [-121.48818969726562, 47.213621647754906], [-121.48806095123291, 47.22058827205814], [-121.48788928985596, 47.227757983849045], [-121.47720336914062, 47.22778712703999], [-121.46656036376953, 47.22781627021496]]]}, "properties": {"fid": 95127, "ogc_fid": 95127, "path": "/us/wa/king/enumclaw-plateau/95127", "ll_uuid": "c70e0bd3-6924-4af2-a399-27fbce083791", "owner": "GREEN CANYON TIMBERLANDS LL", "parcelnumb": "1320109001"}, "id": 156}, {"type": "Feature", "geometry": {"type": "MultiPolygon", "coordinates": [[[[-121.48458480834961, 47.210356638551275], [-121.48437023162842, 47.21038579130854], [-121.48394107818604, 47.21038579130854], [-121.48372650146484, 47.210356638551275], [-121.4827823638916, 47.210356638551275], [-121.4827823638916, 47.20986103922658], [-121.48200988769531, 47.20986103922658], [-121.48145198822021, 47.20989019225621], [-121.48055076599121, 47.20991934526984], [-121.47741794586182, 47.209977651249034], [-121.47252559661865, 47.21006511009762], [-121.47248268127441, 47.21012341591654], [-121.47136688232422, 47.21012341591654], [-121.47003650665283, 47.21003595716411], [-121.47007942199707, 47.209977651249034], [-121.46870613098145, 47.20989019225621], [-121.46849155426025, 47.20986103922658], [-121.46681785583496, 47.209773580041514], [-121.46660327911377, 47.209744426947765], [-121.46660327911377, 47.209452895128976], [-121.46849155426025, 47.20954035484286], [-121.46870613098145, 47.20956950804876], [-121.47007942199707, 47.20965696757037], [-121.47007942199707, 47.20959866123866], [-121.47140979766846, 47.209686120712206], [-121.47248268127441, 47.209686120712206], [-121.47248268127441, 47.209773580041514], [-121.47741794586182, 47.20965696757037], [-121.48123741149902, 47.20956950804876], [-121.48170948028564, 47.20956950804876], [-121.4818811416626, 47.20954035484286], [-121.48200988769531, 47.20954035484286], [-121.48488521575928, 47.20948204838297], [-121.48643016815186, 47.20927797526852], [-121.48823261260986, 47.20901559439622], [-121.48823261260986, 47.209773580041514], [-121.48733139038086, 47.20991934526984], [-121.48664474487305, 47.20991934526984], [-121.4862585067749, 47.20989019225621], [-121.48600101470947, 47.20989019225621], [-121.48540019989014, 47.2100068042146], [-121.48518562316895, 47.21012341591654], [-121.48492813110352, 47.21024002736212], [-121.48471355438232, 47.21032748577804], [-121.48458480834961, 47.210356638551275]]], [[[-121.4827823638916, 47.210881385729806], [-121.4827823638916, 47.21053155485433], [-121.48303985595703, 47.21050240217724], [-121.48308277130127, 47.21050240217724], [-121.4833402633667, 47.21053155485433], [-121.48385524749756, 47.21056070751541], [-121.48402690887451, 47.210589860160496], [-121.4842414855957, 47.21056070751541], [-121.48458480834961, 47.21053155485433], [-121.48475646972656, 47.21050240217724], [-121.48497104644775, 47.21044409677492], [-121.48509979248047, 47.21038579130854], [-121.48531436920166, 47.210269180183445], [-121.48552894592285, 47.21018172167135], [-121.48565769195557, 47.21012341591654], [-121.485915184021, 47.210094263015094], [-121.48621559143066, 47.21006511009762], [-121.48638725280762, 47.21006511009762], [-121.48660182952881, 47.210094263015094], [-121.48694515228271, 47.21012341591654], [-121.48728847503662, 47.210094263015094], [-121.48823261260986, 47.209948498267465], [-121.48823261260986, 47.21015256880196], [-121.48758888244629, 47.21021087452476], [-121.48651599884033, 47.210356638551275], [-121.4827823638916, 47.210881385729806]]]]}, "properties": {"fid": 193090, "ogc_fid": 193090, "path": "/us/wa/king/enumclaw-plateau/193090", "ll_uuid": "dc3fb7f4-620d-41be-8c76-1c8309c2bd1e", "owner": "BNSF", "parcelnumb": "2420109012"}, "id": 158}, {"type": "Feature", "geometry": {"type": "Polygon", "coordinates": [[[-121.48780345916748, 47.24224017478795], [-121.4899492263794, 47.242211039544486], [-121.49032820322614, 47.24220457502315], [-121.49034314183335, 47.24221586056361], [-121.49039723121098, 47.242747489048156], [-121.49013996870973, 47.24326138729249], [-121.48977811593805, 47.243616637008465], [-121.4904252535544, 47.24396703269212], [-121.49136270343813, 47.2443123720044], [-121.49247376335593, 47.24462845385861], [-121.4930953648615, 47.24482105373668], [-121.49354083196808, 47.24520486455901], [-121.4942319442575, 47.245834874377245], [-121.49456376102994, 47.246032695443894], [-121.49502898526633, 47.24625935931486], [-121.49519264255784, 47.24661696558519], [-121.49521222720033, 47.247049152982946], [-121.49540416674633, 47.247357505729944], [-121.49621653005936, 47.24751542375059], [-121.4964983625115, 47.24746413052365], [-121.49649592862913, 47.24727179098354], [-121.49623169916856, 47.24655356637114], [-121.49598695529905, 47.24593450628237], [-121.49605709959228, 47.245716921379625], [-121.49696736871304, 47.245643325187515], [-121.49748986041965, 47.245888453684096], [-121.49853808556503, 47.24663308841798], [-121.49858309080248, 47.24713066439518], [-121.49926459959399, 47.247793659461436], [-121.49957613537929, 47.2480459750444], [-121.49974802999093, 47.25007817865742], [-121.50016130369737, 47.250672445128664], [-121.50382230762202, 47.25210474371228], [-121.50366681797105, 47.252458260943676], [-121.50361673238699, 47.25276836300057], [-121.50344565092578, 47.25296075527945], [-121.50314333920889, 47.25310750008637], [-121.50302152653471, 47.25326981717342], [-121.50301833575215, 47.253422536036254], [-121.50316436339915, 47.253586813977], [-121.50348696416064, 47.25382565018858], [-121.50384059102107, 47.25408135246094], [-121.50402524105682, 47.25429190736778], [-121.5040677153549, 47.25457155930506], [-121.50384844332204, 47.25517583224062], [-121.50358204835693, 47.255602285774174], [-121.50344759714302, 47.25573489295501], [-121.50334944349422, 47.25581646008559], [-121.50312058117672, 47.255907558233034], [-121.50292478711559, 47.2560442968778], [-121.50282901384954, 47.25616484517376], [-121.50282382965088, 47.25616498686372], [-121.49853229522705, 47.256281497042124], [-121.49158000946045, 47.256456261829044], [-121.48780345916748, 47.2565436440062], [-121.48780345916748, 47.24224017478795]]]}, "properties": {"fid": 14073, "ogc_fid": 14073, "path": "/us/wa/king/enumclaw-plateau/14073", "ll_uuid": "67003b38-4817-48c8-9c94-a41b282bc7dc", "owner": "GREEN CANYON TIMBERLANDS LL", "parcelnumb": "0220109001"}, "id": 185}, {"type": "Feature", "geometry": {"type": "Polygon", "coordinates": [[[-121.48784637451172, 47.235014143659754], [-121.48788928985596, 47.227757983849045], [-121.49650954810387, 47.227734754102244], [-121.49607569439384, 47.22841874006117], [-121.49555020124589, 47.22930347723683], [-121.49488055341746, 47.23001217889559], [-121.49399757212139, 47.230586298682645], [-121.49356242612099, 47.230944591161425], [-121.49343436717172, 47.231121341036285], [-121.49259325472757, 47.231539488936235], [-121.49211371505783, 47.2318654253575], [-121.49162016213818, 47.23244098902635], [-121.49106848739255, 47.23297609041393], [-121.49051951011874, 47.233303298710084], [-121.49030945587806, 47.23342745027561], [-121.49017735710717, 47.2337680568162], [-121.48930374463787, 47.2350424320168], [-121.48906032070039, 47.23562904494224], [-121.4891142417597, 47.235906541257656], [-121.48948183839315, 47.23622094419059], [-121.49004492675604, 47.236848647072534], [-121.49030686600365, 47.23732958455109], [-121.49023938738948, 47.23806395202353], [-121.48949880477056, 47.23910917959672], [-121.48852382126327, 47.240027630594476], [-121.48833195443791, 47.240704450822534], [-121.4887457876523, 47.24117783116612], [-121.48940355087132, 47.241506035900976], [-121.49032820322614, 47.24220457502315], [-121.4899492263794, 47.242211039544486], [-121.48780345916748, 47.24224017478795], [-121.48784637451172, 47.235014143659754]]]}, "properties": {"fid": 76197, "ogc_fid": 76197, "path": "/us/wa/king/enumclaw-plateau/76197", "ll_uuid": "078f467c-50f2-445e-88aa-b9cbbd212b7d", "owner": "GREEN CANYON TIMBERLANDS LL", "parcelnumb": "1120109001"}, "id": 220}, {"type": "Feature", "geometry": {"type": "MultiPolygon", "coordinates": [[[[-121.48789885461812, 47.2643792064667], [-121.48793105533552, 47.267369853373566], [-121.48794983260856, 47.26933693379654], [-121.48794978763445, 47.2693444005045], [-121.48793211212438, 47.26934423979878], [-121.48789885461812, 47.2643792064667]]], [[[-121.48784637451172, 47.257854359359555], [-121.48780345916748, 47.2565436440062], [-121.49158000946045, 47.256456261829044], [-121.49853229522705, 47.256281497042124], [-121.50282382965088, 47.25616498686372], [-121.50282901384954, 47.25616484517376], [-121.50274820952603, 47.25626655229838], [-121.50245480915657, 47.25667644453214], [-121.50224696011551, 47.25686880912446], [-121.50187469247474, 47.257207063408195], [-121.50164661029503, 47.25742153857196], [-121.50134152516999, 47.25766427024068], [-121.50094654310536, 47.257945304861046], [-121.50060428942238, 47.25832750538275], [-121.50030054155206, 47.25864219300028], [-121.49982635722438, 47.25886084087743], [-121.49930381220373, 47.25888831241596], [-121.4987571211507, 47.25883561835776], [-121.4981511378175, 47.25862628264682], [-121.49750204265041, 47.25821137189106], [-121.4970395464668, 47.25783726523797], [-121.49668157773563, 47.25764498295248], [-121.49604432786599, 47.2570576302749], [-121.49541324008499, 47.25659887118616], [-121.49487803724612, 47.256431068315635], [-121.49452536813077, 47.256633228960965], [-121.4940966108838, 47.25688590956327], [-121.49399201753248, 47.2573004959099], [-121.49384952433454, 47.25778909663872], [-121.49371246902311, 47.25838132943005], [-121.49350923886844, 47.258716387016875], [-121.49312027981502, 47.25877085927265], [-121.49271078776788, 47.25865330309792], [-121.49202984497761, 47.25842522199134], [-121.49113481266073, 47.25815420109666], [-121.48968121316196, 47.257829473926265], [-121.48865307371233, 47.258054308091644], [-121.48784937041785, 47.25821017353277], [-121.48784637451172, 47.257854359359555]]]]}, "properties": {"fid": 298761, "ogc_fid": 298761, "path": "/us/wa/king/enumclaw-plateau/298761", "ll_uuid": "b4c1c27c-bb20-49cc-933a-375da83161fa", "owner": "BTG PACTUAL OEF PROPERTY 1", "parcelnumb": "3521109001"}, "id": 223}, {"type": "Feature", "geometry": {"type": "Polygon", "coordinates": [[[-121.5312271183429, 47.152670867021335], [-121.53149525539914, 47.15336858155601], [-121.53162407329522, 47.15347815525318], [-121.53175731849191, 47.15359149461589], [-121.53179286073448, 47.15366460564258], [-121.53213756556153, 47.154127136812996], [-121.53219572282599, 47.15420607586036], [-121.53222729289105, 47.15427961533285], [-121.53223075879085, 47.154386717044574], [-121.53216103688753, 47.15463087059034], [-121.5322060367282, 47.15471253772014], [-121.53231156641789, 47.154788277618124], [-121.53251437018447, 47.15489587092421], [-121.53259631355614, 47.15494108090245], [-121.53267827691316, 47.15502277847913], [-121.53276139693958, 47.15516478843915], [-121.53252193843423, 47.15561554738522], [-121.53192810402119, 47.15566491832117], [-121.5311587646605, 47.15576193960573], [-121.5312271183429, 47.152670867021335]]]}, "properties": {"fid": 59525, "ogc_fid": 59525, "path": "/us/wa/king/enumclaw-plateau/59525", "ll_uuid": "29fa8afd-16f9-466c-b10b-175baffe54cb", "owner": "GREEN CANYON TIMBERLANDS LL", "parcelnumb": "0919109001"}, "id": 229}, {"type": "Feature", "geometry": {"type": "Polygon", "coordinates": [[[-121.53028964996338, 47.184783500918314], [-121.53063297271729, 47.17037313690955], [-121.53153419494629, 47.17037313690955], [-121.5338399564322, 47.1703937619477], [-121.5342143739273, 47.17150753758775], [-121.53430437387976, 47.17173253869872], [-121.53391604114609, 47.17242753840356], [-121.53370937341974, 47.17272253787487], [-121.53369937374303, 47.17284753794154], [-121.53376371983165, 47.17291632620576], [-121.53381756180649, 47.17302928852011], [-121.53376270713854, 47.17323420476215], [-121.53363604043116, 47.17346420383832], [-121.53351104131083, 47.17362087170069], [-121.53347770724572, 47.173745870593244], [-121.53337104164747, 47.173875872383114], [-121.53328513757585, 47.17393614716524], [-121.53333770745392, 47.17422253784557], [-121.53337375736052, 47.17441957172478], [-121.53341913977518, 47.17464013747928], [-121.5334877080935, 47.17478753796474], [-121.53356104056577, 47.174877538540805], [-121.53362232804021, 47.174969385622106], [-121.53358657480648, 47.175135624651126], [-121.53344270888446, 47.17536420450582], [-121.5332574639871, 47.17558088331148], [-121.53317267224206, 47.17575504033143], [-121.53312104162796, 47.17592587126391], [-121.53308604169436, 47.176207537539035], [-121.53305604162999, 47.17734087094637], [-121.53299941624186, 47.17750309222014], [-121.53277485810831, 47.17774970063107], [-121.53257604252514, 47.177997538820605], [-121.53252270868869, 47.17803753855733], [-121.53236982458961, 47.17803093449205], [-121.53226959678996, 47.17805287854903], [-121.53225692201634, 47.178275327218564], [-121.53223077165094, 47.17886569236616], [-121.53230463211007, 47.17900611295756], [-121.53242287307124, 47.17916225813363], [-121.53252332432467, 47.17932460544494], [-121.53258854600097, 47.17952524888352], [-121.53320347708518, 47.18007431719126], [-121.53361771020738, 47.1807058709764], [-121.5338043754746, 47.18093587166391], [-121.5339103516731, 47.18115186058827], [-121.53395770879571, 47.18137253846492], [-121.5341527083427, 47.18184587149993], [-121.53437770964281, 47.18254420478169], [-121.53440271016933, 47.18268587223456], [-121.53439375763573, 47.18322276359942], [-121.53441937729976, 47.18368420457215], [-121.53499566106552, 47.18446338438326], [-121.53543717999574, 47.184825149068], [-121.53028964996338, 47.184783500918314]]]}, "properties": {"fid": 275949, "ogc_fid": 275949, "path": "/us/wa/king/enumclaw-plateau/275949", "ll_uuid": "ded2e799-5fde-4afa-ae75-dc6a365384de", "owner": "GREEN CANYON TIMBERLANDS LL", "parcelnumb": "3320109001"}, "id": 235}, {"type": "Feature", "geometry": {"type": "Polygon", "coordinates": [[[-121.53033256530762, 47.19315371798626], [-121.53033365300146, 47.193153729625934], [-121.53033540735575, 47.193622981387435], [-121.53033256530762, 47.19315371798626]]]}, "properties": {"fid": 233673, "ogc_fid": 233673, "path": "/us/wa/king/enumclaw-plateau/233673", "ll_uuid": "996f759b-87c6-4c8b-baf8-2d5b5f55c593", "owner": "BTG PACTUAL OEF PROPERTY 1", "parcelnumb": "2820109001"}, "id": 245}, {"type": "Feature", "geometry": {"type": "Polygon", "coordinates": [[[-121.34030342102051, 47.16672616974148], [-121.34030342102051, 47.16730970131579], [-121.3231372833252, 47.16730970131579], [-121.3231372833252, 47.16625933986654], [-121.32318019866943, 47.158818684986755], [-121.32318019866943, 47.15607559246345], [-121.34038925170898, 47.1559880446255], [-121.34034633636475, 47.162903879422856], [-121.34034633636475, 47.165559087361544], [-121.34030342102051, 47.16672616974148]]]}, "properties": {"fid": 22646, "ogc_fid": 22646, "path": "/us/wa/king/enumclaw-plateau/22646", "ll_uuid": "0cb8b962-28e3-48cf-b587-56b3230406d0", "owner": "GREEN CANYON TIMBERLANDS LL", "parcelnumb": "0319129001"}, "id": 1}, {"type": "Feature", "geometry": {"type": "Polygon", "coordinates": [[[-121.42004013061523, 47.12723537259123], [-121.41476154327393, 47.12723537259123], [-121.40424728393555, 47.12717697571219], [-121.40429019927979, 47.121716584286844], [-121.40433311462402, 47.121716584286844], [-121.40489101409912, 47.12157057682268], [-121.40506267547607, 47.121512173724824], [-121.40519142150879, 47.121482972151824], [-121.40540599822998, 47.12133696404658], [-121.40570640563965, 47.12116175379131], [-121.40592098236084, 47.1210449466339], [-121.40604972839355, 47.12095734109755], [-121.40617847442627, 47.12081133154976], [-121.40660762786865, 47.12025649161373], [-121.40682220458984, 47.119993670677104], [-121.40712261199951, 47.11961403814328], [-121.40746593475342, 47.11914679438317], [-121.40785217285156, 47.11859193708867], [-121.40806674957275, 47.118270701273474], [-121.40810966491699, 47.118153887768955], [-121.40810966491699, 47.11803707400796], [-121.40802383422852, 47.11792025999054], [-121.40759468078613, 47.117423797555375], [-121.40738010406494, 47.11710255468782], [-121.40712261199951, 47.116693697324166], [-121.40695095062256, 47.11643085878859], [-121.40695095062256, 47.11640165442674], [-121.4081597361673, 47.11640165442674], [-121.40816289202235, 47.11640224686341], [-121.40845166652909, 47.11649628838234], [-121.40879802625528, 47.116609077241115], [-121.40904691893512, 47.11672022641973], [-121.40915028753881, 47.116775959014134], [-121.40932812660441, 47.11684139503689], [-121.40948763496414, 47.11695153566087], [-121.40961112178965, 47.11702679786134], [-121.4095687866211, 47.12002287306751], [-121.41403548783556, 47.12002287306751], [-121.41405081171685, 47.12003828319794], [-121.41415449451665, 47.1201118352446], [-121.41423421858647, 47.120193817056744], [-121.41430736818695, 47.12030290706972], [-121.41435517245128, 47.12045642890529], [-121.41440287256044, 47.120664094590104], [-121.41442712051486, 47.12079037592394], [-121.41450743967691, 47.121025550320574], [-121.41455561825764, 47.12114308077309], [-121.41467646693246, 47.12127989816045], [-121.41478853276294, 47.12143428567611], [-121.4148473739624, 47.12153259029606], [-121.4148473739624, 47.12361464485713], [-121.41702330020476, 47.12361464485713], [-121.41701320274024, 47.12368803321573], [-121.41697315354685, 47.123813453172346], [-121.41694909320063, 47.12399289644614], [-121.41694112361233, 47.12405567942847], [-121.41698022623446, 47.124110212042844], [-121.41705270401184, 47.12412026561092], [-121.41718725785475, 47.12403934071977], [-121.41719883420376, 47.124032390327955], [-121.41731870056603, 47.123935121066346], [-121.41739908211844, 47.12381932672668], [-121.41747984962937, 47.12366719192226], [-121.41749366754054, 47.12361464485713], [-121.41775515554374, 47.12361464485713], [-121.41781785886602, 47.124230035414115], [-121.4178074806435, 47.12432882857629], [-121.41783305303423, 47.12435604511902], [-121.41788073486146, 47.124383775135], [-121.41795376064988, 47.124366726195184], [-121.41802539849407, 47.12426883085578], [-121.4181066405283, 47.124026881703536], [-121.41813820318835, 47.12375725623039], [-121.41814551711632, 47.12361464485713], [-121.41835498626186, 47.12361464485713], [-121.41844300301962, 47.12425659400269], [-121.41849979434411, 47.12434730666739], [-121.41854838021762, 47.124428850184714], [-121.41867696155764, 47.12454778633503], [-121.41883718675753, 47.124640078430154], [-121.41924325454461, 47.12483462044476], [-121.41945159456186, 47.12491830395438], [-121.41958781041777, 47.12495629308712], [-121.41966879122424, 47.12499335066636], [-121.4198452087387, 47.12503170864472], [-121.42008124968689, 47.125081152822524], [-121.42004013061523, 47.12723537259123]]]}, "properties": {"fid": 169033, "ogc_fid": 169033, "path": "/us/wa/king/enumclaw-plateau/169033", "ll_uuid": "c1033efc-f9a9-4423-ad41-e6c7fdbf33af", "owner": "GREEN CANYON TIMBERLANDS LL", "parcelnumb": "2119119001"}, "id": 2}, {"type": "Feature", "geometry": {"type": "Polygon", "coordinates": [[[-121.36167526245117, 47.156250687706574], [-121.36176109313965, 47.148896190731165], [-121.36180400848389, 47.1415698665453], [-121.37244701385498, 47.1415698665453], [-121.38313293457031, 47.14159905709124], [-121.38304710388184, 47.148837817636775], [-121.38304710388184, 47.152719488797885], [-121.3830041885376, 47.15607559246345], [-121.3807725906372, 47.15610477504404], [-121.37231826782227, 47.15616314015713], [-121.36167526245117, 47.156250687706574]]]}, "properties": {"fid": 76130, "ogc_fid": 76130, "path": "/us/wa/king/enumclaw-plateau/76130", "ll_uuid": "799e190e-3f9d-4a42-baf5-9fe52bb37332", "owner": "GREEN CANYON TIMBERLANDS LL", "parcelnumb": "1119119001"}, "id": 6}, {"type": "Feature", "geometry": {"type": "Polygon", "coordinates": [[[-121.40420436859131, 47.141774200030426], [-121.39364719390869, 47.141686628632954], [-121.38313293457031, 47.14159905709124], [-121.3830041885376, 47.13669482053902], [-121.38330459594727, 47.13660724077528], [-121.38347625732422, 47.136548854185946], [-121.3841199874878, 47.13614014626586], [-121.38467788696289, 47.13578982269118], [-121.38506412506104, 47.13558546620678], [-121.38553619384766, 47.13529352700962], [-121.38600826263428, 47.13503078036183], [-121.38656616210938, 47.13476803241579], [-121.38708114624023, 47.134476088730935], [-121.38725280761719, 47.134388505312955], [-121.38772487640381, 47.13415494882642], [-121.38806819915771, 47.133979780788366], [-121.38854026794434, 47.13380461217332], [-121.38888359069824, 47.13368783277605], [-121.38948440551758, 47.13354185816888], [-121.38991355895996, 47.13345427321224], [-121.39047145843506, 47.13333749304567], [-121.39081478118896, 47.133279102866254], [-121.39137268066406, 47.13322071262266], [-121.3919734954834, 47.133162322315], [-121.39235973358154, 47.133133127137114], [-121.39270305633545, 47.133133127137114], [-121.3930892944336, 47.1331039319432], [-121.39334678649902, 47.13307473673328], [-121.39364719390869, 47.13301634626535], [-121.39369010925293, 47.13301634626535], [-121.39411926269531, 47.13289956513711], [-121.39424800872803, 47.13284117447685], [-121.39437675476074, 47.13272439296395], [-121.39441967010498, 47.13260761119463], [-121.39450550079346, 47.132432438059794], [-121.3945484161377, 47.132257264348], [-121.3945484161377, 47.130768264501484], [-121.39459133148193, 47.1304471022064], [-121.39472007751465, 47.13003834738964], [-121.39484882354736, 47.1296879836178], [-121.3948917388916, 47.12951280086642], [-121.39502048492432, 47.12919163099025], [-121.39523506164551, 47.1289288541945], [-121.39536380767822, 47.12875366894278], [-121.39549255371094, 47.12866607610053], [-121.39553546905518, 47.12866607610053], [-121.39566421508789, 47.12860768079224], [-121.39587879180908, 47.12849088998331], [-121.39617919921875, 47.12837409891793], [-121.39639377593994, 47.1282865054506], [-121.3969087600708, 47.12808212013255], [-121.39750957489014, 47.12781933785533], [-121.39785289764404, 47.12761495074216], [-121.39806747436523, 47.12749815775342], [-121.39823913574219, 47.12735216615695], [-121.39849662780762, 47.12717697571219], [-121.40424728393555, 47.12717697571219], [-121.40424728393555, 47.134476088730935], [-121.40420436859131, 47.141774200030426]]]}, "properties": {"fid": 115302, "ogc_fid": 115302, "path": "/us/wa/king/enumclaw-plateau/115302", "ll_uuid": "df3f18a6-f847-4f89-a49d-357fc2d90203", "owner": "GREEN CANYON TIMBERLANDS LL", "parcelnumb": "1519119001"}, "id": 10}, {"type": "Feature", "geometry": {"type": "Polygon", "coordinates": [[[-121.36163234710693, 47.162874700576424], [-121.36163234710693, 47.16730970131579], [-121.34030342102051, 47.16730970131579], [-121.34030342102051, 47.16672616974148], [-121.34034633636475, 47.165559087361544], [-121.34034633636475, 47.162903879422856], [-121.34038925170898, 47.1559880446255], [-121.35103225708008, 47.1561339576086], [-121.36167526245117, 47.156250687706574], [-121.36163234710693, 47.162874700576424]]]}, "properties": {"fid": 7330, "ogc_fid": 7330, "path": "/us/wa/king/enumclaw-plateau/7330", "ll_uuid": "8ace8f03-e635-46da-9d3e-1fb232e4efb4", "owner": "GREEN CANYON TIMBERLANDS LL", "parcelnumb": "0119119001"}, "id": 16}, {"type": "Feature", "geometry": {"type": "Polygon", "coordinates": [[[-121.40416145324707, 47.16316648831949], [-121.4040756225586, 47.16730970131579], [-121.38291835784912, 47.16730970131579], [-121.38291835784912, 47.16316648831949], [-121.3830041885376, 47.15607559246345], [-121.39364719390869, 47.1561339576086], [-121.40429019927979, 47.15616314015713], [-121.40416145324707, 47.16316648831949]]]}, "properties": {"fid": 22645, "ogc_fid": 22645, "path": "/us/wa/king/enumclaw-plateau/22645", "ll_uuid": "c4d2f33a-d1b2-4d78-bbc3-2a34a0265e69", "owner": "GREEN CANYON TIMBERLANDS LL", "parcelnumb": "0319119001"}, "id": 38}, {"type": "Feature", "geometry": {"type": "Polygon", "coordinates": [[[-121.4252758026123, 47.156221505206105], [-121.41480445861816, 47.156192322689634], [-121.40429019927979, 47.15616314015713], [-121.40424728393555, 47.14895456376149], [-121.40424728393555, 47.14804977458752], [-121.40420436859131, 47.141774200030426], [-121.41471862792969, 47.141774200030426], [-121.42523288726807, 47.14174500958066], [-121.4252758026123, 47.148983750252626], [-121.4252758026123, 47.156221505206105]]]}, "properties": {"fid": 59527, "ogc_fid": 59527, "path": "/us/wa/king/enumclaw-plateau/59527", "ll_uuid": "fefdaea0-5c1e-47e8-8a1e-dac29c1a33d5", "owner": "GREEN CANYON TIMBERLANDS LL", "parcelnumb": "0919119001"}, "id": 44}, {"type": "Feature", "geometry": {"type": "Polygon", "coordinates": [[[-121.475830078125, 47.156396599968446], [-121.475830078125, 47.16730970131579], [-121.46763324737549, 47.16730970131579], [-121.46771907806396, 47.163254024329916], [-121.46784782409668, 47.156425782372736], [-121.4738130569458, 47.156396599968446], [-121.475830078125, 47.156396599968446]]]}, "properties": {"fid": 7329, "ogc_fid": 7329, "path": "/us/wa/king/enumclaw-plateau/7329", "ll_uuid": "00081495-6dc5-45ea-b544-e09f611d58db", "owner": "GREEN CANYON TIMBERLANDS LL", "parcelnumb": "0119109001"}, "id": 46}, {"type": "Feature", "geometry": {"type": "Polygon", "coordinates": [[[-121.45741939544678, 47.156367417548125], [-121.45720481872559, 47.156367417548125], [-121.44656181335449, 47.156279870190986], [-121.44656181335449, 47.14180339046422], [-121.45364284515381, 47.14171581911481], [-121.45729064941406, 47.14165743813507], [-121.46231174468994, 47.14159905709124], [-121.46233674399672, 47.141598801388106], [-121.46233755804877, 47.14160082896702], [-121.46237765151636, 47.14176364941717], [-121.46245806311063, 47.141935716658395], [-121.46248110548771, 47.14204383969003], [-121.4625306386135, 47.14211642942578], [-121.46258534416548, 47.14219822930678], [-121.46271588932126, 47.142307863481854], [-121.46281159250135, 47.14243523266211], [-121.46284319312882, 47.142516553755925], [-121.4628993900006, 47.14262542787581], [-121.46293126847621, 47.14277870614857], [-121.4629726877936, 47.14295932458952], [-121.46302888558287, 47.1430682094233], [-121.46318167280968, 47.143241048640036], [-121.46328526121437, 47.14335945741407], [-121.46350273886118, 47.143497482559994], [-121.46363128890526, 47.14360711792912], [-121.46378444515969, 47.143743974866695], [-121.46404160455559, 47.14390942966955], [-121.46425869624626, 47.14408344491782], [-121.46439615778134, 47.14418443286604], [-121.46462102633487, 47.144286395171434], [-121.46485458333379, 47.144424307907975], [-121.46503855954259, 47.144543765074225], [-121.4651435340763, 47.14462616872017], [-121.4652233635247, 47.1447084439724], [-121.46528893725868, 47.14483504519742], [-121.46534448953783, 47.14490794238919], [-121.46543406999704, 47.14497197324839], [-121.46549686414131, 47.144999900313415], [-121.46557137362626, 47.14500989952413], [-121.46576296288403, 47.145048400385036], [-121.46597999078674, 47.14510554298035], [-121.46608366463342, 47.14511564810746], [-121.46614915283584, 47.145125716038976], [-121.46626975075047, 47.145127110017015], [-121.46638970336829, 47.145092864612636], [-121.46654264863562, 47.14504975031201], [-121.46667916680963, 47.14504279565348], [-121.46687227939567, 47.14505418794184], [-121.46700087934494, 47.14511002249337], [-121.46713013516187, 47.145201821723745], [-121.46724261731445, 47.14531125197889], [-121.4673867774058, 47.145394018432356], [-121.4674992519636, 47.14550378135197], [-121.46767723447596, 47.14562294806667], [-121.467885036769, 47.145724728469375], [-121.46797412063577, 47.14576200668244], [-121.46797520191986, 47.14576246867568], [-121.46793365478516, 47.148983750252626], [-121.46784782409668, 47.156425782372736], [-121.45741939544678, 47.156367417548125]]]}, "properties": {"fid": 46917, "ogc_fid": 46917, "path": "/us/wa/king/enumclaw-plateau/46917", "ll_uuid": "df351149-0ee4-4947-87d0-6fc6448e1b86", "owner": "GREEN CANYON TIMBERLANDS LL", "parcelnumb": "0719119001"}, "id": 52}, {"type": "Feature", "geometry": {"type": "Polygon", "coordinates": [[[-121.44656181335449, 47.156279870190986], [-121.44656181335449, 47.16730970131579], [-121.4252758026123, 47.16730970131579], [-121.4252758026123, 47.156221505206105], [-121.44656181335449, 47.156279870190986]]]}, "properties": {"fid": 34355, "ogc_fid": 34355, "path": "/us/wa/king/enumclaw-plateau/34355", "ll_uuid": "2ef97834-8366-4c28-84d0-98da1f0cbb69", "owner": "GREEN CANYON TIMBERLANDS LL", "parcelnumb": "0519119001"}, "id": 54}, {"type": "Feature", "geometry": {"type": "Polygon", "coordinates": [[[-121.4359188079834, 47.141774200030426], [-121.42523288726807, 47.14174500958066], [-121.4252758026123, 47.134505283171535], [-121.4252758026123, 47.12726457100666], [-121.43595276291462, 47.12729374492253], [-121.43613395633975, 47.127424157062634], [-121.43634974450701, 47.12758897723846], [-121.43654251868284, 47.12769948957658], [-121.43666362163775, 47.12779138962134], [-121.43680915816739, 47.12790127321876], [-121.43700192375162, 47.12801177856802], [-121.43712087433126, 47.128094437842485], [-121.43726563604292, 47.128159417510055], [-121.4374750022443, 47.128243409483076], [-121.4377801300807, 47.12834649254374], [-121.43816555580258, 47.12850479870961], [-121.43847122010027, 47.12858080225616], [-121.43872179147712, 47.12866513567172], [-121.43895442177138, 47.128758193762685], [-121.43908240305633, 47.12884044121496], [-121.43926318993417, 47.12889687996585], [-121.43936567796717, 47.128957079182726], [-121.43944599158445, 47.12901262323322], [-121.43952233958784, 47.12906993388811], [-121.43960073446343, 47.12913235824862], [-121.43966615167984, 47.12919557446597], [-121.43975695262735, 47.129276758783966], [-121.43985506565913, 47.1293736471906], [-121.43991482293771, 47.129459866089185], [-121.43993878809019, 47.129508694675124], [-121.4399661749823, 47.12958181600709], [-121.43996775477532, 47.12967228453485], [-121.43994378737978, 47.12985311745426], [-121.43994026337391, 47.1300536570682], [-121.43994385831563, 47.130144787487694], [-121.43995890776782, 47.13025914317048], [-121.4399983841076, 47.13033422982778], [-121.44002927189548, 47.130434409485865], [-121.44012098348587, 47.13056697820975], [-121.44022552865643, 47.13074470921563], [-121.44030294236408, 47.13092093993797], [-121.44042813861151, 47.13113105370386], [-121.44064939876154, 47.131607384600265], [-121.44075659432409, 47.13182107194642], [-121.44086525486541, 47.132232847174585], [-121.440966044304, 47.13254016955336], [-121.44104563691774, 47.132783889401374], [-121.44110985329182, 47.13295268655112], [-121.44112079591977, 47.133061247861605], [-121.44116373251966, 47.13321889413788], [-121.44116998870363, 47.13328944612], [-121.44119131590394, 47.133418165539446], [-121.4412482038773, 47.13351195015338], [-121.44128625358258, 47.13361926963534], [-121.44132215949934, 47.13372008089938], [-121.44135674817782, 47.13380240090775], [-121.44139316153118, 47.1338747772126], [-121.44146684176046, 47.134009900764745], [-121.44151701115051, 47.13412121729289], [-121.44156209913531, 47.13422916122892], [-121.44163894597644, 47.134315938926186], [-121.44169324986619, 47.13437615528526], [-121.44175964991784, 47.13443935867016], [-121.44182079101428, 47.13448821944824], [-121.44194169334135, 47.134567789332735], [-121.44200348852257, 47.13459743743437], [-121.44207131718073, 47.1346277425085], [-121.44218639321284, 47.13465970808746], [-121.44238909388258, 47.13470535086598], [-121.4426585873072, 47.13472097244081], [-121.44288318610003, 47.13469720113484], [-121.44314912878372, 47.13468268891211], [-121.4432383879835, 47.13467476646343], [-121.44332696241898, 47.13468501505637], [-121.44340613696058, 47.1347313322026], [-121.44348815474933, 47.13476837465081], [-121.44364041686899, 47.13486034498671], [-121.44382420175845, 47.13497091952789], [-121.44404228554855, 47.13509082041757], [-121.44429937354019, 47.135202161956926], [-121.44446727605673, 47.13526761920959], [-121.44465928543171, 47.135333228241585], [-121.44485430465, 47.135398819549465], [-121.44506271486806, 47.13548245936626], [-121.44519041975512, 47.135547218703536], [-121.4452717543194, 47.135602414812055], [-121.44539226650002, 47.13565798581431], [-121.44554502600039, 47.13577703639691], [-121.44568158216059, 47.13588697241377], [-121.44580235162604, 47.13601451387993], [-121.44588214732197, 47.13609646621059], [-121.445889386459, 47.136222877418454], [-121.44587445360658, 47.1364025983344], [-121.44588202520771, 47.13654650032915], [-121.4459301333058, 47.13665509344053], [-121.44598755063606, 47.13667482123958], [-121.44601199776861, 47.13668322038241], [-121.44613119658604, 47.13672096870189], [-121.44629212152113, 47.13673198658823], [-121.44650851987623, 47.136699028510286], [-121.44664575536979, 47.13667032951832], [-121.44660472869873, 47.14057737844638], [-121.44656181335449, 47.14180339046422], [-121.4359188079834, 47.141774200030426]]]}, "properties": {"fid": 131206, "ogc_fid": 131206, "path": "/us/wa/king/enumclaw-plateau/131206", "ll_uuid": "daa0a4b8-5a06-44d4-bf34-f800d39878a2", "owner": "GREEN CANYON TIMBERLANDS LL", "parcelnumb": "1719119001"}, "id": 57}, {"type": "Feature", "geometry": {"type": "Polygon", "coordinates": [[[-121.40427943836109, 47.120399238724076], [-121.40429448050996, 47.120388936268455], [-121.40449635972004, 47.12021153411184], [-121.40468936493743, 47.12004343809414], [-121.40480100122622, 47.11987394312938], [-121.4048505245152, 47.11971280410577], [-121.40489895154441, 47.11948826211662], [-121.40496257945242, 47.119210129132945], [-121.40497084615279, 47.11898523589238], [-121.40497947488686, 47.11866161286943], [-121.40493952230493, 47.11843605550622], [-121.4049229379024, 47.11816576536517], [-121.40489962619218, 47.11791367991169], [-121.4049248666637, 47.11774279127599], [-121.40503644713766, 47.11751056307857], [-121.40513351401084, 47.117251026080964], [-121.40516109247802, 47.11714152986487], [-121.4069938659668, 47.11710255468782], [-121.40729427337646, 47.1174822051411], [-121.4078950881958, 47.11800787052766], [-121.40785217285156, 47.118212294553274], [-121.40750885009766, 47.11847512428935], [-121.40592098236084, 47.12078212959213], [-121.40549182891846, 47.121220157273854], [-121.4049768447876, 47.12142456895782], [-121.40454769134521, 47.12145377056285], [-121.40429019927979, 47.121482972151824], [-121.40427943836109, 47.120399238724076]]]}, "properties": {"fid": 41192, "ogc_fid": 41192, "path": "/us/wa/kittitas/manastash-ridge/41192", "ll_uuid": "d6743392-97da-41da-9ced-dc3a5f2411c6", "owner": "GREEN CANYON TIMBERLANDS LLC", "parcelnumb": "19-11-21000-0002"}, "id": 68}, {"type": "Feature", "geometry": {"type": "Polygon", "coordinates": [[[-121.44497394561768, 47.28537188717297], [-121.44201278686523, 47.285313664127074], [-121.43471717834473, 47.28519721784295], [-121.43368721008301, 47.28519721784295], [-121.4302110671997, 47.28513899460475], [-121.42978191375732, 47.28513899460475], [-121.42819404602051, 47.28510988296165], [-121.4238166809082, 47.28505165962736], [-121.4238166809082, 47.282344203809174], [-121.42385959625244, 47.277802353854696], [-121.42385959625244, 47.275968034696405], [-121.42390251159668, 47.27200801780663], [-121.42390251159668, 47.27186242330282], [-121.42394542694092, 47.27058117439785], [-121.42570495605469, 47.270610294035606], [-121.42596244812012, 47.270610294035606], [-121.42858028411865, 47.270639413657335], [-121.42978191375732, 47.27066853326306], [-121.42991065979004, 47.27066853326306], [-121.43415927886963, 47.27072677242643], [-121.43450260162354, 47.27072677242643], [-121.43634796142578, 47.270755891984095], [-121.43802165985107, 47.2707850115257], [-121.43900871276855, 47.2707850115257], [-121.44021034240723, 47.27081413105131], [-121.44124031066895, 47.27081413105131], [-121.44510269165039, 47.27087237005446], [-121.44510269165039, 47.27358041292567], [-121.44505977630615, 47.27605538466969], [-121.44501686096191, 47.2779188164163], [-121.44497394561768, 47.28426563834199], [-121.44497394561768, 47.28537188717297]]]}, "properties": {"fid": 244055, "ll_uuid": "9bafd720-e07b-4714-bb8f-a4abbd00d6c7", "ogc_fid": 244055, "owner": "GREEN CANYON TIMBERLANDS LL", "parcelnumb": "2921119001", "path": "/us/wa/king/enumclaw-plateau/244055"}, "id": 1}, {"type": "Feature", "geometry": {"type": "Polygon", "coordinates": [[[-121.4448881149292, 47.29270747822787], [-121.4448881149292, 47.291048326429575], [-121.44493103027344, 47.288661385171935], [-121.44497394561768, 47.28537188717297], [-121.45033836364746, 47.28540099867192], [-121.45042419433594, 47.28540099867192], [-121.450424078267, 47.28540606368778], [-121.45033033052437, 47.28540546895271], [-121.45033033079612, 47.28540652951559], [-121.45032986600519, 47.28951729836245], [-121.45029544830322, 47.291019218038656], [-121.45025253295898, 47.29259104822091], [-121.45025253295898, 47.29264926325641], [-121.45063877105713, 47.29264926325641], [-121.45090875660287, 47.29264771140206], [-121.45570133433114, 47.29270212132052], [-121.45561695098877, 47.29748088781332], [-121.45557403564453, 47.29989653454413], [-121.45484447479248, 47.29989653454413], [-121.44480228424072, 47.3000129484665], [-121.4448881149292, 47.29270747822787]]]}, "properties": {"fid": 152177, "ll_uuid": "4aa7176a-0086-42d0-8f88-09e91b7bff7b", "ogc_fid": 152177, "owner": "GREEN CANYON TIMBERLANDS LL", "parcelnumb": "1921119001", "path": "/us/wa/king/enumclaw-plateau/152177"}, "id": 4}, {"type": "Feature", "geometry": {"type": "Polygon", "coordinates": [[[-121.33893013000488, 47.274250122585585], [-121.33893013000488, 47.27419188729942], [-121.33923053741455, 47.27363864888471], [-121.33931636810303, 47.273493058866904], [-121.33931636810303, 47.273463940815276], [-121.3394021987915, 47.273289232169105], [-121.33948802947998, 47.27291069479034], [-121.33948802947998, 47.272823339626115], [-121.3396167755127, 47.27279422120603], [-121.33978843688965, 47.272735984317706], [-121.34541034698486, 47.27087237005446], [-121.34553909301758, 47.27081413105131], [-121.34953022003174, 47.27081413105131], [-121.34944438934326, 47.270843250560915], [-121.34807109832764, 47.271250922012854], [-121.34729862213135, 47.27148387571836], [-121.34716987609863, 47.27154211398448], [-121.34644031524658, 47.27177506640828], [-121.34446620941162, 47.272444798914876], [-121.3394021987915, 47.27410453425003], [-121.33927345275879, 47.27413365194917], [-121.33893013000488, 47.274250122585585]]]}, "properties": {"fid": 204011, "ll_uuid": "9830e16f-5842-42c5-868b-4503ac0d78a0", "ogc_fid": 204011, "owner": "BNSF", "parcelnumb": "2521119017", "path": "/us/wa/king/enumclaw-plateau/204011"}, "id": 33}]}