{"type": "FeatureCollection", "features": [{"type": "Feature", "geometry": {"type": "Polygon", "coordinates": [[[-121.32296562194824, 47.205633680309774], [-121.32296562194824, 47.21345869941105], [-121.32263436672352, 47.21324033487466], [-121.32213566026229, 47.21309307301555], [-121.3210523782313, 47.21247630907301], [-121.32029097374364, 47.212186277366115], [-121.31962721932422, 47.21196700719236], [-121.31885326507957, 47.21197437390205], [-121.31825576700021, 47.21177929386309], [-121.31789608880547, 47.2115431273999], [-121.31710695933427, 47.21111531418402], [-121.31679474109077, 47.210559722846845], [-121.3154710820318, 47.20927439585283], [-121.31553708071264, 47.20852042303256], [-121.3155423872774, 47.20840609804994], [-121.31597635243986, 47.20770523188771], [-121.31605752004533, 47.20738643015379], [-121.3161760293365, 47.2069768840854], [-121.31629503979204, 47.20656734058397], [-121.31553256989574, 47.20630024730163], [-121.3148918602355, 47.20633303583825], [-121.31394311733916, 47.20571884728049], [-121.31347062370621, 47.205607458315015], [-121.32296562194824, 47.205633680309774]]]}, "properties": {"fid": 186401, "ogc_fid": 186401, "path": "/us/wa/king/enumclaw-plateau/186401", "ll_uuid": "18d890b7-bef7-46f1-8e1d-31c10f847d72", "owner": "USDA FOREST SERVICE", "parcelnumb": "2320129001"}, "id": 3}, {"type": "Feature", "geometry": {"type": "Polygon", "coordinates": [[[-121.34030342102051, 47.20155177270169], [-121.34030342102051, 47.205633680309774], [-121.32296562194824, 47.205633680309774], [-121.32296562194824, 47.205312970367146], [-121.32300853729248, 47.20225155059788], [-121.32305145263672, 47.19828602047531], [-121.32309436798096, 47.19093734300168], [-121.34038925170898, 47.19093734300168], [-121.34038925170898, 47.1935619874929], [-121.34034633636475, 47.19828602047531], [-121.34034633636475, 47.19881088706859], [-121.34030342102051, 47.20155177270169]]]}, "properties": {"fid": 220689, "ogc_fid": 220689, "path": "/us/wa/king/enumclaw-plateau/220689", "ll_uuid": "e7c8f46f-37ed-4ba8-99a0-a911aca36a7d", "owner": "UNITED STATES OF AMERICA", "parcelnumb": "2720129001"}, "id": 7}, {"type": "Feature", "geometry": {"type": "Polygon", "coordinates": [[[-121.32309436798096, 47.19093734300168], [-121.30618572235107, 47.19093734300168], [-121.30618572235107, 47.190908179555976], [-121.30622863769531, 47.19073319854516], [-121.30622863769531, 47.19055821695747], [-121.30627155303955, 47.19032490727648], [-121.30627155303955, 47.18994577685743], [-121.30622863769531, 47.18971246448422], [-121.30622863769531, 47.18939165829639], [-121.30618572235107, 47.18918750789453], [-121.30614280700684, 47.18892502765269], [-121.3060998916626, 47.18872087545603], [-121.30614280700684, 47.188545887233914], [-121.30614280700684, 47.18845839290648], [-121.30618572235107, 47.188312568707005], [-121.30627155303955, 47.188137579138754], [-121.30635738372803, 47.188020919106094], [-121.30640029907227, 47.187933423913336], [-121.30648612976074, 47.18784592857634], [-121.30670070648193, 47.18772926790268], [-121.30682945251465, 47.18761260697261], [-121.30691528320312, 47.18755427641142], [-121.30708694458008, 47.18737928434322], [-121.30725860595703, 47.18714596068824], [-121.30734443664551, 47.18708762961427], [-121.30751609802246, 47.18682513898801], [-121.30760192871094, 47.18667931030143], [-121.30764484405518, 47.18653348121424], [-121.30773067474365, 47.18638765172639], [-121.30777359008789, 47.186329319819066], [-121.30798816680908, 47.18606682544291], [-121.30820274353027, 47.1858626622529], [-121.30858898162842, 47.18551266638602], [-121.30863189697266, 47.18542516705875], [-121.30884647369385, 47.185279334526115], [-121.30897521972656, 47.18522100140083], [-121.30906105041504, 47.18519183481419], [-121.30910396575928, 47.18516266821152], [-121.30931854248047, 47.185133501592816], [-121.31017684936523, 47.184987668258884], [-121.31026268005371, 47.184987668258884], [-121.31030559539795, 47.184958501544], [-121.31030559539795, 47.18484183452432], [-121.31021976470947, 47.18472516724822], [-121.31009101867676, 47.18449183192678], [-121.31000518798828, 47.18425849557974], [-121.30996227264404, 47.184112659842015], [-121.30987644195557, 47.183762652436855], [-121.30987644195557, 47.18373348504895], [-121.30983352661133, 47.183441810288286], [-121.30983352661133, 47.18317930163349], [-121.30987644195557, 47.18288762382798], [-121.3099193572998, 47.182712616375454], [-121.31000518798828, 47.182537608346024], [-121.31009101867676, 47.18230426340932], [-121.31021976470947, 47.1821000857484], [-121.31026268005371, 47.181983412446726], [-121.31052017211914, 47.18163339100329], [-121.31064891815186, 47.18151671667596], [-121.31103515625, 47.18099167903006], [-121.31116390228271, 47.180845834318035], [-121.31155014038086, 47.180349959300486], [-121.3115930557251, 47.18032079003757], [-121.31163597106934, 47.18020411282569], [-121.31210803985596, 47.179504044169676], [-121.31227970123291, 47.17927068589972], [-121.31236900151188, 47.179137149896974], [-121.31240606626038, 47.17911496904511], [-121.31313722927298, 47.17853454777312], [-121.31320642376578, 47.1784901851024], [-121.31372632155528, 47.17813436212003], [-121.31392591010494, 47.177406023983565], [-121.3140628002543, 47.17718356497809], [-121.31433963775635, 47.176995389017776], [-121.31464004516602, 47.17690787565212], [-121.31489753723145, 47.17682036214225], [-121.31519794464111, 47.176732848488115], [-121.31567001342773, 47.17661616339157], [-121.31588459014893, 47.176499478038664], [-121.3231372833252, 47.176499478038664], [-121.3231372833252, 47.18886669853376], [-121.32309436798096, 47.19093734300168]]]}, "properties": {"fid": 298406, "ogc_fid": 298406, "path": "/us/wa/king/enumclaw-plateau/298406", "ll_uuid": "6e0d18ee-c6e6-4ac4-99cb-3c4afc113bf4", "owner": "UNITED STATES OF AMERICA", "parcelnumb": "3520129001"}, "id": 8}, {"type": "Feature", "geometry": {"type": "Polygon", "coordinates": [[[-121.38291835784912, 47.16316648831949], [-121.38287544250488, 47.170256437838475], [-121.3789701461792, 47.170256437838475], [-121.37433528900146, 47.170227263030625], [-121.36725425720215, 47.170227263030625], [-121.36643886566162, 47.170198088206774], [-121.3615894317627, 47.170198088206774], [-121.36163234710693, 47.163224845675785], [-121.36163234710693, 47.162874700576424], [-121.36167526245117, 47.156250687706574], [-121.37231826782227, 47.15616314015713], [-121.3807725906372, 47.15610477504404], [-121.3830041885376, 47.15607559246345], [-121.38291835784912, 47.16316648831949]]]}, "properties": {"fid": 13893, "ogc_fid": 13893, "path": "/us/wa/king/enumclaw-plateau/13893", "ll_uuid": "a31ee166-1a86-407b-8deb-576b3b2480b2", "owner": "UNITED STATES", "parcelnumb": "0219119001"}, "id": 11}, {"type": "Feature", "geometry": {"type": "Polygon", "coordinates": [[[-121.3035497724635, 47.15599258416051], [-121.30317280957962, 47.155628313272054], [-121.30246399366864, 47.154927192942274], [-121.30201686656481, 47.1543918722539], [-121.30191548509481, 47.15419219384344], [-121.30193710327148, 47.15236927446392], [-121.32322311401367, 47.15236927446392], [-121.32318019866943, 47.1560464098668], [-121.3035497724635, 47.15599258416051]]]}, "properties": {"fid": 76131, "ogc_fid": 76131, "path": "/us/wa/king/enumclaw-plateau/76131", "ll_uuid": "9665a15e-a072-4d67-ac53-5f0da57eb5f7", "owner": "UNITED STATES OF AMERICA", "parcelnumb": "1119129001"}, "id": 16}, {"type": "Feature", "geometry": {"type": "Polygon", "coordinates": [[[-121.38304710388184, 47.19644894651134], [-121.38309001922607, 47.19907331841824], [-121.36171817779541, 47.19907331841824], [-121.36171817779541, 47.1844626649395], [-121.36802673339844, 47.18449183192678], [-121.37227535247803, 47.18449183192678], [-121.38283252716064, 47.184550165853295], [-121.38296127319336, 47.1918122389213], [-121.38304710388184, 47.19525335627455], [-121.38304710388184, 47.19644894651134]]]}, "properties": {"fid": 215536, "ogc_fid": 215536, "path": "/us/wa/king/enumclaw-plateau/215536", "ll_uuid": "891e5c9e-814d-4e60-89a6-8d2fa4a7f78e", "owner": "US GOVERNMENT", "parcelnumb": "2620119001"}, "id": 17}, {"type": "Feature", "geometry": {"type": "Polygon", "coordinates": [[[-121.34043216705322, 47.186883470350466], [-121.34038925170898, 47.19093734300168], [-121.32309436798096, 47.19093734300168], [-121.3231372833252, 47.18886669853376], [-121.3231372833252, 47.176499478038664], [-121.3405179977417, 47.176499478038664], [-121.3405179977417, 47.17714124430668], [-121.34047508239746, 47.18370431764501], [-121.34043216705322, 47.18443349793617], [-121.34043216705322, 47.186883470350466]]]}, "properties": {"fid": 290615, "ogc_fid": 290615, "path": "/us/wa/king/enumclaw-plateau/290615", "ll_uuid": "1f74d8c6-0d4e-4e9a-a224-bce93ddf481f", "owner": "US GOVERNMENT", "parcelnumb": "3420129001"}, "id": 20}, {"type": "Feature", "geometry": {"type": "Polygon", "coordinates": [[[-121.38274669647217, 47.213650798717424], [-121.38274669647217, 47.20612931913462], [-121.38309001922607, 47.19907331841824], [-121.39038562774658, 47.19910247737698], [-121.39060020446777, 47.19910247737698], [-121.39356136322021, 47.19913163631969], [-121.4040756225586, 47.19916079524634], [-121.4040756225586, 47.21333013724836], [-121.39986991882324, 47.213417590568554], [-121.3937759399414, 47.21350504374459], [-121.3934326171875, 47.21350504374459], [-121.38931274414062, 47.21356334578181], [-121.38437747955322, 47.213621647754906], [-121.38274669647217, 47.213650798717424]]]}, "properties": {"fid": 180040, "ogc_fid": 180040, "path": "/us/wa/king/enumclaw-plateau/180040", "ll_uuid": "c8909abc-ecdb-412b-9590-3556edc6f436", "owner": "US GOVERNMENT", "parcelnumb": "2220119001"}, "id": 22}, {"type": "Feature", "geometry": {"type": "Polygon", "coordinates": [[[-121.36176109313965, 47.223365962656004], [-121.36173962129364, 47.223355401312034], [-121.36088254326249, 47.22292651202023], [-121.35875233782748, 47.22238094175339], [-121.35754743052392, 47.22221989089862], [-121.35668214052437, 47.221996835506964], [-121.3564803236275, 47.221992834201195], [-121.35565346103716, 47.22165605919986], [-121.35500411554845, 47.22109397178488], [-121.3542139265004, 47.22068920614411], [-121.35312016610239, 47.220301433374225], [-121.35201710785492, 47.220119515540354], [-121.35128619738093, 47.2198990220414], [-121.35005287991522, 47.21962277408625], [-121.34939121749129, 47.21935789427277], [-121.34925801980498, 47.21933248119528], [-121.34785909381493, 47.21898424769171], [-121.3470601513275, 47.218785317771555], [-121.34609903979704, 47.21844585532327], [-121.3441941908029, 47.21813348104891], [-121.34362779142675, 47.2180077213662], [-121.34331885533959, 47.21736082603038], [-121.34283710366105, 47.216824700035176], [-121.34229678613772, 47.21608165321032], [-121.34219976105003, 47.21598811086165], [-121.34174698175967, 47.21556728413217], [-121.34109130817971, 47.215165053041396], [-121.34030342102051, 47.214766207555], [-121.34030342102051, 47.21327183495475], [-121.34159088134766, 47.21330098610957], [-121.34493827819824, 47.21333013724836], [-121.34669780731201, 47.21335928837112], [-121.35103225708008, 47.21338843947788], [-121.35905742645264, 47.21350504374459], [-121.36180400848389, 47.2135341947712], [-121.36180400848389, 47.218985155078], [-121.36176109313965, 47.22067571340844], [-121.36176109313965, 47.223365962656004]]]}, "properties": {"fid": 95132, "ogc_fid": 95132, "path": "/us/wa/king/enumclaw-plateau/95132", "ll_uuid": "201af38c-2b5e-4f47-8de3-996cefa3b081", "owner": "UNITED STATES OF AMERICA", "parcelnumb": "1320119001"}, "id": 24}, {"type": "Feature", "geometry": {"type": "Polygon", "coordinates": [[[-121.40398979187012, 47.170198088206774], [-121.40416145324707, 47.16316648831949], [-121.40429019927979, 47.1561339576086], [-121.41480445861816, 47.15616314015713], [-121.4252758026123, 47.156192322689634], [-121.4252758026123, 47.16319566700565], [-121.42523288726807, 47.17016891336689], [-121.4133882522583, 47.17016891336689], [-121.40398979187012, 47.170198088206774]]]}, "properties": {"fid": 27805, "ogc_fid": 27805, "path": "/us/wa/king/enumclaw-plateau/27805", "ll_uuid": "5eb1b562-e4bb-45de-9f27-3b7362df5f10", "owner": "UNITED STATES", "parcelnumb": "0419119001"}, "id": 25}, {"type": "Feature", "geometry": {"type": "Polygon", "coordinates": [[[-121.32296562194824, 47.205633680309774], [-121.34030342102051, 47.205633680309774], [-121.34030342102051, 47.214766207555], [-121.34010313401042, 47.21466481794734], [-121.33929125115102, 47.213984894619735], [-121.33812504741306, 47.21370991207855], [-121.33696052143978, 47.213412097470126], [-121.33638895144665, 47.21340064751608], [-121.33620928003904, 47.2136924652962], [-121.33620793049198, 47.21369465197057], [-121.33617241734252, 47.21373980984236], [-121.33625168025802, 47.214244762475566], [-121.33563162117562, 47.21457585987704], [-121.335530978398, 47.21457384810005], [-121.33481502813584, 47.21478842553986], [-121.33442745684378, 47.21519274004197], [-121.33420021108985, 47.21578318617776], [-121.33421319520387, 47.21626411973253], [-121.3339214929101, 47.21678477968384], [-121.33330301961142, 47.21709271872216], [-121.3326098867387, 47.21700317003601], [-121.3324663158925, 47.21698462285022], [-121.33219711742116, 47.21697917931607], [-121.33095805964493, 47.216840034004065], [-121.33015146421025, 47.21682388625012], [-121.33008404899498, 47.216822652422024], [-121.33001661270315, 47.216821250489204], [-121.32972015060257, 47.21667806173777], [-121.32958578529126, 47.216675251077554], [-121.32896340607803, 47.216273745207296], [-121.32739829971318, 47.21589920169386], [-121.32646694474347, 47.215651733402254], [-121.32576759650993, 47.21547747278128], [-121.32461745520455, 47.21483654245171], [-121.324005722799, 47.21420632959443], [-121.32338637023615, 47.21373605806977], [-121.32296562194824, 47.21345869941105], [-121.32296562194824, 47.205633680309774]]]}, "properties": {"fid": 180043, "ogc_fid": 180043, "path": "/us/wa/king/enumclaw-plateau/180043", "ll_uuid": "0a09987a-402e-42ba-be20-25d2b7e300f6", "owner": "US GOVERNMENT", "parcelnumb": "2220129001"}, "id": 26}, {"type": "Feature", "geometry": {"type": "Polygon", "coordinates": [[[-121.37227535247803, 47.22784541337387], [-121.3648509979248, 47.22784541337387], [-121.36497974395752, 47.22767055418001], [-121.36515140533447, 47.227466551058114], [-121.36545181274414, 47.22720426017628], [-121.36545181274414, 47.226592243071195], [-121.36532306671143, 47.22606765135686], [-121.36519432067871, 47.22551391002611], [-121.36510848999023, 47.225309898604024], [-121.36502265930176, 47.22484358383369], [-121.36476516723633, 47.22469785962673], [-121.36459350585938, 47.22461042491028], [-121.36433601379395, 47.22452299004959], [-121.36377811431885, 47.22434811989558], [-121.36343479156494, 47.22423153947244], [-121.36326313018799, 47.224202394326596], [-121.36317729949951, 47.22417324916475], [-121.36296272277832, 47.224144103986845], [-121.36273252192228, 47.224091991683764], [-121.36256363350758, 47.22376070770372], [-121.36176109313965, 47.223365962656004], [-121.36176109313965, 47.22067571340844], [-121.36180400848389, 47.218985155078], [-121.36180400848389, 47.2135341947712], [-121.37227535247803, 47.21359249677636], [-121.376051902771, 47.213621647754906], [-121.37626647949219, 47.213621647754906], [-121.38274669647217, 47.213650798717424], [-121.38274669647217, 47.215953674120556], [-121.3827896118164, 47.220734007561845], [-121.3827896118164, 47.22778712703999], [-121.37811183929443, 47.22781627021496], [-121.3734769821167, 47.22781627021496], [-121.37227535247803, 47.22784541337387]]]}, "properties": {"fid": 104052, "ogc_fid": 104052, "path": "/us/wa/king/enumclaw-plateau/104052", "ll_uuid": "902d37ae-5010-4f3b-9718-f5636beb3847", "owner": "UNITED STATES", "parcelnumb": "1420119001"}, "id": 30}, {"type": "Feature", "geometry": {"type": "Polygon", "coordinates": [[[-121.36167526245117, 47.156250687706574], [-121.35103225708008, 47.15610477504404], [-121.34038925170898, 47.1559880446255], [-121.34043216705322, 47.15236927446392], [-121.36176109313965, 47.15236927446392], [-121.36167526245117, 47.156250687706574]]]}, "properties": {"fid": 83975, "ogc_fid": 83975, "path": "/us/wa/king/enumclaw-plateau/83975", "ll_uuid": "e39df372-78c4-4546-9f62-f36a6922900c", "owner": "UNITED STATES", "parcelnumb": "1219119001"}, "id": 31}, {"type": "Feature", "geometry": {"type": "Polygon", "coordinates": [[[-121.36180400848389, 47.2135341947712], [-121.35905742645264, 47.21350504374459], [-121.35103225708008, 47.21338843947788], [-121.34669780731201, 47.21335928837112], [-121.34493827819824, 47.21333013724836], [-121.34159088134766, 47.21330098610957], [-121.34030342102051, 47.21327183495475], [-121.34030342102051, 47.20155177270169], [-121.34034633636475, 47.19881088706859], [-121.34116172790527, 47.19884004617157], [-121.34927272796631, 47.19892752338427], [-121.34944438934326, 47.19892752338427], [-121.35103225708008, 47.1989566824231], [-121.35120391845703, 47.1989566824231], [-121.35403633117676, 47.19898584144593], [-121.35485172271729, 47.19898584144593], [-121.36111736297607, 47.19907331841824], [-121.36171817779541, 47.19907331841824], [-121.36171817779541, 47.20388432979385], [-121.36176109313965, 47.20560452494058], [-121.36176109313965, 47.208665751214085], [-121.36180400848389, 47.2135341947712]]]}, "properties": {"fid": 193094, "ogc_fid": 193094, "path": "/us/wa/king/enumclaw-plateau/193094", "ll_uuid": "c1dc4566-e4ef-4a34-a50d-d99632694355", "owner": "US GOVERNMENT", "parcelnumb": "2420119001"}, "id": 32}, {"type": "Feature", "geometry": {"type": "Polygon", "coordinates": [[[-121.31347062370621, 47.205607458315015], [-121.3105464218842, 47.20491808645247], [-121.3098846325656, 47.204652996468305], [-121.30940753837373, 47.204471753819526], [-121.30940437316895, 47.20446745304233], [-121.30940437316895, 47.20420504837372], [-121.3093614578247, 47.20414673604887], [-121.3093614578247, 47.203971798689736], [-121.30927562713623, 47.2036802351426], [-121.30927562713623, 47.20359276576593], [-121.30918979644775, 47.20335951338987], [-121.30906105041504, 47.20312625998815], [-121.30893230438232, 47.20298047609131], [-121.30888938903809, 47.20286384868541], [-121.30883599760773, 47.202791299835795], [-121.30899463556337, 47.202689535919326], [-121.30906203904532, 47.202690949307076], [-121.30925464257699, 47.20212272109504], [-121.30919265203715, 47.202043569341974], [-121.30923271179199, 47.20198913496847], [-121.30931854248047, 47.20193082020788], [-121.3095760345459, 47.20166840299203], [-121.30979061126709, 47.201493457460344], [-121.31009101867676, 47.201172722487286], [-121.31034851074219, 47.200939459470845], [-121.3104772567749, 47.20076451153545], [-121.31060600280762, 47.20056040488171], [-121.3106918334961, 47.2004729303612], [-121.31077766418457, 47.20032713917311], [-121.31086349487305, 47.200239664268], [-121.31094932556152, 47.20009387243894], [-121.31112098693848, 47.19986060467917], [-121.31124973297119, 47.19977312900485], [-121.31133556365967, 47.199539859834914], [-121.31129264831543, 47.19948154238216], [-121.31129264831543, 47.19927743079282], [-121.31124973297119, 47.19918995415702], [-121.31124973297119, 47.19901500045273], [-121.31120681762695, 47.19892752338427], [-121.31116390228271, 47.19889836432938], [-121.31116390228271, 47.19881088706859], [-121.31112098693848, 47.198723409663614], [-121.31094932556152, 47.198577613668135], [-121.31086349487305, 47.198460976583306], [-121.31077766418457, 47.19831517986668], [-121.31077766418457, 47.19828602047531], [-121.3106918334961, 47.19822770164441], [-121.31060600280762, 47.19814022327793], [-121.31056308746338, 47.19805274476724], [-121.31043434143066, 47.19787778731316], [-121.31030559539795, 47.197731988994065], [-121.31000518798828, 47.197294591633096], [-121.30996227264404, 47.19720711172823], [-121.30961894989014, 47.19682803047388], [-121.30940437316895, 47.19662390867671], [-121.3093614578247, 47.19659474835589], [-121.30910396575928, 47.19630314426618], [-121.30906105041504, 47.19624482325591], [-121.30897521972656, 47.196186502181575], [-121.3086748123169, 47.19583657438943], [-121.30854606628418, 47.195690770461624], [-121.3084602355957, 47.19554496613324], [-121.30837440490723, 47.19542832238204], [-121.30833148956299, 47.19531167837448], [-121.30824565887451, 47.19519503411047], [-121.30815982818604, 47.195136711882355], [-121.30807399749756, 47.19493258357909], [-121.30796752132785, 47.19481199805186], [-121.30783436932543, 47.19456436797233], [-121.30777359008789, 47.19437851708349], [-121.30747318267822, 47.19385360664609], [-121.30712985992432, 47.193328691016575], [-121.30678653717041, 47.19283293259903], [-121.3064432144165, 47.19251214527279], [-121.30631446838379, 47.192249681472646], [-121.30622863769531, 47.19201637922731], [-121.30622863769531, 47.1918122389213], [-121.30618572235107, 47.191695586965324], [-121.30618572235107, 47.19093734300168], [-121.32309436798096, 47.19093734300168], [-121.32305145263672, 47.19828602047531], [-121.32300853729248, 47.20225155059788], [-121.32296562194824, 47.205312970367146], [-121.32296562194824, 47.205633680309774], [-121.31347062370621, 47.205607458315015]]]}, "properties": {"fid": 215538, "ogc_fid": 215538, "path": "/us/wa/king/enumclaw-plateau/215538", "ll_uuid": "0c3bf0ec-2c7f-41ae-a444-db129a5b1457", "owner": "US GOVERNMENT", "parcelnumb": "2620129001"}, "id": 34}, {"type": "Feature", "geometry": {"type": "Polygon", "coordinates": [[[-121.38815402984619, 47.18452099889805], [-121.38484954833984, 47.184550165853295], [-121.38283252716064, 47.184550165853295], [-121.38283252716064, 47.173844816988066], [-121.38287544250488, 47.170256437838475], [-121.3934326171875, 47.170227263030625], [-121.3943338394165, 47.170227263030625], [-121.39815330505371, 47.170198088206774], [-121.40398979187012, 47.170198088206774], [-121.40398979187012, 47.177987197081706], [-121.40394687652588, 47.18020411282569], [-121.40394687652588, 47.1844626649395], [-121.39437675476074, 47.18449183192678], [-121.39394760131836, 47.18452099889805], [-121.39394760131836, 47.1844626649395], [-121.39386177062988, 47.184345996830075], [-121.39386177062988, 47.18420016133274], [-121.39390468597412, 47.18408349264641], [-121.3939905166626, 47.183908489136115], [-121.3939905166626, 47.18382098716464], [-121.39394760131836, 47.183675150224985], [-121.39386177062988, 47.183558480384846], [-121.39364719390869, 47.18341264272408], [-121.3934326171875, 47.183237637002264], [-121.39338970184326, 47.18317930163349], [-121.39304637908936, 47.18285845595929], [-121.3928747177124, 47.182595944419944], [-121.39257431030273, 47.182508440285005], [-121.39248847961426, 47.182508440285005], [-121.39240264892578, 47.182479272207985], [-121.39223098754883, 47.18239176788077], [-121.39193058013916, 47.18221675879366], [-121.3917589187622, 47.1821000857484], [-121.39158725738525, 47.18201258079617], [-121.39145851135254, 47.18192507569972], [-121.39120101928711, 47.18183757045907], [-121.39094352722168, 47.18177923355182], [-121.3905143737793, 47.18177923355182], [-121.3902997970581, 47.181808402013445], [-121.39017105102539, 47.18177923355182], [-121.38991355895996, 47.181691728070746], [-121.38969898223877, 47.18163339100329], [-121.38948440551758, 47.18151671667596], [-121.38918399810791, 47.181312535986194], [-121.38888359069824, 47.18107918566494], [-121.38858318328857, 47.18090417225093], [-121.38841152191162, 47.180787496321074], [-121.38815402984619, 47.18064165104818], [-121.38785362243652, 47.18046663619188], [-121.38751029968262, 47.180262451463676], [-121.38725280761719, 47.18011660474846], [-121.38708114624023, 47.179970757632645], [-121.38695240020752, 47.17988324917084], [-121.38678073883057, 47.17982491011617], [-121.38695240020752, 47.18002909652705], [-121.38720989227295, 47.180174943482626], [-121.38746738433838, 47.180349959300486], [-121.38768196105957, 47.18046663619188], [-121.38789653778076, 47.18061248194553], [-121.38815402984619, 47.18075832729855], [-121.38845443725586, 47.18093334119334], [-121.38866901397705, 47.181050016802686], [-121.38888359069824, 47.18122502973591], [-121.38931274414062, 47.18151671667596], [-121.38952732086182, 47.18163339100329], [-121.38969898223877, 47.18172089658049], [-121.38991355895996, 47.181808402013445], [-121.39021396636963, 47.18189590730219], [-121.3905143737793, 47.18189590730219], [-121.39055728912354, 47.18186673888863], [-121.39102935791016, 47.18186673888863], [-121.39115810394287, 47.18192507569972], [-121.39132976531982, 47.181983412446726], [-121.39154434204102, 47.1821000857484], [-121.39180183410645, 47.18224592701489], [-121.39210224151611, 47.182420936005855], [-121.39244556427002, 47.182595944419944], [-121.39266014099121, 47.182625112432845], [-121.39274597167969, 47.182625112432845], [-121.39283180236816, 47.182770952257044], [-121.3930892944336, 47.183033462931064], [-121.39330387115479, 47.18326680466262], [-121.39338970184326, 47.18332513993528], [-121.39347553253174, 47.18341264272408], [-121.39369010925293, 47.183558480384846], [-121.39381885528564, 47.18370431764501], [-121.39386177062988, 47.18382098716464], [-121.39381885528564, 47.18396682370363], [-121.39373302459717, 47.18420016133274], [-121.39373302459717, 47.18431682976265], [-121.3937759399414, 47.1844626649395], [-121.39381885528564, 47.18452099889805], [-121.38815402984619, 47.18452099889805]], [[-121.3928747177124, 47.182595944419944], [-121.39278888702393, 47.182508440285005], [-121.39257431030273, 47.18215842230305], [-121.39244556427002, 47.181983412446726], [-121.39218807220459, 47.181341704704266], [-121.39214515686035, 47.18099167903006], [-121.39210224151611, 47.18069998920541], [-121.39210224151611, 47.179212346171994], [-121.39214515686035, 47.178891476523546], [-121.39214515686035, 47.17865811556135], [-121.39205932617188, 47.17845392387801], [-121.3919734954834, 47.17827890181019], [-121.39193058013916, 47.178249731409466], [-121.39180183410645, 47.1781913905599], [-121.39184474945068, 47.17830807219488], [-121.3919734954834, 47.17848309416655], [-121.3919734954834, 47.17859977516051], [-121.39201641082764, 47.17874562604237], [-121.39201641082764, 47.179154006380145], [-121.3919734954834, 47.1799415881614], [-121.3919734954834, 47.18072915825999], [-121.39201641082764, 47.18102084792437], [-121.39201641082764, 47.18113752334139], [-121.39218807220459, 47.18166255954503], [-121.39235973358154, 47.18207091744699], [-121.3925313949585, 47.18233343158249], [-121.39266014099121, 47.182508440285005], [-121.3928747177124, 47.182595944419944]]]}, "properties": {"fid": 290614, "ogc_fid": 290614, "path": "/us/wa/king/enumclaw-plateau/290614", "ll_uuid": "66a08d9a-ee1f-4e75-8ad1-572eca1a2b05", "owner": "US GOVERNMENT", "parcelnumb": "3420119001"}, "id": 38}, {"type": "Feature", "geometry": {"type": "Polygon", "coordinates": [[[-121.40429019927979, 47.1561339576086], [-121.3830041885376, 47.15607559246345], [-121.38304710388184, 47.1526903043582], [-121.38304710388184, 47.15236927446392], [-121.40429019927979, 47.15236927446392], [-121.40429019927979, 47.1561339576086]]]}, "properties": {"fid": 66840, "ogc_fid": 66840, "path": "/us/wa/king/enumclaw-plateau/66840", "ll_uuid": "8aab6b10-bad3-453c-9de8-c5b02eabf82a", "owner": "UNITED STATES", "parcelnumb": "1019119001"}, "id": 40}, {"type": "Feature", "geometry": {"type": "Polygon", "coordinates": [[[-121.30191548509481, 47.15419219384344], [-121.30167628466812, 47.15372107065907], [-121.3011684991479, 47.15302422361265], [-121.3007476323895, 47.15236927446392], [-121.30193710327148, 47.15236927446392], [-121.30191548509481, 47.15419219384344]]]}, "properties": {"fid": 83976, "ogc_fid": 83976, "path": "/us/wa/king/enumclaw-plateau/83976", "ll_uuid": "b89cfe3c-b134-4c83-b6c6-a7e42ba283cc", "owner": "UNITED STATES", "parcelnumb": "1219129001"}, "id": 42}, {"type": "Feature", "geometry": {"type": "Polygon", "coordinates": [[[-121.32318019866943, 47.1560464098668], [-121.32322311401367, 47.15236927446392], [-121.34043216705322, 47.15236927446392], [-121.34038925170898, 47.1559880446255], [-121.32318019866943, 47.1560464098668]]]}, "properties": {"fid": 66841, "ogc_fid": 66841, "path": "/us/wa/king/enumclaw-plateau/66841", "ll_uuid": "c86e9be9-a108-4447-a3af-3178a957a42b", "owner": "UNITED STATES", "parcelnumb": "1019129001"}, "id": 44}, {"type": "Feature", "geometry": {"type": "MultiPolygon", "coordinates": [[[[-121.40759468078613, 47.19910247737698], [-121.40669345855713, 47.19913163631969], [-121.4058780670166, 47.19913163631969], [-121.40583515167236, 47.19910247737698], [-121.40579223632812, 47.1989566824231], [-121.40574932098389, 47.19886920525849], [-121.40570640563965, 47.19881088706859], [-121.40566349029541, 47.19869425049657], [-121.40549182891846, 47.198577613668135], [-121.4053201675415, 47.19831517986668], [-121.40506267547607, 47.197965266112305], [-121.40501976013184, 47.19776114868992], [-121.40489101409912, 47.19723627171251], [-121.40480518341064, 47.19685719066652], [-121.40471935272217, 47.19644894651134], [-121.40467643737793, 47.19609902044988], [-121.40450477600098, 47.19571993127926], [-121.40437602996826, 47.19545748334389], [-121.40424728393555, 47.195224195200524], [-121.40403270721436, 47.19493258357909], [-121.40403270721436, 47.19402857736878], [-121.40398979187012, 47.1918122389213], [-121.40398979187012, 47.189654136230644], [-121.40394687652588, 47.18539600058429], [-121.40394687652588, 47.1844626649395], [-121.41458988189697, 47.1844626649395], [-121.42523288726807, 47.18443349793617], [-121.42523288726807, 47.186329319819066], [-121.42531871795654, 47.19166642393628], [-121.42531871795654, 47.19327036673724], [-121.42536163330078, 47.19886920525849], [-121.42506122589111, 47.19889836432938], [-121.41810894012451, 47.19898584144593], [-121.41673564910889, 47.19898584144593], [-121.41471862792969, 47.19901500045273], [-121.41149997711182, 47.19907331841824], [-121.40793800354004, 47.19910247737698], [-121.40759468078613, 47.19910247737698]], [[-121.40523433685303, 47.19811106379041], [-121.40536308288574, 47.19793610652863], [-121.40566349029541, 47.19764450981032], [-121.40574932098389, 47.19755703048233], [-121.40574932098389, 47.19735291148956], [-121.40579223632812, 47.19723627171251], [-121.40570640563965, 47.197002991389326], [-121.40562057495117, 47.19688635084313], [-121.40562057495117, 47.19685719066652], [-121.40557765960693, 47.19679887026524], [-121.40557765960693, 47.19691551100371], [-121.40566349029541, 47.197032151485814], [-121.40566349029541, 47.197177951727895], [-121.40557765960693, 47.197411231281905], [-121.40544891357422, 47.19755703048233], [-121.40536308288574, 47.19764450981032], [-121.40519142150879, 47.19784862768137], [-121.40514850616455, 47.19799442567995], [-121.40523433685303, 47.19811106379041]]], [[[-121.4040756225586, 47.19916079524634], [-121.40403270721436, 47.195136711882355], [-121.40416145324707, 47.19525335627455], [-121.40424728393555, 47.1953991614042], [-121.40433311462402, 47.19566160962799], [-121.40450477600098, 47.19598237791658], [-121.40454769134521, 47.19621566272676], [-121.40459060668945, 47.196390625661365], [-121.40463352203369, 47.19671138954308], [-121.40471935272217, 47.197032151485814], [-121.40480518341064, 47.19738207139372], [-121.40480518341064, 47.19755703048233], [-121.40484809875488, 47.19767366955426], [-121.40489101409912, 47.19787778731316], [-121.40501976013184, 47.19811106379041], [-121.40510559082031, 47.19828602047531], [-121.40527725219727, 47.198431817272024], [-121.40544891357422, 47.1986650913135], [-121.40557765960693, 47.19881088706859], [-121.40566349029541, 47.19898584144593], [-121.40574932098389, 47.19913163631969], [-121.4053201675415, 47.19913163631969], [-121.4040756225586, 47.19916079524634]]]]}, "properties": {"fid": 233678, "ogc_fid": 233678, "path": "/us/wa/king/enumclaw-plateau/233678", "ll_uuid": "cf0874f3-3f9e-4f9d-9c72-e7f7e5e5c54e", "owner": "US GOVERNMENT", "parcelnumb": "2820119001"}, "id": 46}, {"type": "Feature", "geometry": {"type": "Polygon", "coordinates": [[[-121.3231372833252, 47.176499478038664], [-121.31588459014893, 47.176499478038664], [-121.31614208221436, 47.17626610656356], [-121.31631374359131, 47.17606190568151], [-121.31648540496826, 47.1757701887735], [-121.31669998168945, 47.17550764218609], [-121.31682872772217, 47.175303438387346], [-121.31730079650879, 47.17474916697523], [-121.31755828857422, 47.17445744285564], [-121.31772994995117, 47.1742240624061], [-121.31790161132812, 47.17390316261327], [-121.3179874420166, 47.17361143384619], [-121.31803035736084, 47.17329053035138], [-121.31807327270508, 47.173115491264184], [-121.31807327270508, 47.1727362379294], [-121.3179874420166, 47.17264871754443], [-121.31790161132812, 47.172502849915645], [-121.31768703460693, 47.17229863456225], [-121.31734371185303, 47.17206524462537], [-121.3168716430664, 47.17177350576199], [-121.31669998168945, 47.171598461674705], [-121.3165283203125, 47.17133589446203], [-121.31639957427979, 47.171073325951255], [-121.31627082824707, 47.170781581639005], [-121.31609916687012, 47.17060653428243], [-121.3159704208374, 47.170343962165816], [-121.31584167480469, 47.17002303892707], [-121.31571292877197, 47.1696437635085], [-121.3156270980835, 47.16932283603887], [-121.31545543670654, 47.168914380091195], [-121.31532669067383, 47.168651799608966], [-121.31498336791992, 47.168272514398495], [-121.31476879119873, 47.16803910676893], [-121.31468296051025, 47.167893226479606], [-121.31455421447754, 47.167601464699004], [-121.31438255310059, 47.1671346425166], [-121.31421089172363, 47.16663863945246], [-121.31412506103516, 47.16643440155045], [-121.31408214569092, 47.16625933986654], [-121.3139533996582, 47.16599674625894], [-121.31369590759277, 47.165529909973515], [-121.31352424621582, 47.165179780067035], [-121.31326675415039, 47.16488800338209], [-121.31283760070801, 47.164421157352706], [-121.3124942779541, 47.164071020138294], [-121.31236553192139, 47.16392512895115], [-121.311936378479, 47.163516631495696], [-121.31150722503662, 47.1631373096173], [-121.31129264831543, 47.16302059464829], [-121.31099224090576, 47.162903879422856], [-121.31026268005371, 47.16272880610393], [-121.30931854248047, 47.162582911230714], [-121.30893230438232, 47.16249537411451], [-121.30833148956299, 47.162407836854044], [-121.30777359008789, 47.16229112028239], [-121.30751609802246, 47.16220358268538], [-121.3070011138916, 47.162086865665], [-121.30622863769531, 47.1617950719922], [-121.30592823028564, 47.16159081546766], [-121.30592207630527, 47.16158732855082], [-121.30564617421126, 47.16135452395645], [-121.30548427124667, 47.16121393363147], [-121.30488483500538, 47.16030917346637], [-121.30462050899675, 47.159434124176144], [-121.30437372818147, 47.158925667113635], [-121.30440482278863, 47.15821667421296], [-121.30417602285331, 47.157296467895954], [-121.30365665558986, 47.15609586862979], [-121.3035497724635, 47.15599258416051], [-121.32318019866943, 47.1560464098668], [-121.32318019866943, 47.158818684986755], [-121.3231372833252, 47.16628851685391], [-121.3231372833252, 47.176499478038664]]]}, "properties": {"fid": 13898, "ogc_fid": 13898, "path": "/us/wa/king/enumclaw-plateau/13898", "ll_uuid": "dadac4df-8557-4243-8615-1118a1cc2804", "owner": "US GOVERNMENT", "parcelnumb": "0219129001"}, "id": 47}, {"type": "Feature", "geometry": {"type": "Polygon", "coordinates": [[[-121.36171817779541, 47.1844626649395], [-121.35107517242432, 47.18443349793617], [-121.34043216705322, 47.18443349793617], [-121.34047508239746, 47.18370431764501], [-121.3405179977417, 47.17714124430668], [-121.3405179977417, 47.176499478038664], [-121.34034633636475, 47.17154011351741], [-121.34030342102051, 47.16984798907043], [-121.34296417236328, 47.169877164086586], [-121.34313583374023, 47.16990633908671], [-121.34961605072021, 47.16999386399104], [-121.3509464263916, 47.17002303892707], [-121.3615894317627, 47.170198088206774], [-121.36167526245117, 47.17731627012455], [-121.36167526245117, 47.17982491011617], [-121.36171817779541, 47.18122502973591], [-121.36171817779541, 47.1844626649395]]]}, "properties": {"fid": 306777, "ogc_fid": 306777, "path": "/us/wa/king/enumclaw-plateau/306777", "ll_uuid": "dd7e6352-bc60-4496-b853-49f3fc88fb46", "owner": "UNITED STATES", "parcelnumb": "3620119001"}, "id": 48}, {"type": "Feature", "geometry": {"type": "Polygon", "coordinates": [[[-121.33511066436768, 47.2616406881281], [-121.33511066436768, 47.261378566398946], [-121.33515357971191, 47.26123294265528], [-121.33515357971191, 47.260825194042155], [-121.33506774902344, 47.26062131855795], [-121.33498191833496, 47.26044656751807], [-121.33489608764648, 47.260330066504366], [-121.33476734161377, 47.260242690575836], [-121.3344669342041, 47.260067938286255], [-121.33425235748291, 47.26000968739487], [-121.33408069610596, 47.259951436439394], [-121.333909034729, 47.25986405988601], [-121.33369445800781, 47.25977668318845], [-121.33347988128662, 47.25963105503874], [-121.3333511352539, 47.25951455223057], [-121.33309364318848, 47.25936892335983], [-121.33279323577881, 47.25925241997487], [-121.33240699768066, 47.25910679038316], [-121.33219242095947, 47.258961160390896], [-121.33193492889404, 47.25875727772876], [-121.33192882759481, 47.258751756547184], [-121.33191491449628, 47.258720328123715], [-121.33180006313842, 47.25826035782168], [-121.33177224752424, 47.258122446580785], [-121.33180075536725, 47.257459406418334], [-121.33198260297303, 47.257142450883606], [-121.33290173534114, 47.25613097097397], [-121.3338504323497, 47.25521146347155], [-121.33435137321922, 47.25453473580481], [-121.3345557687665, 47.25447020472631], [-121.33542559689432, 47.253823883906925], [-121.33595095220072, 47.25334104905535], [-121.33602875294731, 47.253309364321765], [-121.33605385346749, 47.253309888352476], [-121.33683663416677, 47.253119499916664], [-121.33716471481891, 47.2525308892077], [-121.3371240535718, 47.252286919676806], [-121.33734226226807, 47.25194131981576], [-121.33742809295654, 47.251795670116024], [-121.33764266967773, 47.25135871861349], [-121.33768558502197, 47.25121306731157], [-121.33772850036621, 47.25103828522046], [-121.33777141571045, 47.25080524153509], [-121.33785724639893, 47.25057219682424], [-121.33798599243164, 47.25033915108796], [-121.33807182312012, 47.250047842475595], [-121.33824348449707, 47.2496400077265], [-121.33828639984131, 47.249494351697905], [-121.33837223052979, 47.249144775594914], [-121.33837223052979, 47.24896998667822], [-121.3401746749878, 47.24896998667822], [-121.34043216705322, 47.256281497042124], [-121.33893013000488, 47.25625236952155], [-121.33893013000488, 47.261815435226595], [-121.33549690246582, 47.261815435226595], [-121.33515357971191, 47.26184455968692], [-121.33511066436768, 47.2616406881281]]]}, "properties": {"fid": 22816, "ogc_fid": 22816, "path": "/us/wa/king/enumclaw-plateau/22816", "ll_uuid": "74396a01-beb6-422f-ad96-3111c9a3ed7a", "owner": "USDA FOREST SERVICE", "parcelnumb": "0320129001"}, "id": 50}, {"type": "Feature", "geometry": {"type": "Polygon", "coordinates": [[[-121.36163234710693, 47.23792798445953], [-121.36163234710693, 47.236704190839816], [-121.36167526245117, 47.235538646828786], [-121.36167526245117, 47.234889229733966], [-121.36175399463717, 47.23489077513675], [-121.36187628583458, 47.234389839082], [-121.36204106258457, 47.233683438191655], [-121.3617655428811, 47.233037214641605], [-121.36170419759954, 47.2325025860427], [-121.36171817779541, 47.23142989972558], [-121.36171817779541, 47.230934497349836], [-121.36184692382812, 47.23087621441297], [-121.3619327545166, 47.23084707292048], [-121.3621473312378, 47.230701365217726], [-121.36240482330322, 47.230584798767126], [-121.36266231536865, 47.23040994861054], [-121.36274814605713, 47.23032252331592], [-121.36287689208984, 47.230235097877056], [-121.36296272277832, 47.23014767229404], [-121.36322021484375, 47.22997282069531], [-121.36330604553223, 47.22985625264235], [-121.36347770690918, 47.22968140008223], [-121.36356353759766, 47.22962311576734], [-121.3636064529419, 47.22953568917481], [-121.36369228363037, 47.22941912016046], [-121.36377811431885, 47.22927340853198], [-121.36382102966309, 47.22921512376843], [-121.36390686035156, 47.22904026909319], [-121.36399269104004, 47.228923698989234], [-121.36403560638428, 47.22883627124304], [-121.36412143707275, 47.22871970069042], [-121.36416435241699, 47.22863227260774], [-121.36437892913818, 47.228399130348805], [-121.36455059051514, 47.228195130031025], [-121.36472225189209, 47.228020271990886], [-121.3648509979248, 47.22784541337387], [-121.37227535247803, 47.22784541337387], [-121.3734769821167, 47.22781627021496], [-121.37811183929443, 47.22781627021496], [-121.3827896118164, 47.22778712703999], [-121.3827896118164, 47.242356715601545], [-121.37849807739258, 47.24238585076486], [-121.37836933135986, 47.24238585076486], [-121.37218952178955, 47.24241498591218], [-121.37171745300293, 47.24241498591218], [-121.3676404953003, 47.24244412104346], [-121.3615894317627, 47.242473256158746], [-121.36163234710693, 47.23792798445953]]]}, "properties": {"fid": 76198, "ogc_fid": 76198, "path": "/us/wa/king/enumclaw-plateau/76198", "ll_uuid": "5ce24d62-13d8-4613-966d-f338df659afc", "owner": "UNITED STATES OF AMERICA", "parcelnumb": "1120119001"}, "id": 52}, {"type": "Feature", "geometry": {"type": "MultiPolygon", "coordinates": [[[[-121.36154651641846, 47.25639800696416], [-121.36154651641846, 47.24827082524328], [-121.3615894317627, 47.24524101904498], [-121.3615894317627, 47.242473256158746], [-121.3676404953003, 47.24244412104346], [-121.37171745300293, 47.24241498591218], [-121.37218952178955, 47.24241498591218], [-121.37836933135986, 47.24238585076486], [-121.37849807739258, 47.24238585076486], [-121.3827896118164, 47.242356715601545], [-121.3827896118164, 47.2496400077265], [-121.3818883895874, 47.25016436611281], [-121.38184547424316, 47.250193496982064], [-121.38180255889893, 47.250193496982064], [-121.38171672821045, 47.250251758672476], [-121.38167381286621, 47.250251758672476], [-121.38167381286621, 47.250280889493666], [-121.38163089752197, 47.250280889493666], [-121.3815450668335, 47.25033915108796], [-121.38150215148926, 47.25033915108796], [-121.38141632080078, 47.250397412618184], [-121.38137340545654, 47.250397412618184], [-121.38137340545654, 47.250426543359225], [-121.3813304901123, 47.250426543359225], [-121.3813304901123, 47.250455674084265], [-121.38128757476807, 47.250455674084265], [-121.38107299804688, 47.250601327469155], [-121.38103008270264, 47.250601327469155], [-121.38103008270264, 47.25063045809807], [-121.38094425201416, 47.25068871930782], [-121.38090133666992, 47.25068871930782], [-121.38090133666992, 47.25071784988867], [-121.38081550598145, 47.250776111002295], [-121.38081550598145, 47.25080524153509], [-121.3807725906372, 47.25080524153509], [-121.3807725906372, 47.25083437205183], [-121.38068675994873, 47.25089263303724], [-121.38068675994873, 47.25092176350594], [-121.38064384460449, 47.25092176350594], [-121.38064384460449, 47.25095089395862], [-121.38055801391602, 47.25100915481585], [-121.38055801391602, 47.25103828522046], [-121.38051509857178, 47.25103828522046], [-121.38051509857178, 47.251067415609015], [-121.38047218322754, 47.25109654598157], [-121.38047218322754, 47.25112567633809], [-121.3804292678833, 47.25112567633809], [-121.3804292678833, 47.251183937003105], [-121.38030052185059, 47.2512713278804], [-121.37969970703125, 47.25211609892665], [-121.37969970703125, 47.252145228722384], [-121.37965679168701, 47.25217435850212], [-121.37965679168701, 47.25220348826579], [-121.37961387634277, 47.25220348826579], [-121.37961387634277, 47.25226174774511], [-121.37957096099854, 47.25226174774511], [-121.37957096099854, 47.25229087746075], [-121.3795280456543, 47.252320007160336], [-121.3795280456543, 47.25234913684395], [-121.37948513031006, 47.25234913684395], [-121.37948513031006, 47.2523782665115], [-121.37944221496582, 47.2523782665115], [-121.37944221496582, 47.25240739616302], [-121.37939929962158, 47.25240739616302], [-121.37939929962158, 47.25243652579857], [-121.37935638427734, 47.252465655418064], [-121.3793134689331, 47.252465655418064], [-121.3793134689331, 47.2524947850215], [-121.37927055358887, 47.25252391460896], [-121.37922763824463, 47.25252391460896], [-121.37922763824463, 47.25255304418042], [-121.37918472290039, 47.25255304418042], [-121.37918472290039, 47.25258217373582], [-121.37914180755615, 47.25258217373582], [-121.37914180755615, 47.25261130327519], [-121.37909889221191, 47.25261130327519], [-121.37905597686768, 47.25264043279856], [-121.37901306152344, 47.25264043279856], [-121.37901306152344, 47.2526695623059], [-121.3789701461792, 47.2526695623059], [-121.37892723083496, 47.25269869179721], [-121.37888431549072, 47.25269869179721], [-121.37884140014648, 47.25272782127249], [-121.37879848480225, 47.25272782127249], [-121.37875556945801, 47.252756950731765], [-121.37871265411377, 47.252756950731765], [-121.37866973876953, 47.252786080175014], [-121.37858390808105, 47.252786080175014], [-121.37854099273682, 47.252815209602204], [-121.3784122467041, 47.252815209602204], [-121.3784122467041, 47.25284433901342], [-121.37824058532715, 47.25284433901342], [-121.37566566467285, 47.25313563224421], [-121.37545108795166, 47.25313563224421], [-121.37545108795166, 47.253164761479184], [-121.37519359588623, 47.253164761479184], [-121.37515068054199, 47.2531938906981], [-121.37502193450928, 47.2531938906981], [-121.37497901916504, 47.253223019901014], [-121.37485027313232, 47.253223019901014], [-121.37480735778809, 47.2532521490879], [-121.37467861175537, 47.2532521490879], [-121.37467861175537, 47.253281278258754], [-121.3745927810669, 47.253281278258754], [-121.37454986572266, 47.25331040741361], [-121.37446403503418, 47.25331040741361], [-121.37442111968994, 47.2533395365524], [-121.3743782043457, 47.2533395365524], [-121.37433528900146, 47.253368665675225], [-121.37424945831299, 47.253368665675225], [-121.37420654296875, 47.25339779478199], [-121.37416362762451, 47.25339779478199], [-121.37412071228027, 47.25342692387272], [-121.37407779693604, 47.25342692387272], [-121.3740348815918, 47.253456052947485], [-121.37394905090332, 47.253456052947485], [-121.37394905090332, 47.25348518200619], [-121.37390613555908, 47.25348518200619], [-121.37386322021484, 47.25351431104886], [-121.3738203048706, 47.25351431104886], [-121.37373447418213, 47.253572569086174], [-121.37364864349365, 47.253572569086174], [-121.37356281280518, 47.253630827059396], [-121.37351989746094, 47.253630827059396], [-121.37343406677246, 47.25368908496853], [-121.37339115142822, 47.25368908496853], [-121.37326240539551, 47.25377647171203], [-121.37321949005127, 47.25377647171203], [-121.37321949005127, 47.25380560059452], [-121.37317657470703, 47.25380560059452], [-121.3731336593628, 47.25383472946095], [-121.37309074401855, 47.25383472946095], [-121.37309074401855, 47.25386385831135], [-121.37218952178955, 47.254329917739], [-121.37017250061035, 47.255728071411596], [-121.37008666992188, 47.25578632701348], [-121.37004375457764, 47.25578632701348], [-121.37004375457764, 47.255815454790394], [-121.3700008392334, 47.255815454790394], [-121.36995792388916, 47.25584458255133], [-121.36995792388916, 47.255873710296186], [-121.36991500854492, 47.255873710296186], [-121.36991500854492, 47.25590283802504], [-121.36987209320068, 47.25590283802504], [-121.3697862625122, 47.25596109343468], [-121.3697862625122, 47.25599022111547], [-121.36974334716797, 47.25599022111547], [-121.36974334716797, 47.25601934878023], [-121.36965751647949, 47.256077604061716], [-121.36961460113525, 47.256077604061716], [-121.36961460113525, 47.256106731678386], [-121.36952877044678, 47.25616498686372], [-121.36952877044678, 47.25619411443236], [-121.36948585510254, 47.25619411443236], [-121.36948585510254, 47.25622324198497], [-121.3694429397583, 47.25625236952155], [-121.3694429397583, 47.256281497042124], [-121.36935710906982, 47.25633975203516], [-121.36935710906982, 47.256368879507676], [-121.36635303497314, 47.256368879507676], [-121.36154651641846, 47.25639800696416]]], [[[-121.37309074401855, 47.25633975203516], [-121.37218952178955, 47.256368879507676], [-121.37137413024902, 47.256368879507676], [-121.37214660644531, 47.255698943586594], [-121.37424945831299, 47.254621202798376], [-121.37429237365723, 47.254592074364524], [-121.37433528900146, 47.254592074364524], [-121.37433528900146, 47.25456294591467], [-121.3743782043457, 47.25456294591467], [-121.37442111968994, 47.25453381744882], [-121.37446403503418, 47.25453381744882], [-121.37446403503418, 47.254504688966875], [-121.37450695037842, 47.254504688966875], [-121.37450695037842, 47.25447556046896], [-121.37454986572266, 47.25447556046896], [-121.3745927810669, 47.25444643195502], [-121.37463569641113, 47.25444643195502], [-121.37467861175537, 47.25441730342504], [-121.37472152709961, 47.25441730342504], [-121.37476444244385, 47.25438817487907], [-121.37480735778809, 47.25438817487907], [-121.37485027313232, 47.254359046317035], [-121.37489318847656, 47.254359046317035], [-121.3749361038208, 47.254329917739], [-121.37502193450928, 47.254329917739], [-121.37502193450928, 47.254300789144935], [-121.37515068054199, 47.254300789144935], [-121.37515068054199, 47.25427166053484], [-121.37532234191895, 47.25427166053484], [-121.37532234191895, 47.254242531908744], [-121.37545108795166, 47.254242531908744], [-121.37815475463867, 47.253951244766455], [-121.37824058532715, 47.253922115964144], [-121.37836933135986, 47.253922115964144], [-121.37845516204834, 47.253892987145775], [-121.37858390808105, 47.253892987145775], [-121.37866973876953, 47.25386385831135], [-121.37875556945801, 47.25386385831135], [-121.37884140014648, 47.25383472946095], [-121.37892723083496, 47.25383472946095], [-121.3789701461792, 47.25380560059452], [-121.37905597686768, 47.25380560059452], [-121.37909889221191, 47.25377647171203], [-121.37918472290039, 47.25377647171203], [-121.37922763824463, 47.25374734281357], [-121.3793134689331, 47.25374734281357], [-121.37935638427734, 47.25371821389905], [-121.37939929962158, 47.25371821389905], [-121.37944221496582, 47.25368908496853], [-121.3795280456543, 47.25368908496853], [-121.3795280456543, 47.25365995602198], [-121.37961387634277, 47.25365995602198], [-121.37961387634277, 47.253630827059396], [-121.37969970703125, 47.253630827059396], [-121.37969970703125, 47.253601698080786], [-121.37974262237549, 47.253601698080786], [-121.37978553771973, 47.253572569086174], [-121.37982845306396, 47.253572569086174], [-121.37991428375244, 47.25351431104886], [-121.37995719909668, 47.25351431104886], [-121.38000011444092, 47.25348518200619], [-121.38004302978516, 47.25348518200619], [-121.38004302978516, 47.253456052947485], [-121.3800859451294, 47.253456052947485], [-121.38021469116211, 47.253368665675225], [-121.38025760650635, 47.253368665675225], [-121.38025760650635, 47.2533395365524], [-121.38030052185059, 47.2533395365524], [-121.38030052185059, 47.25331040741361], [-121.38034343719482, 47.25331040741361], [-121.38055801391602, 47.253164761479184], [-121.38060092926025, 47.253164761479184], [-121.38060092926025, 47.25313563224421], [-121.38072967529297, 47.25304824444322], [-121.38072967529297, 47.253019115144156], [-121.3807725906372, 47.253019115144156], [-121.3807725906372, 47.25298998582912], [-121.38081550598145, 47.25296085649802], [-121.38081550598145, 47.252931727150894], [-121.38085842132568, 47.252931727150894], [-121.38085842132568, 47.25290259778777], [-121.38094425201416, 47.25284433901342], [-121.38094425201416, 47.252815209602204], [-121.3809871673584, 47.252786080175014], [-121.3809871673584, 47.252756950731765], [-121.38103008270264, 47.252756950731765], [-121.38103008270264, 47.25269869179721], [-121.38171672821045, 47.25182480008803], [-121.38171672821045, 47.251795670116024], [-121.38175964355469, 47.25176654012799], [-121.38175964355469, 47.25173741012395], [-121.38180255889893, 47.25170828010391], [-121.38180255889893, 47.251679150067844], [-121.38184547424316, 47.251650020015745], [-121.38184547424316, 47.25162088994762], [-121.3818883895874, 47.25162088994762], [-121.3818883895874, 47.25159175986349], [-121.38193130493164, 47.25156262976333], [-121.38193130493164, 47.25153349964711], [-121.38197422027588, 47.25153349964711], [-121.38197422027588, 47.25150436951492], [-121.38201713562012, 47.25150436951492], [-121.38201713562012, 47.25147523936667], [-121.3821029663086, 47.25141697902211], [-121.3821029663086, 47.25138784882583], [-121.38214588165283, 47.25138784882583], [-121.3827896118164, 47.25083437205183], [-121.3827896118164, 47.25633975203516], [-121.38257503509521, 47.25633975203516], [-121.38137340545654, 47.25631062454664], [-121.37948513031006, 47.25631062454664], [-121.37935638427734, 47.25633975203516], [-121.37309074401855, 47.25633975203516]]]]}, "properties": {"fid": 14075, "ogc_fid": 14075, "path": "/us/wa/king/enumclaw-plateau/14075", "ll_uuid": "27921086-c7b1-4a67-9f33-74849d345b86", "owner": "UNITED STATES", "parcelnumb": "0220119001"}, "id": 56}, {"type": "Feature", "geometry": {"type": "MultiPolygon", "coordinates": [[[[-121.37592315673828, 47.25933979753765], [-121.37592315673828, 47.25936892335983], [-121.37536525726318, 47.25936892335983], [-121.37532234191895, 47.25933979753765], [-121.37523651123047, 47.25933979753765], [-121.37467861175537, 47.25919416818624], [-121.37231826782227, 47.258524268010774], [-121.37197494506836, 47.25843688910214], [-121.37193202972412, 47.258407762767206], [-121.37184619903564, 47.258407762767206], [-121.3718032836914, 47.25837863641627], [-121.37171745300293, 47.25837863641627], [-121.37171745300293, 47.2583495100493], [-121.37167453765869, 47.2583495100493], [-121.37163162231445, 47.25832038366633], [-121.37154579162598, 47.25832038366633], [-121.37154579162598, 47.25829125726733], [-121.37150287628174, 47.25829125726733], [-121.3714599609375, 47.25826213085227], [-121.37141704559326, 47.25826213085227], [-121.37137413024902, 47.258233004421214], [-121.37133121490479, 47.258233004421214], [-121.37133121490479, 47.258203877974154], [-121.37128829956055, 47.258203877974154], [-121.37124538421631, 47.258174751511035], [-121.37120246887207, 47.258174751511035], [-121.37120246887207, 47.25814562503194], [-121.37115955352783, 47.25814562503194], [-121.37115955352783, 47.25811649853679], [-121.3711166381836, 47.25811649853679], [-121.3709020614624, 47.25797086582074], [-121.3709020614624, 47.257941739229494], [-121.37085914611816, 47.257941739229494], [-121.37085914611816, 47.25791261262219], [-121.37081623077393, 47.25791261262219], [-121.37081623077393, 47.25788348599886], [-121.37077331542969, 47.25788348599886], [-121.37077331542969, 47.257854359359555], [-121.37073040008545, 47.257825232704164], [-121.37073040008545, 47.25779610603277], [-121.37068748474121, 47.25779610603277], [-121.37068748474121, 47.25773785264195], [-121.37064456939697, 47.25770872592247], [-121.37064456939697, 47.25765047243553], [-121.37060165405273, 47.257621345667985], [-121.37060165405273, 47.2571261881688], [-121.37064456939697, 47.25709706111286], [-121.37064456939697, 47.25700967984898], [-121.37068748474121, 47.25700967984898], [-121.37068748474121, 47.256951425592945], [-121.37073040008545, 47.256951425592945], [-121.37073040008545, 47.25689317127282], [-121.37081623077393, 47.25683491688861], [-121.37081623077393, 47.256805789672455], [-121.37085914611816, 47.2567766624403], [-121.37085914611816, 47.25674753519212], [-121.3709020614624, 47.256718407927906], [-121.3709020614624, 47.25668928064766], [-121.37094497680664, 47.25668928064766], [-121.37094497680664, 47.25666015335142], [-121.37098789215088, 47.25666015335142], [-121.37098789215088, 47.256631026039145], [-121.37103080749512, 47.25660189871084], [-121.37103080749512, 47.256572771366535], [-121.37107372283936, 47.256572771366535], [-121.37107372283936, 47.2565436440062], [-121.3711166381836, 47.2565436440062], [-121.3711166381836, 47.256514516629835], [-121.37115955352783, 47.256514516629835], [-121.37115955352783, 47.25648538923744], [-121.37120246887207, 47.25648538923744], [-121.37120246887207, 47.256456261829044], [-121.37124538421631, 47.256456261829044], [-121.37124538421631, 47.25642713440459], [-121.37128829956055, 47.25642713440459], [-121.37128829956055, 47.25639800696416], [-121.37133121490479, 47.256368879507676], [-121.37218952178955, 47.256368879507676], [-121.37309074401855, 47.25633975203516], [-121.37935638427734, 47.25633975203516], [-121.37948513031006, 47.25631062454664], [-121.38137340545654, 47.25631062454664], [-121.38137340545654, 47.256805789672455], [-121.37832641601562, 47.25805824549846], [-121.37824058532715, 47.25808737202564], [-121.3780689239502, 47.258203877974154], [-121.37798309326172, 47.258233004421214], [-121.377854347229, 47.25832038366633], [-121.37776851654053, 47.2583495100493], [-121.37759685516357, 47.25846601542105], [-121.3775110244751, 47.2584951417239], [-121.37746810913086, 47.258524268010774], [-121.37733936309814, 47.25858252053641], [-121.37716770172119, 47.2586990253954], [-121.376953125, 47.25887378220327], [-121.37691020965576, 47.25890290828181], [-121.37691020965576, 47.258932034344355], [-121.37686729431152, 47.258932034344355], [-121.37686729431152, 47.258961160390896], [-121.37682437896729, 47.258961160390896], [-121.37682437896729, 47.25899028642138], [-121.37678146362305, 47.25899028642138], [-121.37678146362305, 47.25901941243586], [-121.37673854827881, 47.25901941243586], [-121.3766098022461, 47.25910679038316], [-121.37656688690186, 47.25910679038316], [-121.37656688690186, 47.25913591633355], [-121.37652397155762, 47.25913591633355], [-121.37648105621338, 47.25916504226791], [-121.37643814086914, 47.25916504226791], [-121.37643814086914, 47.25919416818624], [-121.3763952255249, 47.25919416818624], [-121.37635231018066, 47.25922329408854], [-121.37630939483643, 47.25922329408854], [-121.37626647949219, 47.25925241997487], [-121.37622356414795, 47.25925241997487], [-121.37622356414795, 47.25928154584514], [-121.37613773345947, 47.25928154584514], [-121.37613773345947, 47.25931067169938], [-121.376051902771, 47.25931067169938], [-121.376051902771, 47.25933979753765], [-121.37592315673828, 47.25933979753765]]], [[[-121.36025905609131, 47.26618392523099], [-121.36025905609131, 47.25639800696416], [-121.36154651641846, 47.25639800696416], [-121.36635303497314, 47.256368879507676], [-121.36935710906982, 47.256368879507676], [-121.36931419372559, 47.25639800696416], [-121.36931419372559, 47.25642713440459], [-121.36927127838135, 47.256456261829044], [-121.36927127838135, 47.25648538923744], [-121.36922836303711, 47.256514516629835], [-121.36922836303711, 47.2565436440062], [-121.36918544769287, 47.256572771366535], [-121.36918544769287, 47.256631026039145], [-121.36914253234863, 47.256631026039145], [-121.36914253234863, 47.256718407927906], [-121.3690996170044, 47.256718407927906], [-121.3690996170044, 47.256805789672455], [-121.36905670166016, 47.256805789672455], [-121.36905670166016, 47.256922298440884], [-121.36901378631592, 47.256980552728976], [-121.36901378631592, 47.2571261881688], [-121.36897087097168, 47.257213569240406], [-121.36897087097168, 47.25756309208492], [-121.36901378631592, 47.25759221888447], [-121.36901378631592, 47.25776697934538], [-121.36905670166016, 47.25779610603277], [-121.36905670166016, 47.25788348599886], [-121.3690996170044, 47.25791261262219], [-121.3690996170044, 47.25799999239601], [-121.36914253234863, 47.25802911895525], [-121.36914253234863, 47.25808737202564], [-121.36918544769287, 47.25811649853679], [-121.36918544769287, 47.258174751511035], [-121.36922836303711, 47.258174751511035], [-121.36922836303711, 47.258233004421214], [-121.36927127838135, 47.25826213085227], [-121.36927127838135, 47.25829125726733], [-121.36931419372559, 47.25832038366633], [-121.36931419372559, 47.2583495100493], [-121.36935710906982, 47.25837863641627], [-121.36935710906982, 47.258407762767206], [-121.3694429397583, 47.25846601542105], [-121.3694429397583, 47.2584951417239], [-121.36948585510254, 47.258524268010774], [-121.36948585510254, 47.25855339428156], [-121.36957168579102, 47.258611646775165], [-121.36965751647949, 47.2587281515701], [-121.36987209320068, 47.258844656108664], [-121.36987209320068, 47.25887378220327], [-121.36991500854492, 47.25887378220327], [-121.36995792388916, 47.25890290828181], [-121.36995792388916, 47.258932034344355], [-121.3700008392334, 47.258932034344355], [-121.3700008392334, 47.258961160390896], [-121.37004375457764, 47.258961160390896], [-121.37017250061035, 47.259048538434314], [-121.37021541595459, 47.259048538434314], [-121.37021541595459, 47.259077664416765], [-121.37030124664307, 47.259077664416765], [-121.37030124664307, 47.25910679038316], [-121.3703441619873, 47.25910679038316], [-121.3703441619873, 47.25913591633355], [-121.37038707733154, 47.25913591633355], [-121.37042999267578, 47.25916504226791], [-121.37047290802002, 47.25916504226791], [-121.3705587387085, 47.25922329408854], [-121.37077331542969, 47.25928154584514], [-121.3734769821167, 47.26009706370789], [-121.37407779693604, 47.260271815901376], [-121.37412071228027, 47.260271815901376], [-121.37416362762451, 47.260300941210886], [-121.37424945831299, 47.260300941210886], [-121.37429237365723, 47.260330066504366], [-121.3743782043457, 47.260330066504366], [-121.37442111968994, 47.260359191781816], [-121.37450695037842, 47.260359191781816], [-121.37454986572266, 47.260388317043265], [-121.37467861175537, 47.260388317043265], [-121.37472152709961, 47.260417442288656], [-121.37489318847656, 47.260417442288656], [-121.3749361038208, 47.26044656751807], [-121.37510776519775, 47.26044656751807], [-121.37510776519775, 47.26047569273143], [-121.37540817260742, 47.26047569273143], [-121.37540817260742, 47.26050481792876], [-121.37592315673828, 47.26050481792876], [-121.37596607208252, 47.26047569273143], [-121.37622356414795, 47.26047569273143], [-121.37622356414795, 47.26044656751807], [-121.3763952255249, 47.26044656751807], [-121.3763952255249, 47.260417442288656], [-121.37652397155762, 47.260417442288656], [-121.37656688690186, 47.260388317043265], [-121.3766098022461, 47.260388317043265], [-121.37665271759033, 47.260359191781816], [-121.37669563293457, 47.260359191781816], [-121.37673854827881, 47.260330066504366], [-121.37682437896729, 47.260330066504366], [-121.37682437896729, 47.260300941210886], [-121.37691020965576, 47.260300941210886], [-121.37691020965576, 47.260271815901376], [-121.37699604034424, 47.260271815901376], [-121.37708187103271, 47.260213565234295], [-121.37712478637695, 47.260213565234295], [-121.37716770172119, 47.26018443987675], [-121.37721061706543, 47.26018443987675], [-121.37721061706543, 47.26015531450315], [-121.37725353240967, 47.26015531450315], [-121.3772964477539, 47.26012618911355], [-121.37733936309814, 47.26012618911355], [-121.37738227844238, 47.26009706370789], [-121.37742519378662, 47.26009706370789], [-121.37742519378662, 47.260067938286255], [-121.37746810913086, 47.260067938286255], [-121.37746810913086, 47.26003881284856], [-121.3775110244751, 47.26003881284856], [-121.37759685516357, 47.25998056192512], [-121.37763977050781, 47.25998056192512], [-121.37763977050781, 47.259951436439394], [-121.37768268585205, 47.259951436439394], [-121.37776851654053, 47.259893185419855], [-121.37776851654053, 47.25986405988601], [-121.37781143188477, 47.25986405988601], [-121.37794017791748, 47.25977668318845], [-121.37794017791748, 47.25974755759054], [-121.37798309326172, 47.25974755759054], [-121.37798309326172, 47.25971843197664], [-121.37802600860596, 47.25971843197664], [-121.3780689239502, 47.25968930634667], [-121.3780689239502, 47.259660180700735], [-121.37811183929443, 47.259660180700735], [-121.37811183929443, 47.25963105503874], [-121.37815475463867, 47.25963105503874], [-121.37815475463867, 47.25960192936071], [-121.3784122467041, 47.25942717495619], [-121.3784122467041, 47.25939804916604], [-121.37845516204834, 47.25939804916604], [-121.37845516204834, 47.25936892335983], [-121.37849807739258, 47.25936892335983], [-121.37854099273682, 47.25933979753765], [-121.37854099273682, 47.25931067169938], [-121.37858390808105, 47.25931067169938], [-121.37875556945801, 47.25919416818624], [-121.37879848480225, 47.25919416818624], [-121.37888431549072, 47.25913591633355], [-121.37892723083496, 47.25913591633355], [-121.37901306152344, 47.259077664416765], [-121.37905597686768, 47.259077664416765], [-121.37914180755615, 47.25901941243586], [-121.38137340545654, 47.25811649853679], [-121.38137340545654, 47.259805808770324], [-121.38111591339111, 47.259893185419855], [-121.38103008270264, 47.259951436439394], [-121.38094425201416, 47.25998056192512], [-121.38081550598145, 47.26000968739487], [-121.38064384460449, 47.260067938286255], [-121.38051509857178, 47.26012618911355], [-121.3804292678833, 47.26015531450315], [-121.38030052185059, 47.26018443987675], [-121.38025760650635, 47.260213565234295], [-121.38021469116211, 47.260213565234295], [-121.38012886047363, 47.260271815901376], [-121.3800859451294, 47.260271815901376], [-121.37995719909668, 47.260359191781816], [-121.37991428375244, 47.260359191781816], [-121.3798713684082, 47.260388317043265], [-121.37982845306396, 47.260388317043265], [-121.37978553771973, 47.260417442288656], [-121.37974262237549, 47.260417442288656], [-121.37969970703125, 47.26044656751807], [-121.37965679168701, 47.26044656751807], [-121.37957096099854, 47.26050481792876], [-121.37948513031006, 47.26050481792876], [-121.37944221496582, 47.26053394311009], [-121.37939929962158, 47.26053394311009], [-121.37935638427734, 47.26056306827539], [-121.3793134689331, 47.26056306827539], [-121.37918472290039, 47.260592193424685], [-121.37901306152344, 47.26062131855795], [-121.3789701461792, 47.26065044367519], [-121.37794017791748, 47.260883444036295], [-121.37394905090332, 47.261815435226595], [-121.37386322021484, 47.261815435226595], [-121.3738203048706, 47.26184455968692], [-121.37369155883789, 47.26184455968692], [-121.37364864349365, 47.26187368413122], [-121.3734769821167, 47.26187368413122], [-121.37343406677246, 47.26190280855948], [-121.37317657470703, 47.26190280855948], [-121.37317657470703, 47.26193193297175], [-121.3723611831665, 47.26193193297175], [-121.37231826782227, 47.26190280855948], [-121.37206077575684, 47.26190280855948], [-121.3720178604126, 47.26187368413122], [-121.37188911437988, 47.26187368413122], [-121.37077331542969, 47.26166981268457], [-121.37064456939697, 47.26166981268457], [-121.37060165405273, 47.2616406881281], [-121.37038707733154, 47.2616406881281], [-121.3703441619873, 47.26161156355562], [-121.36991500854492, 47.26161156355562], [-121.36991500854492, 47.26158243896711], [-121.36965751647949, 47.26158243896711], [-121.36961460113525, 47.26161156355562], [-121.36918544769287, 47.26161156355562], [-121.36914253234863, 47.2616406881281], [-121.36897087097168, 47.2616406881281], [-121.36897087097168, 47.26166981268457], [-121.36879920959473, 47.26166981268457], [-121.36875629425049, 47.26169893722502], [-121.36862754821777, 47.26169893722502], [-121.36862754821777, 47.26172806174944], [-121.36849880218506, 47.26172806174944], [-121.36849880218506, 47.26175718625785], [-121.36841297149658, 47.26175718625785], [-121.36837005615234, 47.26178631075021], [-121.36828422546387, 47.26178631075021], [-121.36824131011963, 47.261815435226595], [-121.36819839477539, 47.261815435226595], [-121.36815547943115, 47.26184455968692], [-121.36811256408691, 47.26184455968692], [-121.36811256408691, 47.26187368413122], [-121.36802673339844, 47.26187368413122], [-121.3679838180542, 47.26190280855948], [-121.36794090270996, 47.26190280855948], [-121.36785507202148, 47.26196105736801], [-121.36776924133301, 47.26196105736801], [-121.36776924133301, 47.261990181748246], [-121.36772632598877, 47.261990181748246], [-121.3676404953003, 47.262048430460624], [-121.36759757995605, 47.262048430460624], [-121.36759757995605, 47.26207755479277], [-121.36755466461182, 47.26207755479277], [-121.36746883392334, 47.262135803408995], [-121.3674259185791, 47.262135803408995], [-121.3674259185791, 47.26216492769311], [-121.36738300323486, 47.26216492769311], [-121.36734008789062, 47.26219405196119], [-121.36729717254639, 47.26219405196119], [-121.36729717254639, 47.26222317621324], [-121.36725425720215, 47.26225230044926], [-121.36721134185791, 47.26225230044926], [-121.36716842651367, 47.262281424669226], [-121.36712551116943, 47.262281424669226], [-121.3670825958252, 47.262310548873245], [-121.3670825958252, 47.262339673061206], [-121.36703968048096, 47.262339673061206], [-121.36699676513672, 47.26236879723311], [-121.36695384979248, 47.26236879723311], [-121.36691093444824, 47.26239792138904], [-121.366868019104, 47.26239792138904], [-121.366868019104, 47.26242704552891], [-121.36682510375977, 47.26245616965281], [-121.36678218841553, 47.26245616965281], [-121.36673927307129, 47.26248529376065], [-121.36669635772705, 47.26248529376065], [-121.36665344238281, 47.262514417852486], [-121.36661052703857, 47.262514417852486], [-121.36656761169434, 47.26254354192827], [-121.3665246963501, 47.26254354192827], [-121.3665246963501, 47.262572665988046], [-121.36648178100586, 47.262572665988046], [-121.36643886566162, 47.26260179003182], [-121.36639595031738, 47.26260179003182], [-121.36635303497314, 47.26263091405957], [-121.3663101196289, 47.26263091405957], [-121.36626720428467, 47.26266003807129], [-121.36618137359619, 47.26266003807129], [-121.36613845825195, 47.26268916206695], [-121.36609554290771, 47.26268916206695], [-121.36609554290771, 47.262718286046635], [-121.36605262756348, 47.262718286046635], [-121.36600971221924, 47.26274741001029], [-121.36592388153076, 47.26274741001029], [-121.36588096618652, 47.26277653395792], [-121.36583805084229, 47.26277653395792], [-121.3648509979248, 47.26303864876559], [-121.36480808258057, 47.263067772553], [-121.36467933654785, 47.263067772553], [-121.36463642120361, 47.263096896324384], [-121.36455059051514, 47.263096896324384], [-121.3645076751709, 47.26312602007974], [-121.36442184448242, 47.26312602007974], [-121.36437892913818, 47.26315514381909], [-121.3642930984497, 47.26315514381909], [-121.3642930984497, 47.263184267542414], [-121.36420726776123, 47.263184267542414], [-121.36416435241699, 47.26321339124971], [-121.36412143707275, 47.26321339124971], [-121.36407852172852, 47.26324251494097], [-121.36399269104004, 47.26324251494097], [-121.3639497756958, 47.26327163861623], [-121.36390686035156, 47.26327163861623], [-121.36386394500732, 47.26330076227549], [-121.36382102966309, 47.26330076227549], [-121.36377811431885, 47.263329885918694], [-121.36373519897461, 47.263329885918694], [-121.36369228363037, 47.263359009545866], [-121.36364936828613, 47.263359009545866], [-121.3636064529419, 47.26338813315704], [-121.36356353759766, 47.26338813315704], [-121.36356353759766, 47.26341725675218], [-121.36352062225342, 47.26341725675218], [-121.36347770690918, 47.26344638033132], [-121.36343479156494, 47.26344638033132], [-121.3633918762207, 47.2634755038944], [-121.36334896087646, 47.2634755038944], [-121.36334896087646, 47.26350462744148], [-121.36330604553223, 47.26350462744148], [-121.36326313018799, 47.26353375097253], [-121.36322021484375, 47.26353375097253], [-121.36317729949951, 47.263562874487576], [-121.36313438415527, 47.263562874487576], [-121.36313438415527, 47.263591997986595], [-121.36309146881104, 47.26362112146958], [-121.3630485534668, 47.26362112146958], [-121.36300563812256, 47.26365024493654], [-121.36296272277832, 47.26365024493654], [-121.36296272277832, 47.2636793683875], [-121.36291980743408, 47.26370849182243], [-121.36287689208984, 47.26370849182243], [-121.36287689208984, 47.263737615241325], [-121.36279106140137, 47.263737615241325], [-121.36279106140137, 47.26376673864419], [-121.36274814605713, 47.26379586203106], [-121.36270523071289, 47.26379586203106], [-121.36257648468018, 47.26388323209554], [-121.36253356933594, 47.26388323209554], [-121.36253356933594, 47.263912355418285], [-121.3624906539917, 47.26394147872503], [-121.36244773864746, 47.26394147872503], [-121.36244773864746, 47.263970602015775], [-121.36227607727051, 47.26408709501845], [-121.36223316192627, 47.26408709501845], [-121.36223316192627, 47.26411621822908], [-121.36210441589355, 47.2642035877648], [-121.36210441589355, 47.26423271091133], [-121.36206150054932, 47.26423271091133], [-121.36201858520508, 47.26426183404183], [-121.36201858520508, 47.264290957156305], [-121.36188983917236, 47.26437832640366], [-121.36188983917236, 47.26440744945407], [-121.36184692382812, 47.26443657248845], [-121.36180400848389, 47.26443657248845], [-121.36180400848389, 47.26446569550677], [-121.36176109313965, 47.26449481850912], [-121.36176109313965, 47.26452394149544], [-121.36163234710693, 47.26461131035822], [-121.36163234710693, 47.264640433280476], [-121.3615894317627, 47.26466955618665], [-121.3615894317627, 47.264698679076844], [-121.36150360107422, 47.26475692480915], [-121.36150360107422, 47.264786047651256], [-121.36146068572998, 47.264815170477334], [-121.36146068572998, 47.26484429328741], [-121.36141777038574, 47.26487341608146], [-121.36141777038574, 47.264902538859474], [-121.3613748550415, 47.264902538859474], [-121.3613748550415, 47.26493166162149], [-121.36133193969727, 47.264960784367474], [-121.36133193969727, 47.265019029811384], [-121.36128902435303, 47.26504815250931], [-121.3604736328125, 47.266009192552275], [-121.3604736328125, 47.26603831470544], [-121.36043071746826, 47.26603831470544], [-121.36043071746826, 47.26609655896374], [-121.36025905609131, 47.26618392523099]]], [[[-121.37150287628174, 47.27081413105131], [-121.37081623077393, 47.270843250560915], [-121.37064456939697, 47.270843250560915], [-121.36669635772705, 47.27081413105131], [-121.36592388153076, 47.27081413105131], [-121.36476516723633, 47.2707850115257], [-121.36128902435303, 47.2707850115257], [-121.36055946350098, 47.270755891984095], [-121.36025905609131, 47.270755891984095], [-121.36025905609131, 47.26752352327239], [-121.36034488677979, 47.26752352327239], [-121.36038780212402, 47.26749440193632], [-121.36043071746826, 47.26749440193632], [-121.3604736328125, 47.26746528058422], [-121.36055946350098, 47.26746528058422], [-121.36055946350098, 47.26743615921612], [-121.36064529418945, 47.26743615921612], [-121.36064529418945, 47.26740703783199], [-121.36068820953369, 47.26740703783199], [-121.36073112487793, 47.267377916431855], [-121.36077404022217, 47.267377916431855], [-121.36077404022217, 47.26734879501569], [-121.36085987091064, 47.26734879501569], [-121.36085987091064, 47.2673196735835], [-121.36090278625488, 47.2673196735835], [-121.36090278625488, 47.26729055213528], [-121.36098861694336, 47.26729055213528], [-121.36098861694336, 47.267261430671056], [-121.3610315322876, 47.267261430671056], [-121.3610315322876, 47.267232309190774], [-121.36107444763184, 47.267232309190774], [-121.36116027832031, 47.26717406618221], [-121.36120319366455, 47.26717406618221], [-121.36120319366455, 47.267144944653865], [-121.36124610900879, 47.267144944653865], [-121.36124610900879, 47.26711582310955], [-121.36128902435303, 47.26711582310955], [-121.36128902435303, 47.26708670154915], [-121.36133193969727, 47.26708670154915], [-121.36133193969727, 47.26705757997277], [-121.3613748550415, 47.26705757997277], [-121.3613748550415, 47.267028458380366], [-121.3615894317627, 47.26688285017798], [-121.3615894317627, 47.26685372848948], [-121.36163234710693, 47.26685372848948], [-121.36163234710693, 47.266824606784894], [-121.36167526245117, 47.266824606784894], [-121.36167526245117, 47.26679548506428], [-121.36171817779541, 47.26676636332769], [-121.36171817779541, 47.26673724157507], [-121.36176109313965, 47.26673724157507], [-121.36176109313965, 47.266678998021746], [-121.36180400848389, 47.266678998021746], [-121.36180400848389, 47.26664987622104], [-121.36184692382812, 47.26662075440436], [-121.36184692382812, 47.26659163257162], [-121.36188983917236, 47.26659163257162], [-121.36270523071289, 47.265630603103034], [-121.36270523071289, 47.265572358332065], [-121.36274814605713, 47.265572358332065], [-121.36274814605713, 47.26551411349698], [-121.3628339767456, 47.265455868597826], [-121.3628339767456, 47.265397623634584], [-121.36287689208984, 47.265397623634584], [-121.36287689208984, 47.26536850112893], [-121.36291980743408, 47.26533937860725], [-121.36291980743408, 47.26531025606954], [-121.36296272277832, 47.26531025606954], [-121.36296272277832, 47.265281133515856], [-121.36300563812256, 47.265252010946114], [-121.36300563812256, 47.26522288836034], [-121.3630485534668, 47.26519376575854], [-121.3630485534668, 47.265164643140736], [-121.36309146881104, 47.265164643140736], [-121.36309146881104, 47.26513552050693], [-121.36317729949951, 47.265077275191175], [-121.36317729949951, 47.26504815250931], [-121.36322021484375, 47.26504815250931], [-121.36326313018799, 47.265019029811384], [-121.36326313018799, 47.26498990709743], [-121.36330604553223, 47.26498990709743], [-121.36330604553223, 47.264960784367474], [-121.36352062225342, 47.264815170477334], [-121.36352062225342, 47.264786047651256], [-121.36356353759766, 47.264786047651256], [-121.36377811431885, 47.264640433280476], [-121.36382102966309, 47.264640433280476], [-121.36382102966309, 47.26461131035822], [-121.36386394500732, 47.26461131035822], [-121.3639497756958, 47.26455306446573], [-121.36399269104004, 47.26455306446573], [-121.36399269104004, 47.26452394149544], [-121.36403560638428, 47.26452394149544], [-121.36412143707275, 47.26446569550677], [-121.36416435241699, 47.26446569550677], [-121.36416435241699, 47.26443657248845], [-121.36420726776123, 47.26443657248845], [-121.36425018310547, 47.26440744945407], [-121.3642930984497, 47.26440744945407], [-121.36433601379395, 47.26437832640366], [-121.36437892913818, 47.26437832640366], [-121.36446475982666, 47.264320080254805], [-121.36455059051514, 47.264320080254805], [-121.36455059051514, 47.264290957156305], [-121.36463642120361, 47.264290957156305], [-121.36472225189209, 47.26423271091133], [-121.36480808258057, 47.26423271091133], [-121.36480808258057, 47.2642035877648], [-121.36493682861328, 47.2642035877648], [-121.36497974395752, 47.26417446460226], [-121.36502265930176, 47.26417446460226], [-121.365065574646, 47.26414534142367], [-121.36515140533447, 47.26414534142367], [-121.36519432067871, 47.26411621822908], [-121.36532306671143, 47.26411621822908], [-121.36532306671143, 47.26408709501845], [-121.3654088973999, 47.26408709501845], [-121.36643886566162, 47.263824985401925], [-121.36648178100586, 47.26379586203106], [-121.3665246963501, 47.26379586203106], [-121.36656761169434, 47.26376673864419], [-121.36665344238281, 47.26376673864419], [-121.36669635772705, 47.263737615241325], [-121.36673927307129, 47.263737615241325], [-121.36678218841553, 47.26370849182243], [-121.36682510375977, 47.26370849182243], [-121.366868019104, 47.2636793683875], [-121.36691093444824, 47.2636793683875], [-121.36695384979248, 47.26365024493654], [-121.36699676513672, 47.26365024493654], [-121.36703968048096, 47.26362112146958], [-121.3670825958252, 47.26362112146958], [-121.36712551116943, 47.263591997986595], [-121.36716842651367, 47.263591997986595], [-121.36721134185791, 47.263562874487576], [-121.36725425720215, 47.263562874487576], [-121.36729717254639, 47.26353375097253], [-121.36734008789062, 47.26353375097253], [-121.36738300323486, 47.26350462744148], [-121.3674259185791, 47.26350462744148], [-121.36746883392334, 47.2634755038944], [-121.36751174926758, 47.2634755038944], [-121.36759757995605, 47.26341725675218], [-121.3676404953003, 47.26341725675218], [-121.36768341064453, 47.26338813315704], [-121.36772632598877, 47.26338813315704], [-121.36781215667725, 47.263329885918694], [-121.36785507202148, 47.263329885918694], [-121.36785507202148, 47.26330076227549], [-121.36789798736572, 47.26330076227549], [-121.3679838180542, 47.26324251494097], [-121.36802673339844, 47.26324251494097], [-121.36811256408691, 47.263184267542414], [-121.36837005615234, 47.263067772553], [-121.36837005615234, 47.26303864876559], [-121.36841297149658, 47.26303864876559], [-121.36841297149658, 47.26300952496214], [-121.36845588684082, 47.26300952496214], [-121.36845588684082, 47.2629804011427], [-121.36849880218506, 47.2629804011427], [-121.3685417175293, 47.262951277307224], [-121.36858463287354, 47.262951277307224], [-121.36858463287354, 47.26292215345572], [-121.36862754821777, 47.26292215345572], [-121.36867046356201, 47.26289302958821], [-121.36871337890625, 47.26289302958821], [-121.36875629425049, 47.26286390570465], [-121.36879920959473, 47.26286390570465], [-121.36884212493896, 47.26283478180508], [-121.3688850402832, 47.26283478180508], [-121.36892795562744, 47.262805657889515], [-121.36901378631592, 47.262805657889515], [-121.36901378631592, 47.26277653395792], [-121.36914253234863, 47.26277653395792], [-121.36918544769287, 47.26274741001029], [-121.36931419372559, 47.26274741001029], [-121.36935710906982, 47.262718286046635], [-121.37008666992188, 47.262718286046635], [-121.37008666992188, 47.26274741001029], [-121.37025833129883, 47.26274741001029], [-121.37077331542969, 47.26283478180508], [-121.37154579162598, 47.2629804011427], [-121.37167453765869, 47.2629804011427], [-121.37171745300293, 47.26300952496214], [-121.37188911437988, 47.26300952496214], [-121.37193202972412, 47.26303864876559], [-121.37223243713379, 47.26303864876559], [-121.37227535247803, 47.263067772553], [-121.37326240539551, 47.263067772553], [-121.37330532073975, 47.26303864876559], [-121.37351989746094, 47.26303864876559], [-121.37356281280518, 47.26300952496214], [-121.37377738952637, 47.26300952496214], [-121.3738203048706, 47.2629804011427], [-121.37394905090332, 47.2629804011427], [-121.37399196624756, 47.262951277307224], [-121.37412071228027, 47.262951277307224], [-121.37416362762451, 47.26292215345572], [-121.37420654296875, 47.26292215345572], [-121.37424945831299, 47.26289302958821], [-121.3743782043457, 47.26289302958821], [-121.37536525726318, 47.26266003807129], [-121.37669563293457, 47.262339673061206], [-121.37721061706543, 47.26222317621324], [-121.37755393981934, 47.262135803408995], [-121.37763977050781, 47.26210667910891], [-121.37776851654053, 47.26207755479277], [-121.37794017791748, 47.262048430460624], [-121.37995719909668, 47.26158243896711], [-121.38012886047363, 47.26155331436257], [-121.38090133666992, 47.261378566398946], [-121.38103008270264, 47.261320316949536], [-121.38115882873535, 47.261291192200815], [-121.38137340545654, 47.26123294265528], [-121.38137340545654, 47.270755891984095], [-121.37197494506836, 47.27081413105131], [-121.37150287628174, 47.27081413105131]]]]}, "properties": {"fid": 293121, "ogc_fid": 293121, "path": "/us/wa/king/enumclaw-plateau/293121", "ll_uuid": "195e236a-8818-413c-8b6d-bc84c33f5b72", "owner": "UNITED STATES OF AMERICA", "parcelnumb": "3521119001"}, "id": 58}, {"type": "Feature", "geometry": {"type": "Polygon", "coordinates": [[[-121.47158145904541, 47.238569007932455], [-121.46621704101562, 47.23853987067011], [-121.46621704101562, 47.23816108480153], [-121.46625995635986, 47.23734522911806], [-121.4663028717041, 47.235859173987535], [-121.46634578704834, 47.23495586520937], [-121.46643161773682, 47.231400758537546], [-121.47175312042236, 47.231400758537546], [-121.47171020507812, 47.23498500444259], [-121.47158145904541, 47.238569007932455]]]}, "properties": {"fid": 84334, "ogc_fid": 84334, "path": "/us/wa/king/enumclaw-plateau/84334", "ll_uuid": "1d81f281-c868-421d-9fc3-39791e70ae8c", "owner": "UNITED STATES", "parcelnumb": "1220109008"}, "id": 59}, {"type": "Feature", "geometry": {"type": "Polygon", "coordinates": [[[-121.37557983398438, 47.28525544101703], [-121.36987209320068, 47.28525544101703], [-121.36227607727051, 47.28522632943799], [-121.36020354422251, 47.28522632943799], [-121.36000983625408, 47.28499625702668], [-121.36004447937012, 47.28403274090337], [-121.36004447937012, 47.28321759179366], [-121.3601303100586, 47.28094675304246], [-121.36025905609131, 47.278006163169266], [-121.36025905609131, 47.270755891984095], [-121.36055946350098, 47.270755891984095], [-121.36128902435303, 47.2707850115257], [-121.36476516723633, 47.2707850115257], [-121.36592388153076, 47.27081413105131], [-121.36669635772705, 47.27081413105131], [-121.37064456939697, 47.270843250560915], [-121.37081623077393, 47.270843250560915], [-121.37150287628174, 47.27081413105131], [-121.37197494506836, 47.27081413105131], [-121.38137340545654, 47.270755891984095], [-121.38137340545654, 47.27229920561268], [-121.38145923614502, 47.277977047600984], [-121.38145923614502, 47.27952015064375], [-121.38137340545654, 47.285284552580066], [-121.37557983398438, 47.28525544101703]]]}, "properties": {"fid": 215698, "ogc_fid": 215698, "path": "/us/wa/king/enumclaw-plateau/215698", "ll_uuid": "bfed90a6-522b-40a6-8d2b-39566b13d7f8", "owner": "UNITED STATES", "parcelnumb": "2621119001"}, "id": 61}, {"type": "Feature", "geometry": {"type": "Polygon", "coordinates": [[[-121.40253067016602, 47.278035278721546], [-121.40253067016602, 47.285284552580066], [-121.38137340545654, 47.285284552580066], [-121.38145923614502, 47.27952015064375], [-121.38145923614502, 47.277977047600984], [-121.38137340545654, 47.27229920561268], [-121.38137340545654, 47.270755891984095], [-121.3833475112915, 47.270755891984095], [-121.38484954833984, 47.2707850115257], [-121.38806819915771, 47.2707850115257], [-121.39193058013916, 47.27081413105131], [-121.3974666595459, 47.27081413105131], [-121.39935493469238, 47.2707850115257], [-121.40248775482178, 47.2707850115257], [-121.40248775482178, 47.274221004950505], [-121.40253067016602, 47.278035278721546]]]}, "properties": {"fid": 220942, "ogc_fid": 220942, "path": "/us/wa/king/enumclaw-plateau/220942", "ll_uuid": "c10cc472-e41f-47e6-8717-a2dfacf0bf1d", "owner": "UNITED STATES FOREST SVC", "parcelnumb": "2721119001"}, "id": 62}, {"type": "Feature", "geometry": {"type": "Polygon", "coordinates": [[[-121.45806312561035, 47.285430110154834], [-121.45480155944824, 47.285430110154834], [-121.45042419433594, 47.28540099867192], [-121.45033836364746, 47.28540099867192], [-121.44497394561768, 47.28537188717297], [-121.44497394561768, 47.28426563834199], [-121.44501686096191, 47.2779188164163], [-121.44505977630615, 47.27605538466969], [-121.44510269165039, 47.27360953091318], [-121.44510269165039, 47.27090148953204], [-121.4466905593872, 47.27087237005446], [-121.45136833190918, 47.2707850115257], [-121.4514970779419, 47.2707850115257], [-121.45583152770996, 47.27072677242643], [-121.45668983459473, 47.27072677242643], [-121.45922183990479, 47.27069765285276], [-121.46089553833008, 47.27066853326306], [-121.46381378173828, 47.270610294035606], [-121.4633846282959, 47.270988847868495], [-121.46329879760742, 47.27227008690417], [-121.46235466003418, 47.27296893148639], [-121.46265506744385, 47.27337658656427], [-121.46218299865723, 47.274250122585585], [-121.46218299865723, 47.274337475394645], [-121.46196842193604, 47.27535658084611], [-121.46098136901855, 47.276870644133595], [-121.46098136901855, 47.27750580036095], [-121.46067198097792, 47.278006163169266], [-121.46033763885498, 47.278006163169266], [-121.46003723144531, 47.278763162321695], [-121.46016597747803, 47.27925811745024], [-121.4602518081665, 47.27952015064375], [-121.46038055419922, 47.28059738458316], [-121.46020889282227, 47.28132523293658], [-121.45960807800293, 47.282111297911456], [-121.45943641662598, 47.28283912543736], [-121.45874977111816, 47.28379984243941], [-121.4582347869873, 47.28476054199456], [-121.45806312561035, 47.285430110154834]]]}, "properties": {"fid": 250583, "ogc_fid": 250583, "path": "/us/wa/king/enumclaw-plateau/250583", "ll_uuid": "900f65a9-f7da-4aa0-825c-d843066ddd23", "owner": "US GOVERNMENT", "parcelnumb": "3021119001"}, "id": 63}, {"type": "Feature", "geometry": {"type": "MultiPolygon", "coordinates": [[[[-121.33888721466064, 47.2679020991832], [-121.33893013000488, 47.26350462744148], [-121.33893013000488, 47.25625236952155], [-121.34043216705322, 47.256281497042124], [-121.34077548980713, 47.256281497042124], [-121.34330749511719, 47.25631062454664], [-121.34339332580566, 47.25631062454664], [-121.3494873046875, 47.25633975203516], [-121.34961605072021, 47.25633975203516], [-121.35098934173584, 47.256368879507676], [-121.35618209838867, 47.25639800696416], [-121.36025905609131, 47.25639800696416], [-121.36025905609131, 47.26618392523099], [-121.36021614074707, 47.26621304728806], [-121.36008739471436, 47.26627129135406], [-121.36004447937012, 47.26630041336304], [-121.35995864868164, 47.266329535355965], [-121.3599157333374, 47.266358657332944], [-121.35982990264893, 47.26638777929384], [-121.35978698730469, 47.26641690123873], [-121.35974407196045, 47.26641690123873], [-121.35974407196045, 47.26644602316759], [-121.35965824127197, 47.26644602316759], [-121.35965824127197, 47.26647514508042], [-121.35961532592773, 47.26647514508042], [-121.3595724105835, 47.26650426697728], [-121.35952949523926, 47.26650426697728], [-121.35948657989502, 47.26653338885808], [-121.35485172271729, 47.26793122029494], [-121.35472297668457, 47.267960341390676], [-121.3546371459961, 47.26798946247038], [-121.3494873046875, 47.2695619769826], [-121.34553909301758, 47.270843250560915], [-121.34270668029785, 47.270843250560915], [-121.33890468943231, 47.270872236827316], [-121.33888721466064, 47.270815057007326], [-121.33888721466064, 47.2679020991832]]], [[[-121.35270595550537, 47.27081413105131], [-121.34953022003174, 47.27081413105131], [-121.35455131530762, 47.26924165374149], [-121.35472297668457, 47.2691834129439], [-121.35738372802734, 47.268368035048695], [-121.35910034179688, 47.26784385691161], [-121.36025905609131, 47.2675526445924], [-121.36025905609131, 47.270755891984095], [-121.36000156402588, 47.270755891984095], [-121.35832786560059, 47.2707850115257], [-121.35437965393066, 47.2707850115257], [-121.35270595550537, 47.27081413105131]]]]}, "properties": {"fid": 306966, "ogc_fid": 306966, "path": "/us/wa/king/enumclaw-plateau/306966", "ll_uuid": "0d6c1577-61eb-4c14-b075-608c24c404b0", "owner": "US FOREST SERVICE", "parcelnumb": "3621119001"}, "id": 66}, {"type": "Feature", "geometry": {"type": "MultiPolygon", "coordinates": [[[[-121.39935493469238, 47.2707850115257], [-121.3974666595459, 47.27081413105131], [-121.39193058013916, 47.27081413105131], [-121.38806819915771, 47.2707850115257], [-121.38484954833984, 47.2707850115257], [-121.3833475112915, 47.270755891984095], [-121.38137340545654, 47.270755891984095], [-121.38137340545654, 47.26123294265528], [-121.38223171234131, 47.26073781893075], [-121.38223171234131, 47.260708693861574], [-121.38227462768555, 47.260708693861574], [-121.38227462768555, 47.26067956877637], [-121.38231754302979, 47.26067956877637], [-121.38253211975098, 47.26053394311009], [-121.38257503509521, 47.26053394311009], [-121.38257503509521, 47.26050481792876], [-121.38261795043945, 47.26050481792876], [-121.38266086578369, 47.26047569273143], [-121.38270378112793, 47.26047569273143], [-121.38270378112793, 47.26044656751807], [-121.38274669647217, 47.26044656751807], [-121.38274669647217, 47.260417442288656], [-121.38283252716064, 47.260417442288656], [-121.38283252716064, 47.260388317043265], [-121.38291835784912, 47.260388317043265], [-121.38291835784912, 47.260359191781816], [-121.38296127319336, 47.260359191781816], [-121.38296127319336, 47.260330066504366], [-121.38304710388184, 47.260330066504366], [-121.38304710388184, 47.260300941210886], [-121.38313293457031, 47.260300941210886], [-121.38313293457031, 47.260271815901376], [-121.38321876525879, 47.260271815901376], [-121.38326168060303, 47.260242690575836], [-121.38330459594727, 47.260242690575836], [-121.3833475112915, 47.260213565234295], [-121.38343334197998, 47.260213565234295], [-121.38347625732422, 47.26018443987675], [-121.38360500335693, 47.26018443987675], [-121.38360500335693, 47.26015531450315], [-121.38377666473389, 47.26015531450315], [-121.38377666473389, 47.26012618911355], [-121.38450622558594, 47.26012618911355], [-121.38450622558594, 47.26015531450315], [-121.38467788696289, 47.26015531450315], [-121.38467788696289, 47.26018443987675], [-121.3848066329956, 47.26018443987675], [-121.3848066329956, 47.260213565234295], [-121.38489246368408, 47.260213565234295], [-121.38493537902832, 47.260242690575836], [-121.38497829437256, 47.260242690575836], [-121.38497829437256, 47.260271815901376], [-121.38506412506104, 47.260271815901376], [-121.38514995574951, 47.260330066504366], [-121.38523578643799, 47.260330066504366], [-121.38523578643799, 47.260359191781816], [-121.38527870178223, 47.260359191781816], [-121.38532161712646, 47.260388317043265], [-121.3853645324707, 47.260388317043265], [-121.3853645324707, 47.260417442288656], [-121.38540744781494, 47.260417442288656], [-121.38549327850342, 47.26047569273143], [-121.38553619384766, 47.26047569273143], [-121.38562202453613, 47.26053394311009], [-121.38566493988037, 47.26053394311009], [-121.38566493988037, 47.26056306827539], [-121.38570785522461, 47.26056306827539], [-121.38579368591309, 47.26062131855795], [-121.38583660125732, 47.26062131855795], [-121.38583660125732, 47.26065044367519], [-121.38587951660156, 47.26067956877637], [-121.3859224319458, 47.26067956877637], [-121.3859224319458, 47.260708693861574], [-121.38596534729004, 47.260708693861574], [-121.38613700866699, 47.260825194042155], [-121.38613700866699, 47.26085431904721], [-121.38617992401123, 47.26085431904721], [-121.38617992401123, 47.260883444036295], [-121.38622283935547, 47.260883444036295], [-121.38622283935547, 47.26091256900932], [-121.38643741607666, 47.26105819363417], [-121.3864803314209, 47.26105819363417], [-121.3864803314209, 47.26108731851107], [-121.38652324676514, 47.26108731851107], [-121.38652324676514, 47.261116443371975], [-121.38656616210938, 47.261116443371975], [-121.38656616210938, 47.26114556821682], [-121.38660907745361, 47.26114556821682], [-121.38669490814209, 47.2612038178585], [-121.38673782348633, 47.2612038178585], [-121.38673782348633, 47.26123294265528], [-121.38678073883057, 47.26123294265528], [-121.38678073883057, 47.261262067436064], [-121.3868236541748, 47.261262067436064], [-121.38686656951904, 47.261291192200815], [-121.38690948486328, 47.261291192200815], [-121.38699531555176, 47.261349441682256], [-121.387038230896, 47.261349441682256], [-121.38708114624023, 47.261378566398946], [-121.38712406158447, 47.261378566398946], [-121.38716697692871, 47.261407691099606], [-121.38720989227295, 47.261407691099606], [-121.38725280761719, 47.261436815784236], [-121.38729572296143, 47.261436815784236], [-121.38733863830566, 47.26146594045284], [-121.38742446899414, 47.26146594045284], [-121.38742446899414, 47.261495065105464], [-121.38751029968262, 47.261495065105464], [-121.38751029968262, 47.26152418974203], [-121.38763904571533, 47.26152418974203], [-121.38763904571533, 47.26155331436257], [-121.38776779174805, 47.26155331436257], [-121.38776779174805, 47.26158243896711], [-121.387939453125, 47.26158243896711], [-121.38798236846924, 47.26161156355562], [-121.38815402984619, 47.26161156355562], [-121.38819694519043, 47.2616406881281], [-121.38845443725586, 47.2616406881281], [-121.3884973526001, 47.26166981268457], [-121.38918399810791, 47.26166981268457], [-121.38918399810791, 47.2616406881281], [-121.38948440551758, 47.2616406881281], [-121.38952732086182, 47.26161156355562], [-121.38969898223877, 47.26161156355562], [-121.38974189758301, 47.26158243896711], [-121.38987064361572, 47.26158243896711], [-121.38991355895996, 47.26155331436257], [-121.39008522033691, 47.26155331436257], [-121.39012813568115, 47.26152418974203], [-121.39021396636963, 47.26152418974203], [-121.39025688171387, 47.261495065105464], [-121.39038562774658, 47.261495065105464], [-121.39042854309082, 47.26146594045284], [-121.3905143737793, 47.26146594045284], [-121.39055728912354, 47.261436815784236], [-121.39064311981201, 47.261436815784236], [-121.39064311981201, 47.261407691099606], [-121.39072895050049, 47.261407691099606], [-121.39077186584473, 47.261378566398946], [-121.3908576965332, 47.261378566398946], [-121.3908576965332, 47.261349441682256], [-121.39090061187744, 47.261349441682256], [-121.39094352722168, 47.261320316949536], [-121.39102935791016, 47.261320316949536], [-121.39102935791016, 47.261291192200815], [-121.3910722732544, 47.261291192200815], [-121.39111518859863, 47.261262067436064], [-121.39120101928711, 47.261262067436064], [-121.39120101928711, 47.26123294265528], [-121.39124393463135, 47.26123294265528], [-121.39128684997559, 47.2612038178585], [-121.39132976531982, 47.2612038178585], [-121.39132976531982, 47.26117469304566], [-121.39137268066406, 47.26117469304566], [-121.3914155960083, 47.26114556821682], [-121.39145851135254, 47.26114556821682], [-121.39150142669678, 47.261116443371975], [-121.39154434204102, 47.261116443371975], [-121.39154434204102, 47.26108731851107], [-121.39158725738525, 47.26108731851107], [-121.3917589187622, 47.26097081890731], [-121.39180183410645, 47.26097081890731], [-121.39180183410645, 47.260941693966345], [-121.39184474945068, 47.260941693966345], [-121.39184474945068, 47.26091256900932], [-121.39188766479492, 47.26091256900932], [-121.39188766479492, 47.260883444036295], [-121.39193058013916, 47.260883444036295], [-121.39193058013916, 47.26085431904721], [-121.3919734954834, 47.26085431904721], [-121.3919734954834, 47.260825194042155], [-121.39201641082764, 47.260825194042155], [-121.39201641082764, 47.26079606902104], [-121.39205932617188, 47.260766943983896], [-121.39210224151611, 47.260766943983896], [-121.39210224151611, 47.26073781893075], [-121.39218807220459, 47.26067956877637], [-121.39218807220459, 47.26065044367519], [-121.39223098754883, 47.26065044367519], [-121.39223098754883, 47.26062131855795], [-121.39227390289307, 47.26062131855795], [-121.39227390289307, 47.26056306827539], [-121.3923168182373, 47.26056306827539], [-121.3923168182373, 47.26053394311009], [-121.39235973358154, 47.26050481792876], [-121.39235973358154, 47.26047569273143], [-121.39240264892578, 47.26047569273143], [-121.39240264892578, 47.26044656751807], [-121.39244556427002, 47.260417442288656], [-121.39244556427002, 47.260388317043265], [-121.39248847961426, 47.260359191781816], [-121.39248847961426, 47.260330066504366], [-121.3925313949585, 47.260300941210886], [-121.3925313949585, 47.260271815901376], [-121.39257431030273, 47.260242690575836], [-121.39257431030273, 47.260213565234295], [-121.39261722564697, 47.26018443987675], [-121.39261722564697, 47.26012618911355], [-121.39266014099121, 47.26009706370789], [-121.39266014099121, 47.26003881284856], [-121.39270305633545, 47.26003881284856], [-121.39270305633545, 47.259951436439394], [-121.39274597167969, 47.25992231093761], [-121.39274597167969, 47.2598349343362], [-121.39278888702393, 47.259805808770324], [-121.39278888702393, 47.25968930634667], [-121.39283180236816, 47.259660180700735], [-121.39283180236816, 47.25910679038316], [-121.39278888702393, 47.25910679038316], [-121.39278888702393, 47.258932034344355], [-121.39274597167969, 47.25890290828181], [-121.39274597167969, 47.25881552999806], [-121.39270305633545, 47.258786403871426], [-121.39270305633545, 47.2586990253954], [-121.39266014099121, 47.258669899204676], [-121.39266014099121, 47.25858252053641], [-121.39261722564697, 47.25858252053641], [-121.39261722564697, 47.258524268010774], [-121.39257431030273, 47.2584951417239], [-121.39257431030273, 47.25843688910214], [-121.3925313949585, 47.258407762767206], [-121.3925313949585, 47.2583495100493], [-121.39248847961426, 47.2583495100493], [-121.39248847961426, 47.25829125726733], [-121.39240264892578, 47.258233004421214], [-121.39240264892578, 47.258174751511035], [-121.39235973358154, 47.258174751511035], [-121.39235973358154, 47.25811649853679], [-121.39227390289307, 47.25805824549846], [-121.39227390289307, 47.25802911895525], [-121.39218807220459, 47.25797086582074], [-121.39218807220459, 47.257941739229494], [-121.39214515686035, 47.25791261262219], [-121.39214515686035, 47.25788348599886], [-121.39205932617188, 47.257825232704164], [-121.39205932617188, 47.25779610603277], [-121.39201641082764, 47.25779610603277], [-121.39201641082764, 47.25776697934538], [-121.39193058013916, 47.25770872592247], [-121.39193058013916, 47.257679599187014], [-121.39188766479492, 47.257679599187014], [-121.39184474945068, 47.25765047243553], [-121.39184474945068, 47.257621345667985], [-121.39145851135254, 47.25730095016783], [-121.39145851135254, 47.25727182320804], [-121.3914155960083, 47.257242696232225], [-121.39137268066406, 47.257242696232225], [-121.39132976531982, 47.257213569240406], [-121.39132976531982, 47.25718444223256], [-121.39124393463135, 47.2571261881688], [-121.39120101928711, 47.2571261881688], [-121.39120101928711, 47.25709706111286], [-121.39111518859863, 47.25703880695295], [-121.3910722732544, 47.25703880695295], [-121.3910722732544, 47.25700967984898], [-121.39098644256592, 47.256951425592945], [-121.39094352722168, 47.256951425592945], [-121.39094352722168, 47.256922298440884], [-121.3908576965332, 47.25686404408873], [-121.39081478118896, 47.25686404408873], [-121.39072895050049, 47.256805789672455], [-121.39072895050049, 47.2567766624403], [-121.39068603515625, 47.2567766624403], [-121.39060020446777, 47.256718407927906], [-121.39055728912354, 47.256718407927906], [-121.3905143737793, 47.25668928064766], [-121.3905143737793, 47.25666015335142], [-121.39047145843506, 47.25666015335142], [-121.39038562774658, 47.25660189871084], [-121.39034271240234, 47.25660189871084], [-121.39021396636963, 47.256514516629835], [-121.39017105102539, 47.256514516629835], [-121.39008522033691, 47.256456261829044], [-121.39004230499268, 47.256456261829044], [-121.38999938964844, 47.25642713440459], [-121.3899564743042, 47.25642713440459], [-121.38982772827148, 47.25633975203516], [-121.38978481292725, 47.25633975203516], [-121.38974189758301, 47.25631062454664], [-121.39437675476074, 47.25631062454664], [-121.39493465423584, 47.25633975203516], [-121.40034198760986, 47.256368879507676], [-121.40055656433105, 47.256368879507676], [-121.40270233154297, 47.25639800696416], [-121.40265941619873, 47.25919416818624], [-121.40261650085449, 47.263591997986595], [-121.40257358551025, 47.26388323209554], [-121.40248775482178, 47.2707850115257], [-121.39935493469238, 47.2707850115257]]], [[[-121.38137340545654, 47.256805789672455], [-121.38137340545654, 47.25631062454664], [-121.38257503509521, 47.25633975203516], [-121.38137340545654, 47.256805789672455]]], [[[-121.38901233673096, 47.26056306827539], [-121.38896942138672, 47.260592193424685], [-121.38836860656738, 47.260592193424685], [-121.38836860656738, 47.26056306827539], [-121.38823986053467, 47.26056306827539], [-121.38823986053467, 47.26053394311009], [-121.38815402984619, 47.26053394311009], [-121.38815402984619, 47.26050481792876], [-121.38806819915771, 47.26050481792876], [-121.38802528381348, 47.26047569273143], [-121.387939453125, 47.26047569273143], [-121.387939453125, 47.26044656751807], [-121.38789653778076, 47.26044656751807], [-121.38785362243652, 47.260417442288656], [-121.38781070709229, 47.260417442288656], [-121.38781070709229, 47.260388317043265], [-121.38776779174805, 47.260388317043265], [-121.38772487640381, 47.260359191781816], [-121.38768196105957, 47.260359191781816], [-121.38763904571533, 47.260330066504366], [-121.3875961303711, 47.260330066504366], [-121.3875961303711, 47.260300941210886], [-121.38755321502686, 47.260300941210886], [-121.38755321502686, 47.260271815901376], [-121.38751029968262, 47.260271815901376], [-121.38751029968262, 47.260242690575836], [-121.38746738433838, 47.260242690575836], [-121.38746738433838, 47.260213565234295], [-121.38742446899414, 47.260213565234295], [-121.38742446899414, 47.26018443987675], [-121.3873815536499, 47.26018443987675], [-121.38729572296143, 47.26012618911355], [-121.38729572296143, 47.26009706370789], [-121.38725280761719, 47.26009706370789], [-121.38725280761719, 47.260067938286255], [-121.38720989227295, 47.260067938286255], [-121.38720989227295, 47.26003881284856], [-121.38712406158447, 47.25998056192512], [-121.38712406158447, 47.259951436439394], [-121.38708114624023, 47.259951436439394], [-121.38708114624023, 47.25992231093761], [-121.387038230896, 47.25992231093761], [-121.38699531555176, 47.259893185419855], [-121.38699531555176, 47.25986405988601], [-121.38695240020752, 47.25986405988601], [-121.38695240020752, 47.2598349343362], [-121.38690948486328, 47.259805808770324], [-121.38686656951904, 47.259805808770324], [-121.38686656951904, 47.25977668318845], [-121.3868236541748, 47.25977668318845], [-121.38673782348633, 47.25971843197664], [-121.38673782348633, 47.25968930634667], [-121.38669490814209, 47.25968930634667], [-121.38660907745361, 47.25963105503874], [-121.38656616210938, 47.25963105503874], [-121.38656616210938, 47.25960192936071], [-121.38652324676514, 47.25960192936071], [-121.3864803314209, 47.259572803666714], [-121.38643741607666, 47.259572803666714], [-121.38643741607666, 47.25954367795663], [-121.38639450073242, 47.25954367795663], [-121.38630867004395, 47.25948542648845], [-121.3862657546997, 47.25948542648845], [-121.3862657546997, 47.259456300730335], [-121.38622283935547, 47.259456300730335], [-121.38617992401123, 47.25942717495619], [-121.38613700866699, 47.25942717495619], [-121.38613700866699, 47.25939804916604], [-121.38605117797852, 47.25939804916604], [-121.38596534729004, 47.25933979753765], [-121.3859224319458, 47.25933979753765], [-121.38587951660156, 47.25931067169938], [-121.38583660125732, 47.25931067169938], [-121.38579368591309, 47.25928154584514], [-121.38570785522461, 47.25928154584514], [-121.38570785522461, 47.25925241997487], [-121.38562202453613, 47.25925241997487], [-121.3855791091919, 47.25922329408854], [-121.38553619384766, 47.25922329408854], [-121.38549327850342, 47.25919416818624], [-121.38540744781494, 47.25919416818624], [-121.38540744781494, 47.25916504226791], [-121.38532161712646, 47.25916504226791], [-121.38527870178223, 47.25913591633355], [-121.38519287109375, 47.25913591633355], [-121.38514995574951, 47.25910679038316], [-121.3850212097168, 47.25910679038316], [-121.38497829437256, 47.259077664416765], [-121.3848066329956, 47.259077664416765], [-121.38476371765137, 47.259048538434314], [-121.38459205627441, 47.259048538434314], [-121.38454914093018, 47.25901941243586], [-121.38373374938965, 47.25901941243586], [-121.38369083404541, 47.259048538434314], [-121.38347625732422, 47.259048538434314], [-121.38343334197998, 47.259077664416765], [-121.38326168060303, 47.259077664416765], [-121.38321876525879, 47.25910679038316], [-121.38313293457031, 47.25910679038316], [-121.38309001922607, 47.25913591633355], [-121.3830041885376, 47.25913591633355], [-121.38296127319336, 47.25916504226791], [-121.38287544250488, 47.25916504226791], [-121.38283252716064, 47.25919416818624], [-121.3827896118164, 47.25919416818624], [-121.38274669647217, 47.25922329408854], [-121.38266086578369, 47.25922329408854], [-121.38261795043945, 47.25925241997487], [-121.38257503509521, 47.25925241997487], [-121.38248920440674, 47.25931067169938], [-121.3824462890625, 47.25931067169938], [-121.38240337371826, 47.25933979753765], [-121.38236045837402, 47.25933979753765], [-121.38231754302979, 47.25936892335983], [-121.38227462768555, 47.25936892335983], [-121.38223171234131, 47.25939804916604], [-121.38218879699707, 47.25939804916604], [-121.38214588165283, 47.25942717495619], [-121.3821029663086, 47.25942717495619], [-121.3821029663086, 47.259456300730335], [-121.38206005096436, 47.259456300730335], [-121.38197422027588, 47.25951455223057], [-121.38193130493164, 47.25951455223057], [-121.3818883895874, 47.25954367795663], [-121.38184547424316, 47.25954367795663], [-121.38175964355469, 47.25960192936071], [-121.38171672821045, 47.25960192936071], [-121.38167381286621, 47.25963105503874], [-121.38137340545654, 47.259805808770324], [-121.38137340545654, 47.25811649853679], [-121.38266086578369, 47.25756309208492], [-121.38442039489746, 47.256922298440884], [-121.3844633102417, 47.25689317127282], [-121.38454914093018, 47.25689317127282], [-121.38459205627441, 47.25686404408873], [-121.38463497161865, 47.25686404408873], [-121.38467788696289, 47.25683491688861], [-121.38472080230713, 47.25683491688861], [-121.38476371765137, 47.256805789672455], [-121.38484954833984, 47.256805789672455], [-121.38489246368408, 47.2567766624403], [-121.38497829437256, 47.2567766624403], [-121.3850212097168, 47.25674753519212], [-121.38514995574951, 47.25674753519212], [-121.38519287109375, 47.256718407927906], [-121.38532161712646, 47.256718407927906], [-121.3853645324707, 47.25668928064766], [-121.38570785522461, 47.25668928064766], [-121.38575077056885, 47.25666015335142], [-121.38600826263428, 47.25666015335142], [-121.38605117797852, 47.25668928064766], [-121.38639450073242, 47.25668928064766], [-121.38643741607666, 47.256718407927906], [-121.38660907745361, 47.256718407927906], [-121.38665199279785, 47.25674753519212], [-121.38678073883057, 47.25674753519212], [-121.38686656951904, 47.2567766624403], [-121.38699531555176, 47.2567766624403], [-121.38708114624023, 47.256805789672455], [-121.38716697692871, 47.256805789672455], [-121.38720989227295, 47.25683491688861], [-121.38733863830566, 47.25683491688861], [-121.3873815536499, 47.25686404408873], [-121.38751029968262, 47.25686404408873], [-121.38755321502686, 47.25689317127282], [-121.3875961303711, 47.25689317127282], [-121.38763904571533, 47.256922298440884], [-121.38776779174805, 47.256922298440884], [-121.38781070709229, 47.256951425592945], [-121.38785362243652, 47.256951425592945], [-121.387939453125, 47.256980552728976], [-121.38798236846924, 47.256980552728976], [-121.38802528381348, 47.25700967984898], [-121.38806819915771, 47.25700967984898], [-121.38815402984619, 47.25703880695295], [-121.38823986053467, 47.25703880695295], [-121.3882827758789, 47.25706793404092], [-121.38832569122314, 47.25706793404092], [-121.38841152191162, 47.25709706111286], [-121.38845443725586, 47.25709706111286], [-121.3884973526001, 47.2571261881688], [-121.38854026794434, 47.2571261881688], [-121.38858318328857, 47.25715531520868], [-121.38866901397705, 47.25715531520868], [-121.38875484466553, 47.257213569240406], [-121.38879776000977, 47.257213569240406], [-121.38888359069824, 47.25727182320804], [-121.38892650604248, 47.25727182320804], [-121.38896942138672, 47.25730095016783], [-121.38901233673096, 47.25730095016783], [-121.38909816741943, 47.25735920403932], [-121.38914108276367, 47.25735920403932], [-121.38922691345215, 47.25741745784674], [-121.38926982879639, 47.25741745784674], [-121.38926982879639, 47.25744658472641], [-121.38931274414062, 47.25744658472641], [-121.3893985748291, 47.25750483843771], [-121.38944149017334, 47.25750483843771], [-121.38944149017334, 47.25753396526932], [-121.38948440551758, 47.25753396526932], [-121.38965606689453, 47.25765047243553], [-121.38969898223877, 47.25765047243553], [-121.38969898223877, 47.257679599187014], [-121.38974189758301, 47.25770872592247], [-121.38978481292725, 47.25770872592247], [-121.38978481292725, 47.25773785264195], [-121.38982772827148, 47.25773785264195], [-121.38982772827148, 47.25776697934538], [-121.38987064361572, 47.25776697934538], [-121.38991355895996, 47.25779610603277], [-121.38991355895996, 47.257825232704164], [-121.3899564743042, 47.257825232704164], [-121.39004230499268, 47.25788348599886], [-121.39004230499268, 47.25791261262219], [-121.39008522033691, 47.25791261262219], [-121.39008522033691, 47.257941739229494], [-121.39012813568115, 47.257941739229494], [-121.39012813568115, 47.25797086582074], [-121.39017105102539, 47.25797086582074], [-121.3905143737793, 47.25829125726733], [-121.39064311981201, 47.25837863641627], [-121.39064311981201, 47.258407762767206], [-121.39072895050049, 47.25846601542105], [-121.39072895050049, 47.2584951417239], [-121.39077186584473, 47.2584951417239], [-121.39077186584473, 47.25855339428156], [-121.39081478118896, 47.25855339428156], [-121.39081478118896, 47.25858252053641], [-121.3908576965332, 47.258611646775165], [-121.3908576965332, 47.25864077299795], [-121.39090061187744, 47.258669899204676], [-121.39090061187744, 47.2586990253954], [-121.39094352722168, 47.2587281515701], [-121.39094352722168, 47.25875727772876], [-121.39098644256592, 47.258786403871426], [-121.39098644256592, 47.25881552999806], [-121.39102935791016, 47.258844656108664], [-121.39102935791016, 47.25890290828181], [-121.3910722732544, 47.25890290828181], [-121.3910722732544, 47.25899028642138], [-121.39111518859863, 47.25899028642138], [-121.39111518859863, 47.259048538434314], [-121.39115810394287, 47.259077664416765], [-121.39115810394287, 47.25916504226791], [-121.39120101928711, 47.25919416818624], [-121.39120101928711, 47.25931067169938], [-121.39124393463135, 47.25931067169938], [-121.39124393463135, 47.25960192936071], [-121.39120101928711, 47.25960192936071], [-121.39120101928711, 47.25971843197664], [-121.39115810394287, 47.25971843197664], [-121.39115810394287, 47.259805808770324], [-121.39111518859863, 47.259805808770324], [-121.39111518859863, 47.25986405988601], [-121.3910722732544, 47.25986405988601], [-121.3910722732544, 47.259893185419855], [-121.39102935791016, 47.25992231093761], [-121.39102935791016, 47.259951436439394], [-121.39098644256592, 47.259951436439394], [-121.39098644256592, 47.25998056192512], [-121.39094352722168, 47.25998056192512], [-121.39094352722168, 47.26000968739487], [-121.39081478118896, 47.26009706370789], [-121.39077186584473, 47.26009706370789], [-121.39077186584473, 47.26012618911355], [-121.39072895050049, 47.26012618911355], [-121.39060020446777, 47.260213565234295], [-121.39055728912354, 47.260213565234295], [-121.3905143737793, 47.260242690575836], [-121.39047145843506, 47.260242690575836], [-121.39047145843506, 47.260271815901376], [-121.39042854309082, 47.260271815901376], [-121.39038562774658, 47.260300941210886], [-121.39034271240234, 47.260300941210886], [-121.39034271240234, 47.260330066504366], [-121.39025688171387, 47.260330066504366], [-121.39025688171387, 47.260359191781816], [-121.39017105102539, 47.260359191781816], [-121.39017105102539, 47.260388317043265], [-121.39008522033691, 47.260388317043265], [-121.39004230499268, 47.260417442288656], [-121.3899564743042, 47.260417442288656], [-121.3899564743042, 47.26044656751807], [-121.38987064361572, 47.26044656751807], [-121.38982772827148, 47.26047569273143], [-121.38969898223877, 47.26047569273143], [-121.38969898223877, 47.26050481792876], [-121.38952732086182, 47.26050481792876], [-121.38944149017334, 47.26053394311009], [-121.38931274414062, 47.26053394311009], [-121.38926982879639, 47.26056306827539], [-121.38901233673096, 47.26056306827539]]]]}, "properties": {"fid": 290956, "ogc_fid": 290956, "path": "/us/wa/king/enumclaw-plateau/290956", "ll_uuid": "7ed885e4-a27f-427a-9089-7ad6b0cf2721", "owner": "US GOVERNMENT", "parcelnumb": "3421119001"}, "id": 68}, {"type": "Feature", "geometry": {"type": "Polygon", "coordinates": [[[-121.46656036376953, 47.26915429252108], [-121.46647453308105, 47.263359009545866], [-121.46647453308105, 47.2629804011427], [-121.46643161773682, 47.26263091405957], [-121.46634578704834, 47.25791261262219], [-121.46634578704834, 47.256135859279084], [-121.46673202514648, 47.256106731678386], [-121.46810531616211, 47.256135859279084], [-121.475830078125, 47.25633975203516], [-121.475830078125, 47.26571797013935], [-121.4752721786499, 47.26603831470544], [-121.47522926330566, 47.26603831470544], [-121.47188186645508, 47.266941093507], [-121.47188186645508, 47.266970215147495], [-121.46960735321045, 47.26860100144333], [-121.46956443786621, 47.268659242881796], [-121.46956443786621, 47.2687466049193], [-121.46965026855469, 47.26883396681259], [-121.46952152252197, 47.26900869016666], [-121.46934986114502, 47.26900869016666], [-121.4692211151123, 47.26903781066957], [-121.46896362304688, 47.26915429252108], [-121.46894477142374, 47.26916708438483], [-121.46746059852106, 47.26915271434682], [-121.4666929833123, 47.269146971257015], [-121.46659441647536, 47.26914623367137], [-121.46659444740457, 47.2691547130233], [-121.46656036376953, 47.26915429252108]]]}, "properties": {"fid": 306964, "ogc_fid": 306964, "path": "/us/wa/king/enumclaw-plateau/306964", "ll_uuid": "e402a56e-0cc5-41ff-998f-d92c5a22712b", "owner": "US GOVERNMENT", "parcelnumb": "3621109001"}, "id": 73}, {"type": "Feature", "geometry": {"type": "Polygon", "coordinates": [[[-121.36154651641846, 47.24827082524328], [-121.36154651641846, 47.25639800696416], [-121.35618209838867, 47.25639800696416], [-121.35098934173584, 47.256368879507676], [-121.34961605072021, 47.25633975203516], [-121.3494873046875, 47.25633975203516], [-121.34339332580566, 47.25631062454664], [-121.34330749511719, 47.25631062454664], [-121.34077548980713, 47.256281497042124], [-121.34043216705322, 47.256281497042124], [-121.3401746749878, 47.24896998667822], [-121.3401746749878, 47.24695987267762], [-121.34167671203613, 47.2467268110469], [-121.34184837341309, 47.2467268110469], [-121.34202003479004, 47.24675594380682], [-121.3425350189209, 47.24675594380682], [-121.34270668029785, 47.24678507655071], [-121.34468078613281, 47.24678507655071], [-121.34476661682129, 47.24675594380682], [-121.34498119354248, 47.24675594380682], [-121.34519577026367, 47.24669767827095], [-121.34562492370605, 47.246610279847005], [-121.34579658508301, 47.246581147006964], [-121.34588241577148, 47.24655201415092], [-121.34596824645996, 47.24649374839075], [-121.34622573852539, 47.24640634963032], [-121.3463544845581, 47.246348083709904], [-121.34661197662354, 47.24626068470914], [-121.34674072265625, 47.24617328556417], [-121.3469123840332, 47.24608588627498], [-121.34704113006592, 47.24602762000205], [-121.34734153747559, 47.245823687542185], [-121.34751319885254, 47.24573628767618], [-121.34772777557373, 47.24561975429722], [-121.34789943695068, 47.245503220661874], [-121.34807109832764, 47.24541582026711], [-121.34815692901611, 47.245299286183126], [-121.34824275970459, 47.24527015262208], [-121.3483715057373, 47.24521188545191], [-121.34875774383545, 47.244949682392956], [-121.34901523590088, 47.24483314728354], [-121.34927272796631, 47.24468747803621], [-121.34935855865479, 47.24462921022513], [-121.34953022003174, 47.244541808388334], [-121.34974479675293, 47.24442527238162], [-121.35000228881836, 47.24430873611851], [-121.35034561157227, 47.2441339312432], [-121.35056018829346, 47.24398826007314], [-121.35073184967041, 47.24384258850253], [-121.35081768035889, 47.24378431976211], [-121.35081768035889, 47.243726050957605], [-121.35090351104736, 47.24355124415956], [-121.35098934173584, 47.243318167531555], [-121.35107517242432, 47.242997685493634], [-121.35111808776855, 47.24293941582391], [-121.3511610031128, 47.24285201119912], [-121.35124683380127, 47.242793741369155], [-121.35128974914551, 47.2427354714751], [-121.35137557983398, 47.24270633650406], [-121.3515043258667, 47.24264806651388], [-121.35154724121094, 47.24261893149472], [-121.35163307189941, 47.24258979645958], [-121.35249137878418, 47.24244412104346], [-121.35373592376709, 47.242356715601545], [-121.3615894317627, 47.242473256158746], [-121.3615894317627, 47.24524101904498], [-121.36154651641846, 47.24827082524328]]]}, "properties": {"fid": 7566, "ogc_fid": 7566, "path": "/us/wa/king/enumclaw-plateau/7566", "ll_uuid": "f553c7c6-13ca-4cef-b63e-5c0863a42ad4", "owner": "UNITED STATES OF AMERICA", "parcelnumb": "0120119001"}, "id": 78}, {"type": "Feature", "geometry": {"type": "Polygon", "coordinates": [[[-121.41995429992676, 47.286565445492045], [-121.41995429992676, 47.28668188876421], [-121.40253067016602, 47.28668188876421], [-121.40253067016602, 47.285284552580066], [-121.40501976013184, 47.28525544101703], [-121.40536308288574, 47.28525544101703], [-121.40944004058838, 47.28519721784295], [-121.41184329986572, 47.28516810623188], [-121.41317367553711, 47.28516810623188], [-121.4238166809082, 47.285022547936165], [-121.4238166809082, 47.28668188876421], [-121.42059803009033, 47.28668188876421], [-121.42038345336914, 47.28662366716017], [-121.42008304595947, 47.286565445492045], [-121.419997215271, 47.28653633463395], [-121.41995429992676, 47.286565445492045]]]}, "properties": {"fid": 169414, "ogc_fid": 169414, "path": "/us/wa/king/enumclaw-plateau/169414", "ll_uuid": "5e39f8ee-7f90-46db-8522-dfa09de87fcc", "owner": "UNITED STATES OF AMERICA", "parcelnumb": "2121119001"}, "id": 81}, {"type": "Feature", "geometry": {"type": "MultiPolygon", "coordinates": [[[[-121.33880138397217, 47.268368035048695], [-121.33872360893471, 47.26828887182098], [-121.33885581958678, 47.26803645418155], [-121.33823096422617, 47.26763126656925], [-121.33820056915283, 47.26758176589644], [-121.33790016174316, 47.26717406618221], [-121.33772850036621, 47.266970215147495], [-121.33772850036621, 47.266911971850504], [-121.33771592552904, 47.266894905675365], [-121.33764690831038, 47.26638726896141], [-121.3375997543335, 47.26633534538263], [-121.3375997543335, 47.26598007038308], [-121.33764266967773, 47.26583445929677], [-121.3375997543335, 47.265630603103034], [-121.3375997543335, 47.26551411349698], [-121.33747100830078, 47.26533937860725], [-121.33729934692383, 47.265077275191175], [-121.33695602416992, 47.264698679076844], [-121.33669853210449, 47.26437832640366], [-121.3364839553833, 47.26417446460226], [-121.33622646331787, 47.26388323209554], [-121.33571147918701, 47.26324251494097], [-121.3355827331543, 47.263096896324384], [-121.33549690246582, 47.26300952496214], [-121.33545398712158, 47.26292215345572], [-121.33545398712158, 47.26283478180508], [-121.33541107177734, 47.26274741001029], [-121.33545398712158, 47.26266003807129], [-121.33549690246582, 47.26245616965281], [-121.33566856384277, 47.26210667910891], [-121.33571147918701, 47.261815435226595], [-121.33893013000488, 47.261815435226595], [-121.33893013000488, 47.26350462744148], [-121.33888721466064, 47.2679020991832], [-121.33888721466064, 47.26857188070008], [-121.33880138397217, 47.268368035048695]]], [[[-121.3388442993164, 47.27037733648493], [-121.33880138397217, 47.270319096937016], [-121.33880138397217, 47.27020261764898], [-121.33875846862793, 47.27005701817845], [-121.33875846862793, 47.2699114183074], [-121.3388442993164, 47.26973669793338], [-121.3388442993164, 47.26962021736361], [-121.33888721466064, 47.26953285676808], [-121.33888721466064, 47.27040645623484], [-121.3388442993164, 47.27037733648493]]]]}, "properties": {"fid": 290929, "ogc_fid": 290929, "path": "/us/wa/king/enumclaw-plateau/290929", "ll_uuid": "fdeab1e3-1798-4d66-8051-d3f7efad98f9", "owner": "UNITED STATES", "parcelnumb": "3421129001"}, "id": 84}, {"type": "Feature", "geometry": {"type": "Polygon", "coordinates": [[[-121.44510269165039, 47.27090148953204], [-121.44124031066895, 47.270843250560915], [-121.44046783447266, 47.27081413105131], [-121.43870830535889, 47.27081413105131], [-121.43845081329346, 47.2707850115257], [-121.43802165985107, 47.2707850115257], [-121.43634796142578, 47.270755891984095], [-121.43428802490234, 47.270755891984095], [-121.43415927886963, 47.27072677242643], [-121.42991065979004, 47.27066853326306], [-121.42858028411865, 47.27066853326306], [-121.42596244812012, 47.270639413657335], [-121.42587661743164, 47.270639413657335], [-121.4258337020874, 47.270610294035606], [-121.42394542694092, 47.270610294035606], [-121.42394542694092, 47.26886308741166], [-121.42398834228516, 47.267610887184446], [-121.4240312576294, 47.26437832640366], [-121.4240312576294, 47.262048430460624], [-121.42411708831787, 47.25756309208492], [-121.42411708831787, 47.25633975203516], [-121.42566204071045, 47.25633975203516], [-121.43068313598633, 47.256368879507676], [-121.43712043762207, 47.256368879507676], [-121.43909454345703, 47.25639800696416], [-121.4452314376831, 47.25639800696416], [-121.4452314376831, 47.259077664416765], [-121.44518852233887, 47.26239792138904], [-121.44518852233887, 47.2642035877648], [-121.44514560699463, 47.26627129135406], [-121.44514560699463, 47.2695619769826], [-121.44510269165039, 47.27090148953204]]]}, "properties": {"fid": 263321, "ogc_fid": 263321, "path": "/us/wa/king/enumclaw-plateau/263321", "ll_uuid": "f138c7d2-5187-4934-9ea2-7c061aa3a658", "owner": "US GOVERNMENT", "parcelnumb": "3221119001"}, "id": 86}, {"type": "Feature", "geometry": {"type": "MultiPolygon", "coordinates": [[[[-121.42536163330078, 47.231138487124184], [-121.4254903793335, 47.22767055418001], [-121.43141269683838, 47.227757983849045], [-121.42574787139893, 47.230934497349836], [-121.4254903793335, 47.231051063031344], [-121.42536163330078, 47.231138487124184]]], [[[-121.43596172332764, 47.231400758537546], [-121.43862247467041, 47.231400758537546], [-121.44124031066895, 47.23142989972558], [-121.44651889801025, 47.23142989972558], [-121.44656181335449, 47.235043282860914], [-121.44660472869873, 47.24226931001539], [-121.4359188079834, 47.24226931001539], [-121.42664909362793, 47.242298445226794], [-121.42518997192383, 47.242298445226794], [-121.42523288726807, 47.238889516760736], [-121.42523288726807, 47.23498500444259], [-121.43059730529785, 47.23498500444259], [-121.43325805664062, 47.235014143659754], [-121.43596172332764, 47.235014143659754], [-121.43596172332764, 47.231400758537546]]], [[[-121.43596172332764, 47.231400758537546], [-121.43458843231201, 47.231400758537546], [-121.43385887145996, 47.23137161733348], [-121.43265724182129, 47.23137161733348], [-121.43072605133057, 47.23134247611341], [-121.42759323120117, 47.23131333487731], [-121.43394470214844, 47.22778712703999], [-121.43600463867188, 47.22778712703999], [-121.43600463867188, 47.23078878988747], [-121.43596172332764, 47.23125505235703], [-121.43596172332764, 47.231400758537546]]]]}, "properties": {"fid": 54011, "ogc_fid": 54011, "path": "/us/wa/king/enumclaw-plateau/54011", "ll_uuid": "061f65a1-3d40-49a6-97a9-61c7bef24955", "owner": "UNITED STATES", "parcelnumb": "0820119015"}, "id": 87}, {"type": "Feature", "geometry": {"type": "Polygon", "coordinates": [[[-121.40253067016602, 47.285284552580066], [-121.40253067016602, 47.278035278721546], [-121.40248775482178, 47.274221004950505], [-121.40248775482178, 47.2707850115257], [-121.40562057495117, 47.270755891984095], [-121.4073371887207, 47.270755891984095], [-121.41321659088135, 47.27069765285276], [-121.41622066497803, 47.27066853326306], [-121.42184257507324, 47.270610294035606], [-121.42394542694092, 47.270610294035606], [-121.42390251159668, 47.27186242330282], [-121.42390251159668, 47.27200801780663], [-121.42385959625244, 47.275968034696405], [-121.42385959625244, 47.277802353854696], [-121.4238166809082, 47.282344203809174], [-121.4238166809082, 47.285022547936165], [-121.41317367553711, 47.28516810623188], [-121.41184329986572, 47.28516810623188], [-121.40944004058838, 47.28519721784295], [-121.40536308288574, 47.28525544101703], [-121.40501976013184, 47.28525544101703], [-121.40253067016602, 47.285284552580066]]]}, "properties": {"fid": 234049, "ogc_fid": 234049, "path": "/us/wa/king/enumclaw-plateau/234049", "ll_uuid": "1d6ee792-8c09-4221-b954-af9ff9a276e2", "owner": "US GOVERNMENT", "parcelnumb": "2821119001"}, "id": 90}, {"type": "Feature", "geometry": {"type": "MultiPolygon", "coordinates": [[[[-121.33897304534912, 47.27547304879093], [-121.33893013000488, 47.274250122585585], [-121.33927345275879, 47.27413365194917], [-121.3394021987915, 47.27410453425003], [-121.34446620941162, 47.272444798914876], [-121.34644031524658, 47.27180418538913], [-121.34716987609863, 47.27157123309354], [-121.34729862213135, 47.27151299485942], [-121.34807109832764, 47.2712800412821], [-121.34944438934326, 47.270843250560915], [-121.34953022003174, 47.27081413105131], [-121.35270595550537, 47.27081413105131], [-121.35437965393066, 47.2707850115257], [-121.35832786560059, 47.2707850115257], [-121.36000156402588, 47.270755891984095], [-121.36025905609131, 47.270755891984095], [-121.36025905609131, 47.278006163169266], [-121.3601303100586, 47.28094675304246], [-121.36004447937012, 47.28321759179366], [-121.36004447937012, 47.28403274090337], [-121.36000983625408, 47.28499625702668], [-121.35954464396676, 47.28444373504151], [-121.35945153314375, 47.28425884154509], [-121.35826398667086, 47.283663244255926], [-121.357831403597, 47.28354033444263], [-121.35678571446107, 47.28356537304158], [-121.35516775601253, 47.28357921669771], [-121.35499769016914, 47.283621759025586], [-121.35418881441245, 47.2837422164021], [-121.35391288667712, 47.283783306367894], [-121.35384404383511, 47.28377394921869], [-121.35233862557382, 47.28356921990976], [-121.35073649941346, 47.283217189612586], [-121.34942582428133, 47.282344450916796], [-121.34804279908788, 47.28160745200149], [-121.34651006446717, 47.28121099012792], [-121.34644256129359, 47.28120959139522], [-121.34469358441, 47.28035115549605], [-121.3432312323021, 47.27910898173265], [-121.3431684999787, 47.27899341614618], [-121.34179399856339, 47.27805063291436], [-121.34105159759963, 47.2773035798426], [-121.3409882050444, 47.27721065193591], [-121.34019793559344, 47.27678301296738], [-121.33993437850235, 47.27664045532811], [-121.33897304534912, 47.27623854540541], [-121.33897304534912, 47.27547304879093]], [[-121.35141849517822, 47.281470801405675], [-121.35159015655518, 47.28144168774392], [-121.35163307189941, 47.28144168774392], [-121.35163307189941, 47.28141257406611], [-121.35171890258789, 47.2813834603723], [-121.35180473327637, 47.2812670054368], [-121.3518476486206, 47.28115055024497], [-121.35180473327637, 47.28088852512613], [-121.35176181793213, 47.280684726914274], [-121.35171890258789, 47.28062649870955], [-121.35171890258789, 47.28056827044074], [-121.35167598724365, 47.280539156282316], [-121.3515043258667, 47.280510042107835], [-121.35141849517822, 47.28048092791738], [-121.35137557983398, 47.2804518137109], [-121.35124683380127, 47.28039358524981], [-121.35107517242432, 47.28033535672469], [-121.35103225708008, 47.28030624243806], [-121.35081768035889, 47.28027712813545], [-121.35068893432617, 47.28033535672469], [-121.35051727294922, 47.28039358524981], [-121.35047435760498, 47.280422699488355], [-121.35051727294922, 47.280510042107835], [-121.35068893432617, 47.28062649870955], [-121.35086059570312, 47.280772069101204], [-121.35098934173584, 47.28094675304246], [-121.35107517242432, 47.28109232255292], [-121.35107517242432, 47.2812670054368], [-121.3511610031128, 47.28141257406611], [-121.35133266448975, 47.281470801405675], [-121.35141849517822, 47.281470801405675]]], [[[-121.33948802947998, 47.27279422120603], [-121.33965969085693, 47.271745947411375], [-121.33965969085693, 47.271658590324535], [-121.3396167755127, 47.271629471263566], [-121.3389440822458, 47.27130727854294], [-121.33896193663274, 47.27105955742168], [-121.33890468943231, 47.270872236827316], [-121.34270668029785, 47.270843250560915], [-121.34553909301758, 47.270843250560915], [-121.34541034698486, 47.27090148953204], [-121.33978843688965, 47.272735984317706], [-121.3396167755127, 47.27279422120603], [-121.33948802947998, 47.272823339626115], [-121.33948802947998, 47.27279422120603]]]]}, "properties": {"fid": 204010, "ogc_fid": 204010, "path": "/us/wa/king/enumclaw-plateau/204010", "ll_uuid": "5f69bffc-9298-4f74-9f6a-9172574731d4", "owner": "UNITED STATES", "parcelnumb": "2521119001"}, "id": 93}, {"type": "Feature", "geometry": {"type": "Polygon", "coordinates": [[[-121.44497394561768, 47.28537188717297], [-121.44497394561768, 47.28668188876421], [-121.4238166809082, 47.28668188876421], [-121.4238166809082, 47.285022547936165], [-121.42819404602051, 47.28510988296165], [-121.42982482910156, 47.28513899460475], [-121.4302110671997, 47.28513899460475], [-121.43368721008301, 47.28519721784295], [-121.43471717834473, 47.28519721784295], [-121.44201278686523, 47.285313664127074], [-121.44497394561768, 47.28537188717297]]]}, "properties": {"fid": 162732, "ogc_fid": 162732, "path": "/us/wa/king/enumclaw-plateau/162732", "ll_uuid": "a7360c50-ba82-497c-94e7-133bd6cff45e", "owner": "US GOVERNMENT", "parcelnumb": "2021119001"}, "id": 96}, {"type": "Feature", "geometry": {"type": "MultiPolygon", "coordinates": [[[[-121.35373592376709, 47.242356715601545], [-121.35425090789795, 47.242298445226794], [-121.35437965393066, 47.242298445226794], [-121.35455131530762, 47.24226931001539], [-121.3546371459961, 47.24226931001539], [-121.35485172271729, 47.242211039544486], [-121.35502338409424, 47.24218190428505], [-121.35510921478271, 47.24218190428505], [-121.35523796081543, 47.24215276900955], [-121.3553237915039, 47.24212363371802], [-121.35545253753662, 47.24212363371802], [-121.35558128356934, 47.24209449841047], [-121.35566711425781, 47.24209449841047], [-121.355881690979, 47.24203622774732], [-121.35596752166748, 47.24203622774732], [-121.35618209838867, 47.2420070923917], [-121.35626792907715, 47.241977957020055], [-121.35639667510986, 47.241948821632405], [-121.35656833648682, 47.24191968622873], [-121.3566541671753, 47.24191968622873], [-121.35686874389648, 47.24189055080902], [-121.35704040527344, 47.24183227992157], [-121.3575553894043, 47.24171573795434], [-121.35772705078125, 47.241657466874585], [-121.35785579681396, 47.24162833131069], [-121.35802745819092, 47.24157006013479], [-121.3581132888794, 47.24157006013479], [-121.35819911956787, 47.24154092452281], [-121.35822278215781, 47.24152485976952], [-121.3582774358524, 47.241511788894826], [-121.35828495025635, 47.241511788894826], [-121.35829336974234, 47.24150797817571], [-121.35892075245131, 47.24135793450833], [-121.35898820174859, 47.2413593161307], [-121.35940572568082, 47.24117588336986], [-121.35948657989502, 47.24116216010901], [-121.35970115661621, 47.24113302427273], [-121.35982990264893, 47.24113302427273], [-121.35995864868164, 47.24110388842038], [-121.36017322540283, 47.24107475255204], [-121.36030197143555, 47.24107475255204], [-121.36034488677979, 47.24104561666769], [-121.36043071746826, 47.241016480767314], [-121.36055946350098, 47.240929072969976], [-121.36068820953369, 47.240666848712834], [-121.36068820953369, 47.240462895615536], [-121.36051654815674, 47.24022980540008], [-121.36051654815674, 47.24020066905106], [-121.3604736328125, 47.24017153268599], [-121.36034488677979, 47.23999671415916], [-121.36021614074707, 47.23988016815417], [-121.3601303100586, 47.23979275848217], [-121.36008739471436, 47.23976362189279], [-121.35995864868164, 47.23970534866598], [-121.3599157333374, 47.23970534866598], [-121.35986870797113, 47.239673421555615], [-121.35985107448977, 47.239270648401295], [-121.35985693367722, 47.23913334161138], [-121.35970522884107, 47.23874135352455], [-121.35941910142003, 47.23834660359036], [-121.35942089453309, 47.23830083284359], [-121.35890913810698, 47.237672810230045], [-121.35876623907217, 47.23720471815485], [-121.3587999343872, 47.23717040126584], [-121.3587999343872, 47.23711212518694], [-121.35884284973145, 47.23705384904389], [-121.35884284973145, 47.23696643470919], [-121.35892868041992, 47.23682074383089], [-121.35914325714111, 47.23652936087251], [-121.35931491851807, 47.23641280724053], [-121.3593578338623, 47.23629625335218], [-121.35948657989502, 47.23620883776766], [-121.35952949523926, 47.23615056063119], [-121.35978698730469, 47.235917451444436], [-121.3599157333374, 47.2357426188814], [-121.36000156402588, 47.23568434123223], [-121.3601303100586, 47.23556778574155], [-121.36021614074707, 47.235509507900076], [-121.36024887777903, 47.2354650518741], [-121.36079875208549, 47.23519247302527], [-121.36165333813716, 47.23488879939032], [-121.36167526245117, 47.234889229733966], [-121.36167526245117, 47.235538646828786], [-121.36163234710693, 47.236704190839816], [-121.36163234710693, 47.23792798445953], [-121.3615894317627, 47.242473256158746], [-121.35373592376709, 47.242356715601545]]], [[[-121.36133193969727, 47.23116762845643], [-121.36141777038574, 47.231080204411626], [-121.36150360107422, 47.231051063031344], [-121.36171817779541, 47.230934497349836], [-121.36171817779541, 47.23142989972558], [-121.36170419759954, 47.2325025860427], [-121.36169185042368, 47.23239497950548], [-121.36170174296925, 47.23216629081472], [-121.36101850286003, 47.231603489832594], [-121.3608827972254, 47.23147261391684], [-121.36133193969727, 47.23116762845643]]]]}, "properties": {"fid": 84335, "ogc_fid": 84335, "path": "/us/wa/king/enumclaw-plateau/84335", "ll_uuid": "b6f92624-8355-4d8f-ab99-0ba17ab01b2c", "owner": "US GOVERNMENT", "parcelnumb": "1220119001"}, "id": 97}, {"type": "Feature", "geometry": {"type": "MultiPolygon", "coordinates": [[[[-121.40918254852295, 47.24218190428505], [-121.40918254852295, 47.242211039544486], [-121.40913963317871, 47.24224017478795], [-121.40913963317871, 47.24226931001539], [-121.40909671783447, 47.24226931001539], [-121.40909671783447, 47.242298445226794], [-121.409010887146, 47.242356715601545], [-121.409010887146, 47.24238585076486], [-121.40896797180176, 47.24238585076486], [-121.40892505645752, 47.24241498591218], [-121.40892505645752, 47.24244412104346], [-121.40888214111328, 47.242473256158746], [-121.40888214111328, 47.24250239125797], [-121.40883922576904, 47.24250239125797], [-121.4087963104248, 47.242531526341224], [-121.4087963104248, 47.24256066140842], [-121.40875339508057, 47.24258979645958], [-121.40871047973633, 47.24258979645958], [-121.40871047973633, 47.24261893149472], [-121.40853881835938, 47.2427354714751], [-121.40853881835938, 47.24276460643014], [-121.40849590301514, 47.24276460643014], [-121.40832424163818, 47.24288114609007], [-121.40832424163818, 47.24291028096499], [-121.40828132629395, 47.24291028096499], [-121.40815258026123, 47.242997685493634], [-121.40810966491699, 47.242997685493634], [-121.40802383422852, 47.243055955099294], [-121.40798091888428, 47.243055955099294], [-121.40798091888428, 47.243085089878065], [-121.40793800354004, 47.243085089878065], [-121.4078950881958, 47.243114224640834], [-121.40785217285156, 47.243114224640834], [-121.40785217285156, 47.243143359387574], [-121.40780925750732, 47.243143359387574], [-121.40776634216309, 47.243172494118284], [-121.40772342681885, 47.243172494118284], [-121.40768051147461, 47.24320162883299], [-121.40759468078613, 47.24320162883299], [-121.40759468078613, 47.24323076353167], [-121.40750885009766, 47.24323076353167], [-121.40750885009766, 47.24325989821432], [-121.40742301940918, 47.24325989821432], [-121.40738010406494, 47.24328903288094], [-121.40729427337646, 47.24328903288094], [-121.40725135803223, 47.243318167531555], [-121.40712261199951, 47.243318167531555], [-121.40712261199951, 47.243347302166114], [-121.40695095062256, 47.243347302166114], [-121.40665054321289, 47.24340557138723], [-121.40660762786865, 47.243434705973726], [-121.40647888183594, 47.243434705973726], [-121.4064359664917, 47.24346384054422], [-121.40635013580322, 47.24346384054422], [-121.40635013580322, 47.24349297509872], [-121.40626430511475, 47.24349297509872], [-121.40622138977051, 47.24352210963713], [-121.40613555908203, 47.24352210963713], [-121.4060926437378, 47.24355124415956], [-121.40600681304932, 47.24355124415956], [-121.40600681304932, 47.24358037866597], [-121.40592098236084, 47.24358037866597], [-121.4058780670166, 47.24360951315634], [-121.40583515167236, 47.24360951315634], [-121.40579223632812, 47.24363864763069], [-121.40570640563965, 47.24363864763069], [-121.40570640563965, 47.243667782089005], [-121.40566349029541, 47.243667782089005], [-121.40562057495117, 47.24369691653132], [-121.4055347442627, 47.24369691653132], [-121.40544891357422, 47.24375518536786], [-121.40540599822998, 47.24375518536786], [-121.40536308288574, 47.24378431976211], [-121.4053201675415, 47.24378431976211], [-121.40523433685303, 47.24384258850253], [-121.40519142150879, 47.24384258850253], [-121.40514850616455, 47.243871722848695], [-121.40510559082031, 47.243871722848695], [-121.40510559082031, 47.24390085717883], [-121.40506267547607, 47.24390085717883], [-121.40501976013184, 47.24392999149296], [-121.4049768447876, 47.24392999149296], [-121.4049768447876, 47.243959125791065], [-121.40493392944336, 47.24398826007314], [-121.40489101409912, 47.24398826007314], [-121.40484809875488, 47.24401739433921], [-121.40480518341064, 47.24401739433921], [-121.40480518341064, 47.24404652858925], [-121.4047622680664, 47.24404652858925], [-121.40463352203369, 47.2441339312432], [-121.40459060668945, 47.2441339312432], [-121.40459060668945, 47.24416306542915], [-121.40454769134521, 47.24419219959907], [-121.40450477600098, 47.24419219959907], [-121.4038610458374, 47.244512674410686], [-121.4038610458374, 47.24212363371802], [-121.40918254852295, 47.24218190428505]]], [[[-121.42385959625244, 47.25633975203516], [-121.41467571258545, 47.256368879507676], [-121.40390396118164, 47.256368879507676], [-121.40390396118164, 47.254504688966875], [-121.4038610458374, 47.252028709443294], [-121.4038610458374, 47.24594022047256], [-121.40480518341064, 47.24541582026711], [-121.4055347442627, 47.245007949851555], [-121.40557765960693, 47.24497881613027], [-121.40562057495117, 47.24497881613027], [-121.40562057495117, 47.244949682392956], [-121.40566349029541, 47.244949682392956], [-121.40570640563965, 47.24492054863964], [-121.40574932098389, 47.24492054863964], [-121.40574932098389, 47.244891414870295], [-121.40579223632812, 47.244891414870295], [-121.4058780670166, 47.24483314728354], [-121.40592098236084, 47.24483314728354], [-121.40600681304932, 47.24477487963267], [-121.40604972839355, 47.24477487963267], [-121.4060926437378, 47.244745745783206], [-121.40613555908203, 47.244745745783206], [-121.40622138977051, 47.24468747803621], [-121.40630722045898, 47.24468747803621], [-121.40639305114746, 47.24462921022513], [-121.40647888183594, 47.24462921022513], [-121.40647888183594, 47.24460007629554], [-121.40656471252441, 47.24460007629554], [-121.40660762786865, 47.244570942349924], [-121.40665054321289, 47.244570942349924], [-121.40669345855713, 47.244541808388334], [-121.4067792892456, 47.244541808388334], [-121.40682220458984, 47.244512674410686], [-121.40690803527832, 47.244512674410686], [-121.40695095062256, 47.24448354041701], [-121.40703678131104, 47.24448354041701], [-121.40707969665527, 47.24445440640733], [-121.40738010406494, 47.24439613833988], [-121.40750885009766, 47.24439613833988], [-121.4075517654419, 47.24436700428211], [-121.40768051147461, 47.24436700428211], [-121.40772342681885, 47.24433787020831], [-121.40780925750732, 47.24433787020831], [-121.40780925750732, 47.24430873611851], [-121.4078950881958, 47.24430873611851], [-121.40793800354004, 47.24427960201271], [-121.40802383422852, 47.24427960201271], [-121.40806674957275, 47.24425046789085], [-121.40810966491699, 47.24425046789085], [-121.40815258026123, 47.24422133375296], [-121.40819549560547, 47.24422133375296], [-121.4082384109497, 47.24419219959907], [-121.40828132629395, 47.24419219959907], [-121.40832424163818, 47.24416306542915], [-121.40841007232666, 47.24416306542915], [-121.40849590301514, 47.244104797041246], [-121.40853881835938, 47.244104797041246], [-121.40858173370361, 47.244075662823235], [-121.40862464904785, 47.244075662823235], [-121.40871047973633, 47.24401739433921], [-121.40875339508057, 47.24401739433921], [-121.4087963104248, 47.24398826007314], [-121.40883922576904, 47.24398826007314], [-121.40892505645752, 47.24392999149296], [-121.40896797180176, 47.24392999149296], [-121.409010887146, 47.24390085717883], [-121.40905380249023, 47.24390085717883], [-121.40905380249023, 47.243871722848695], [-121.40909671783447, 47.243871722848695], [-121.40913963317871, 47.24384258850253], [-121.40918254852295, 47.24384258850253], [-121.40918254852295, 47.24381345414034], [-121.40922546386719, 47.24378431976211], [-121.40926837921143, 47.24378431976211], [-121.40974044799805, 47.24346384054422], [-121.40974044799805, 47.243434705973726], [-121.40978336334229, 47.243434705973726], [-121.40986919403076, 47.2433764367847], [-121.40986919403076, 47.243347302166114], [-121.41008377075195, 47.24320162883299], [-121.41008377075195, 47.243172494118284], [-121.41021251678467, 47.243085089878065], [-121.41021251678467, 47.243055955099294], [-121.41034126281738, 47.242968550666774], [-121.41034126281738, 47.24293941582391], [-121.41042709350586, 47.24288114609007], [-121.41042709350586, 47.24285201119912], [-121.41051292419434, 47.242793741369155], [-121.41051292419434, 47.24276460643014], [-121.41055583953857, 47.2427354714751], [-121.41055583953857, 47.24270633650406], [-121.41064167022705, 47.24264806651388], [-121.41064167022705, 47.24261893149472], [-121.41068458557129, 47.24258979645958], [-121.41068458557129, 47.24256066140842], [-121.41072750091553, 47.242531526341224], [-121.41072750091553, 47.24250239125797], [-121.41077041625977, 47.24250239125797], [-121.41077041625977, 47.242473256158746], [-121.410813331604, 47.24244412104346], [-121.410813331604, 47.24241498591218], [-121.41089916229248, 47.242356715601545], [-121.41089916229248, 47.242298445226794], [-121.41094207763672, 47.242298445226794], [-121.4110279083252, 47.24218190428505], [-121.41454696655273, 47.242211039544486], [-121.41643524169922, 47.242211039544486], [-121.41695022583008, 47.24224017478795], [-121.42021179199219, 47.24224017478795], [-121.42518997192383, 47.242298445226794], [-121.42523288726807, 47.24527015262208], [-121.4252758026123, 47.24707640310842], [-121.42531871795654, 47.24931956393479], [-121.42531871795654, 47.25033915108796], [-121.42536163330078, 47.250601327469155], [-121.42540454864502, 47.25543679244069], [-121.42544746398926, 47.25633975203516], [-121.42385959625244, 47.25633975203516]]]]}, "properties": {"fid": 27943, "ogc_fid": 27943, "path": "/us/wa/king/enumclaw-plateau/27943", "ll_uuid": "be37a7b4-4923-4bf4-a94a-95176862a462", "owner": "UNITED STATES", "parcelnumb": "0420119001"}, "id": 98}, {"type": "Feature", "geometry": {"type": "Polygon", "coordinates": [[[-121.475830078125, 47.24218190428505], [-121.46613121032715, 47.24212363371802], [-121.46613121032715, 47.24209449841047], [-121.46621704101562, 47.238627282409084], [-121.46621704101562, 47.23853987067011], [-121.47158145904541, 47.238569007932455], [-121.47171020507812, 47.23498500444259], [-121.47175312042236, 47.231400758537546], [-121.46643161773682, 47.231400758537546], [-121.46643161773682, 47.23125505235703], [-121.46656036376953, 47.22781627021496], [-121.475830078125, 47.22781627021496], [-121.475830078125, 47.24218190428505]]]}, "properties": {"fid": 84333, "ogc_fid": 84333, "path": "/us/wa/king/enumclaw-plateau/84333", "ll_uuid": "d81ad476-e59b-4053-9832-aa0ef9968256", "owner": "UNITED STATES", "parcelnumb": "1220109001"}, "id": 103}, {"type": "Feature", "geometry": {"type": "Polygon", "coordinates": [[[-121.38656616210938, 47.24232758042217], [-121.38304710388184, 47.242356715601545], [-121.3827896118164, 47.242356715601545], [-121.3827896118164, 47.22778712703999], [-121.40424728393555, 47.22778712703999], [-121.40424728393555, 47.22831170173734], [-121.4040756225586, 47.23495586520937], [-121.40394687652588, 47.238423321460516], [-121.4038610458374, 47.24212363371802], [-121.40180110931396, 47.24215276900955], [-121.39334678649902, 47.24224017478795], [-121.39300346374512, 47.24224017478795], [-121.38918399810791, 47.242298445226794], [-121.38656616210938, 47.24232758042217]]]}, "properties": {"fid": 66934, "ogc_fid": 66934, "path": "/us/wa/king/enumclaw-plateau/66934", "ll_uuid": "d99d9377-2c29-4a5f-9c27-c9ab25913d24", "owner": "UNITED STATES", "parcelnumb": "1020119001"}, "id": 104}, {"type": "Feature", "geometry": {"type": "Polygon", "coordinates": [[[-121.3401746749878, 47.24695987267762], [-121.3401746749878, 47.24896998667822], [-121.33858680725098, 47.24896998667822], [-121.33858680725098, 47.248911723577805], [-121.33871555328369, 47.24844561646722], [-121.33880138397217, 47.24829995715399], [-121.3388442993164, 47.248066901419634], [-121.33888721466064, 47.247950373167896], [-121.33893013000488, 47.24780471249272], [-121.33897304534912, 47.24762991915378], [-121.33897304534912, 47.24754252226802], [-121.33914470672607, 47.247367728063836], [-121.33931636810303, 47.24722206578642], [-121.33944511413574, 47.24710553567607], [-121.33957386016846, 47.247047270524746], [-121.33970260620117, 47.24701813792507], [-121.34000301361084, 47.24698900530933], [-121.3401746749878, 47.24695987267762]]]}, "properties": {"fid": 66935, "ogc_fid": 66935, "path": "/us/wa/king/enumclaw-plateau/66935", "ll_uuid": "fa1d5ae1-d9a7-421a-abec-9a814c438908", "owner": "UNITED STATES", "parcelnumb": "1020129001"}, "id": 107}, {"type": "Feature", "geometry": {"type": "Polygon", "coordinates": [[[-121.45544528961182, 47.18315013392504], [-121.45544528961182, 47.18312096620059], [-121.45540237426758, 47.18233343158249], [-121.45493030548096, 47.18175006507417], [-121.4544153213501, 47.180524974541385], [-121.45445823669434, 47.17941653493864], [-121.45359992980957, 47.17886230645939], [-121.45304203033447, 47.17833724256357], [-121.45304203033447, 47.17830807219488], [-121.45287036895752, 47.177403782817095], [-121.45153999328613, 47.17684953332824], [-121.45158290863037, 47.176207763534535], [-121.45042419433594, 47.17521592223321], [-121.4500379562378, 47.17495337290541], [-121.44900798797607, 47.1742240624061], [-121.44896507263184, 47.17337804967866], [-121.44896507263184, 47.17329053035138], [-121.44905090332031, 47.17314466448545], [-121.44956588745117, 47.171948549272344], [-121.44960880279541, 47.171831853662866], [-121.45008087158203, 47.171073325951255], [-121.45016670227051, 47.17098580282587], [-121.45020961761475, 47.17060653428243], [-121.45029544830322, 47.17005221384707], [-121.45081043243408, 47.17005221384707], [-121.45707607269287, 47.17008138875107], [-121.46677494049072, 47.170110563639014], [-121.46677494049072, 47.17725792824933], [-121.46681785583496, 47.184404330916834], [-121.46600246429443, 47.184404330916834], [-121.45668983459473, 47.18443349793617], [-121.45493030548096, 47.18443349793617], [-121.454758644104, 47.18408349264641], [-121.45471572875977, 47.18402515820708], [-121.45518779754639, 47.18350014536861], [-121.4553165435791, 47.183354307547575], [-121.45544528961182, 47.18315013392504]]]}, "properties": {"fid": 256086, "ogc_fid": 256086, "path": "/us/wa/king/enumclaw-plateau/256086", "ll_uuid": "67b5e7d6-6b83-434f-b6f4-945ff55fdc46", "owner": "UNITED STATES", "parcelnumb": "3120119002"}, "id": 112}, {"type": "Feature", "geometry": {"type": "Polygon", "coordinates": [[[-121.45999431610107, 47.19884004617157], [-121.46012306213379, 47.198577613668135], [-121.46012306213379, 47.19851929515775], [-121.45913600921631, 47.197177951727895], [-121.45874977111816, 47.19668222927032], [-121.45862102508545, 47.196332304747244], [-121.45814895629883, 47.195136711882355], [-121.45793437957764, 47.194553486075506], [-121.45771980285645, 47.19402857736878], [-121.45741939544678, 47.19367863534646], [-121.45690441131592, 47.193095393514625], [-121.45638942718506, 47.192687120418384], [-121.45613193511963, 47.19219135600747], [-121.4558744430542, 47.19166642393628], [-121.4558744430542, 47.191637260891184], [-121.45578861236572, 47.190616544217505], [-121.45578861236572, 47.19041239852703], [-121.45591735839844, 47.18950831531629], [-121.45596027374268, 47.18912917906408], [-121.45544528961182, 47.187525111106766], [-121.4549732208252, 47.18606682544291], [-121.45510196685791, 47.18565849827769], [-121.45514488220215, 47.18539600058429], [-121.4553165435791, 47.184958501544], [-121.45493030548096, 47.1844626649395], [-121.45493030548096, 47.18443349793617], [-121.45668983459473, 47.18443349793617], [-121.46600246429443, 47.184404330916834], [-121.46681785583496, 47.184404330916834], [-121.46681785583496, 47.19881088706859], [-121.45999431610107, 47.19884004617157]]]}, "properties": {"fid": 250083, "ogc_fid": 250083, "path": "/us/wa/king/enumclaw-plateau/250083", "ll_uuid": "74ec6765-561c-40d2-abe3-69438c2a9a7d", "owner": "UNITED STATES", "parcelnumb": "3020119001"}, "id": 124}, {"type": "Feature", "geometry": {"type": "Polygon", "coordinates": [[[-121.475830078125, 47.19884004617157], [-121.47218227386475, 47.19881088706859], [-121.46681785583496, 47.19881088706859], [-121.46681785583496, 47.184404330916834], [-121.475830078125, 47.184404330916834], [-121.475830078125, 47.19884004617157]]]}, "properties": {"fid": 203724, "ogc_fid": 203724, "path": "/us/wa/king/enumclaw-plateau/203724", "ll_uuid": "5633e4ce-f024-4ae2-8da6-bd761a0cfbea", "owner": "UNITED STATES", "parcelnumb": "2520109001"}, "id": 132}, {"type": "Feature", "geometry": {"type": "Polygon", "coordinates": [[[-121.44656181335449, 47.156279870190986], [-121.4359188079834, 47.156250687706574], [-121.4252758026123, 47.156192322689634], [-121.4252758026123, 47.15236927446392], [-121.44656181335449, 47.15236927446392], [-121.44656181335449, 47.156279870190986]]]}, "properties": {"fid": 53764, "ogc_fid": 53764, "path": "/us/wa/king/enumclaw-plateau/53764", "ll_uuid": "41f608aa-f7fb-4370-95b5-ad67ac648cd1", "owner": "UNITED STATES", "parcelnumb": "0819119001"}, "id": 133}, {"type": "Feature", "geometry": {"type": "Polygon", "coordinates": [[[-121.46784782409668, 47.156396599968446], [-121.46789073944092, 47.15236927446392], [-121.475830078125, 47.15236927446392], [-121.475830078125, 47.156367417548125], [-121.4738130569458, 47.156367417548125], [-121.46784782409668, 47.156396599968446]]]}, "properties": {"fid": 83974, "ogc_fid": 83974, "path": "/us/wa/king/enumclaw-plateau/83974", "ll_uuid": "49d4df3b-1f31-4a5e-a62b-a52952effea2", "owner": "UNITED STATES", "parcelnumb": "1219109001"}, "id": 137}, {"type": "Feature", "geometry": {"type": "MultiPolygon", "coordinates": [[[[-121.43312931060791, 47.21330098610957], [-121.42630577087402, 47.21324268378393], [-121.4254903793335, 47.21324268378393], [-121.4254903793335, 47.209686120712206], [-121.42544746398926, 47.206071008924994], [-121.42540454864502, 47.2036802351426], [-121.42540454864502, 47.19898584144593], [-121.42536163330078, 47.19886920525849], [-121.42793655395508, 47.19886920525849], [-121.43149852752686, 47.19889836432938], [-121.4466905593872, 47.19889836432938], [-121.44664764404297, 47.20612931913462], [-121.43604755401611, 47.20610016403782], [-121.43604755401611, 47.208607443792744], [-121.43579006195068, 47.20857829005803], [-121.4357042312622, 47.20857829005803], [-121.4357042312622, 47.208607443792744], [-121.43523216247559, 47.208607443792744], [-121.43523216247559, 47.20863659751143], [-121.4350175857544, 47.20863659751143], [-121.43497467041016, 47.208665751214085], [-121.43484592437744, 47.208665751214085], [-121.4348030090332, 47.20869490490074], [-121.43467426300049, 47.20869490490074], [-121.43467426300049, 47.20872405857136], [-121.43454551696777, 47.20872405857136], [-121.43454551696777, 47.20875321222596], [-121.4344596862793, 47.20875321222596], [-121.43441677093506, 47.20878236586452], [-121.43437385559082, 47.20878236586452], [-121.43433094024658, 47.208811519487085], [-121.43428802490234, 47.208811519487085], [-121.4342451095581, 47.20884067309359], [-121.43420219421387, 47.20884067309359], [-121.43415927886963, 47.20886982668412], [-121.43411636352539, 47.20886982668412], [-121.43407344818115, 47.208898980258596], [-121.43398761749268, 47.208898980258596], [-121.43398761749268, 47.20892813381704], [-121.43394470214844, 47.20892813381704], [-121.43385887145996, 47.208986440885866], [-121.43381595611572, 47.208986440885866], [-121.43377304077148, 47.20901559439622], [-121.43373012542725, 47.20901559439622], [-121.43373012542725, 47.2090447478906], [-121.43368721008301, 47.2090447478906], [-121.4335584640503, 47.20913220827751], [-121.43351554870605, 47.20913220827751], [-121.43351554870605, 47.20916136170774], [-121.43347263336182, 47.20916136170774], [-121.43347263336182, 47.209190515122], [-121.43342971801758, 47.209190515122], [-121.43330097198486, 47.20927797526852], [-121.43325805664062, 47.20927797526852], [-121.43325805664062, 47.20930712861869], [-121.43321514129639, 47.20930712861869], [-121.43321514129639, 47.20933628195277], [-121.43308639526367, 47.209423741858956], [-121.43308639526367, 47.209452895128976], [-121.43304347991943, 47.209452895128976], [-121.43304347991943, 47.20948204838297], [-121.4330005645752, 47.20948204838297], [-121.4330005645752, 47.20951120162093], [-121.43291473388672, 47.20956950804876], [-121.43291473388672, 47.20959866123866], [-121.43287181854248, 47.20959866123866], [-121.43287181854248, 47.20962781441253], [-121.43282890319824, 47.20962781441253], [-121.43282890319824, 47.20965696757037], [-121.432785987854, 47.209686120712206], [-121.432785987854, 47.209715273837986], [-121.43270015716553, 47.209773580041514], [-121.43270015716553, 47.20980273311923], [-121.43265724182129, 47.20983188618092], [-121.43265724182129, 47.20986103922658], [-121.43261432647705, 47.20989019225621], [-121.43261432647705, 47.20991934526984], [-121.43257141113281, 47.209948498267465], [-121.43257141113281, 47.209977651249034], [-121.43252849578857, 47.2100068042146], [-121.43252849578857, 47.21003595716411], [-121.43248558044434, 47.21006511009762], [-121.43248558044434, 47.210094263015094], [-121.4324426651001, 47.21012341591654], [-121.4324426651001, 47.21018172167135], [-121.43239974975586, 47.21021087452476], [-121.43239974975586, 47.210269180183445], [-121.43235683441162, 47.21029833298874], [-121.43235683441162, 47.210356638551275], [-121.43231391906738, 47.21038579130854], [-121.43231391906738, 47.210473249484096], [-121.43227100372314, 47.21050240217724], [-121.43227100372314, 47.210648165402546], [-121.4322280883789, 47.21067731799954], [-121.4322280883789, 47.21137697552004], [-121.43227100372314, 47.21140612771646], [-121.43227100372314, 47.21152273634175], [-121.43231391906738, 47.21155188845799], [-121.43231391906738, 47.21163934471065], [-121.43235683441162, 47.211668496762854], [-121.43235683441162, 47.21172680081909], [-121.43312931060791, 47.21330098610957]]], [[[-121.43604755401611, 47.20916136170774], [-121.43604755401611, 47.21330098610957], [-121.43398761749268, 47.21330098610957], [-121.43312931060791, 47.21158104055826], [-121.43312931060791, 47.21152273634175], [-121.43308639526367, 47.21152273634175], [-121.43308639526367, 47.21140612771646], [-121.43304347991943, 47.21137697552004], [-121.43304347991943, 47.211114605031526], [-121.4330005645752, 47.211085452674865], [-121.4330005645752, 47.21099799550885], [-121.43304347991943, 47.21099799550885], [-121.43304347991943, 47.21073562314544], [-121.43308639526367, 47.210706470580504], [-121.43308639526367, 47.210589860160496], [-121.43312931060791, 47.21056070751541], [-121.43312931060791, 47.21050240217724], [-121.43317222595215, 47.210473249484096], [-121.43317222595215, 47.210414944049745], [-121.43321514129639, 47.21038579130854], [-121.43321514129639, 47.21032748577804], [-121.43325805664062, 47.21032748577804], [-121.43325805664062, 47.210269180183445], [-121.43330097198486, 47.21024002736212], [-121.43330097198486, 47.21021087452476], [-121.4333438873291, 47.21018172167135], [-121.4333438873291, 47.21015256880196], [-121.43338680267334, 47.21012341591654], [-121.43338680267334, 47.210094263015094], [-121.43342971801758, 47.210094263015094], [-121.43342971801758, 47.21003595716411], [-121.43347263336182, 47.21003595716411], [-121.43347263336182, 47.2100068042146], [-121.43351554870605, 47.2100068042146], [-121.43351554870605, 47.209948498267465], [-121.4335584640503, 47.209948498267465], [-121.4335584640503, 47.20991934526984], [-121.43360137939453, 47.20991934526984], [-121.43360137939453, 47.20989019225621], [-121.43364429473877, 47.20986103922658], [-121.43364429473877, 47.20983188618092], [-121.43368721008301, 47.20983188618092], [-121.43368721008301, 47.20980273311923], [-121.43373012542725, 47.20980273311923], [-121.43373012542725, 47.209773580041514], [-121.43377304077148, 47.209773580041514], [-121.43377304077148, 47.209744426947765], [-121.43381595611572, 47.209744426947765], [-121.43381595611572, 47.209715273837986], [-121.43385887145996, 47.209715273837986], [-121.43385887145996, 47.209686120712206], [-121.4339017868042, 47.209686120712206], [-121.4339017868042, 47.20965696757037], [-121.43394470214844, 47.20965696757037], [-121.43394470214844, 47.20962781441253], [-121.43398761749268, 47.20962781441253], [-121.43398761749268, 47.20959866123866], [-121.43403053283691, 47.20959866123866], [-121.43415927886963, 47.20951120162093], [-121.43420219421387, 47.20951120162093], [-121.43428802490234, 47.209452895128976], [-121.43433094024658, 47.209452895128976], [-121.43437385559082, 47.209423741858956], [-121.43441677093506, 47.209423741858956], [-121.43441677093506, 47.209394588572934], [-121.43450260162354, 47.209394588572934], [-121.43450260162354, 47.209365435270854], [-121.43454551696777, 47.209365435270854], [-121.43458843231201, 47.20933628195277], [-121.43463134765625, 47.20933628195277], [-121.43467426300049, 47.20930712861869], [-121.43476009368896, 47.20930712861869], [-121.4348030090332, 47.20927797526852], [-121.43488883972168, 47.20927797526852], [-121.43488883972168, 47.209248821902406], [-121.43497467041016, 47.209248821902406], [-121.4350175857544, 47.20921966852018], [-121.43514633178711, 47.20921966852018], [-121.43518924713135, 47.209190515122], [-121.43540382385254, 47.209190515122], [-121.43540382385254, 47.20916136170774], [-121.43604755401611, 47.20916136170774]]]]}, "properties": {"fid": 162367, "ogc_fid": 162367, "path": "/us/wa/king/enumclaw-plateau/162367", "ll_uuid": "27b51784-4932-4e80-bfc7-d3141ffa9c62", "owner": "US GOVERNMENT", "parcelnumb": "2020119001"}, "id": 146}, {"type": "Feature", "geometry": {"type": "Polygon", "coordinates": [[[-121.4532995223999, 47.16185343085496], [-121.4549732208252, 47.16062788127459], [-121.45647525787354, 47.1592563994154], [-121.45716190338135, 47.157855700550755], [-121.45716190338135, 47.157826518931756], [-121.45720481872559, 47.15680515217022], [-121.45741939544678, 47.156338235111775], [-121.46784782409668, 47.156396599968446], [-121.46771907806396, 47.163254024329916], [-121.46759033203125, 47.170139738510954], [-121.46677494049072, 47.170110563639014], [-121.45707607269287, 47.17008138875107], [-121.45081043243408, 47.17005221384707], [-121.45029544830322, 47.17005221384707], [-121.45008087158203, 47.16917695927532], [-121.45016670227051, 47.16853509675576], [-121.4509391784668, 47.167718169603575], [-121.45106792449951, 47.16652193217604], [-121.4514970779419, 47.16558826473354], [-121.45205497741699, 47.16497553655586], [-121.45179748535156, 47.16450869129574], [-121.4523983001709, 47.1628163428355], [-121.4532995223999, 47.161882610262325], [-121.4532995223999, 47.16185343085496]]]}, "properties": {"fid": 39752, "ogc_fid": 39752, "path": "/us/wa/king/enumclaw-plateau/39752", "ll_uuid": "6ed486f0-8a78-4aa7-8244-7e690e085857", "owner": "UNITED STATES", "parcelnumb": "0619119001"}, "id": 151}, {"type": "Feature", "geometry": {"type": "MultiPolygon", "coordinates": [[[[-121.31301887066874, 47.2055009588831], [-121.3105464218842, 47.20491808645247], [-121.3098846325656, 47.204652996468305], [-121.30905766449331, 47.20433884071786], [-121.30859578827074, 47.2041235808371], [-121.30852837222962, 47.2041221528609], [-121.3080067424298, 47.203745370915044], [-121.30840638882843, 47.20306688755222], [-121.30899463556337, 47.202689535919326], [-121.30906203904532, 47.202690949307076], [-121.30925464257699, 47.20212272109504], [-121.30848966798565, 47.201145973996034], [-121.30919758663534, 47.20033628437672], [-121.3098561734601, 47.1998917741831], [-121.30993572000801, 47.19957870813517], [-121.31090641021729, 47.201493457460344], [-121.31206512451172, 47.203826017116455], [-121.31275177001953, 47.2049631027638], [-121.31300926208496, 47.20548790330349], [-121.31301887066874, 47.2055009588831]]], [[[-121.3070011138916, 47.191170649990454], [-121.30695819854736, 47.19227884418123], [-121.30732957798928, 47.19381825861167], [-121.30697464097078, 47.193447794030405], [-121.3063213327928, 47.192999765736644], [-121.30573542636321, 47.19255316070539], [-121.30542523131122, 47.191951760949], [-121.30542825159797, 47.19188319709332], [-121.305146429014, 47.19139675701711], [-121.30508736631494, 47.19121244161993], [-121.30506981777627, 47.19114895707432], [-121.3070011138916, 47.191170649990454]]], [[[-121.30876064300537, 47.197032151485814], [-121.3095760345459, 47.19886920525849], [-121.30984278774632, 47.19939539322826], [-121.30917506071445, 47.199305836154046], [-121.30847646440331, 47.19913148015172], [-121.30784595932278, 47.19893571823963], [-121.30737933948078, 47.19883478702153], [-121.30731191584424, 47.19883337552512], [-121.30672712250932, 47.198363801589416], [-121.3069859398337, 47.197819791379814], [-121.30701170951946, 47.19722513619169], [-121.3065930934012, 47.19680478667655], [-121.30704464757322, 47.196470556003476], [-121.30758466971866, 47.196435599957326], [-121.30802656204003, 47.19633003124093], [-121.30816939314839, 47.195751562828484], [-121.30876064300537, 47.197032151485814]]]]}, "properties": {"fid": 3347, "ogc_fid": 3347, "path": "/us/wa/kittitas/manastash-ridge/3347", "ll_uuid": "924de21d-e13f-44fe-ad18-186798ef70e1", "owner": "USA (WNF)", "parcelnumb": "20-12-26000-0001"}, "id": 164}, {"type": "Feature", "geometry": {"type": "MultiPolygon", "coordinates": [[[[-121.31772994995117, 47.17670367723801], [-121.31435809917589, 47.17670367723801], [-121.3144684898306, 47.17652428233358], [-121.31476499848061, 47.17588932014777], [-121.31514441095908, 47.17488997572388], [-121.31510801262047, 47.174179735054494], [-121.31511513087365, 47.17401963765065], [-121.31545036782373, 47.17249277290635], [-121.31537824676873, 47.17104950042997], [-121.31535259796972, 47.170087621706074], [-121.31471259070744, 47.16934222865352], [-121.31438664341313, 47.16832865472739], [-121.3139489200849, 47.16756451418609], [-121.3137820770983, 47.16720058824651], [-121.31489753723145, 47.16824333850087], [-121.31614208221436, 47.16984798907043], [-121.31674289703369, 47.170664883465406], [-121.31751537322998, 47.17256119701523], [-121.31768703460693, 47.17466164990762], [-121.31755828857422, 47.17644113526606], [-121.31772994995117, 47.17670367723801]]], [[[-121.30502700805664, 47.15913967592033], [-121.30567073822021, 47.159606568361994], [-121.3093370444071, 47.16304070663412], [-121.30930494684574, 47.16303066046538], [-121.30844327123425, 47.16273867452033], [-121.30701823647895, 47.16227497945556], [-121.30622991484125, 47.1618470809306], [-121.30564617421126, 47.16135452395645], [-121.30548427124667, 47.16121393363147], [-121.30488483500538, 47.16030917346637], [-121.30462050899675, 47.159434124176144], [-121.30437372818147, 47.158925667113635], [-121.30438881225791, 47.15858173277631], [-121.30502700805664, 47.15913967592033]]]]}, "properties": {"fid": 13541, "ogc_fid": 13541, "path": "/us/wa/kittitas/manastash-ridge/13541", "ll_uuid": "16b2b21e-a601-4a8c-b695-5a20fb572a91", "owner": "USA (WNF)", "parcelnumb": "19-12-02000-0001"}, "id": 165}, {"type": "Feature", "geometry": {"type": "Polygon", "coordinates": [[[-121.30506981777627, 47.19114895707432], [-121.30488378391972, 47.19047595090105], [-121.30468369650394, 47.18967088438483], [-121.30468618710238, 47.18960214247051], [-121.30480218252902, 47.18848300052074], [-121.30507763430823, 47.187573012778614], [-121.30508062976376, 47.187504451696746], [-121.30529235668216, 47.186501665152164], [-121.30548494079662, 47.18593344349621], [-121.30574540923327, 47.1853664622867], [-121.30593499308013, 47.18486663527706], [-121.30622798314096, 47.184323232148046], [-121.30630981727724, 47.18398165225385], [-121.3066828037027, 47.18314227388703], [-121.30745257992336, 47.182448334509424], [-121.30824523169287, 47.18200648804377], [-121.30829868657682, 47.18154976802788], [-121.30821854764427, 47.18106757913362], [-121.30869934913603, 47.18084846510921], [-121.30941678556319, 47.18058828192597], [-121.30948365730765, 47.180589516894294], [-121.31037019111172, 47.18030980765305], [-121.31119946197826, 47.179800166016115], [-121.31188797784888, 47.17942501141074], [-121.31240606626038, 47.17911496904511], [-121.31313722927298, 47.17853454777312], [-121.31320642376578, 47.1784901851024], [-121.31372632155528, 47.17813436212003], [-121.31392591010494, 47.177406023983565], [-121.31435809917589, 47.17670367723801], [-121.31772994995117, 47.17670367723801], [-121.31605625152588, 47.18037912854737], [-121.31558418273926, 47.181166692155614], [-121.31459712982178, 47.18207091744699], [-121.31335258483887, 47.18309179846011], [-121.31155014038086, 47.18425849557974], [-121.31004810333252, 47.18516266821152], [-121.30893230438232, 47.18621265581214], [-121.30738735198975, 47.18930416536318], [-121.3070011138916, 47.190674871413364], [-121.3070011138916, 47.191170649990454], [-121.30506981777627, 47.19114895707432]]]}, "properties": {"fid": 3348, "ogc_fid": 3348, "path": "/us/wa/kittitas/manastash-ridge/3348", "ll_uuid": "5df9d609-e2c8-48fa-af47-65f6a09a4ea5", "owner": "USA (WNF)", "parcelnumb": "20-12-35000-0001"}, "id": 167}, {"type": "Feature", "geometry": {"type": "Polygon", "coordinates": [[[-121.36139378826488, 47.22787423055783], [-121.36163234710693, 47.22747343884068], [-121.36163234710693, 47.22787455651678], [-121.36139378826488, 47.22787423055783]]]}, "properties": {"fid": 3334, "ogc_fid": 3334, "path": "/us/wa/kittitas/manastash-ridge/3334", "ll_uuid": "173d5325-0f08-4d04-8851-f91d96e03ceb", "owner": "USA (WNF)", "parcelnumb": "20-11-13000-0001"}, "id": 173}, {"type": "Feature", "geometry": {"type": "Polygon", "coordinates": [[[-121.36459350585938, 47.22787455651678], [-121.36163234710693, 47.22787455651678], [-121.36163234710693, 47.22747343884068], [-121.36174033062434, 47.227292020709235], [-121.36207142842741, 47.22663476204602], [-121.36254334407829, 47.2258201699449], [-121.36261077660323, 47.225821384827405], [-121.36301055464072, 47.225119744440285], [-121.36292412745657, 47.224553688226415], [-121.36364936828613, 47.22481443902436], [-121.36390686035156, 47.22490187340432], [-121.36407852172852, 47.22498930764007], [-121.36446475982666, 47.22519332029603], [-121.36476516723633, 47.225309898604024], [-121.36497974395752, 47.225426476655656], [-121.36528015136719, 47.225630487629104], [-121.36618137359619, 47.22638823579919], [-121.36661052703857, 47.226854536981506], [-121.36691093444824, 47.22726254715104], [-121.36729717254639, 47.22790369964363], [-121.36459350585938, 47.22787455651678]]]}, "properties": {"fid": 3335, "ogc_fid": 3335, "path": "/us/wa/kittitas/manastash-ridge/3335", "ll_uuid": "8d1cce8c-489d-446e-8628-01d1e29a4021", "owner": "USA (WNF)", "parcelnumb": "20-11-14000-0001"}, "id": 178}, {"type": "Feature", "geometry": {"type": "Polygon", "coordinates": [[[-121.32305145263672, 47.21245559611418], [-121.32356643676758, 47.21263050549476], [-121.32665634155273, 47.213650798717424], [-121.32777214050293, 47.21385485500642], [-121.32858753204346, 47.21382570415608], [-121.33146286010742, 47.214292115838845], [-121.33466118878657, 47.214948910800715], [-121.33442745684378, 47.21519274004197], [-121.33420021108985, 47.21578318617776], [-121.33421319520387, 47.21626411973253], [-121.3339214929101, 47.21678477968384], [-121.33330301961142, 47.21709271872216], [-121.3326098867387, 47.21700317003601], [-121.3324663158925, 47.21698462285022], [-121.33219711742116, 47.21697917931607], [-121.33095805964493, 47.216840034004065], [-121.33015146421025, 47.21682388625012], [-121.33008404899498, 47.216822652422024], [-121.33001661270315, 47.216821250489204], [-121.32972015060257, 47.21667806173777], [-121.32958578529126, 47.216675251077554], [-121.32896340607803, 47.216273745207296], [-121.32739829971318, 47.21589920169386], [-121.32646694474347, 47.215651733402254], [-121.32576759650993, 47.21547747278128], [-121.32461745520455, 47.21483654245171], [-121.324005722799, 47.21420632959443], [-121.32338637023615, 47.21373605806977], [-121.32305747556784, 47.21351924961995], [-121.32305145263672, 47.21245559611418]]]}, "properties": {"fid": 3343, "ogc_fid": 3343, "path": "/us/wa/kittitas/manastash-ridge/3343", "ll_uuid": "7d4b7076-2b1e-4916-8334-5d0005661b0e", "owner": "USA (WNF)", "parcelnumb": "20-12-22000-0001"}, "id": 180}, {"type": "Feature", "geometry": {"type": "Polygon", "coordinates": [[[-121.32305747556784, 47.21351924961995], [-121.32263436672352, 47.21324033487466], [-121.32213566026229, 47.21309307301555], [-121.3210523782313, 47.21247630907301], [-121.32029097374364, 47.212186277366115], [-121.31962721932422, 47.21196700719236], [-121.31885326507957, 47.21197437390205], [-121.31825576700021, 47.21177929386309], [-121.31789608880547, 47.2115431273999], [-121.31710695933427, 47.21111531418402], [-121.31679474109077, 47.210559722846845], [-121.3154710820318, 47.20927439585283], [-121.31549818279204, 47.20896479517043], [-121.3161849975586, 47.20962781441253], [-121.31815910339355, 47.210706470580504], [-121.32047653198242, 47.21158104055826], [-121.3214635848999, 47.21190171260329], [-121.32305145263672, 47.21245559611418], [-121.32305747556784, 47.21351924961995]]]}, "properties": {"fid": 3344, "ogc_fid": 3344, "path": "/us/wa/kittitas/manastash-ridge/3344", "ll_uuid": "da2cd144-ef6a-493b-b805-1e5468601284", "owner": "USA", "parcelnumb": "20-12-23000-0001"}, "id": 181}, {"type": "Feature", "geometry": {"type": "Polygon", "coordinates": [[[-121.33901150050775, 47.276254622568445], [-121.33884252771352, 47.276183979168245], [-121.33874055655316, 47.27542660959499], [-121.33861257848436, 47.27448573105578], [-121.33861437081931, 47.274439967701596], [-121.33840230136593, 47.273886464254375], [-121.33850479841108, 47.273064556064284], [-121.33887793180251, 47.27222508446032], [-121.33896193663274, 47.27105955742168], [-121.33866638395051, 47.270092469010585], [-121.33818535609399, 47.26953352810387], [-121.33815342843663, 47.26948715580994], [-121.33838201364391, 47.268873732191885], [-121.33845244916745, 47.2688065722278], [-121.33885581958678, 47.26803645418155], [-121.33787263146218, 47.2673989056003], [-121.3377748529316, 47.2673283295886], [-121.33764690831038, 47.26638726896141], [-121.33684264332292, 47.26550165296034], [-121.33677862830226, 47.265431692197716], [-121.33648843855156, 47.26512840583089], [-121.33633089490506, 47.26409537658362], [-121.33596779743255, 47.263927831062176], [-121.33477087311509, 47.26189515903945], [-121.33893013000488, 47.26190280855948], [-121.33897304534912, 47.27095972843904], [-121.33897304534912, 47.27521099555469], [-121.33901150050775, 47.276254622568445]]]}, "properties": {"fid": 31491, "ogc_fid": 31491, "path": "/us/wa/kittitas/manastash-ridge/31491", "ll_uuid": "dc1ea305-7049-4d1f-a9e2-b3ad3cf0a04c", "owner": "USA (WNF)", "parcelnumb": "21-12-34000-0001"}, "id": 197}, {"type": "Feature", "geometry": {"type": "Polygon", "coordinates": [[[-121.34785652160645, 47.28152902868118], [-121.3483715057373, 47.28141257406611], [-121.34897232055664, 47.281354346662454], [-121.34953022003174, 47.2812670054368], [-121.35017395019531, 47.28123789166287], [-121.35073184967041, 47.28120877787293], [-121.35137557983398, 47.28120877787293], [-121.35249137878418, 47.28129611919471], [-121.35365009307861, 47.28144168774392], [-121.35420799255371, 47.28161636947425], [-121.35485172271729, 47.281761937142306], [-121.3553237915039, 47.281936617815234], [-121.355881690979, 47.282111297911456], [-121.35635375976562, 47.28231509062803], [-121.35673999786377, 47.28243154325648], [-121.35704040527344, 47.28254799562859], [-121.35751247406006, 47.282955576912315], [-121.35785579681396, 47.28345049282095], [-121.35792780242635, 47.28356772423856], [-121.357831403597, 47.28354033444263], [-121.35678571446107, 47.28356537304158], [-121.35516775601253, 47.28357921669771], [-121.35499769016914, 47.283621759025586], [-121.35418881441245, 47.2837422164021], [-121.35391288667712, 47.283783306367894], [-121.35384404383511, 47.28377394921869], [-121.35233862557382, 47.28356921990976], [-121.35073649941346, 47.283217189612586], [-121.34942582428133, 47.282344450916796], [-121.34804279908788, 47.28160745200149], [-121.34777322252125, 47.281537722493695], [-121.34785652160645, 47.28152902868118]]]}, "properties": {"fid": 31381, "ogc_fid": 31381, "path": "/us/wa/kittitas/cle-elum/31381", "ll_uuid": "e5d25952-0a6d-4c95-a77e-824cfcf64611", "owner": "UNITED STATES OF AMERICA", "parcelnumb": "21-11-25000-0001"}, "id": 199}, {"type": "Feature", "geometry": {"type": "Polygon", "coordinates": [[[-121.34030342102051, 47.24952348293567], [-121.34021759033203, 47.24952348293567], [-121.34021759033203, 47.248940855136], [-121.34024125396657, 47.24527821270909], [-121.34074888966573, 47.24511810052792], [-121.3418885964043, 47.24523217295162], [-121.34198978953286, 47.245234175597], [-121.34313720081173, 47.2451655089027], [-121.3442407380442, 47.24534750967441], [-121.34430771387493, 47.245348906027345], [-121.34537932303768, 47.24548450433642], [-121.34622711730648, 47.24534121896672], [-121.34679960699387, 47.24534200763043], [-121.34747278380189, 47.24534291767069], [-121.3477753474221, 47.24534891814982], [-121.3487840437437, 47.24459078136491], [-121.34888523065153, 47.24459277892482], [-121.34971396884845, 47.24410568262496], [-121.35023132425353, 47.243818271250035], [-121.35050015705363, 47.24382367018375], [-121.35067123583308, 47.243758491049235], [-121.35067826777797, 47.243598389175595], [-121.35108124987761, 47.24282822407184], [-121.35200435171747, 47.242314455042795], [-121.36163234710693, 47.24232758042217], [-121.3615894317627, 47.242356715601545], [-121.36150360107422, 47.24238585076486], [-121.36150360107422, 47.24241498591218], [-121.36146068572998, 47.24241498591218], [-121.36146068572998, 47.24244412104346], [-121.36141777038574, 47.24244412104346], [-121.36141777038574, 47.242473256158746], [-121.3613748550415, 47.242473256158746], [-121.3613748550415, 47.24250239125797], [-121.36128902435303, 47.24256066140842], [-121.36128902435303, 47.24258979645958], [-121.36124610900879, 47.24258979645958], [-121.36124610900879, 47.24261893149472], [-121.36120319366455, 47.24261893149472], [-121.36120319366455, 47.24264806651388], [-121.36116027832031, 47.24264806651388], [-121.36116027832031, 47.24267720151698], [-121.36111736297607, 47.24267720151698], [-121.36111736297607, 47.24270633650406], [-121.36107444763184, 47.2427354714751], [-121.36107444763184, 47.24276460643014], [-121.3610315322876, 47.24276460643014], [-121.3610315322876, 47.242793741369155], [-121.36098861694336, 47.242793741369155], [-121.36098861694336, 47.242822876292166], [-121.36094570159912, 47.242822876292166], [-121.36094570159912, 47.24285201119912], [-121.36090278625488, 47.24285201119912], [-121.36090278625488, 47.24288114609007], [-121.36085987091064, 47.24288114609007], [-121.36085987091064, 47.24291028096499], [-121.3608169555664, 47.24291028096499], [-121.3608169555664, 47.24293941582391], [-121.36077404022217, 47.24293941582391], [-121.36077404022217, 47.242968550666774], [-121.36073112487793, 47.242968550666774], [-121.36073112487793, 47.242997685493634], [-121.36068820953369, 47.242997685493634], [-121.36068820953369, 47.243026820304465], [-121.36064529418945, 47.243026820304465], [-121.36064529418945, 47.243055955099294], [-121.36060237884521, 47.243055955099294], [-121.36060237884521, 47.243085089878065], [-121.36055946350098, 47.243085089878065], [-121.36055946350098, 47.243114224640834], [-121.36051654815674, 47.243114224640834], [-121.36051654815674, 47.243143359387574], [-121.3604736328125, 47.243143359387574], [-121.3604736328125, 47.243172494118284], [-121.36043071746826, 47.243172494118284], [-121.36043071746826, 47.24320162883299], [-121.36038780212402, 47.24320162883299], [-121.36038780212402, 47.24323076353167], [-121.36034488677979, 47.24323076353167], [-121.36034488677979, 47.24325989821432], [-121.36030197143555, 47.24325989821432], [-121.36025905609131, 47.24328903288094], [-121.36021614074707, 47.24328903288094], [-121.36021614074707, 47.243318167531555], [-121.36017322540283, 47.243318167531555], [-121.36017322540283, 47.243347302166114], [-121.3601303100586, 47.243347302166114], [-121.3601303100586, 47.2433764367847], [-121.36008739471436, 47.2433764367847], [-121.36008739471436, 47.24340557138723], [-121.36004447937012, 47.24340557138723], [-121.36004447937012, 47.243434705973726], [-121.36000156402588, 47.243434705973726], [-121.36000156402588, 47.24346384054422], [-121.35995864868164, 47.24346384054422], [-121.3599157333374, 47.24349297509872], [-121.35987281799316, 47.24349297509872], [-121.35987281799316, 47.24352210963713], [-121.35982990264893, 47.24352210963713], [-121.35982990264893, 47.24355124415956], [-121.35978698730469, 47.24355124415956], [-121.35978698730469, 47.24358037866597], [-121.35974407196045, 47.24358037866597], [-121.35970115661621, 47.24360951315634], [-121.35965824127197, 47.24360951315634], [-121.35965824127197, 47.24363864763069], [-121.35961532592773, 47.24363864763069], [-121.35961532592773, 47.243667782089005], [-121.3595724105835, 47.243667782089005], [-121.3595724105835, 47.24369691653132], [-121.35952949523926, 47.24369691653132], [-121.35948657989502, 47.243726050957605], [-121.35944366455078, 47.243726050957605], [-121.35944366455078, 47.24375518536786], [-121.35940074920654, 47.24375518536786], [-121.35940074920654, 47.24378431976211], [-121.3593578338623, 47.24378431976211], [-121.35931491851807, 47.24381345414034], [-121.35927200317383, 47.24381345414034], [-121.35927200317383, 47.24384258850253], [-121.35922908782959, 47.24384258850253], [-121.35918617248535, 47.243871722848695], [-121.35914325714111, 47.243871722848695], [-121.35914325714111, 47.24390085717883], [-121.35910034179688, 47.24390085717883], [-121.35910034179688, 47.24392999149296], [-121.35905742645264, 47.24392999149296], [-121.3590145111084, 47.243959125791065], [-121.35897159576416, 47.243959125791065], [-121.35897159576416, 47.24398826007314], [-121.35888576507568, 47.24398826007314], [-121.35888576507568, 47.24401739433921], [-121.35884284973145, 47.24401739433921], [-121.35884284973145, 47.24404652858925], [-121.35875701904297, 47.24404652858925], [-121.35875701904297, 47.244075662823235], [-121.35871410369873, 47.244075662823235], [-121.35871410369873, 47.244104797041246], [-121.35862827301025, 47.244104797041246], [-121.35862827301025, 47.2441339312432], [-121.35858535766602, 47.2441339312432], [-121.35858535766602, 47.24416306542915], [-121.35854244232178, 47.24416306542915], [-121.35849952697754, 47.24419219959907], [-121.3584566116333, 47.24419219959907], [-121.3584566116333, 47.24422133375296], [-121.35837078094482, 47.24422133375296], [-121.35837078094482, 47.24425046789085], [-121.35832786560059, 47.24425046789085], [-121.35832786560059, 47.24427960201271], [-121.35824203491211, 47.24427960201271], [-121.35824203491211, 47.24430873611851], [-121.35819911956787, 47.24430873611851], [-121.35815620422363, 47.24433787020831], [-121.3581132888794, 47.24433787020831], [-121.3581132888794, 47.24436700428211], [-121.35807037353516, 47.24436700428211], [-121.35802745819092, 47.24439613833988], [-121.35798454284668, 47.24439613833988], [-121.35798454284668, 47.24442527238162], [-121.3578987121582, 47.24442527238162], [-121.3578987121582, 47.24445440640733], [-121.35785579681396, 47.24445440640733], [-121.35781288146973, 47.24448354041701], [-121.35776996612549, 47.24448354041701], [-121.35776996612549, 47.244512674410686], [-121.35772705078125, 47.244512674410686], [-121.35768413543701, 47.244541808388334], [-121.35764122009277, 47.244541808388334], [-121.35764122009277, 47.244570942349924], [-121.3575553894043, 47.244570942349924], [-121.3575553894043, 47.24460007629554], [-121.35751247406006, 47.24460007629554], [-121.35746955871582, 47.24462921022513], [-121.35742664337158, 47.24462921022513], [-121.35738372802734, 47.244658344138685], [-121.3573408126831, 47.244658344138685], [-121.3573408126831, 47.24468747803621], [-121.35725498199463, 47.24468747803621], [-121.35725498199463, 47.24471661191774], [-121.35721206665039, 47.24471661191774], [-121.35716915130615, 47.244745745783206], [-121.35712623596191, 47.244745745783206], [-121.35712623596191, 47.24477487963267], [-121.35704040527344, 47.24477487963267], [-121.35704040527344, 47.24480401346611], [-121.35695457458496, 47.24480401346611], [-121.35695457458496, 47.24483314728354], [-121.35686874389648, 47.24483314728354], [-121.35686874389648, 47.24486228108492], [-121.35678291320801, 47.24486228108492], [-121.35678291320801, 47.244891414870295], [-121.35673999786377, 47.244891414870295], [-121.35669708251953, 47.24492054863964], [-121.3566541671753, 47.24492054863964], [-121.3566541671753, 47.244949682392956], [-121.35656833648682, 47.244949682392956], [-121.35656833648682, 47.24497881613027], [-121.35648250579834, 47.24497881613027], [-121.35648250579834, 47.245007949851555], [-121.35639667510986, 47.245007949851555], [-121.35639667510986, 47.24503708355681], [-121.35631084442139, 47.24503708355681], [-121.35631084442139, 47.24506621724606], [-121.35622501373291, 47.24506621724606], [-121.35622501373291, 47.245095350919286], [-121.35613918304443, 47.245095350919286], [-121.3560962677002, 47.24512448457645], [-121.35605335235596, 47.24512448457645], [-121.35601043701172, 47.245153618217614], [-121.35592460632324, 47.245153618217614], [-121.35592460632324, 47.245182751842776], [-121.35583877563477, 47.245182751842776], [-121.35583877563477, 47.24521188545191], [-121.35575294494629, 47.24521188545191], [-121.35575294494629, 47.24524101904498], [-121.35566711425781, 47.24524101904498], [-121.35562419891357, 47.24527015262208], [-121.3555383682251, 47.24527015262208], [-121.3555383682251, 47.245299286183126], [-121.35545253753662, 47.245299286183126], [-121.35540962219238, 47.24532841972814], [-121.3553237915039, 47.24532841972814], [-121.3553237915039, 47.24535755325715], [-121.35523796081543, 47.24535755325715], [-121.35519504547119, 47.24538668677013], [-121.35510921478271, 47.24538668677013], [-121.35510921478271, 47.24541582026711], [-121.35498046875, 47.24541582026711], [-121.35498046875, 47.24544495374806], [-121.35485172271729, 47.24544495374806], [-121.35485172271729, 47.24547408721298], [-121.35476589202881, 47.24547408721298], [-121.35472297668457, 47.245503220661874], [-121.3546371459961, 47.245503220661874], [-121.35459423065186, 47.245532354094706], [-121.35450839996338, 47.245532354094706], [-121.35446548461914, 47.245561487511594], [-121.35437965393066, 47.245561487511594], [-121.35433673858643, 47.245590620912424], [-121.35425090789795, 47.245590620912424], [-121.35420799255371, 47.24561975429722], [-121.354079246521, 47.24561975429722], [-121.354079246521, 47.24564888766599], [-121.35395050048828, 47.24564888766599], [-121.35395050048828, 47.24567802101876], [-121.35382175445557, 47.24567802101876], [-121.35382175445557, 47.24570715435547], [-121.35365009307861, 47.24570715435547], [-121.35365009307861, 47.24573628767618], [-121.3535213470459, 47.24573628767618], [-121.3535213470459, 47.24576542098089], [-121.35339260101318, 47.24576542098089], [-121.35334968566895, 47.24579455426954], [-121.35322093963623, 47.24579455426954], [-121.35322093963623, 47.245823687542185], [-121.35309219360352, 47.245823687542185], [-121.35304927825928, 47.24585282079883], [-121.35292053222656, 47.24585282079883], [-121.35292053222656, 47.24588195403942], [-121.35274887084961, 47.24588195403942], [-121.35274887084961, 47.24591108726398], [-121.35257720947266, 47.24591108726398], [-121.35257720947266, 47.24594022047256], [-121.3524055480957, 47.24594022047256], [-121.3524055480957, 47.24596935366509], [-121.35223388671875, 47.24596935366509], [-121.35223388671875, 47.245998486841586], [-121.35201930999756, 47.245998486841586], [-121.35201930999756, 47.24602762000205], [-121.3518476486206, 47.24602762000205], [-121.3518476486206, 47.24605675314655], [-121.35163307189941, 47.24605675314655], [-121.35163307189941, 47.24608588627498], [-121.35141849517822, 47.24608588627498], [-121.35141849517822, 47.24611501938739], [-121.35120391845703, 47.24611501938739], [-121.3511610031128, 47.246144152483794], [-121.3509464263916, 47.246144152483794], [-121.35090351104736, 47.24617328556417], [-121.3506031036377, 47.24617328556417], [-121.35056018829346, 47.24620241862851], [-121.34965896606445, 47.24620241862851], [-121.34965896606445, 47.24623155167683], [-121.34884357452393, 47.24623155167683], [-121.34884357452393, 47.24626068470914], [-121.34850025177002, 47.24626068470914], [-121.34845733642578, 47.246289817725426], [-121.34807109832764, 47.246289817725426], [-121.34807109832764, 47.24631895072565], [-121.34777069091797, 47.24631895072565], [-121.34777069091797, 47.246348083709904], [-121.34751319885254, 47.246348083709904], [-121.34751319885254, 47.24637721667813], [-121.34734153747559, 47.24637721667813], [-121.34729862213135, 47.24640634963032], [-121.34716987609863, 47.24640634963032], [-121.34716987609863, 47.246435482566454], [-121.34704113006592, 47.246435482566454], [-121.34704113006592, 47.246464615486616], [-121.3469123840332, 47.246464615486616], [-121.3469123840332, 47.24649374839075], [-121.34682655334473, 47.24649374839075], [-121.34678363800049, 47.24652288127882], [-121.34669780731201, 47.24652288127882], [-121.34669780731201, 47.24655201415092], [-121.34661197662354, 47.24655201415092], [-121.34661197662354, 47.246581147006964], [-121.34652614593506, 47.246581147006964], [-121.34652614593506, 47.246610279847005], [-121.34648323059082, 47.246610279847005], [-121.34648323059082, 47.24663941267099], [-121.34639739990234, 47.24663941267099], [-121.34639739990234, 47.246668545479], [-121.34631156921387, 47.246668545479], [-121.34631156921387, 47.24669767827095], [-121.34626865386963, 47.24669767827095], [-121.34622573852539, 47.2467268110469], [-121.34618282318115, 47.2467268110469], [-121.34618282318115, 47.24675594380682], [-121.34609699249268, 47.24675594380682], [-121.34609699249268, 47.24678507655071], [-121.34605407714844, 47.24678507655071], [-121.34605407714844, 47.2468142092786], [-121.34596824645996, 47.2468142092786], [-121.34596824645996, 47.24684334199043], [-121.34592533111572, 47.24684334199043], [-121.34592533111572, 47.246872474686256], [-121.34588241577148, 47.246872474686256], [-121.34583950042725, 47.246901607366055], [-121.34579658508301, 47.246901607366055], [-121.34579658508301, 47.24693074002985], [-121.34575366973877, 47.24693074002985], [-121.34571075439453, 47.24695987267762], [-121.3456678390503, 47.24695987267762], [-121.3456678390503, 47.24698900530933], [-121.34562492370605, 47.24698900530933], [-121.34562492370605, 47.24701813792507], [-121.34553909301758, 47.24701813792507], [-121.34553909301758, 47.247047270524746], [-121.34549617767334, 47.247047270524746], [-121.34549617767334, 47.24707640310842], [-121.34541034698486, 47.24707640310842], [-121.34541034698486, 47.24710553567607], [-121.34536743164062, 47.24710553567607], [-121.34536743164062, 47.24713466822766], [-121.34532451629639, 47.24713466822766], [-121.34528160095215, 47.247163800763275], [-121.34523868560791, 47.247163800763275], [-121.34523868560791, 47.24719293328286], [-121.34519577026367, 47.24719293328286], [-121.34515285491943, 47.24722206578642], [-121.3451099395752, 47.24722206578642], [-121.3451099395752, 47.247251198273915], [-121.34506702423096, 47.247251198273915], [-121.34502410888672, 47.24728033074544], [-121.34498119354248, 47.24728033074544], [-121.34498119354248, 47.247309463200935], [-121.344895362854, 47.247309463200935], [-121.344895362854, 47.2473385956404], [-121.34485244750977, 47.2473385956404], [-121.34480953216553, 47.247367728063836], [-121.34476661682129, 47.247367728063836], [-121.34476661682129, 47.24739686047124], [-121.34472370147705, 47.24739686047124], [-121.34468078613281, 47.247425992862645], [-121.34463787078857, 47.247425992862645], [-121.34463787078857, 47.24745512523802], [-121.3445520401001, 47.24745512523802], [-121.3445520401001, 47.24748425759739], [-121.34450912475586, 47.24748425759739], [-121.34450912475586, 47.24751338994071], [-121.34442329406738, 47.24751338994071], [-121.34442329406738, 47.24754252226802], [-121.34438037872314, 47.24754252226802], [-121.3443374633789, 47.2475716545793], [-121.34429454803467, 47.2475716545793], [-121.34429454803467, 47.24760078687456], [-121.34420871734619, 47.24760078687456], [-121.34420871734619, 47.24762991915378], [-121.34416580200195, 47.24762991915378], [-121.34416580200195, 47.247659051417], [-121.34407997131348, 47.247659051417], [-121.34407997131348, 47.247688183664195], [-121.34403705596924, 47.247688183664195], [-121.343994140625, 47.24771731589536], [-121.34395122528076, 47.24771731589536], [-121.34395122528076, 47.24774644811049], [-121.34390830993652, 47.24774644811049], [-121.34386539459229, 47.24777558030962], [-121.34382247924805, 47.24777558030962], [-121.34382247924805, 47.24780471249272], [-121.34377956390381, 47.24780471249272], [-121.34373664855957, 47.24783384465982], [-121.34369373321533, 47.24783384465982], [-121.34369373321533, 47.247862976810865], [-121.3436508178711, 47.247862976810865], [-121.34360790252686, 47.247892108945905], [-121.34356498718262, 47.247892108945905], [-121.34356498718262, 47.247921241064915], [-121.34347915649414, 47.247921241064915], [-121.34347915649414, 47.247950373167896], [-121.3434362411499, 47.247950373167896], [-121.3434362411499, 47.247979505254875], [-121.34335041046143, 47.247979505254875], [-121.34335041046143, 47.248008637325796], [-121.34330749511719, 47.248008637325796], [-121.34330749511719, 47.248037769380716], [-121.34322166442871, 47.248037769380716], [-121.34322166442871, 47.248066901419634], [-121.34317874908447, 47.248066901419634], [-121.34317874908447, 47.24809603344249], [-121.343092918396, 47.24809603344249], [-121.343092918396, 47.24812516544935], [-121.34305000305176, 47.24812516544935], [-121.34305000305176, 47.24815429744018], [-121.34300708770752, 47.24815429744018], [-121.34296417236328, 47.24818342941498], [-121.34292125701904, 47.24818342941498], [-121.34292125701904, 47.24821256137378], [-121.3428783416748, 47.24821256137378], [-121.34283542633057, 47.248241693316515], [-121.34279251098633, 47.248241693316515], [-121.34279251098633, 47.24827082524328], [-121.34274959564209, 47.24827082524328], [-121.34274959564209, 47.24829995715399], [-121.34270668029785, 47.24829995715399], [-121.34266376495361, 47.248329089048696], [-121.34262084960938, 47.248329089048696], [-121.34262084960938, 47.248358220927344], [-121.34257793426514, 47.248358220927344], [-121.34257793426514, 47.24838735278999], [-121.3425350189209, 47.24838735278999], [-121.34249210357666, 47.24841648463661], [-121.34244918823242, 47.24841648463661], [-121.34244918823242, 47.24844561646722], [-121.34240627288818, 47.24844561646722], [-121.34240627288818, 47.24847474828181], [-121.34236335754395, 47.24847474828181], [-121.3423204421997, 47.248503880080364], [-121.34227752685547, 47.248503880080364], [-121.34227752685547, 47.24853301186289], [-121.34223461151123, 47.24853301186289], [-121.34223461151123, 47.248562143629385], [-121.34219169616699, 47.248562143629385], [-121.34219169616699, 47.24859127537988], [-121.34214878082275, 47.24859127537988], [-121.34214878082275, 47.248620407114345], [-121.34210586547852, 47.248620407114345], [-121.34206295013428, 47.24864953883281], [-121.34202003479004, 47.24864953883281], [-121.34202003479004, 47.24867867053521], [-121.3419771194458, 47.24867867053521], [-121.3419771194458, 47.24870780222162], [-121.34193420410156, 47.24870780222162], [-121.34193420410156, 47.24873693389202], [-121.34189128875732, 47.24873693389202], [-121.34184837341309, 47.24876606554636], [-121.34180545806885, 47.24876606554636], [-121.34180545806885, 47.248795197184705], [-121.34176254272461, 47.248795197184705], [-121.34176254272461, 47.24882432880702], [-121.34171962738037, 47.24882432880702], [-121.34171962738037, 47.2488534604133], [-121.34167671203613, 47.2488534604133], [-121.34167671203613, 47.248882592003554], [-121.3416337966919, 47.248882592003554], [-121.34159088134766, 47.248911723577805], [-121.34154796600342, 47.248911723577805], [-121.34154796600342, 47.248940855136], [-121.34150505065918, 47.248940855136], [-121.34150505065918, 47.24896998667822], [-121.34146213531494, 47.24896998667822], [-121.34146213531494, 47.24899911820438], [-121.3414192199707, 47.24899911820438], [-121.34137630462646, 47.24902824971454], [-121.34133338928223, 47.24902824971454], [-121.34133338928223, 47.24905738120867], [-121.34129047393799, 47.24905738120867], [-121.34129047393799, 47.24908651268677], [-121.34124755859375, 47.24908651268677], [-121.34124755859375, 47.249115644148844], [-121.34120464324951, 47.249115644148844], [-121.34116172790527, 47.249144775594914], [-121.34111881256104, 47.249144775594914], [-121.34111881256104, 47.249173907024954], [-121.3410758972168, 47.249173907024954], [-121.3410758972168, 47.249203038438964], [-121.34099006652832, 47.249203038438964], [-121.34099006652832, 47.24923216983697], [-121.34094715118408, 47.24923216983697], [-121.34094715118408, 47.24926130121892], [-121.34090423583984, 47.24926130121892], [-121.3408613204956, 47.24929043258487], [-121.34081840515137, 47.24929043258487], [-121.34081840515137, 47.24931956393479], [-121.34077548980713, 47.24931956393479], [-121.34073257446289, 47.24934869526871], [-121.34068965911865, 47.24934869526871], [-121.34068965911865, 47.249377826586596], [-121.34060382843018, 47.249377826586596], [-121.34060382843018, 47.24940695788845], [-121.3405179977417, 47.24940695788845], [-121.3405179977417, 47.24943608917428], [-121.34043216705322, 47.24943608917428], [-121.34043216705322, 47.24946522044411], [-121.34038925170898, 47.24946522044411], [-121.34038925170898, 47.249494351697905], [-121.34030342102051, 47.249494351697905], [-121.34030342102051, 47.24952348293567]]]}, "properties": {"fid": 3331, "ogc_fid": 3331, "path": "/us/wa/kittitas/manastash-ridge/3331", "ll_uuid": "feffb343-87dd-4c52-b3d7-371f37210224", "owner": "USA (WNF)", "parcelnumb": "20-11-01000-0001"}, "id": 207}, {"type": "Feature", "geometry": {"type": "Polygon", "coordinates": [[[-121.33747524664737, 47.24893621288494], [-121.33753470550329, 47.24862455198307], [-121.33788224625488, 47.246800426212204], [-121.33821078810125, 47.246211981946644], [-121.3382143873739, 47.24612045144908], [-121.33873477146452, 47.2457646958585], [-121.33925515672678, 47.24540877770469], [-121.33925666636752, 47.24537367818583], [-121.33925811162808, 47.24534020731073], [-121.3393566157931, 47.245342156179156], [-121.33993071506835, 47.24535349990946], [-121.3399981674592, 47.24535488540267], [-121.3400623489729, 47.245334640712095], [-121.34024125396657, 47.24527821270909], [-121.34021759033203, 47.248940855136], [-121.33747524664737, 47.24893621288494]]]}, "properties": {"fid": 3337, "ogc_fid": 3337, "path": "/us/wa/kittitas/manastash-ridge/3337", "ll_uuid": "550e3225-2f11-4d41-b50b-d070b144c6e6", "owner": "USA (WNF)", "parcelnumb": "20-12-10000-0001"}, "id": 208}, {"type": "Feature", "geometry": {"type": "Polygon", "coordinates": [[[-121.36163234710693, 47.234896258466485], [-121.36165333813716, 47.23488879939032], [-121.36175399463717, 47.23489077513675], [-121.36187628583458, 47.234389839082], [-121.36204106258457, 47.233683438191655], [-121.3617655428811, 47.233037214641605], [-121.36169185042368, 47.23239497950548], [-121.36170174296925, 47.23216629081472], [-121.36163234710693, 47.23210912780725], [-121.36163234710693, 47.22787455651678], [-121.36459350585938, 47.22787455651678], [-121.36729717254639, 47.22790369964363], [-121.36746883392334, 47.230235097877056], [-121.36734008789062, 47.23183787467556], [-121.36725425720215, 47.23265381515384], [-121.36703968048096, 47.233498883120234], [-121.366868019104, 47.233965121747076], [-121.36665344238281, 47.23463533258678], [-121.3663101196289, 47.23524725682026], [-121.36592388153076, 47.23594659014887], [-121.3656234741211, 47.23641280724053], [-121.36545181274414, 47.236762467367384], [-121.36528015136719, 47.23705384904389], [-121.36515140533447, 47.23740350494063], [-121.36467933654785, 47.23839418411805], [-121.36433601379395, 47.238889516760736], [-121.36416435241699, 47.23923916054406], [-121.36399269104004, 47.23944311835214], [-121.36163234710693, 47.24232758042217], [-121.36163234710693, 47.234896258466485]]]}, "properties": {"fid": 3332, "ogc_fid": 3332, "path": "/us/wa/kittitas/manastash-ridge/3332", "ll_uuid": "901722fa-edc8-41bc-9959-19c45dc31e4c", "owner": "USA (WNF)", "parcelnumb": "20-11-11000-0001"}, "id": 210}, {"type": "Feature", "geometry": {"type": "MultiPolygon", "coordinates": [[[[-121.35200435171747, 47.242314455042795], [-121.35329994692725, 47.24159336808983], [-121.35370222230394, 47.2413694573033], [-121.35386745010045, 47.24144123316643], [-121.35501297343274, 47.24141821660353], [-121.35594604519923, 47.24164249154007], [-121.35692458454646, 47.24159326730708], [-121.35699154818785, 47.24159449626609], [-121.35746456812498, 47.24158315382762], [-121.35803639872, 47.24156943488156], [-121.35892075245131, 47.24135793450833], [-121.35898820174859, 47.2413593161307], [-121.35953692178296, 47.24111824436676], [-121.359640523034, 47.24105168507517], [-121.35974350313813, 47.24100789790209], [-121.35988960715643, 47.24073622235695], [-121.35996292940315, 47.24060030288399], [-121.35988516965021, 47.24004942912177], [-121.35985107448977, 47.239270648401295], [-121.35985693367722, 47.23913334161138], [-121.35970522884107, 47.23874135352455], [-121.35941910142003, 47.23834660359036], [-121.35942089453309, 47.23830083284359], [-121.35890913810698, 47.237672810230045], [-121.35876152694023, 47.237189282699866], [-121.35866329385571, 47.23711872258518], [-121.35881168035313, 47.236801279876666], [-121.35875416789428, 47.23657121709632], [-121.3597328954632, 47.23572083008381], [-121.36079875208549, 47.23519247302527], [-121.36163234710693, 47.234896258466485], [-121.36163234710693, 47.24232758042217], [-121.35200435171747, 47.242314455042795]]], [[[-121.36163234710693, 47.22787455651678], [-121.36163234710693, 47.23210912780725], [-121.36101850286003, 47.231603489832594], [-121.36072771382564, 47.23132304988426], [-121.3604924333178, 47.230517499890446], [-121.36049471922257, 47.23047173251877], [-121.36061764234671, 47.229947650368786], [-121.36072605217639, 47.228988559869464], [-121.36079706527336, 47.22889839772012], [-121.36126904126695, 47.2280838122404], [-121.36139378826488, 47.22787423055783], [-121.36163234710693, 47.22787455651678]]]]}, "properties": {"fid": 3333, "ogc_fid": 3333, "path": "/us/wa/kittitas/manastash-ridge/3333", "ll_uuid": "4f3cfef9-caf3-4974-b081-d322ff2ffe16", "owner": "USA (WNF)", "parcelnumb": "20-11-12000-0001"}, "id": 212}, {"type": "Feature", "geometry": {"type": "Polygon", "coordinates": [[[-121.33477087311509, 47.26189515903945], [-121.33399046620477, 47.26056983606803], [-121.33346398718194, 47.26028471038648], [-121.33339766185148, 47.26026050771854], [-121.33299791887846, 47.26016108228187], [-121.33293045176816, 47.2601596756021], [-121.3323472079596, 47.25962167936924], [-121.3320682728553, 47.25906675070081], [-121.33191491449628, 47.258720328123715], [-121.33180006313842, 47.25826035782168], [-121.33177224752424, 47.258122446580785], [-121.33180075536725, 47.257459406418334], [-121.33198260297303, 47.257142450883606], [-121.33290173534114, 47.25613097097397], [-121.3338504323497, 47.25521146347155], [-121.33435137321922, 47.25453473580481], [-121.3345557687665, 47.25447020472631], [-121.33542559689432, 47.253823883906925], [-121.33598638954405, 47.25330847988893], [-121.33605385346749, 47.253309888352476], [-121.33683663416677, 47.253119499916664], [-121.33716471481891, 47.2525308892077], [-121.33705757124217, 47.25188802235004], [-121.33738790466515, 47.25047548617642], [-121.33736070230653, 47.24953661112709], [-121.33747524664737, 47.24893621288494], [-121.34021759033203, 47.248940855136], [-121.34021759033203, 47.24955261415741], [-121.34026050567627, 47.25633975203516], [-121.33893013000488, 47.256368879507676], [-121.33893013000488, 47.2571261881688], [-121.33880138397217, 47.25718444223256], [-121.33820056915283, 47.25765047243553], [-121.33725643157959, 47.25933979753765], [-121.33708477020264, 47.26018443987675], [-121.33734226226807, 47.26097081890731], [-121.33893013000488, 47.26190280855948], [-121.33477087311509, 47.26189515903945]]]}, "properties": {"fid": 26073, "ogc_fid": 26073, "path": "/us/wa/kittitas/manastash-ridge/26073", "ll_uuid": "6faf64d9-e2bd-4fbb-a813-7c657e21f13d", "owner": "USA", "parcelnumb": "20-12-03000-0001"}, "id": 214}, {"type": "Feature", "geometry": {"type": "Polygon", "coordinates": [[[-121.4569902420044, 47.285430110154834], [-121.45480155944824, 47.285430110154834], [-121.45042419433594, 47.28540099867192], [-121.45033836364746, 47.28540099867192], [-121.44497394561768, 47.28537188717297], [-121.44497394561768, 47.28426563834199], [-121.44501686096191, 47.2779188164163], [-121.44505977630615, 47.27605538466969], [-121.44510269165039, 47.27358041292567], [-121.44510269165039, 47.27087237005446], [-121.4466905593872, 47.27087237005446], [-121.45136833190918, 47.2707850115257], [-121.4514970779419, 47.2707850115257], [-121.45583152770996, 47.27072677242643], [-121.45668983459473, 47.27072677242643], [-121.45922183990479, 47.27066853326306], [-121.46089553833008, 47.270639413657335], [-121.46381378173828, 47.270610294035606], [-121.4633846282959, 47.270988847868495], [-121.46329879760742, 47.27227008690417], [-121.46235466003418, 47.27296893148639], [-121.46265506744385, 47.27334746844858], [-121.46218299865723, 47.274250122585585], [-121.46218299865723, 47.274337475394645], [-121.46196842193604, 47.27535658084611], [-121.46098136901855, 47.276870644133595], [-121.46098136901855, 47.27750580036095], [-121.46067198097792, 47.278006163169266], [-121.46033763885498, 47.278006163169266], [-121.46003723144531, 47.278763162321695], [-121.46016597747803, 47.27925811745024], [-121.4602518081665, 47.27952015064375], [-121.46038055419922, 47.28059738458316], [-121.46020889282227, 47.28132523293658], [-121.45960807800293, 47.282111297911456], [-121.45943641662598, 47.28283912543736], [-121.45874977111816, 47.28379984243941], [-121.4582347869873, 47.28476054199456], [-121.45806385550819, 47.285456250861735], [-121.45791661484407, 47.28545524622001], [-121.4569902420044, 47.285430110154834]]]}, "properties": {"fid": 250583, "ll_uuid": "900f65a9-f7da-4aa0-825c-d843066ddd23", "ogc_fid": 250583, "owner": "US GOVERNMENT", "parcelnumb": "3021119001", "path": "/us/wa/king/enumclaw-plateau/250583"}, "id": 80}, {"type": "Feature", "geometry": {"type": "Polygon", "coordinates": [[[-121.51020526885986, 47.15447052585], [-121.51007652282715, 47.14915886886274], [-121.51007652282715, 47.14886700419197], [-121.50999069213867, 47.1454812568862], [-121.5099745497864, 47.14479504296439], [-121.5118053950059, 47.14456176758056], [-121.51287634849609, 47.14460892826858], [-121.51488627381273, 47.14495219203748], [-121.51736430803601, 47.14550173920105], [-121.51913994624924, 47.14609720368809], [-121.51974184986435, 47.14641784346644], [-121.51977568271091, 47.14650700237276], [-121.52001055387274, 47.146599878842245], [-121.5203105825036, 47.146897469018235], [-121.52031116337925, 47.14703352871304], [-121.5224533707657, 47.14888530368237], [-121.52332337864647, 47.149457880030155], [-121.52426127987363, 47.15085140420114], [-121.52459552247643, 47.15098966207204], [-121.52556759989497, 47.15085181297491], [-121.52663969904458, 47.15091665732988], [-121.52784522391403, 47.15098955358375], [-121.5278457962172, 47.150281771255806], [-121.52794946188286, 47.150052266963336], [-121.52797980112393, 47.14998513066873], [-121.52848159485181, 47.14984767429606], [-121.52881696004803, 47.14993928547067], [-121.52938695217745, 47.149847142958116], [-121.52968784054536, 47.149869827866304], [-121.53005610387731, 47.150053684584734], [-121.53096025144588, 47.151196567281055], [-121.53109374875598, 47.15160804689015], [-121.53109764043528, 47.15165959627721], [-121.53116104575152, 47.15249894073858], [-121.5312118277711, 47.152631079703845], [-121.53115657633563, 47.15576221557509], [-121.53090411136453, 47.15579405389905], [-121.53048016236558, 47.155710999865576], [-121.53021144872669, 47.15565268928658], [-121.52993580113416, 47.155702939807476], [-121.52987732832328, 47.15602885971896], [-121.52999009758273, 47.15626036818067], [-121.520676612854, 47.156338235111775], [-121.51132106781006, 47.156425782372736], [-121.5102481842041, 47.156454964761025], [-121.51020526885986, 47.15447052585]]]}, "properties": {"fid": 66838, "ogc_fid": 66838, "path": "/us/wa/king/enumclaw-plateau/66838", "ll_uuid": "10cfc7d3-3e93-4627-a86e-b96ef977b06e", "owner": "UNITED STATES", "parcelnumb": "1019109001"}, "id": 45}, {"type": "Feature", "geometry": {"type": "Polygon", "coordinates": [[[-121.5102481842041, 47.156454964761025], [-121.51007652282715, 47.16730970131579], [-121.48874759674072, 47.16730970131579], [-121.48887634277344, 47.16319566700565], [-121.48909091949463, 47.156309052659395], [-121.49964809417725, 47.156367417548125], [-121.5102481842041, 47.156454964761025]]]}, "properties": {"fid": 13890, "ogc_fid": 13890, "path": "/us/wa/king/enumclaw-plateau/13890", "ll_uuid": "6320e02c-17cd-4b4b-a411-a8deead10756", "owner": "UNITED STATES", "parcelnumb": "0219109001"}, "id": 55}, {"type": "Feature", "geometry": {"type": "Polygon", "coordinates": [[[-121.46793365478516, 47.148983750252626], [-121.46797520191986, 47.14576246867568], [-121.46812598350623, 47.14582689214615], [-121.46842525260081, 47.14592993776166], [-121.46860861013806, 47.14601341337585], [-121.46883465549016, 47.14612427537686], [-121.46904330065036, 47.14621712806628], [-121.4693077516421, 47.14628380026893], [-121.46964635319502, 47.14639612693118], [-121.4698715879469, 47.14646209763177], [-121.47016969495743, 47.14655625062127], [-121.47033815181949, 47.14664841000455], [-121.47046725101082, 47.14673129276124], [-121.47060368997556, 47.146831946425095], [-121.47069961398378, 47.14691407830794], [-121.4708200328837, 47.14696071600646], [-121.47095615142976, 47.14704354287427], [-121.47106165166196, 47.14709920621133], [-121.47125542748485, 47.14714658386286], [-121.47142475993502, 47.147176015454725], [-121.4715357937645, 47.147204219406305], [-121.47174483150226, 47.147207257387905], [-121.47182650070161, 47.14721094472675], [-121.47202639678287, 47.14721997478241], [-121.47226006707876, 47.147196070555765], [-121.47247651137306, 47.14716306381819], [-121.47272692173784, 47.14712119504871], [-121.47293400065593, 47.14707009352426], [-121.4730949794122, 47.14702727631223], [-121.47327977198806, 47.14696676216388], [-121.47356190708273, 47.14684441475749], [-121.47371503912284, 47.146756420292235], [-121.47382730073979, 47.14668588740055], [-121.47402082647272, 47.14655366638319], [-121.47420417127738, 47.14641194562942], [-121.47436515214275, 47.14631530198668], [-121.47460631583012, 47.14609356807501], [-121.47476650611824, 47.14595169883344], [-121.47495953930253, 47.14579205434083], [-121.4751202531008, 47.14562343787298], [-121.4753383986314, 47.14551843106138], [-121.47554747978418, 47.14541314407804], [-121.47573127861742, 47.14529849659372], [-121.47596348121819, 47.145193701875044], [-121.47610085764657, 47.145123317194404], [-121.47638178967492, 47.145046219850315], [-121.47665566172522, 47.14496884770919], [-121.47688064508056, 47.14490902985203], [-121.47707276705921, 47.14486626317382], [-121.47729824099953, 47.144833506510345], [-121.47747547044878, 47.14479979265165], [-121.47764412835619, 47.14479288612007], [-121.47782135949815, 47.14475950186538], [-121.47797279186028, 47.14468932887933], [-121.47816661842899, 47.144629082073834], [-121.47835860830112, 47.14452360526063], [-121.47870453985504, 47.144375006277976], [-121.47888112796326, 47.14430565723529], [-121.47896731026503, 47.14427598561056], [-121.47910775941985, 47.14422764107426], [-121.47934780628343, 47.14416767007768], [-121.47961261796125, 47.144144179691494], [-121.47984543576005, 47.14412953843921], [-121.48009518258974, 47.144105811195146], [-121.48036869090564, 47.144118233727085], [-121.48059259992044, 47.14416636844713], [-121.48065127373663, 47.14418747096464], [-121.48077062558818, 47.1442316973948], [-121.4808987203339, 47.144314237132946], [-121.4810691787617, 47.14440670051345], [-121.4811570917358, 47.14448856621827], [-121.4812121607016, 47.144588530753374], [-121.48119670853809, 47.14467811245336], [-121.48119684835957, 47.144741173028066], [-121.48128608954681, 47.14484153297114], [-121.48139793044862, 47.14496876447121], [-121.48148649276855, 47.14508694924036], [-121.48159228512073, 47.14526839214292], [-121.48168099535933, 47.14544963815305], [-121.48174459438333, 47.14557625341131], [-121.48183198069441, 47.14568553288695], [-121.48192223872279, 47.145785537348694], [-121.48201029991763, 47.14587699173961], [-121.48210704988671, 47.146004015178846], [-121.48221873347552, 47.14612267764722], [-121.4822838519927, 47.14622255266455], [-121.48232385105682, 47.14632194929838], [-121.48233989233958, 47.146430120850965], [-121.48236313100179, 47.146547492587864], [-121.48238873576263, 47.146628848645975], [-121.4824083441494, 47.146691669084724], [-121.48242820514629, 47.14675532309786], [-121.48247693297444, 47.146836828977285], [-121.48251694056388, 47.146882413384034], [-121.48258191244567, 47.14691922414124], [-121.48265376453004, 47.14694706497718], [-121.48276749977401, 47.146957757864044], [-121.48287099612128, 47.14695891740073], [-121.48294406895627, 47.14694219425232], [-121.48302412266936, 47.146925054558906], [-121.48312145189882, 47.14686356801418], [-121.48324845959345, 47.14677508755814], [-121.4834171657431, 47.1466601963332], [-121.48358688096765, 47.14654565250663], [-121.48373046840821, 47.146430635361895], [-121.48387437696822, 47.14633343091599], [-121.48410775148238, 47.1461837316059], [-121.48438987357086, 47.14600722074957], [-121.48467082547899, 47.14582212978999], [-121.48484806412009, 47.145734587038504], [-121.48508077347063, 47.145602357038996], [-121.48528933785907, 47.14547035663117], [-121.48544228301877, 47.14537340238991], [-121.48550681693204, 47.145339344960604], [-121.4856422965818, 47.14526784411395], [-121.48589960384939, 47.14521732005301], [-121.48608569887372, 47.14517494868843], [-121.48634280383571, 47.145169327880545], [-121.48655066965227, 47.145163102067336], [-121.48674378184454, 47.14517447469878], [-121.48702517168984, 47.14523239598757], [-121.48732260905555, 47.14529018044253], [-121.48748273844808, 47.14531039860016], [-121.48762761267601, 47.145321153552636], [-121.4878473191059, 47.145302835314155], [-121.48807766562165, 47.145317307821024], [-121.48819733650403, 47.145323143465596], [-121.48832948940233, 47.145353203702776], [-121.48848529400242, 47.14541114970589], [-121.48863492033453, 47.14551647168817], [-121.48873399592594, 47.1456595924314], [-121.48886683487105, 47.145834624496224], [-121.48904800415039, 47.14594562423427], [-121.48904800415039, 47.149042123186774], [-121.48909091949463, 47.156309052659395], [-121.47849082946777, 47.156367417548125], [-121.4738130569458, 47.156396599968446], [-121.46784782409668, 47.156425782372736], [-121.46793365478516, 47.148983750252626]]]}, "properties": {"fid": 83974, "ogc_fid": 83974, "path": "/us/wa/king/enumclaw-plateau/83974", "ll_uuid": "49d4df3b-1f31-4a5e-a62b-a52952effea2", "owner": "UNITED STATES", "parcelnumb": "1219109001"}, "id": 56}, {"type": "Feature", "geometry": {"type": "Polygon", "coordinates": [[[-121.453857421875, 47.13516388803521], [-121.45399194333764, 47.13508140129682], [-121.45421084902343, 47.13496444506182], [-121.45432033601652, 47.13490594266287], [-121.45457733130884, 47.13478350933236], [-121.45481889711294, 47.13469686918485], [-121.45502069341438, 47.134690390037335], [-121.455156484046, 47.13470127127854], [-121.4553028133609, 47.13473912782317], [-121.45546100032031, 47.13482247502205], [-121.45558280024856, 47.13494999886827], [-121.45566204791332, 47.13511318358874], [-121.45576019627346, 47.13526729695961], [-121.45585700105643, 47.135457738964945], [-121.45595169074747, 47.1355848002151], [-121.45611363500242, 47.13576717631196], [-121.45622656119342, 47.13590368427385], [-121.45631457221994, 47.135994812119556], [-121.45636239010896, 47.13608524422782], [-121.45636182849229, 47.13616648332492], [-121.45635452800838, 47.13626525463479], [-121.45632329349944, 47.13637279352031], [-121.45631384032379, 47.13646267482847], [-121.45632315522643, 47.13653491720093], [-121.45636245571785, 47.13659833562335], [-121.45643624188217, 47.13668033411229], [-121.45660475519293, 47.13683556829633], [-121.45674093751481, 47.136981479255326], [-121.45685255122396, 47.13709984179774], [-121.45694993324864, 47.137209049919555], [-121.45697415410224, 47.13727260106899], [-121.45703069602524, 47.13734514145253], [-121.45711104507782, 47.13740034377553], [-121.45717529522277, 47.13745499026703], [-121.45726383406043, 47.13751937521142], [-121.45736074696461, 47.13760152792068], [-121.45745696271848, 47.13770183477365], [-121.45761658097945, 47.13786605525546], [-121.45773105837858, 47.13797547462564], [-121.45785000631386, 47.138112272922584], [-121.45795421888387, 47.138266670565805], [-121.45803483556232, 47.13839350755021], [-121.45810855401015, 47.13858346692141], [-121.45815527591999, 47.13878221237234], [-121.45822093378926, 47.13897189932184], [-121.45830035409325, 47.13914399568521], [-121.45838211672948, 47.139280056356206], [-121.45851765334638, 47.13944379693093], [-121.45859828444465, 47.13957097342415], [-121.45874285312111, 47.139734985172254], [-121.45883984062515, 47.13993434071568], [-121.45885580758078, 47.14004250607445], [-121.45887968237174, 47.14014171153018], [-121.45886336527516, 47.14024055409318], [-121.45882271837651, 47.14038382346972], [-121.4588079329175, 47.140455570093216], [-121.45884855173618, 47.14053715661992], [-121.45890478220969, 47.14059188215274], [-121.45896973148645, 47.140628696352735], [-121.45906515572715, 47.14068411499434], [-121.45924111892198, 47.140749493970915], [-121.45941844248048, 47.14083302691926], [-121.45954753547169, 47.14086176709287], [-121.45970747630446, 47.14087277458123], [-121.45980976183769, 47.14086699734959], [-121.4598359223283, 47.14086552159783], [-121.46003774692522, 47.140859061544724], [-121.46019869846542, 47.14087040270602], [-121.4603192761604, 47.140871803880394], [-121.46050453986382, 47.14083838207751], [-121.46068878991498, 47.140804985492046], [-121.46088160583564, 47.140744426987354], [-121.4609305895217, 47.1407281752256], [-121.46119420945857, 47.140640714413514], [-121.4613558984733, 47.14058006848178], [-121.46157280398846, 47.14051999665133], [-121.46172490991425, 47.14048583844356], [-121.46186961195947, 47.140487711978906], [-121.46194211100234, 47.14049774101075], [-121.46206385240758, 47.1405083776201], [-121.46211960800632, 47.14053635788755], [-121.46215171616583, 47.140590584554445], [-121.46217564505041, 47.14063597419543], [-121.46219115997614, 47.14071706865405], [-121.46221553060177, 47.1408433498537], [-121.46222425482944, 47.141050638533514], [-121.46223988241968, 47.14119480178623], [-121.46226500504604, 47.14142011946849], [-121.46233674399672, 47.141598801388106], [-121.46231174468994, 47.14159905709124], [-121.45729064941406, 47.14165743813507], [-121.453857421875, 47.14171581911481], [-121.453857421875, 47.13516388803521]]]}, "properties": {"fid": 142610, "ogc_fid": 142610, "path": "/us/wa/king/enumclaw-plateau/142610", "ll_uuid": "e3faf807-5b74-49fc-92c9-d3795a515c9c", "owner": "UNITED STATES", "parcelnumb": "1819119001"}, "id": 57}, {"type": "Feature", "geometry": {"type": "MultiPolygon", "coordinates": [[[[-121.50643673515054, 47.145460508502836], [-121.50760433891514, 47.145110718534994], [-121.50768375929422, 47.14508692183304], [-121.5099745497864, 47.14479504296439], [-121.50999069213867, 47.1454812568862], [-121.50643673515054, 47.145460508502836]]], [[[-121.49999141693115, 47.14542288004145], [-121.49528863931037, 47.14542288004145], [-121.49533357454271, 47.14535939650661], [-121.49637226597824, 47.14502381706697], [-121.49683944257221, 47.144951969720104], [-121.49780543774078, 47.14480340106538], [-121.49867478338273, 47.144736427119376], [-121.49941956540127, 47.14496767665365], [-121.4998179301991, 47.145320679517795], [-121.50002981984136, 47.14542310424177], [-121.49999141693115, 47.14542288004145]]]]}, "properties": {"fid": 76127, "ogc_fid": 76127, "path": "/us/wa/king/enumclaw-plateau/76127", "ll_uuid": "f192b9ce-f15e-42d7-ae5c-f837de75fd9e", "owner": "US DEPT OF AGRICULTURE", "parcelnumb": "1119109011"}, "id": 58}, {"type": "Feature", "geometry": {"type": "Polygon", "coordinates": [[[-121.46771907806396, 47.163254024329916], [-121.46767616271973, 47.16730970131579], [-121.453857421875, 47.16730970131579], [-121.453857421875, 47.16144491746934], [-121.4549732208252, 47.16062788127459], [-121.45647525787354, 47.1592563994154], [-121.45716190338135, 47.157855700550755], [-121.45716190338135, 47.157826518931756], [-121.45720481872559, 47.15683433435012], [-121.45720481872559, 47.15680515217022], [-121.45741939544678, 47.156367417548125], [-121.46784782409668, 47.156425782372736], [-121.46771907806396, 47.163254024329916]]]}, "properties": {"fid": 39752, "ogc_fid": 39752, "path": "/us/wa/king/enumclaw-plateau/39752", "ll_uuid": "6ed486f0-8a78-4aa7-8244-7e690e085857", "owner": "UNITED STATES", "parcelnumb": "0619119001"}, "id": 63}, {"type": "Feature", "geometry": {"type": "Polygon", "coordinates": [[[-121.53114795684814, 47.16730970131579], [-121.53114795684814, 47.16642330354371], [-121.53116328865384, 47.16641975102884], [-121.53127267051035, 47.166416028336755], [-121.53140543722706, 47.166491361438055], [-121.53162155808317, 47.166621008962274], [-121.53184201792864, 47.167076569455304], [-121.53209652256206, 47.16730970131579], [-121.53114795684814, 47.16730970131579]]]}, "properties": {"fid": 27804, "ogc_fid": 27804, "path": "/us/wa/king/enumclaw-plateau/27804", "ll_uuid": "21f64c1a-84e3-4b73-8f8c-e1c367d16b45", "owner": "UNITED STATES", "parcelnumb": "0419109001"}, "id": 81}, {"type": "Feature", "geometry": {"type": "Polygon", "coordinates": [[[-121.47158145904541, 47.238569007932455], [-121.46621704101562, 47.23853987067011], [-121.46621704101562, 47.23816108480153], [-121.46625995635986, 47.23734522911806], [-121.4663028717041, 47.235859173987535], [-121.46634578704834, 47.23495586520937], [-121.46643161773682, 47.231400758537546], [-121.47175312042236, 47.231400758537546], [-121.47171020507812, 47.23498500444259], [-121.47158145904541, 47.238569007932455]]]}, "properties": {"fid": 84334, "ogc_fid": 84334, "path": "/us/wa/king/enumclaw-plateau/84334", "ll_uuid": "1d81f281-c868-421d-9fc3-39791e70ae8c", "owner": "UNITED STATES", "parcelnumb": "1220109008"}, "id": 84}, {"type": "Feature", "geometry": {"type": "Polygon", "coordinates": [[[-121.45806312561035, 47.285430110154834], [-121.45480155944824, 47.285430110154834], [-121.453857421875, 47.28540099867192], [-121.453857421875, 47.270755891984095], [-121.45583152770996, 47.27072677242643], [-121.45668983459473, 47.27072677242643], [-121.45922183990479, 47.27069765285276], [-121.46089553833008, 47.27066853326306], [-121.46381378173828, 47.270610294035606], [-121.4633846282959, 47.270988847868495], [-121.46329879760742, 47.27227008690417], [-121.46235466003418, 47.27296893148639], [-121.46265506744385, 47.27337658656427], [-121.46218299865723, 47.274250122585585], [-121.46218299865723, 47.274337475394645], [-121.46196842193604, 47.27535658084611], [-121.46098136901855, 47.276870644133595], [-121.46098136901855, 47.27750580036095], [-121.46067198097792, 47.278006163169266], [-121.46033763885498, 47.278006163169266], [-121.46003723144531, 47.278763162321695], [-121.46016597747803, 47.27925811745024], [-121.4602518081665, 47.27952015064375], [-121.46038055419922, 47.28059738458316], [-121.46020889282227, 47.28132523293658], [-121.45960807800293, 47.282111297911456], [-121.45943641662598, 47.28283912543736], [-121.45874977111816, 47.28379984243941], [-121.4582347869873, 47.28476054199456], [-121.45806312561035, 47.285430110154834]]]}, "properties": {"fid": 250583, "ogc_fid": 250583, "path": "/us/wa/king/enumclaw-plateau/250583", "ll_uuid": "900f65a9-f7da-4aa0-825c-d843066ddd23", "owner": "US GOVERNMENT", "parcelnumb": "3021119001"}, "id": 86}, {"type": "Feature", "geometry": {"type": "Polygon", "coordinates": [[[-121.48630142211914, 47.269329014817686], [-121.48613028700662, 47.26932782987613], [-121.48500040067236, 47.26931753881968], [-121.48500033194355, 47.26931753850432], [-121.4849307699179, 47.26931690369066], [-121.48219836623234, 47.269291949318585], [-121.48208362009656, 47.26929067977771], [-121.47999286651611, 47.26769825095229], [-121.47977828979492, 47.26752352327239], [-121.47982120513916, 47.26729055213528], [-121.47977828979492, 47.266824606784894], [-121.47947788238525, 47.266678998021746], [-121.47883415222168, 47.26647514508042], [-121.47853374481201, 47.26624216932905], [-121.47844791412354, 47.26606743684263], [-121.47814750671387, 47.26598007038308], [-121.47793292999268, 47.26598007038308], [-121.47724628448486, 47.266358657332944], [-121.47724095131653, 47.266358657332944], [-121.47700355709678, 47.26628144105641], [-121.4769458770752, 47.26626280545409], [-121.4769458770752, 47.26624216932905], [-121.4768820051317, 47.26624216932905], [-121.47684009026156, 47.26622862722505], [-121.47655963897705, 47.26603831470544], [-121.47651672363281, 47.26603831470544], [-121.47608757019043, 47.2656597254645], [-121.47591590881348, 47.2656597254645], [-121.4752721786499, 47.26603831470544], [-121.47522926330566, 47.26603831470544], [-121.47188186645508, 47.266941093507], [-121.47188186645508, 47.266970215147495], [-121.46960735321045, 47.26860100144333], [-121.46956443786621, 47.268659242881796], [-121.46956443786621, 47.2687466049193], [-121.46965026855469, 47.26883396681259], [-121.46952152252197, 47.26900869016666], [-121.46934986114502, 47.26900869016666], [-121.4692211151123, 47.26903781066957], [-121.46896362304688, 47.26915429252108], [-121.46894477142374, 47.26916708438483], [-121.46746059852106, 47.26915271434682], [-121.4666929833123, 47.269146971257015], [-121.46659441647536, 47.26914623367137], [-121.46659444740457, 47.2691547130233], [-121.46656036376953, 47.26915429252108], [-121.46647453308105, 47.263359009545866], [-121.46647453308105, 47.2629804011427], [-121.46643161773682, 47.26263091405957], [-121.46634578704834, 47.25791261262219], [-121.46634578704834, 47.256135859279084], [-121.46673202514648, 47.256106731678386], [-121.46810531616211, 47.256135859279084], [-121.47707462310791, 47.25633975203516], [-121.47724628448486, 47.25633975203516], [-121.47922039031982, 47.256368879507676], [-121.48364067077637, 47.256456261829044], [-121.48780345916748, 47.2565436440062], [-121.48784637451172, 47.257854359359555], [-121.48784937041785, 47.25821017353277], [-121.48783246706586, 47.25821345166841], [-121.48789885461812, 47.2643792064667], [-121.48793211212438, 47.26934423979878], [-121.4878583890887, 47.269343569509], [-121.48634414490886, 47.269329777703696], [-121.48630142211914, 47.269329014817686]]]}, "properties": {"fid": 306964, "ogc_fid": 306964, "path": "/us/wa/king/enumclaw-plateau/306964", "ll_uuid": "e402a56e-0cc5-41ff-998f-d92c5a22712b", "owner": "US GOVERNMENT", "parcelnumb": "3621109001"}, "id": 91}, {"type": "Feature", "geometry": {"type": "Polygon", "coordinates": [[[-121.48780345916748, 47.24224017478795], [-121.485915184021, 47.242211039544486], [-121.48218154907227, 47.242211039544486], [-121.4769458770752, 47.24218190428505], [-121.46613121032715, 47.24212363371802], [-121.46613121032715, 47.24209449841047], [-121.46621704101562, 47.238627282409084], [-121.46621704101562, 47.23853987067011], [-121.47158145904541, 47.238569007932455], [-121.47171020507812, 47.23498500444259], [-121.47175312042236, 47.231400758537546], [-121.46643161773682, 47.231400758537546], [-121.46643161773682, 47.23125505235703], [-121.46656036376953, 47.22781627021496], [-121.47720336914062, 47.22778712703999], [-121.48788928985596, 47.227757983849045], [-121.48784637451172, 47.235014143659754], [-121.48780345916748, 47.24224017478795]]]}, "properties": {"fid": 84333, "ogc_fid": 84333, "path": "/us/wa/king/enumclaw-plateau/84333", "ll_uuid": "d81ad476-e59b-4053-9832-aa0ef9968256", "owner": "UNITED STATES", "parcelnumb": "1220109001"}, "id": 97}, {"type": "Feature", "geometry": {"type": "Polygon", "coordinates": [[[-121.50960445404053, 47.19892752338427], [-121.49896144866943, 47.19889836432938], [-121.48831844329834, 47.19884004617157], [-121.48818969726562, 47.191578934752954], [-121.48810386657715, 47.18431682976265], [-121.49878978729248, 47.18443349793617], [-121.50951862335205, 47.18452099889805], [-121.50960445404053, 47.19892752338427]]]}, "properties": {"fid": 215535, "ogc_fid": 215535, "path": "/us/wa/king/enumclaw-plateau/215535", "ll_uuid": "0f07533a-e942-4cca-8d52-95a3fe7f2f12", "owner": "UNITED STATES", "parcelnumb": "2620109001"}, "id": 103}, {"type": "Feature", "geometry": {"type": "Polygon", "coordinates": [[[-121.45544528961182, 47.18315013392504], [-121.45544528961182, 47.18312096620059], [-121.45540237426758, 47.18233343158249], [-121.45493030548096, 47.18175006507417], [-121.4544153213501, 47.180524974541385], [-121.45445823669434, 47.17941653493864], [-121.453857421875, 47.179037326604146], [-121.453857421875, 47.17008138875107], [-121.45707607269287, 47.17008138875107], [-121.46677494049072, 47.170110563639014], [-121.46677494049072, 47.17725792824933], [-121.46681785583496, 47.184404330916834], [-121.46600246429443, 47.184404330916834], [-121.45668983459473, 47.18443349793617], [-121.45493030548096, 47.18443349793617], [-121.454758644104, 47.18408349264641], [-121.45471572875977, 47.18402515820708], [-121.45518779754639, 47.18350014536861], [-121.4553165435791, 47.183354307547575], [-121.45544528961182, 47.18315013392504]]]}, "properties": {"fid": 256086, "ogc_fid": 256086, "path": "/us/wa/king/enumclaw-plateau/256086", "ll_uuid": "67b5e7d6-6b83-434f-b6f4-945ff55fdc46", "owner": "UNITED STATES", "parcelnumb": "3120119002"}, "id": 105}, {"type": "Feature", "geometry": {"type": "Polygon", "coordinates": [[[-121.50964736938477, 47.20035629744277], [-121.50960445404053, 47.19892752338427], [-121.50951862335205, 47.18452099889805], [-121.51990413665771, 47.184637666622905], [-121.53028964996338, 47.184783500918314], [-121.53028964996338, 47.188020919106094], [-121.53033256530762, 47.19315371798626], [-121.51994705200195, 47.19312455575846], [-121.52003288269043, 47.20029798088743], [-121.51479721069336, 47.20032713917311], [-121.50964736938477, 47.20035629744277]]]}, "properties": {"fid": 220682, "ogc_fid": 220682, "path": "/us/wa/king/enumclaw-plateau/220682", "ll_uuid": "f1fb70e1-dc74-4a59-876d-4293903238d3", "owner": "UNITED STATES", "parcelnumb": "2720109001"}, "id": 106}, {"type": "Feature", "geometry": {"type": "Polygon", "coordinates": [[[-121.51132106781006, 47.156425782372736], [-121.5102481842041, 47.156425782372736], [-121.51020526885986, 47.15444134237194], [-121.51016235351562, 47.15236927446392], [-121.53115125057025, 47.15236927446392], [-121.53116104575152, 47.15249894073858], [-121.5312271183429, 47.152670867021335], [-121.5311587646605, 47.15576193960573], [-121.53090411136453, 47.15579405389905], [-121.53048016236558, 47.155710999865576], [-121.53021144872669, 47.15565268928658], [-121.52993580113416, 47.155702939807476], [-121.52987732832328, 47.15602885971896], [-121.52999009758273, 47.15626036818067], [-121.520676612854, 47.156338235111775], [-121.51132106781006, 47.156425782372736]]]}, "properties": {"fid": 66838, "ogc_fid": 66838, "path": "/us/wa/king/enumclaw-plateau/66838", "ll_uuid": "10cfc7d3-3e93-4627-a86e-b96ef977b06e", "owner": "UNITED STATES", "parcelnumb": "1019109001"}, "id": 108}, {"type": "Feature", "geometry": {"type": "Polygon", "coordinates": [[[-121.45999431610107, 47.19884004617157], [-121.46012306213379, 47.198577613668135], [-121.46012306213379, 47.19851929515775], [-121.45913600921631, 47.197177951727895], [-121.45874977111816, 47.19668222927032], [-121.45862102508545, 47.196332304747244], [-121.45814895629883, 47.195136711882355], [-121.45793437957764, 47.194553486075506], [-121.45771980285645, 47.19402857736878], [-121.45741939544678, 47.19367863534646], [-121.45690441131592, 47.193095393514625], [-121.45638942718506, 47.192687120418384], [-121.45613193511963, 47.19219135600747], [-121.4558744430542, 47.19166642393628], [-121.4558744430542, 47.191637260891184], [-121.45578861236572, 47.190616544217505], [-121.45578861236572, 47.19041239852703], [-121.45591735839844, 47.18950831531629], [-121.45596027374268, 47.18912917906408], [-121.45544528961182, 47.187525111106766], [-121.4549732208252, 47.18606682544291], [-121.45510196685791, 47.18565849827769], [-121.45514488220215, 47.18539600058429], [-121.4553165435791, 47.184958501544], [-121.45493030548096, 47.1844626649395], [-121.45493030548096, 47.18443349793617], [-121.45668983459473, 47.18443349793617], [-121.46600246429443, 47.184404330916834], [-121.46681785583496, 47.184404330916834], [-121.46681785583496, 47.19881088706859], [-121.45999431610107, 47.19884004617157]]]}, "properties": {"fid": 250083, "ogc_fid": 250083, "path": "/us/wa/king/enumclaw-plateau/250083", "ll_uuid": "74ec6765-561c-40d2-abe3-69438c2a9a7d", "owner": "UNITED STATES", "parcelnumb": "3020119001"}, "id": 122}, {"type": "Feature", "geometry": {"type": "Polygon", "coordinates": [[[-121.50999069213867, 47.170256437838475], [-121.50908946990967, 47.170227263030625], [-121.49930477142334, 47.17016891336689], [-121.49853229522705, 47.17016891336689], [-121.48861885070801, 47.170110563639014], [-121.48887634277344, 47.16319566700565], [-121.48909091949463, 47.156309052659395], [-121.49964809417725, 47.156367417548125], [-121.5102481842041, 47.156425782372736], [-121.50999069213867, 47.170256437838475]]]}, "properties": {"fid": 13890, "ogc_fid": 13890, "path": "/us/wa/king/enumclaw-plateau/13890", "ll_uuid": "6320e02c-17cd-4b4b-a411-a8deead10756", "owner": "UNITED STATES", "parcelnumb": "0219109001"}, "id": 130}, {"type": "Feature", "geometry": {"type": "Polygon", "coordinates": [[[-121.48818969726562, 47.191578934752954], [-121.48831844329834, 47.19884004617157], [-121.47758960723877, 47.19884004617157], [-121.47218227386475, 47.19881088706859], [-121.46681785583496, 47.19881088706859], [-121.46681785583496, 47.184404330916834], [-121.47746086120605, 47.18437516388147], [-121.48810386657715, 47.18431682976265], [-121.48818969726562, 47.191578934752954]]]}, "properties": {"fid": 203724, "ogc_fid": 203724, "path": "/us/wa/king/enumclaw-plateau/203724", "ll_uuid": "5633e4ce-f024-4ae2-8da6-bd761a0cfbea", "owner": "UNITED STATES", "parcelnumb": "2520109001"}, "id": 132}, {"type": "Feature", "geometry": {"type": "Polygon", "coordinates": [[[-121.46784782409668, 47.156396599968446], [-121.46793365478516, 47.15236927446392], [-121.48909091949463, 47.15236927446392], [-121.48909091949463, 47.156309052659395], [-121.47849082946777, 47.156367417548125], [-121.4738130569458, 47.156367417548125], [-121.46784782409668, 47.156396599968446]]]}, "properties": {"fid": 83974, "ogc_fid": 83974, "path": "/us/wa/king/enumclaw-plateau/83974", "ll_uuid": "49d4df3b-1f31-4a5e-a62b-a52952effea2", "owner": "UNITED STATES", "parcelnumb": "1219109001"}, "id": 137}, {"type": "Feature", "geometry": {"type": "Polygon", "coordinates": [[[-121.4882755279541, 47.202572279048894], [-121.48831844329834, 47.19884004617157], [-121.49896144866943, 47.19889836432938], [-121.50960445404053, 47.19892752338427], [-121.50964736938477, 47.20035629744277], [-121.50948772129682, 47.202905294851824], [-121.49838036250601, 47.20271290034066], [-121.49837528134307, 47.20282230498725], [-121.4882755279541, 47.202572279048894]]]}, "properties": {"fid": 186397, "ogc_fid": 186397, "path": "/us/wa/king/enumclaw-plateau/186397", "ll_uuid": "1e43624d-8154-46f0-bb7d-aa15916b4060", "owner": "UNITED STATES", "parcelnumb": "2320109011"}, "id": 140}, {"type": "Feature", "geometry": {"type": "Polygon", "coordinates": [[[-121.53028964996338, 47.184783500918314], [-121.51990413665771, 47.184637666622905], [-121.50951862335205, 47.18452099889805], [-121.50908946990967, 47.170227263030625], [-121.50999069213867, 47.170256437838475], [-121.51986122131348, 47.17031478740603], [-121.52054786682129, 47.17031478740603], [-121.53063297271729, 47.17037313690955], [-121.53028964996338, 47.184783500918314]]]}, "properties": {"fid": 290612, "ogc_fid": 290612, "path": "/us/wa/king/enumclaw-plateau/290612", "ll_uuid": "ebdc9de1-1e38-476e-92ee-57c3a54a0faa", "owner": "US GOVERNMENT", "parcelnumb": "3420109001"}, "id": 143}, {"type": "Feature", "geometry": {"type": "Polygon", "coordinates": [[[-121.50951862335205, 47.18452099889805], [-121.49878978729248, 47.18443349793617], [-121.48810386657715, 47.18431682976265], [-121.48801803588867, 47.177228757287736], [-121.48797512054443, 47.170110563639014], [-121.48861885070801, 47.170110563639014], [-121.49853229522705, 47.17016891336689], [-121.49930477142334, 47.17016891336689], [-121.50908946990967, 47.170227263030625], [-121.50951862335205, 47.18452099889805]]]}, "properties": {"fid": 298373, "ogc_fid": 298373, "path": "/us/wa/king/enumclaw-plateau/298373", "ll_uuid": "be31f016-d876-496a-b2e4-fae66afe0e4a", "owner": "UNITED STATES", "parcelnumb": "3520109001"}, "id": 145}, {"type": "Feature", "geometry": {"type": "Polygon", "coordinates": [[[-121.46759033203125, 47.170139738510954], [-121.46677494049072, 47.170110563639014], [-121.45707607269287, 47.17008138875107], [-121.453857421875, 47.17008138875107], [-121.453857421875, 47.16147409710106], [-121.4549732208252, 47.16062788127459], [-121.45647525787354, 47.1592563994154], [-121.45716190338135, 47.157855700550755], [-121.45716190338135, 47.157826518931756], [-121.45720481872559, 47.15680515217022], [-121.45741939544678, 47.156338235111775], [-121.46784782409668, 47.156396599968446], [-121.46771907806396, 47.163254024329916], [-121.46759033203125, 47.170139738510954]]]}, "properties": {"fid": 39752, "ogc_fid": 39752, "path": "/us/wa/king/enumclaw-plateau/39752", "ll_uuid": "6ed486f0-8a78-4aa7-8244-7e690e085857", "owner": "UNITED STATES", "parcelnumb": "0619119001"}, "id": 152}, {"type": "Feature", "geometry": {"type": "Polygon", "coordinates": [[[-121.53153419494629, 47.17037313690955], [-121.53114795684814, 47.17037313690955], [-121.53114795684814, 47.16642330354371], [-121.53116328865384, 47.16641975102884], [-121.53127267051035, 47.166416028336755], [-121.53140543722706, 47.166491361438055], [-121.53162155808317, 47.166621008962274], [-121.53184201792864, 47.167076569455304], [-121.53222538374177, 47.16742774100005], [-121.53215937353153, 47.16775587084546], [-121.53236214520967, 47.1679495021358], [-121.5326610386109, 47.16808753795702], [-121.53313103928609, 47.16811587077311], [-121.53336437322444, 47.1683775373354], [-121.53358270583473, 47.168765871237255], [-121.53390770641799, 47.16963753758746], [-121.53395604035364, 47.16991587170865], [-121.53381937480113, 47.17033253799416], [-121.5338399564322, 47.1703937619477], [-121.53153419494629, 47.17037313690955]]]}, "properties": {"fid": 27804, "ogc_fid": 27804, "path": "/us/wa/king/enumclaw-plateau/27804", "ll_uuid": "21f64c1a-84e3-4b73-8f8c-e1c367d16b45", "owner": "UNITED STATES", "parcelnumb": "0419109001"}, "id": 259}, {"type": "Feature", "geometry": {"type": "MultiPolygon", "coordinates": [[[[-121.42004013061523, 47.12723537259123], [-121.42008124968689, 47.125081152822524], [-121.42016673248332, 47.1250990591503], [-121.42054369501673, 47.12517625583087], [-121.42083378267156, 47.12522535653101], [-121.42117124576956, 47.12528402569654], [-121.42141139665974, 47.12535031753795], [-121.42182998648461, 47.12545527697903], [-121.4221265707912, 47.12553107028465], [-121.42242477310391, 47.12564316476873], [-121.42264175774157, 47.125763100111165], [-121.42281856666085, 47.12588268117869], [-121.42295449083203, 47.12601938035132], [-121.42310640424694, 47.126210443705844], [-121.42328498461517, 47.126374909590815], [-121.4234370609146, 47.12645801082727], [-121.4235811048887, 47.12654116436408], [-121.42382206522552, 47.12665235164263], [-121.42409554662713, 47.1267283111266], [-121.42436051876079, 47.1267769156796], [-121.42460881915606, 47.12678931387949], [-121.42485676681521, 47.12679260507137], [-121.4249152254091, 47.12679338135851], [-121.42520493545433, 47.12676124705328], [-121.42531410184395, 47.12674341349106], [-121.4252758026123, 47.12726457100666], [-121.42004013061523, 47.12723537259123]]], [[[-121.41814551711632, 47.12361464485713], [-121.41814650461482, 47.1235953900164], [-121.41817147848339, 47.1234697529549], [-121.41820254497206, 47.12340745923885], [-121.41826684656513, 47.123408322873544], [-121.41832300734636, 47.12346306854373], [-121.41834780404527, 47.12356226144832], [-121.41835498626186, 47.12361464485713], [-121.41814551711632, 47.12361464485713]]], [[[-121.41749366754054, 47.12361464485713], [-121.41750342448437, 47.12357754093043], [-121.4175274047652, 47.123451904711295], [-121.41755159832138, 47.12339825507953], [-121.41763235801008, 47.12336333203731], [-121.41768102303855, 47.12339104083583], [-121.41773704174648, 47.12343687022909], [-121.41775515554374, 47.12361464485713], [-121.41749366754054, 47.12361464485713]]], [[[-121.4148473739624, 47.12361464485713], [-121.4148473739624, 47.12153259029606], [-121.41485366604533, 47.1215431023323], [-121.41493284033554, 47.121652493268634], [-121.41503814272052, 47.12176168175016], [-121.41514979950739, 47.12188932718183], [-121.41527069027676, 47.12197199607442], [-121.41537422665616, 47.122036308439306], [-121.41556806909662, 47.12215610114178], [-121.4157757412683, 47.12232102725818], [-121.41595384674235, 47.122458427661364], [-121.41607351539204, 47.12258600599408], [-121.41619434629321, 47.12272283181975], [-121.416298629438, 47.122832029929725], [-121.41645116174183, 47.12294221988512], [-121.41656303840018, 47.12302460987594], [-121.41669268401289, 47.12308939496533], [-121.41678949364739, 47.12317191775457], [-121.41688461425045, 47.12327225954729], [-121.41695644954217, 47.12336320624685], [-121.41699763671338, 47.12348079832056], [-121.41702929267981, 47.12357102567015], [-121.41702893597247, 47.123573684104976], [-121.41702330020476, 47.12361464485713], [-121.4148473739624, 47.12361464485713]]], [[[-121.4095687866211, 47.12002287306751], [-121.40961112178965, 47.11702679786134], [-121.40972912703377, 47.11709871917199], [-121.4099053270793, 47.11724540522411], [-121.41009071121044, 47.11740092017056], [-121.41045176713918, 47.11772985748955], [-121.41056376937479, 47.117821173577795], [-121.41073364360649, 47.11794973998203], [-121.41084518928947, 47.11801432520988], [-121.41099043393297, 47.11805223971167], [-121.4111906812745, 47.11813601079774], [-121.41131168598493, 47.11816452995756], [-121.41150474025173, 47.11823944314008], [-121.41164040183504, 47.11830417651008], [-121.41180952320249, 47.118387500315535], [-121.41194573822662, 47.118425498373455], [-121.41216259979628, 47.11848239977357], [-121.41235550479877, 47.11854805498301], [-121.41254868387195, 47.1185688151784], [-121.41269222923906, 47.11862457366337], [-121.41282061809626, 47.1187345992794], [-121.41292466939204, 47.11888904476882], [-121.41307877629234, 47.11903486872289], [-121.41322345905726, 47.11921709172886], [-121.41335865115101, 47.119371962696604], [-121.413439054896, 47.119436115998234], [-121.41360005864229, 47.1195733133852], [-121.41372990943879, 47.11971006331098], [-121.41390574041998, 47.119892395379736], [-121.41403548783556, 47.12002287306751], [-121.4095687866211, 47.12002287306751]]], [[[-121.40695095062256, 47.11640165442674], [-121.40682220458984, 47.11616801895477], [-121.40673637390137, 47.1159635870753], [-121.40669988521766, 47.11581459986875], [-121.40678137748237, 47.115879107997486], [-121.40687777482302, 47.11599727799629], [-121.406974396844, 47.11607055631742], [-121.40707001915472, 47.116143849603], [-121.40717539786729, 47.11619956187262], [-121.40729582865171, 47.11625517564263], [-121.40738351066952, 47.11627436635623], [-121.4075438240017, 47.11631251316198], [-121.40774485939156, 47.11632429742594], [-121.40795435495741, 47.11636309899296], [-121.4081597361673, 47.11640165442674], [-121.40695095062256, 47.11640165442674]]]]}, "properties": {"fid": 169034, "ogc_fid": 169034, "path": "/us/wa/king/enumclaw-plateau/169034", "ll_uuid": "9fbdcdc5-1d0d-4c7d-b09c-0f23af82fcee", "owner": "U S DEPT OF AGRICULTURE", "parcelnumb": "2119119002"}, "id": 5}, {"type": "Feature", "geometry": {"type": "Polygon", "coordinates": [[[-121.38291835784912, 47.16316648831949], [-121.38291835784912, 47.16730970131579], [-121.36163234710693, 47.16730970131579], [-121.36163234710693, 47.162874700576424], [-121.36167526245117, 47.156250687706574], [-121.37231826782227, 47.15616314015713], [-121.3807725906372, 47.15610477504404], [-121.3830041885376, 47.15607559246345], [-121.38291835784912, 47.16316648831949]]]}, "properties": {"fid": 13893, "ogc_fid": 13893, "path": "/us/wa/king/enumclaw-plateau/13893", "ll_uuid": "a31ee166-1a86-407b-8deb-576b3b2480b2", "owner": "UNITED STATES", "parcelnumb": "0219119001"}, "id": 8}, {"type": "Feature", "geometry": {"type": "Polygon", "coordinates": [[[-121.3405179977417, 47.14145310420116], [-121.34056091308594, 47.13570224143689], [-121.34056091308594, 47.13564385385391], [-121.34081840515137, 47.13558546620678], [-121.3410758972168, 47.135556272359196], [-121.34171962738037, 47.135556272359196], [-121.34193420410156, 47.13558546620678], [-121.34210586547852, 47.13561466003836], [-121.34219169616699, 47.13561466003836], [-121.3425350189209, 47.13573143520438], [-121.34296417236328, 47.13590659747251], [-121.34347915649414, 47.13614014626586], [-121.34369373321533, 47.13625692027787], [-121.34377956390381, 47.136315307187715], [-121.34390830993652, 47.13637369403341], [-121.343994140625, 47.13643208081504], [-121.34403705596924, 47.13649046753255], [-121.34403705596924, 47.136548854185946], [-121.34407997131348, 47.13657804748863], [-121.34416580200195, 47.13666562730043], [-121.34442329406738, 47.13689917276008], [-121.34468078613281, 47.13704513815145], [-121.34485244750977, 47.137132717193964], [-121.34498119354248, 47.13719110314216], [-121.34515285491943, 47.13724948902623], [-121.34549617767334, 47.137337067732176], [-121.34579658508301, 47.13742464629385], [-121.34618282318115, 47.13751222471129], [-121.34648323059082, 47.13757061024279], [-121.34706532422908, 47.13768939912498], [-121.34709063101907, 47.1377463419748], [-121.34714644814547, 47.137783274543594], [-121.34730705434049, 47.13783933864639], [-121.34742145483014, 47.137831637996], [-121.34743782755763, 47.13782671329682], [-121.34747743104234, 47.13781477245971], [-121.34753179241166, 47.137797533888985], [-121.34755611419678, 47.13780415172761], [-121.3478136062622, 47.13783334434106], [-121.34789943695068, 47.13786253693857], [-121.34845733642578, 47.13786253693857], [-121.34867191314697, 47.13783334434106], [-121.34888648986816, 47.13783334434106], [-121.34974479675293, 47.13780415172761], [-121.35000228881836, 47.13780415172761], [-121.3500452041626, 47.13786253693857], [-121.35021686553955, 47.13800849968541], [-121.35107517242432, 47.138592346666], [-121.3511610031128, 47.13867992316017], [-121.35141849517822, 47.138855075715725], [-121.35201930999756, 47.1393221463764], [-121.3524055480957, 47.13961406345581], [-121.35270595550537, 47.139847595965335], [-121.35274887084961, 47.13990597893243], [-121.35283470153809, 47.139935170391965], [-121.35287761688232, 47.13996436183544], [-121.35300636291504, 47.13999355326291], [-121.35369300842285, 47.140197892806356], [-121.35412216186523, 47.14034384914231], [-121.35425090789795, 47.140373040361396], [-121.35476589202881, 47.140373040361396], [-121.35498046875, 47.14034384914231], [-121.35519504547119, 47.14025627538882], [-121.35549545288086, 47.14016870149109], [-121.35613918304443, 47.14005193606974], [-121.35639667510986, 47.140022744674354], [-121.3566541671753, 47.13996436183544], [-121.35682582855225, 47.139935170391965], [-121.35704040527344, 47.13990597893243], [-121.35746955871582, 47.13990597893243], [-121.35764122009277, 47.139935170391965], [-121.3578987121582, 47.13996436183544], [-121.35832786560059, 47.14005193606974], [-121.35849952697754, 47.140110318812475], [-121.3587999343872, 47.14016870149109], [-121.35927200317383, 47.14034384914231], [-121.35952949523926, 47.14043142275153], [-121.36051654815674, 47.14089847956464], [-121.36060237884521, 47.14092767047924], [-121.3608169555664, 47.141015243126816], [-121.3610315322876, 47.1411320064326], [-121.36141777038574, 47.141336341600606], [-121.36154651641846, 47.141394722932944], [-121.36180400848389, 47.1415698665453], [-121.3405179977417, 47.14145310420116]]]}, "properties": {"fid": 94879, "ogc_fid": 94879, "path": "/us/wa/king/enumclaw-plateau/94879", "ll_uuid": "9978c2ed-a19f-43dd-a3f6-37956eb32944", "owner": "UNITED STATES OF AMERICA", "parcelnumb": "1319119001"}, "id": 11}, {"type": "Feature", "geometry": {"type": "Polygon", "coordinates": [[[-121.32322311401367, 47.134476088730935], [-121.32330894470215, 47.134446894274305], [-121.32335186004639, 47.13441769980162], [-121.32352352142334, 47.134359310808236], [-121.32354793607382, 47.13434270196977], [-121.32374027115291, 47.134311247015496], [-121.32384540496305, 47.13422309541543], [-121.32394129467514, 47.134182949535024], [-121.32399270812421, 47.13416196407336], [-121.32419078954544, 47.13414694668951], [-121.3243044594567, 47.13415779643652], [-121.3243356171027, 47.134023468776675], [-121.32476806640625, 47.13386300177578], [-121.32528305053711, 47.133717027649425], [-121.32575511932373, 47.13360024805985], [-121.32614135742188, 47.133512663199355], [-121.32644176483154, 47.13345427321224], [-121.32678508758545, 47.133395883161], [-121.32708549499512, 47.13336668811138], [-121.32742881774902, 47.13333749304567], [-121.32757584127974, 47.13335749690078], [-121.3282658710793, 47.133549535206484], [-121.32845818817225, 47.133579339047024], [-121.32860359712917, 47.13356356966449], [-121.3289402110912, 47.13350563835934], [-121.32899345932462, 47.13349648564833], [-121.32923126220703, 47.133512663199355], [-121.32970333099365, 47.13354185816888], [-121.3300895690918, 47.13357105312238], [-121.33026123046875, 47.13354185816888], [-121.33056163787842, 47.133512663199355], [-121.33081912994385, 47.13345427321224], [-121.33141994476318, 47.133395883161], [-121.33184909820557, 47.13333749304567], [-121.33240699768066, 47.133279102866254], [-121.33270740509033, 47.13322071262266], [-121.33347988128662, 47.13307473673328], [-121.33373737335205, 47.13301634626535], [-121.33382320404053, 47.13301634626535], [-121.33438110351562, 47.132957955733275], [-121.33463859558105, 47.13292876044321], [-121.33532524108887, 47.13292876044321], [-121.33549690246582, 47.13298715100731], [-121.33678436279297, 47.13386300177578], [-121.33712768554688, 47.13406736487951], [-121.3373851776123, 47.1342717271979], [-121.33768558502197, 47.134476088730935], [-121.3379430770874, 47.13468044947862], [-121.33824348449707, 47.13488480944099], [-121.33893013000488, 47.13523513897789], [-121.33914470672607, 47.13532272100147], [-121.33935928344727, 47.135351914977264], [-121.33957386016846, 47.135410302880814], [-121.33983135223389, 47.13543949680857], [-121.34004592895508, 47.135497884615944], [-121.34030342102051, 47.13558546620678], [-121.34056091308594, 47.13564385385391], [-121.34056091308594, 47.13570224143689], [-121.3405179977417, 47.14145310420116], [-121.33141994476318, 47.14151148540529], [-121.32322311401367, 47.14154067598329], [-121.32322311401367, 47.134476088730935]]]}, "properties": {"fid": 115304, "ogc_fid": 115304, "path": "/us/wa/king/enumclaw-plateau/115304", "ll_uuid": "e7b22529-a96c-413e-bfce-0caabd948454", "owner": "UNITED STATES OF AMERICA", "parcelnumb": "1519129001"}, "id": 13}, {"type": "Feature", "geometry": {"type": "Polygon", "coordinates": [[[-121.31253719329834, 47.1560464098668], [-121.30355449697736, 47.15599714960431], [-121.30317280957962, 47.155628313272054], [-121.30246399366864, 47.154927192942274], [-121.30201686656481, 47.1543918722539], [-121.30190495907442, 47.154171462056645], [-121.30193710327148, 47.14875025787492], [-121.30193710327148, 47.14643990427888], [-121.30202387969348, 47.14636502905192], [-121.30214413149196, 47.14627679668876], [-121.30205542829962, 47.14625753333641], [-121.30193710327148, 47.146311483596946], [-121.30193710327148, 47.14550004334254], [-121.30210411854644, 47.1454123419735], [-121.30218405149684, 47.14531444986465], [-121.30223322957333, 47.14524316461622], [-121.30221639740674, 47.14512606153644], [-121.30201527444156, 47.14497904797714], [-121.30193710327148, 47.14492076058785], [-121.30193710327148, 47.14375911301701], [-121.30198001861572, 47.14300018444945], [-121.30198001861572, 47.14279585567627], [-121.30202293395996, 47.14259152611777], [-121.30202293395996, 47.14247476601744], [-121.3020658493042, 47.14229962538619], [-121.3020658493042, 47.142182109514756], [-121.30212798706505, 47.14195701544809], [-121.30212345515514, 47.14190858686477], [-121.30215167999268, 47.141774200030426], [-121.30215167999268, 47.14159905709124], [-121.30223751068115, 47.14145310420116], [-121.3024091720581, 47.14145310420116], [-121.31258010864258, 47.14151148540529], [-121.32322311401367, 47.14154067598329], [-121.32322311401367, 47.14880863106549], [-121.32318019866943, 47.15607559246345], [-121.31253719329834, 47.1560464098668]]]}, "properties": {"fid": 76131, "ogc_fid": 76131, "path": "/us/wa/king/enumclaw-plateau/76131", "ll_uuid": "9665a15e-a072-4d67-ac53-5f0da57eb5f7", "owner": "UNITED STATES OF AMERICA", "parcelnumb": "1119129001"}, "id": 14}, {"type": "Feature", "geometry": {"type": "Polygon", "coordinates": [[[-121.38313293457031, 47.14159905709124], [-121.37244701385498, 47.1415698665453], [-121.36519432067871, 47.1415698665453], [-121.36545181274414, 47.141394722932944], [-121.36570930480957, 47.141248769481905], [-121.3663101196289, 47.140869288634036], [-121.36639595031738, 47.14081090672474], [-121.36665344238281, 47.140694142713755], [-121.36682510375977, 47.14057737844638], [-121.3670825958252, 47.140460613922556], [-121.36716842651367, 47.14040223156448], [-121.3674259185791, 47.140285466656024], [-121.36755466461182, 47.140197892806356], [-121.36794090270996, 47.13999355326291], [-121.36824131011963, 47.13981840445774], [-121.36841297149658, 47.13973082983878], [-121.36862754821777, 47.13964325507558], [-121.36901378631592, 47.139468105116435], [-121.36931419372559, 47.1393221463764], [-121.37051582336426, 47.13891345977271], [-121.3709020614624, 47.13879669159465], [-121.3711166381836, 47.13873830740948], [-121.37120246887207, 47.13870911529284], [-121.37167453765869, 47.13856315446927], [-121.37223243713379, 47.138388000952034], [-121.3723611831665, 47.138388000952034], [-121.3723611831665, 47.13835880864309], [-121.37244701385498, 47.13835880864309], [-121.37248992919922, 47.13832961631812], [-121.37304782867432, 47.13821284685787], [-121.37339115142822, 47.13815446203159], [-121.37386322021484, 47.138037692186714], [-121.37450695037842, 47.13792092208536], [-121.37467861175537, 47.137891729519964], [-121.37497901916504, 47.13783334434106], [-121.37515068054199, 47.137774959098124], [-121.37523651123047, 47.137774959098124], [-121.37540817260742, 47.13774576645258], [-121.37562274932861, 47.13768738111341], [-121.37588024139404, 47.137658188419806], [-121.37635231018066, 47.13757061024279], [-121.37648105621338, 47.13757061024279], [-121.37652397155762, 47.13754141748504], [-121.37742519378662, 47.137337067732176], [-121.37759685516357, 47.137307874846215], [-121.37768268585205, 47.13727868194425], [-121.37802600860596, 47.13727868194425], [-121.37811183929443, 47.13724948902623], [-121.37849807739258, 47.13724948902623], [-121.37892723083496, 47.13722029609224], [-121.37918472290039, 47.13722029609224], [-121.37935638427734, 47.13724948902623], [-121.3798713684082, 47.13724948902623], [-121.3800859451294, 47.13727868194425], [-121.38047218322754, 47.13727868194425], [-121.3807725906372, 47.137307874846215], [-121.38115882873535, 47.137307874846215], [-121.38124465942383, 47.13727868194425], [-121.38128757476807, 47.13727868194425], [-121.38141632080078, 47.13724948902623], [-121.38150215148926, 47.13724948902623], [-121.38163089752197, 47.13719110314216], [-121.38197422027588, 47.13710352419582], [-121.3821029663086, 47.13704513815145], [-121.38218879699707, 47.13701594510525], [-121.38231754302979, 47.136957558964724], [-121.3824462890625, 47.1369283658704], [-121.38266086578369, 47.136811593332936], [-121.3827896118164, 47.13678240015847], [-121.3830041885376, 47.13669482053902], [-121.38313293457031, 47.14159905709124]]]}, "properties": {"fid": 103842, "ogc_fid": 103842, "path": "/us/wa/king/enumclaw-plateau/103842", "ll_uuid": "8f44362b-f462-4586-b1cb-426cca366bfc", "owner": "UNITED STATES", "parcelnumb": "1419119001"}, "id": 15}, {"type": "Feature", "geometry": {"type": "Polygon", "coordinates": [[[-121.42523288726807, 47.14174500958066], [-121.41471862792969, 47.141774200030426], [-121.40420436859131, 47.141774200030426], [-121.40424728393555, 47.134476088730935], [-121.40424728393555, 47.12717697571219], [-121.41476154327393, 47.12723537259123], [-121.42004013061523, 47.12723537259123], [-121.4252758026123, 47.12726457100666], [-121.4252758026123, 47.134505283171535], [-121.42523288726807, 47.14174500958066]]]}, "properties": {"fid": 124495, "ogc_fid": 124495, "path": "/us/wa/king/enumclaw-plateau/124495", "ll_uuid": "474d1bf6-7ab0-41bc-b2fd-e58774862b3f", "owner": "UNITED STATES", "parcelnumb": "1619119001"}, "id": 18}, {"type": "Feature", "geometry": {"type": "Polygon", "coordinates": [[[-121.4252758026123, 47.156221505206105], [-121.4252758026123, 47.16730970131579], [-121.4040756225586, 47.16730970131579], [-121.40416145324707, 47.16316648831949], [-121.40429019927979, 47.15616314015713], [-121.41480445861816, 47.156192322689634], [-121.4252758026123, 47.156221505206105]]]}, "properties": {"fid": 27805, "ogc_fid": 27805, "path": "/us/wa/king/enumclaw-plateau/27805", "ll_uuid": "5eb1b562-e4bb-45de-9f27-3b7362df5f10", "owner": "UNITED STATES", "parcelnumb": "0419119001"}, "id": 19}, {"type": "Feature", "geometry": {"type": "Polygon", "coordinates": [[[-121.36167526245117, 47.156250687706574], [-121.35103225708008, 47.1561339576086], [-121.34038925170898, 47.1559880446255], [-121.34043216705322, 47.15236927446392], [-121.34047508239746, 47.14872107125561], [-121.3405179977417, 47.14145310420116], [-121.36180400848389, 47.1415698665453], [-121.36176109313965, 47.148896190731165], [-121.36167526245117, 47.156250687706574]]]}, "properties": {"fid": 83975, "ogc_fid": 83975, "path": "/us/wa/king/enumclaw-plateau/83975", "ll_uuid": "e39df372-78c4-4546-9f62-f36a6922900c", "owner": "UNITED STATES", "parcelnumb": "1219119001"}, "id": 27}, {"type": "Feature", "geometry": {"type": "Polygon", "coordinates": [[[-121.31258010864258, 47.14151148540529], [-121.3024091720581, 47.14145310420116], [-121.30223751068115, 47.14145310420116], [-121.30236625671387, 47.141336341600606], [-121.3024091720581, 47.141102815630205], [-121.30243039586529, 47.14103063387409], [-121.30250600122629, 47.14096387686717], [-121.3028036693455, 47.14071640494334], [-121.3029251229983, 47.14057401410757], [-121.3031172534611, 47.140387943499334], [-121.30324633353835, 47.14021877202257], [-121.30340690206631, 47.140005147605486], [-121.3035188365942, 47.139898795382344], [-121.30362406159604, 47.13974760175673], [-121.30374364129023, 47.13961446975128], [-121.30385795371275, 47.13940014793324], [-121.30400974869704, 47.13920442308886], [-121.30417071580962, 47.13901787825908], [-121.30430018445804, 47.13887576562545], [-121.30434867245877, 47.13875923987576], [-121.30434713388999, 47.13858905662497], [-121.3046407699585, 47.13844638552189], [-121.3049840927124, 47.138300423977086], [-121.30528450012207, 47.138183654452746], [-121.30541324615479, 47.13812526959441], [-121.30584239959717, 47.13792092208536], [-121.30618572235107, 47.13780415172761], [-121.3064432144165, 47.137658188419806], [-121.30704402923584, 47.137337067732176], [-121.30730152130127, 47.13722029609224], [-121.30760192871094, 47.13710352419582], [-121.30777359008789, 47.13701594510525], [-121.30785942077637, 47.136986752043015], [-121.30798816680908, 47.13686997963373], [-121.3081169128418, 47.136811593332936], [-121.30828857421875, 47.13669482053902], [-121.3084602355957, 47.13663643404587], [-121.30858898162842, 47.13657804748863], [-121.30888938903809, 47.13649046753255], [-121.30927562713623, 47.13643208081504], [-121.3095760345459, 47.13637369403341], [-121.30979061126709, 47.136315307187715], [-121.31039142608643, 47.13619853330391], [-121.31064891815186, 47.13614014626586], [-121.31099224090576, 47.13605256558856], [-121.31163597106934, 47.13584821011389], [-121.31202220916748, 47.13573143520438], [-121.31236553192139, 47.13561466003836], [-121.31258010864258, 47.135556272359196], [-121.31262302398682, 47.135556272359196], [-121.31313800811768, 47.13532272100147], [-121.3136100769043, 47.13503078036183], [-121.31391048431396, 47.13485561520872], [-121.31412506103516, 47.13468044947862], [-121.31429672241211, 47.13459286639721], [-121.31455421447754, 47.134446894274305], [-121.31468296051025, 47.134388505312955], [-121.31481170654297, 47.134359310808236], [-121.31502628326416, 47.13433011628749], [-121.31614208221436, 47.13433011628749], [-121.31644248962402, 47.13430092175071], [-121.31648540496826, 47.13430092175071], [-121.31661415100098, 47.1342717271979], [-121.31680415071108, 47.1342717271979], [-121.31700526401013, 47.13451845815143], [-121.317174471435, 47.13474621562107], [-121.31739157962558, 47.13501920586629], [-121.3175374077528, 47.135228283741874], [-121.31755377096503, 47.13525498084941], [-121.31764862524801, 47.13540982817345], [-121.31771880306728, 47.135369001798814], [-121.31775418653865, 47.13534841289231], [-121.31791430563446, 47.13524275159058], [-121.31801930499941, 47.13514535867876], [-121.31817138086207, 47.13503973953593], [-121.31841997362167, 47.13487243636206], [-121.31858158435274, 47.13486581169179], [-121.31864639453687, 47.1349657681915], [-121.31873344297318, 47.1350748327964], [-121.31890300080376, 47.13519427596488], [-121.31904690527456, 47.1352775630766], [-121.31918367396382, 47.13528858702652], [-121.31919573365128, 47.135288247874236], [-121.31939355583783, 47.13528265722306], [-121.31967504628595, 47.1352326634263], [-121.32001854165047, 47.13518175048501], [-121.32011704858324, 47.135167153086], [-121.32012676660639, 47.13516565274219], [-121.32017612457275, 47.13520594493795], [-121.3203477859497, 47.13529352700962], [-121.32043361663818, 47.135351914977264], [-121.32051944732666, 47.13538110893708], [-121.32073402404785, 47.13538110893708], [-121.32081985473633, 47.135351914977264], [-121.32099151611328, 47.135351914977264], [-121.32124900817871, 47.13529352700962], [-121.32142066955566, 47.13523513897789], [-121.32163524627686, 47.13517675088198], [-121.32193565368652, 47.13503078036183], [-121.32240772247314, 47.13482642096045], [-121.32270812988281, 47.13468044947862], [-121.322922706604, 47.13459286639721], [-121.32318019866943, 47.134476088730935], [-121.32322311401367, 47.134476088730935], [-121.32322311401367, 47.14154067598329], [-121.31258010864258, 47.14151148540529]]]}, "properties": {"fid": 103844, "ogc_fid": 103844, "path": "/us/wa/king/enumclaw-plateau/103844", "ll_uuid": "2247f38d-3a6b-4315-9973-f03f0f29c073", "owner": "UNITED STATES", "parcelnumb": "1419129001"}, "id": 32}, {"type": "Feature", "geometry": {"type": "Polygon", "coordinates": [[[-121.40429019927979, 47.15616314015713], [-121.39364719390869, 47.1561339576086], [-121.3830041885376, 47.15607559246345], [-121.38304710388184, 47.152719488797885], [-121.38304710388184, 47.148837817636775], [-121.38313293457031, 47.14159905709124], [-121.39364719390869, 47.141686628632954], [-121.40420436859131, 47.141774200030426], [-121.40424728393555, 47.14804977458752], [-121.40424728393555, 47.14895456376149], [-121.40429019927979, 47.15616314015713]]]}, "properties": {"fid": 66840, "ogc_fid": 66840, "path": "/us/wa/king/enumclaw-plateau/66840", "ll_uuid": "8aab6b10-bad3-453c-9de8-c5b02eabf82a", "owner": "UNITED STATES", "parcelnumb": "1019119001"}, "id": 35}, {"type": "Feature", "geometry": {"type": "MultiPolygon", "coordinates": [[[[-121.30190495907442, 47.154171462056645], [-121.30167628466812, 47.15372107065907], [-121.3011684991479, 47.15302422361265], [-121.30060224406263, 47.15214302242804], [-121.30050123141136, 47.15214097633333], [-121.29990246647567, 47.1512361778076], [-121.29979660283749, 47.15057028152394], [-121.29957675933838, 47.150124726581595], [-121.29957675933838, 47.14974259339621], [-121.29953384399414, 47.14965503512488], [-121.29953384399414, 47.14959666286384], [-121.2994909286499, 47.14956747670928], [-121.2994909286499, 47.149538290538715], [-121.29940509796143, 47.14950910435209], [-121.29940509796143, 47.14947991814947], [-121.29919093408648, 47.14938281774856], [-121.29843754706297, 47.148228666327725], [-121.29856652819737, 47.14818527249558], [-121.29872766299437, 47.14814268819466], [-121.29890365875542, 47.14808594515373], [-121.29896757825583, 47.1479933062399], [-121.29916081243671, 47.14787921015203], [-121.29930620423688, 47.147791502432185], [-121.29957170484295, 47.14774134779114], [-121.29982000381571, 47.14768203334551], [-121.30006268630457, 47.14764984696833], [-121.30027920205494, 47.147616816597456], [-121.30053507734327, 47.147458753304775], [-121.30072013670015, 47.147335456350305], [-121.30092212694552, 47.14720348145914], [-121.30117035914526, 47.147072195981025], [-121.3013732139539, 47.14693130221125], [-121.30150123962657, 47.146825187120406], [-121.30170887525534, 47.14666643094698], [-121.30187011311116, 47.14649770688634], [-121.30193710327148, 47.14643990427888], [-121.30193710327148, 47.14875025787492], [-121.30190495907442, 47.154171462056645]]], [[[-121.30086421966553, 47.14615258599284], [-121.30103588104248, 47.14591908117822], [-121.30106806641362, 47.145853410070785], [-121.30127653685818, 47.14576904510025], [-121.30161332701901, 47.14564812222428], [-121.3018878031911, 47.14552593130126], [-121.30193710327148, 47.14550004334254], [-121.30193710327148, 47.146311483596946], [-121.30190275154855, 47.146327146254556], [-121.30174925412149, 47.14634294227477], [-121.30158136433079, 47.14640341354711], [-121.30130755945035, 47.14643546625661], [-121.30123531893726, 47.146443164430856], [-121.30119473504392, 47.146415683955496], [-121.30121116090643, 47.14637101334769], [-121.30129120448073, 47.14628202871989], [-121.30139553058235, 47.14620282229414], [-121.30156535684199, 47.14607038276663], [-121.30169405947758, 47.146009162239274], [-121.30182201343185, 47.14596611814578], [-121.30173345279334, 47.145955761138204], [-121.30162993087735, 47.14595408344098], [-121.30149218674744, 47.146015013948954], [-121.30129113090288, 47.14607501937006], [-121.30111421013041, 47.14613553547377], [-121.30092997582135, 47.14617794407978], [-121.30083150052823, 47.14618967464949], [-121.30086421966553, 47.14615258599284]]], [[[-121.30176544189453, 47.1444596528477], [-121.30185127258301, 47.144167762373485], [-121.30193710327148, 47.14375911301701], [-121.30193710327148, 47.14492076058785], [-121.30183037861231, 47.14484118263412], [-121.3016862071099, 47.144605349847836], [-121.30168272520083, 47.144600302514796], [-121.30176544189453, 47.1444596528477]]]]}, "properties": {"fid": 83976, "ogc_fid": 83976, "path": "/us/wa/king/enumclaw-plateau/83976", "ll_uuid": "b89cfe3c-b134-4c83-b6c6-a7e42ba283cc", "owner": "UNITED STATES", "parcelnumb": "1219129001"}, "id": 37}, {"type": "Feature", "geometry": {"type": "Polygon", "coordinates": [[[-121.32318019866943, 47.15607559246345], [-121.32322311401367, 47.14880863106549], [-121.32322311401367, 47.14154067598329], [-121.33141994476318, 47.14151148540529], [-121.3405179977417, 47.14145310420116], [-121.34047508239746, 47.14872107125561], [-121.34043216705322, 47.15236927446392], [-121.34038925170898, 47.1559880446255], [-121.32318019866943, 47.15607559246345]]]}, "properties": {"fid": 66841, "ogc_fid": 66841, "path": "/us/wa/king/enumclaw-plateau/66841", "ll_uuid": "c86e9be9-a108-4447-a3af-3178a957a42b", "owner": "UNITED STATES", "parcelnumb": "1019129001"}, "id": 39}, {"type": "Feature", "geometry": {"type": "Polygon", "coordinates": [[[-121.3231372833252, 47.16730970131579], [-121.31446838378906, 47.16730970131579], [-121.31421089172363, 47.16663863945246], [-121.31412506103516, 47.16643440155045], [-121.31408214569092, 47.16625933986654], [-121.3139533996582, 47.165967569111274], [-121.31369590759277, 47.165529909973515], [-121.31352424621582, 47.165179780067035], [-121.31326675415039, 47.16488800338209], [-121.31283760070801, 47.164391979339655], [-121.3124942779541, 47.164071020138294], [-121.31236553192139, 47.16389595066565], [-121.31150722503662, 47.1631373096173], [-121.31129264831543, 47.16302059464829], [-121.31099224090576, 47.162903879422856], [-121.31026268005371, 47.16272880610393], [-121.30931854248047, 47.162582911230714], [-121.30893230438232, 47.16249537411451], [-121.30833148956299, 47.162407836854044], [-121.30777359008789, 47.16229112028239], [-121.30751609802246, 47.16220358268538], [-121.3070011138916, 47.162086865665], [-121.30661487579346, 47.161940969028905], [-121.30622863769531, 47.16176589253678], [-121.30592823028564, 47.16159081546766], [-121.30592207630527, 47.16158732855082], [-121.30564617421126, 47.16135452395645], [-121.30548427124667, 47.16121393363147], [-121.30488483500538, 47.16030917346637], [-121.30462050899675, 47.159434124176144], [-121.30437372818147, 47.158925667113635], [-121.30440482278863, 47.15821667421296], [-121.30417602285331, 47.157296467895954], [-121.30365665558986, 47.15609586862979], [-121.30355449697736, 47.15599714960431], [-121.31253719329834, 47.1560464098668], [-121.32318019866943, 47.15607559246345], [-121.32318019866943, 47.158818684986755], [-121.3231372833252, 47.16625933986654], [-121.3231372833252, 47.16730970131579]]]}, "properties": {"fid": 13898, "ogc_fid": 13898, "path": "/us/wa/king/enumclaw-plateau/13898", "ll_uuid": "dadac4df-8557-4243-8615-1118a1cc2804", "owner": "US GOVERNMENT", "parcelnumb": "0219129001"}, "id": 41}, {"type": "Feature", "geometry": {"type": "Polygon", "coordinates": [[[-121.40429019927979, 47.121716584286844], [-121.40424728393555, 47.12717697571219], [-121.39849662780762, 47.12717697571219], [-121.3985824584961, 47.127089380273475], [-121.39879703521729, 47.127001784690464], [-121.39909744262695, 47.12679739443584], [-121.39931201934814, 47.12662220216393], [-121.39952659606934, 47.12647620816327], [-121.39969825744629, 47.12633021376189], [-121.399827003479, 47.12621341795227], [-121.39991283416748, 47.126125820926745], [-121.39995574951172, 47.12606742282961], [-121.39995574951172, 47.124987046468476], [-121.39999866485596, 47.124782648472404], [-121.4000415802002, 47.12463664942294], [-121.40017032623291, 47.12454904980092], [-121.40051364898682, 47.12437385012413], [-121.40077114105225, 47.124169449771955], [-121.4009428024292, 47.12402344903953], [-121.40111446380615, 47.123819047341016], [-121.40137195587158, 47.12346864260206], [-121.4015007019043, 47.12332263994631], [-121.40214443206787, 47.122884629574855], [-121.40227317810059, 47.12273862531629], [-121.4024019241333, 47.12265102256882], [-121.40270233154297, 47.12227140899623], [-121.40300273895264, 47.12195019539601], [-121.40304565429688, 47.121891792714905], [-121.40313148498535, 47.121891792714905], [-121.40326023101807, 47.12186259135029], [-121.40347480773926, 47.12180418857298], [-121.40364646911621, 47.12180418857298], [-121.40403270721436, 47.121716584286844], [-121.40429019927979, 47.121716584286844]]]}, "properties": {"fid": 179830, "ogc_fid": 179830, "path": "/us/wa/king/enumclaw-plateau/179830", "ll_uuid": "ea868eba-300c-43d3-8934-8c6466bccaa7", "owner": "UNITED STATES", "parcelnumb": "2219119001"}, "id": 42}, {"type": "Feature", "geometry": {"type": "Polygon", "coordinates": [[[-121.4252758026123, 47.12726457100666], [-121.42531410184395, 47.12674341349106], [-121.42550941739971, 47.12671150648994], [-121.42615250134989, 47.12661243859279], [-121.42660288206034, 47.126519707201915], [-121.42710865502289, 47.12643648009715], [-121.42751110876345, 47.12636126691103], [-121.42791974049345, 47.12629492129645], [-121.42824259096965, 47.12626319782207], [-121.42828046748092, 47.126252210884005], [-121.42845047117628, 47.126202912034394], [-121.42860377759325, 47.12612421607607], [-121.42874787999799, 47.12603599969065], [-121.42892391469688, 47.1259934589035], [-121.4291342749181, 47.12596058150559], [-121.42929530747713, 47.12598053333893], [-121.42937444377813, 47.12602684954591], [-121.4295275485387, 47.12610993457425], [-121.42965675341989, 47.12614762195219], [-121.4298251415619, 47.1261860392558], [-121.42995986689417, 47.126201369204814], [-121.43000226037098, 47.12620619352967], [-121.43032357977711, 47.1262019007279], [-121.43069179176814, 47.12617974214841], [-121.43097416761769, 47.12612981879521], [-121.43106278660974, 47.126085911650925], [-121.43116493136944, 47.12603453045982], [-121.43116734085642, 47.12603331458245], [-121.43131917027544, 47.12592755353906], [-121.43146328221626, 47.12583933454458], [-121.43166566772783, 47.12575202286023], [-121.4317826935823, 47.125724328049316], [-121.43188272519254, 47.12570125644553], [-121.43206703306538, 47.12573061092306], [-121.43222785067344, 47.12579581639679], [-121.43238898279296, 47.125879157669736], [-121.43259647794642, 47.1259717529578], [-121.43278186459243, 47.12606450473875], [-121.43298334474477, 47.12615713439406], [-121.43312090611705, 47.12621291600073], [-121.4332641895577, 47.12625083203299], [-121.4333615755832, 47.12630625589983], [-121.4335136685446, 47.12638934296777], [-121.43370609710465, 47.126482037293115], [-121.43387441948353, 47.126574250507446], [-121.4339077701603, 47.126585298817055], [-121.43406738043785, 47.1266398971715], [-121.43430891191417, 47.12672429605469], [-121.43454947549183, 47.12675456905978], [-121.4348397349684, 47.12681253126532], [-121.43513701997125, 47.126870462884455], [-121.43536973447048, 47.12690970550572], [-121.4355699702634, 47.12704724050951], [-121.43568289496208, 47.12712994913921], [-121.43589189049031, 47.12724993260913], [-121.43595276291462, 47.12729374492253], [-121.4252758026123, 47.12726457100666]]]}, "properties": {"fid": 162194, "ogc_fid": 162194, "path": "/us/wa/king/enumclaw-plateau/162194", "ll_uuid": "1d093097-5e7b-4ed5-904b-d72a873d4221", "owner": "UNITED STATES", "parcelnumb": "2019119001"}, "id": 47}, {"type": "Feature", "geometry": {"type": "Polygon", "coordinates": [[[-121.44656181335449, 47.156279870190986], [-121.4252758026123, 47.156221505206105], [-121.4252758026123, 47.148983750252626], [-121.42523288726807, 47.14174500958066], [-121.4359188079834, 47.141774200030426], [-121.44656181335449, 47.14180339046422], [-121.44656181335449, 47.156279870190986]]]}, "properties": {"fid": 53764, "ogc_fid": 53764, "path": "/us/wa/king/enumclaw-plateau/53764", "ll_uuid": "41f608aa-f7fb-4370-95b5-ad67ac648cd1", "owner": "UNITED STATES", "parcelnumb": "0819119001"}, "id": 53}, {"type": "Feature", "geometry": {"type": "Polygon", "coordinates": [[[-121.46793365478516, 47.148983750252626], [-121.46797520191986, 47.14576246867568], [-121.46812598350623, 47.14582689214615], [-121.46842525260081, 47.14592993776166], [-121.46860861013806, 47.14601341337585], [-121.46883465549016, 47.14612427537686], [-121.46904330065036, 47.14621712806628], [-121.4693077516421, 47.14628380026893], [-121.46964635319502, 47.14639612693118], [-121.4698715879469, 47.14646209763177], [-121.47016969495743, 47.14655625062127], [-121.47033815181949, 47.14664841000455], [-121.47046725101082, 47.14673129276124], [-121.47060368997556, 47.146831946425095], [-121.47069961398378, 47.14691407830794], [-121.4708200328837, 47.14696071600646], [-121.47095615142976, 47.14704354287427], [-121.47106165166196, 47.14709920621133], [-121.47125542748485, 47.14714658386286], [-121.47142475993502, 47.147176015454725], [-121.4715357937645, 47.147204219406305], [-121.47174483150226, 47.147207257387905], [-121.47182650070161, 47.14721094472675], [-121.47202639678287, 47.14721997478241], [-121.47226006707876, 47.147196070555765], [-121.47247651137306, 47.14716306381819], [-121.47272692173784, 47.14712119504871], [-121.47293400065593, 47.14707009352426], [-121.4730949794122, 47.14702727631223], [-121.47327977198806, 47.14696676216388], [-121.47356190708273, 47.14684441475749], [-121.47371503912284, 47.146756420292235], [-121.47382730073979, 47.14668588740055], [-121.47402082647272, 47.14655366638319], [-121.47420417127738, 47.14641194562942], [-121.47436515214275, 47.14631530198668], [-121.47460631583012, 47.14609356807501], [-121.47476650611824, 47.14595169883344], [-121.47495953930253, 47.14579205434083], [-121.4751202531008, 47.14562343787298], [-121.4753383986314, 47.14551843106138], [-121.47554747978418, 47.14541314407804], [-121.47573127861742, 47.14529849659372], [-121.475830078125, 47.14525390765902], [-121.475830078125, 47.156396599968446], [-121.4738130569458, 47.156396599968446], [-121.46784782409668, 47.156425782372736], [-121.46793365478516, 47.148983750252626]]]}, "properties": {"fid": 83974, "ogc_fid": 83974, "path": "/us/wa/king/enumclaw-plateau/83974", "ll_uuid": "49d4df3b-1f31-4a5e-a62b-a52952effea2", "owner": "UNITED STATES", "parcelnumb": "1219109001"}, "id": 55}, {"type": "Feature", "geometry": {"type": "Polygon", "coordinates": [[[-121.44660472869873, 47.14057737844638], [-121.44664575536979, 47.13667032951832], [-121.44675073999579, 47.13664837489957], [-121.44701541437712, 47.136561884062], [-121.44732818138102, 47.13646712880139], [-121.44738763700029, 47.1364571138854], [-121.44767472403502, 47.13640875696319], [-121.44809145908913, 47.13634261608489], [-121.44863092587413, 47.13628676809525], [-121.44889602849338, 47.13628151453613], [-121.44913781896965, 47.136320655214114], [-121.44932180758907, 47.136386315220435], [-121.44957980788953, 47.13643458317843], [-121.449828120573, 47.136501095700524], [-121.44990974089187, 47.13650535024246], [-121.45006137967069, 47.13651322764274], [-121.45020570137314, 47.136551100831866], [-121.45035927749039, 47.13654437497693], [-121.45059274624805, 47.136511258073604], [-121.45080868258052, 47.13645121878927], [-121.4512099251611, 47.136303614255354], [-121.45162873895134, 47.136129475798036], [-121.45219199054434, 47.13588524685283], [-121.45284232923176, 47.135623858895336], [-121.45325157103048, 47.13547652393817], [-121.45350085223937, 47.135371993880916], [-121.45373357928032, 47.135239826636436], [-121.45399194333764, 47.13508140129682], [-121.45421084902343, 47.13496444506182], [-121.45432033601652, 47.13490594266287], [-121.45457733130884, 47.13478350933236], [-121.45481889711294, 47.13469686918485], [-121.45502069341438, 47.134690390037335], [-121.455156484046, 47.13470127127854], [-121.4553028133609, 47.13473912782317], [-121.45546100032031, 47.13482247502205], [-121.45558280024856, 47.13494999886827], [-121.45566204791332, 47.13511318358874], [-121.45576019627346, 47.13526729695961], [-121.45585700105643, 47.135457738964945], [-121.45595169074747, 47.1355848002151], [-121.45611363500242, 47.13576717631196], [-121.45622656119342, 47.13590368427385], [-121.45631457221994, 47.135994812119556], [-121.45636239010896, 47.13608524422782], [-121.45636182849229, 47.13616648332492], [-121.45635452800838, 47.13626525463479], [-121.45632329349944, 47.13637279352031], [-121.45631384032379, 47.13646267482847], [-121.45632315522643, 47.13653491720093], [-121.45636245571785, 47.13659833562335], [-121.45643624188217, 47.13668033411229], [-121.45660475519293, 47.13683556829633], [-121.45674093751481, 47.136981479255326], [-121.45685255122396, 47.13709984179774], [-121.45694993324864, 47.137209049919555], [-121.45697415410224, 47.13727260106899], [-121.45703069602524, 47.13734514145253], [-121.45711104507782, 47.13740034377553], [-121.45717529522277, 47.13745499026703], [-121.45726383406043, 47.13751937521142], [-121.45736074696461, 47.13760152792068], [-121.45745696271848, 47.13770183477365], [-121.45761658097945, 47.13786605525546], [-121.45773105837858, 47.13797547462564], [-121.45785000631386, 47.138112272922584], [-121.45795421888387, 47.138266670565805], [-121.45803483556232, 47.13839350755021], [-121.45810855401015, 47.13858346692141], [-121.45815527591999, 47.13878221237234], [-121.45822093378926, 47.13897189932184], [-121.45830035409325, 47.13914399568521], [-121.45838211672948, 47.139280056356206], [-121.45851765334638, 47.13944379693093], [-121.45859828444465, 47.13957097342415], [-121.45874285312111, 47.139734985172254], [-121.45883984062515, 47.13993434071568], [-121.45885580758078, 47.14004250607445], [-121.45887968237174, 47.14014171153018], [-121.45886336527516, 47.14024055409318], [-121.45882271837651, 47.14038382346972], [-121.4588079329175, 47.140455570093216], [-121.45884855173618, 47.14053715661992], [-121.45890478220969, 47.14059188215274], [-121.45896973148645, 47.140628696352735], [-121.45906515572715, 47.14068411499434], [-121.45924111892198, 47.140749493970915], [-121.45941844248048, 47.14083302691926], [-121.45954753547169, 47.14086176709287], [-121.45970747630446, 47.14087277458123], [-121.45980976183769, 47.14086699734959], [-121.4598359223283, 47.14086552159783], [-121.46003774692522, 47.140859061544724], [-121.46019869846542, 47.14087040270602], [-121.4603192761604, 47.140871803880394], [-121.46050453986382, 47.14083838207751], [-121.46068878991498, 47.140804985492046], [-121.46088160583564, 47.140744426987354], [-121.4609305895217, 47.1407281752256], [-121.46119420945857, 47.140640714413514], [-121.4613558984733, 47.14058006848178], [-121.46157280398846, 47.14051999665133], [-121.46172490991425, 47.14048583844356], [-121.46186961195947, 47.140487711978906], [-121.46194211100234, 47.14049774101075], [-121.46206385240758, 47.1405083776201], [-121.46211960800632, 47.14053635788755], [-121.46215171616583, 47.140590584554445], [-121.46217564505041, 47.14063597419543], [-121.46219115997614, 47.14071706865405], [-121.46221553060177, 47.1408433498537], [-121.46222425482944, 47.141050638533514], [-121.46223988241968, 47.14119480178623], [-121.46226500504604, 47.14142011946849], [-121.46233674399672, 47.141598801388106], [-121.46231174468994, 47.14159905709124], [-121.45729064941406, 47.14165743813507], [-121.45364284515381, 47.14171581911481], [-121.44656181335449, 47.14180339046422], [-121.44660472869873, 47.14057737844638]]]}, "properties": {"fid": 142610, "ogc_fid": 142610, "path": "/us/wa/king/enumclaw-plateau/142610", "ll_uuid": "e3faf807-5b74-49fc-92c9-d3795a515c9c", "owner": "UNITED STATES", "parcelnumb": "1819119001"}, "id": 56}, {"type": "Feature", "geometry": {"type": "Polygon", "coordinates": [[[-121.4532995223999, 47.16185343085496], [-121.4549732208252, 47.16062788127459], [-121.45647525787354, 47.1592563994154], [-121.45716190338135, 47.157855700550755], [-121.45716190338135, 47.157826518931756], [-121.45720481872559, 47.15683433435012], [-121.45720481872559, 47.15680515217022], [-121.45741939544678, 47.156367417548125], [-121.46784782409668, 47.156425782372736], [-121.46771907806396, 47.163254024329916], [-121.46763324737549, 47.16730970131579], [-121.45098209381104, 47.16730970131579], [-121.45106792449951, 47.16649275531685], [-121.4514970779419, 47.16558826473354], [-121.45205497741699, 47.16494635884732], [-121.45179748535156, 47.16450869129574], [-121.4523983001709, 47.1628163428355], [-121.4523983001709, 47.162787163941005], [-121.4532995223999, 47.161882610262325], [-121.4532995223999, 47.16185343085496]]]}, "properties": {"fid": 39752, "ogc_fid": 39752, "path": "/us/wa/king/enumclaw-plateau/39752", "ll_uuid": "6ed486f0-8a78-4aa7-8244-7e690e085857", "owner": "UNITED STATES", "parcelnumb": "0619119001"}, "id": 62}, {"type": "Feature", "geometry": {"type": "Polygon", "coordinates": [[[-121.38306265464944, 47.13343325039325], [-121.38327456630162, 47.133430272826125], [-121.38355816448117, 47.13343443559355], [-121.3836432972366, 47.13343568648941], [-121.38388499102248, 47.13341190017949], [-121.38419127584613, 47.13340714030807], [-121.38437486156745, 47.13339203680726], [-121.38447903743577, 47.13337546987573], [-121.38457591852554, 47.13334080050267], [-121.38469774943046, 47.13329736790232], [-121.38483435699199, 47.133236338560735], [-121.38496178871668, 47.13316613154909], [-121.38517185652924, 47.13305209963967], [-121.3852758734654, 47.132963567969234], [-121.3854608196775, 47.13284937439333], [-121.38556584406138, 47.132760834731016], [-121.38571907957058, 47.13267294295344], [-121.38579872305036, 47.132629153264574], [-121.38593518585596, 47.132558866033996], [-121.38606431936722, 47.13247082298244], [-121.38617693125063, 47.13235547621676], [-121.38633875328044, 47.13224079728373], [-121.38642657694587, 47.132205843141605], [-121.38661126918038, 47.13213655615264], [-121.38678072326002, 47.132057796169235], [-121.38701363486803, 47.131989170374624], [-121.38718139317844, 47.131928594492464], [-121.38732704057028, 47.13186783907834], [-121.38748675238313, 47.13180697548031], [-121.38768866834059, 47.13174681214658], [-121.38786464863858, 47.131698497369726], [-121.38790562956073, 47.13168687561578], [-121.38807512150996, 47.131671170970826], [-121.38830731433633, 47.13162037430676], [-121.38852374729773, 47.1315875209829], [-121.38866038834358, 47.13158956232302], [-121.38881349973083, 47.13155548789395], [-121.38892626816448, 47.13151211054996], [-121.38910334078834, 47.131406899968006], [-121.3891763479579, 47.131326808362246], [-121.38929698033499, 47.13121140753127], [-121.38936956137205, 47.1311046012807], [-121.38943307122797, 47.13099752654265], [-121.38948940783919, 47.13088123130843], [-121.38953700536646, 47.13078284395301], [-121.38957023167141, 47.13066641168142], [-121.38959352884915, 47.13049587086685], [-121.38961797785511, 47.130334256790206], [-121.38962710968367, 47.13021730736502], [-121.38961023936467, 47.130109126673865], [-121.38960284931933, 47.12996489572795], [-121.38957810779377, 47.129865689642116], [-121.38957129659877, 47.12975743510505], [-121.3895479312685, 47.12955915562455], [-121.38955488075146, 47.129433301742566], [-121.38954621957345, 47.12933433529671], [-121.38951530500076, 47.1292259199161], [-121.3894984079654, 47.12905466825539], [-121.38949129206388, 47.12892859605966], [-121.38947560958482, 47.12882932109785], [-121.389443238605, 47.1286938437395], [-121.38941976474824, 47.12854972840345], [-121.38936409437808, 47.12834177225301], [-121.38931525075881, 47.12824207325025], [-121.38925130552818, 47.128079408486066], [-121.3892279313503, 47.12788079696136], [-121.38918667973587, 47.12775430906123], [-121.3891468649843, 47.12765486975472], [-121.38913836750376, 47.12756479351448], [-121.389074244491, 47.12739287950825], [-121.38899510018402, 47.12728381302743], [-121.3889146572995, 47.127156591955675], [-121.38888044365942, 47.12711857876906], [-121.3928747177124, 47.12711857876906], [-121.39274597167969, 47.12729376940612], [-121.39227390289307, 47.12796532816961], [-121.39214515686035, 47.1282281097256], [-121.39193058013916, 47.1285200877096], [-121.3917589187622, 47.128812064090795], [-121.39158725738525, 47.12904564404178], [-121.39120101928711, 47.1295419980317], [-121.39094352722168, 47.12977557477714], [-121.39072895050049, 47.129921559722135], [-121.3905143737793, 47.13009674112723], [-121.3902997970581, 47.13021352841005], [-121.38987064361572, 47.13062228188048], [-121.38969898223877, 47.130826657437666], [-121.38944149017334, 47.131118621156986], [-121.38926982879639, 47.131439779397084], [-121.38896942138672, 47.131877719326354], [-121.38871192932129, 47.13222806867327], [-121.38854026794434, 47.13249082916886], [-121.38832569122314, 47.13269519754567], [-121.38815402984619, 47.13289956513711], [-121.38806819915771, 47.13301634626535], [-121.38772487640381, 47.13342507819465], [-121.38751029968262, 47.133717027649425], [-121.38746738433838, 47.13368783277605], [-121.3873815536499, 47.133746222506744], [-121.38733863830566, 47.13380461217332], [-121.38716697692871, 47.134008975501445], [-121.38695240020752, 47.13418414344332], [-121.38673782348633, 47.134388505312955], [-121.38652324676514, 47.134563672004674], [-121.3864803314209, 47.13462206077372], [-121.38613700866699, 47.13485561520872], [-121.38579368591309, 47.13514755681004], [-121.3855791091919, 47.135351914977264], [-121.38532161712646, 47.135556272359196], [-121.38506412506104, 47.13578982269118], [-121.38450622558594, 47.1361693397929], [-121.38399124145508, 47.13640288743224], [-121.38360500335693, 47.136548854185946], [-121.3830041885376, 47.13669482053902], [-121.38306265464944, 47.13343325039325]]]}, "properties": {"fid": 13520, "ogc_fid": 13520, "path": "/us/wa/kittitas/manastash-ridge/13520", "ll_uuid": "11cb0764-fad2-425a-810e-2ddddadb8e27", "owner": "UNITED STATES OF AMERICA", "parcelnumb": "19-11-15000-0001"}, "id": 79}, {"type": "Feature", "geometry": {"type": "Polygon", "coordinates": [[[-121.33652687072754, 47.13538110893708], [-121.33579730987549, 47.13517675088198], [-121.33463859558105, 47.13517675088198], [-121.33382320404053, 47.13520594493795], [-121.3304328918457, 47.13459286639721], [-121.3269567489624, 47.1342717271979], [-121.32524013519287, 47.13462206077372], [-121.32339477539062, 47.13514755681004], [-121.32322311401367, 47.13517675088198], [-121.32321917491107, 47.134434429385585], [-121.32343567216861, 47.13436106188634], [-121.32374027115291, 47.134311247015496], [-121.32384540496305, 47.13422309541543], [-121.32399113408309, 47.13416208340802], [-121.32419078954544, 47.13414694668951], [-121.3243044594567, 47.13415779643652], [-121.32434403551103, 47.13398717511409], [-121.32445605266668, 47.13389005900584], [-121.32464128229228, 47.13378454463297], [-121.32489784099367, 47.13368058094367], [-121.3251640220009, 47.13354945711935], [-121.32539630320487, 47.13349877954093], [-121.32568510242317, 47.13335817061651], [-121.32570137953493, 47.13335024057991], [-121.32600716853263, 47.133246618049824], [-121.32622422413054, 47.13318679361325], [-121.32644870728242, 47.13315400292367], [-121.32661033299577, 47.133147369571624], [-121.32680338365839, 47.13315934931593], [-121.32696307671962, 47.13322469484218], [-121.32741344529919, 47.13331230139041], [-121.3282658710793, 47.133549535206484], [-121.32845818817225, 47.133579339047024], [-121.32860359712917, 47.13356356966449], [-121.3289402110912, 47.13350563835934], [-121.32918164544111, 47.13346413878857], [-121.32954380971249, 47.13343342454402], [-121.32992229377118, 47.13342078150421], [-121.33023420677684, 47.13338940578202], [-121.3304684609582, 47.13333870379635], [-121.33072582218418, 47.13328853152989], [-121.33094961193989, 47.133273898708566], [-121.3311244943064, 47.13325988072728], [-121.33114223681633, 47.1332584613434], [-121.33153739492157, 47.13321928139644], [-121.3319460290432, 47.13320741603146], [-121.3321478359862, 47.13320117478073], [-121.33222693799485, 47.1331845000379], [-121.33231651572926, 47.1331317548594], [-121.33235647898307, 47.132988201556266], [-121.33242032676623, 47.132764266841605], [-121.3324930557815, 47.13253136134534], [-121.33262091671114, 47.132290189086504], [-121.33271743518127, 47.13216576078575], [-121.33284583492566, 47.13196055502486], [-121.33303034276324, 47.13181013584933], [-121.33322315621933, 47.1316781581859], [-121.33344826558032, 47.13155554403916], [-121.3336337428805, 47.13146817485999], [-121.33377802447819, 47.13138008514581], [-121.33411607935675, 47.13124104616388], [-121.33417924845918, 47.13121506281343], [-121.33455748581147, 47.131121508625974], [-121.33475068099432, 47.131079313778415], [-121.33500731824122, 47.13104731581932], [-121.3351931838893, 47.13104972948848], [-121.3354652709806, 47.131107749806766], [-121.33561838354345, 47.13119987470077], [-121.33570618770791, 47.13129142362896], [-121.33581072463102, 47.131490835530684], [-121.33589964744147, 47.13165402703635], [-121.33594781679194, 47.13178084177364], [-121.33605277065094, 47.13200731704511], [-121.33611759412128, 47.132169982814915], [-121.33618942519958, 47.13233330401539], [-121.33627706397665, 47.13247833833457], [-121.33635752874, 47.132614499744776], [-121.33651115687242, 47.13280566907984], [-121.33660787671074, 47.13288825141269], [-121.33671230962861, 47.133015684951516], [-121.33689739281373, 47.133162412505264], [-121.33698506389655, 47.13324471730075], [-121.3371535173508, 47.133354885321886], [-121.33737161580667, 47.133556204287075], [-121.3375720562351, 47.133720978453596], [-121.33780491299657, 47.133967445803464], [-121.33798944730628, 47.13407817702665], [-121.33823886526795, 47.13422580693895], [-121.338480801524, 47.134346061448156], [-121.33874585608844, 47.13446683947293], [-121.33893975826982, 47.134532953026536], [-121.3392204737081, 47.134626882530796], [-121.3395505650063, 47.1347307385387], [-121.33977561623063, 47.13479696268354], [-121.34002602357, 47.134876396579514], [-121.33841514587402, 47.13558546620678], [-121.33652687072754, 47.13538110893708]]]}, "properties": {"fid": 13550, "ogc_fid": 13550, "path": "/us/wa/kittitas/manastash-ridge/13550", "ll_uuid": "d3f5f03a-7cce-4528-8990-cbcd5482c951", "owner": "USA (WNF)", "parcelnumb": "19-12-15000-0001"}, "id": 81}, {"type": "Feature", "geometry": {"type": "MultiPolygon", "coordinates": [[[[-121.3139533996582, 47.16730970131579], [-121.3138321003266, 47.16730970131579], [-121.31374510179356, 47.167119935935034], [-121.3139533996582, 47.16730970131579]]], [[[-121.30502700805664, 47.15913967592033], [-121.30567073822021, 47.159606568361994], [-121.3093370444071, 47.16304070663412], [-121.30930494684574, 47.16303066046538], [-121.30844327123425, 47.16273867452033], [-121.30701823647895, 47.16227497945556], [-121.30622991484125, 47.1618470809306], [-121.30564617421126, 47.16135452395645], [-121.30548427124667, 47.16121393363147], [-121.30488483500538, 47.16030917346637], [-121.30462050899675, 47.159434124176144], [-121.30437372818147, 47.158925667113635], [-121.30438881225791, 47.15858173277631], [-121.30502700805664, 47.15913967592033]]]]}, "properties": {"fid": 13541, "ogc_fid": 13541, "path": "/us/wa/kittitas/manastash-ridge/13541", "ll_uuid": "16b2b21e-a601-4a8c-b695-5a20fb572a91", "owner": "USA (WNF)", "parcelnumb": "19-12-02000-0001"}, "id": 88}, {"type": "Feature", "geometry": {"type": "MultiPolygon", "coordinates": [[[[-121.36073112487793, 47.13920537909593], [-121.36030197143555, 47.13908861155895], [-121.36008739471436, 47.138971843765546], [-121.35978698730469, 47.138855075715725], [-121.35944366455078, 47.13867992316017], [-121.35922908782959, 47.138592346666], [-121.35905742645264, 47.13850477002762], [-121.35884284973145, 47.138388000952034], [-121.35862827301025, 47.13832961631812], [-121.35828495025635, 47.138183654452746], [-121.35794162750244, 47.13812526959441], [-121.35785579681396, 47.1380960771412], [-121.35751247406006, 47.138037692186714], [-121.3573408126831, 47.13797930716808], [-121.35686874389648, 47.13797930716808], [-121.3564395904541, 47.138037692186714], [-121.35605335235596, 47.1380960771412], [-121.35575294494629, 47.13815446203159], [-121.35528087615967, 47.13815446203159], [-121.35459423065186, 47.13835880864309], [-121.35429382324219, 47.138417193245004], [-121.35403633117676, 47.138417193245004], [-121.35390758514404, 47.138388000952034], [-121.35377883911133, 47.13832961631812], [-121.3535213470459, 47.138300423977086], [-121.3533067703247, 47.138300423977086], [-121.35300636291504, 47.138388000952034], [-121.35283470153809, 47.13844638552189], [-121.35231971740723, 47.138592346666], [-121.35197639465332, 47.138592346666], [-121.35146141052246, 47.138650731011495], [-121.35128974914551, 47.138592346666], [-121.3511610031128, 47.138533962256446], [-121.35103225708008, 47.138417193245004], [-121.35098934173584, 47.138300423977086], [-121.35077476501465, 47.13812526959441], [-121.35056018829346, 47.13800849968541], [-121.35008811950684, 47.13768738111341], [-121.34987354278564, 47.13751222471129], [-121.34978771209717, 47.13736626060208], [-121.34961053410028, 47.13714931670476], [-121.34971811323435, 47.137145393429094], [-121.3498879155812, 47.137210640362085], [-121.35009602011971, 47.137348609148034], [-121.35028043708304, 47.137513479292565], [-121.35045811878877, 47.13763281687478], [-121.35055472659546, 47.13770614523891], [-121.35075638894045, 47.13775401222736], [-121.35103643596977, 47.137803359127], [-121.3512785809821, 47.13786978148788], [-121.35146302094026, 47.13790818094156], [-121.35168764143779, 47.13801071212316], [-121.35169185962994, 47.138013261943904], [-121.35196151375237, 47.138176291412115], [-121.3520980137587, 47.13823253376453], [-121.3522749948404, 47.13830697109784], [-121.35238696803779, 47.13833561125638], [-121.35243505421008, 47.138264308412], [-121.35254382508775, 47.138112096653636], [-121.35255594223432, 47.13809513112122], [-121.35263677732263, 47.137934138476425], [-121.35274772598362, 47.13783666351102], [-121.35288453315434, 47.13784765008799], [-121.35303740668904, 47.13785886427659], [-121.35318281629225, 47.1379061175476], [-121.35331960263726, 47.137917103765076], [-121.35348856366791, 47.13792853144105], [-121.3535047902829, 47.137929638657276], [-121.35365648086271, 47.13793997287651], [-121.35379328330863, 47.137950964712836], [-121.35398678539764, 47.137989633259544], [-121.35413089644237, 47.13795565095376], [-121.35425134301266, 47.137885538009286], [-121.35450929284082, 47.13780822748246], [-121.35470162709989, 47.13777493416737], [-121.354741683062, 47.13770334426073], [-121.35478189406916, 47.137577939260794], [-121.35485466861294, 47.137480062634], [-121.35494282497088, 47.137337522153736], [-121.35507961407968, 47.137285435618125], [-121.35512622517085, 47.13726769286911], [-121.35521641235104, 47.13723336144414], [-121.35536958058442, 47.13719965419258], [-121.35554556064518, 47.13721104310201], [-121.35562537292259, 47.13717617462984], [-121.35573776406873, 47.13710576618299], [-121.35596326469204, 47.137073253414094], [-121.35606747598179, 47.13705669847316], [-121.3563081821185, 47.1370960480442], [-121.35645361230473, 47.13714329706664], [-121.35655795025768, 47.137198733469276], [-121.356726167362, 47.13729106231065], [-121.35695109705618, 47.137474136000804], [-121.35704784209945, 47.13755669850353], [-121.35723315807375, 47.1376492353728], [-121.35740956197449, 47.13768768856181], [-121.35761984846805, 47.13770874584492], [-121.35770712724536, 47.13776396504459], [-121.35773956012791, 47.13784563320199], [-121.35786113525316, 47.13797325889164], [-121.35798111703446, 47.13806490846718], [-121.3580448861013, 47.13809288982387], [-121.3581490790525, 47.138076339455196], [-121.35831846197546, 47.137988714672076], [-121.35859951867828, 47.137911909780065], [-121.358711757508, 47.1378953099296], [-121.35897789032853, 47.137890254169626], [-121.35908197819673, 47.137927867629365], [-121.35916321566907, 47.137982764508486], [-121.35930749831994, 47.13814691750412], [-121.35948446663174, 47.13828441193162], [-121.35967755612074, 47.13835905827332], [-121.35989385629068, 47.13844313827745], [-121.36013658512572, 47.13854586838526], [-121.36035276722477, 47.138683745274854], [-121.36053048066285, 47.13880341362384], [-121.36064274176965, 47.13891294406968], [-121.360772232856, 47.13909466447028], [-121.36079614658603, 47.13922749359322], [-121.36073112487793, 47.13920537909593]]], [[[-121.34472370147705, 47.135556272359196], [-121.34446620941162, 47.135468690720245], [-121.34425163269043, 47.13543949680857], [-121.34347915649414, 47.13526433300174], [-121.343092918396, 47.13520594493795], [-121.34249210357666, 47.13508916861795], [-121.3423204421997, 47.13503078036183], [-121.34184734371861, 47.1349342293058], [-121.34194508562864, 47.13490936502501], [-121.34217920125832, 47.134849729950666], [-121.34250691740381, 47.13480037897055], [-121.34283632617763, 47.13479627088488], [-121.34315107164713, 47.13481865896419], [-121.34333495778692, 47.13482141681571], [-121.3436082218419, 47.134888307271154], [-121.34387345542648, 47.134955265609804], [-121.34413149432227, 47.13507608888719], [-121.34437963375223, 47.13520554343421], [-121.34469448260128, 47.13542600734736], [-121.3448952931689, 47.135545880673824], [-121.34505643048674, 47.13568201900848], [-121.34472370147705, 47.135556272359196]]]]}, "properties": {"fid": 13518, "ogc_fid": 13518, "path": "/us/wa/kittitas/manastash-ridge/13518", "ll_uuid": "36d28735-f90b-4fc4-9138-d764489ad964", "owner": "UNITED STATES OF AMERICA", "parcelnumb": "19-11-13000-0001"}, "id": 89}, {"type": "Feature", "geometry": {"type": "Polygon", "coordinates": [[[-121.40635013580322, 47.11546710638396], [-121.40656471252441, 47.11648926746426], [-121.4069938659668, 47.11710255468782], [-121.40516109247802, 47.11714152986487], [-121.40518999585301, 47.11702677329873], [-121.4052298535028, 47.11682937499229], [-121.40533516600043, 47.11664175337906], [-121.40542287644759, 47.11654407260892], [-121.40559154127321, 47.116303506049896], [-121.4056762931562, 47.116164046746206], [-121.4056892741374, 47.11614268485026], [-121.40577734477041, 47.115945942877964], [-121.40588975681548, 47.11570444310098], [-121.40600309370527, 47.115517104202006], [-121.4061716028244, 47.115267630088915], [-121.40623264965406, 47.11519448552189], [-121.4063768816034, 47.115407952485285], [-121.40635013580322, 47.11546710638396]]]}, "properties": {"fid": 13521, "ogc_fid": 13521, "path": "/us/wa/kittitas/manastash-ridge/13521", "ll_uuid": "66400cda-e1bd-4340-b455-e9861a8544db", "owner": "USA (DOA)", "parcelnumb": "19-11-21000-0001"}, "id": 91}, {"type": "Feature", "geometry": {"type": "Polygon", "coordinates": [[[-121.30193710327148, 47.143905059576355], [-121.30164245803724, 47.14414383717113], [-121.30165303935884, 47.14392970279412], [-121.30170221945414, 47.1437237118629], [-121.3017825330573, 47.14338281888362], [-121.30184690287, 47.14318563367812], [-121.30191195926194, 47.1428986499194], [-121.30193710327148, 47.14281427189153], [-121.30193710327148, 47.143905059576355]]]}, "properties": {"fid": 13544, "ogc_fid": 13544, "path": "/us/wa/kittitas/manastash-ridge/13544", "ll_uuid": "c0889a24-1a04-44ca-9c56-909a70ddf9ea", "owner": "USA (WNF)", "parcelnumb": "19-12-12000-0001"}, "id": 93}, {"type": "Feature", "geometry": {"type": "Polygon", "coordinates": [[[-121.3928747177124, 47.12711857876906], [-121.38888044365942, 47.12711857876906], [-121.3888573606972, 47.12709293236171], [-121.38877838416595, 47.12699277667733], [-121.38870526231375, 47.12688364658324], [-121.38865672532789, 47.12680212833074], [-121.38856940107519, 47.12668385687177], [-121.38842496941966, 47.126573914686716], [-121.38829514784386, 47.12643713319518], [-121.38812771959986, 47.12627253467503], [-121.38799922300663, 47.12615390089612], [-121.38783021998815, 47.12601638451567], [-121.38777408117465, 47.125961636721634], [-121.38771060933459, 47.12588877710289], [-121.38760521230256, 47.12577031178327], [-121.3875019767366, 47.125661083853025], [-121.38742901430975, 47.12556087744749], [-121.38735736767788, 47.12547882901952], [-121.3873088136681, 47.12539727613361], [-121.38725192688374, 47.125297634366774], [-121.38724269885292, 47.12524930634902], [-121.38722773906964, 47.125171011996244], [-121.38722914620561, 47.12507229362287], [-121.38722925269458, 47.12501813565523], [-121.38726095262739, 47.124991497387114], [-121.38729280499314, 47.12497410932892], [-121.38740602712795, 47.12495781916249], [-121.38753431242594, 47.12494141409732], [-121.38765501545248, 47.124952134013384], [-121.38783898704828, 47.124963747712634], [-121.38816921443068, 47.12501330816123], [-121.38836987293084, 47.12506111733905], [-121.38868377607162, 47.125155700385726], [-121.38893942346168, 47.12524935974396], [-121.3893098712344, 47.12536235795225], [-121.3896055629524, 47.12544748182179], [-121.38977534686471, 47.12551301698626], [-121.3899519154967, 47.125560312628146], [-121.3902091278861, 47.12562688755932], [-121.39037878119832, 47.125683490812726], [-121.39059451343795, 47.125731533551196], [-121.39085216887726, 47.12582518042813], [-121.39108540750868, 47.12590015328968], [-121.39134192320647, 47.12598488572902], [-121.39159123167212, 47.12606041282005], [-121.39171941628867, 47.126098157470125], [-121.3920161003862, 47.12618327115224], [-121.39236100047752, 47.126269030112276], [-121.39265209893999, 47.12631819627101], [-121.39324603403597, 47.12646167339768], [-121.39329078253549, 47.12646989318971], [-121.39326095581055, 47.12650540699545], [-121.39321804046631, 47.12662220216393], [-121.3930892944336, 47.12676819576393], [-121.39300346374512, 47.12691418896321], [-121.3928747177124, 47.12711857876906]]]}, "properties": {"fid": 13522, "ogc_fid": 13522, "path": "/us/wa/kittitas/manastash-ridge/13522", "ll_uuid": "0ab5d46a-a63d-49be-88af-aeb0949c4e65", "owner": "USA (WNF)", "parcelnumb": "19-11-22000-0001"}, "id": 98}, {"type": "Feature", "geometry": {"type": "Polygon", "coordinates": [[[-121.3685417175293, 47.14008112744912], [-121.36806964874268, 47.14008112744912], [-121.3670825958252, 47.140022744674354], [-121.36643886566162, 47.13999355326291], [-121.36519432067871, 47.13999355326291], [-121.36442184448242, 47.13996436183544], [-121.36416435241699, 47.139935170391965], [-121.36409269977467, 47.13991892408549], [-121.36415655348341, 47.13989918162193], [-121.36443614697097, 47.13979493985382], [-121.36455672176292, 47.13973370576822], [-121.36477504869588, 47.13962892733441], [-121.3650797891632, 47.13952517863298], [-121.36532826505642, 47.13942085268542], [-121.36549692268287, 47.139351377290616], [-121.36571379539264, 47.13921951158], [-121.36593183076027, 47.13909655161157], [-121.36608369065148, 47.13898161657587], [-121.36623538686784, 47.1388577811778], [-121.36635610125454, 47.13874274001893], [-121.36655876431259, 47.13866443962368], [-121.36681469515905, 47.138587113991335], [-121.36699154769273, 47.13852683612408], [-121.36725738084448, 47.13850359197449], [-121.36737852973351, 47.1384783555112], [-121.36761077281395, 47.1384276032338], [-121.36764420148732, 47.13841363996058], [-121.36786726897897, 47.13832319802136], [-121.3681408507954, 47.138219003051994], [-121.36831710248629, 47.13818579432801], [-121.36858394452757, 47.13809948137908], [-121.36876807932906, 47.137994239691174], [-121.36908096915644, 47.13783662566401], [-121.3693459378213, 47.13775922639607], [-121.36957875779612, 47.13768173552496], [-121.36986938507602, 47.13751468642842], [-121.37006172037242, 47.13741863853603], [-121.37030885346581, 47.13729613296287], [-121.37056776611067, 47.137155701163984], [-121.37075191914047, 47.13705047408267], [-121.37093750294206, 47.13697195538613], [-121.37110613516676, 47.136902475426446], [-121.37201254164762, 47.13673557326449], [-121.37226159671025, 47.13672992662089], [-121.37250344774645, 47.13665234902049], [-121.37271326990457, 47.13658324484106], [-121.37296975286766, 47.13647916644331], [-121.37313853631046, 47.13641861161652], [-121.37338612993312, 47.136385879867234], [-121.37393385493166, 47.13633957903567], [-121.37412648805959, 47.136324419920506], [-121.37423024923235, 47.136281138762754], [-121.37440706432285, 47.1362204961287], [-121.3747375928595, 47.13609906011787], [-121.37511390026032, 47.13595157809466], [-121.37543623843153, 47.1357582190087], [-121.37577378020977, 47.13551094676506], [-121.37586143526394, 47.13540437523156], [-121.37597447252575, 47.13525270483309], [-121.37606258197064, 47.13517320902594], [-121.3762157168123, 47.135139152187094], [-121.37660208528648, 47.135054649904895], [-121.37685124930691, 47.13499517563795], [-121.37701168572964, 47.13491649864154], [-121.37710038458843, 47.13487297559801], [-121.37718043083746, 47.13479285191458], [-121.37726237104772, 47.13470414523718], [-121.37730913533868, 47.134615016414976], [-121.377382315088, 47.13454385240226], [-121.37748592353452, 47.134491328857465], [-121.377591720715, 47.134417175135226], [-121.37759914474107, 47.1344119740312], [-121.37776003159034, 47.13436036199553], [-121.37788057903417, 47.13429911299942], [-121.37797744110968, 47.134264456554234], [-121.37807446394388, 47.134238692117876], [-121.3782190008769, 47.134231763763424], [-121.37857970652801, 47.13423690555466], [-121.37874963049916, 47.13424830964487], [-121.37902222214443, 47.13427021804069], [-121.37938366672249, 47.13432024108224], [-121.37956164623502, 47.134331918238324], [-121.37956677734512, 47.13433267082765], [-121.37983350589163, 47.1343716601054], [-121.38005138615637, 47.134365555599224], [-121.38022807100712, 47.1343590690362], [-121.3803885433777, 47.13434344804615], [-121.38054067284286, 47.134309725034484], [-121.38067814722423, 47.134239437329114], [-121.38079020784352, 47.134151184062105], [-121.38089524237654, 47.134062644186], [-121.38096022002365, 47.13398263625207], [-121.38103136831008, 47.13384875625032], [-121.38116005492603, 47.13373330549242], [-121.38126438478886, 47.13366292339847], [-121.38135176595253, 47.13362355057735], [-121.38136109900091, 47.13361935660059], [-121.38144978132073, 47.133575487540476], [-121.38161024183297, 47.133559868518354], [-121.38177945358714, 47.1335263562879], [-121.38202803331943, 47.1334936163225], [-121.38220526534093, 47.133460378704655], [-121.38266327769405, 47.13345756375393], [-121.38295319925936, 47.133434788349135], [-121.38306265464944, 47.13343325039325], [-121.3830041885376, 47.13669482053902], [-121.3830041885376, 47.13672401376152], [-121.38206005096436, 47.13707433118168], [-121.38180255889893, 47.13710352419582], [-121.38111591339111, 47.137337067732176], [-121.38064384460449, 47.13751222471129], [-121.38025760650635, 47.13768738111341], [-121.37978553771973, 47.13783334434106], [-121.37935638427734, 47.13800849968541], [-121.37875556945801, 47.138183654452746], [-121.37824058532715, 47.13832961631812], [-121.37772560119629, 47.13850477002762], [-121.3775110244751, 47.13856315446927], [-121.37733936309814, 47.13862153884676], [-121.37699604034424, 47.13870911529284], [-121.37648105621338, 47.13888426775222], [-121.37626647949219, 47.138971843765546], [-121.37596607208252, 47.13908861155895], [-121.37532234191895, 47.13923457094006], [-121.37515068054199, 47.13929295458033], [-121.37450695037842, 47.13949729681639], [-121.37416362762451, 47.13958487181998], [-121.37394905090332, 47.13961406345581], [-121.37360572814941, 47.13964325507558], [-121.37279033660889, 47.13970163826707], [-121.37244701385498, 47.139760021394466], [-121.37167453765869, 47.1398767874569], [-121.37098789215088, 47.13996436183544], [-121.3694429397583, 47.140022744674354], [-121.3685417175293, 47.14008112744912]]]}, "properties": {"fid": 13519, "ogc_fid": 13519, "path": "/us/wa/kittitas/manastash-ridge/13519", "ll_uuid": "0f5027c6-5b55-4675-bb78-23aa296f2aef", "owner": "USA (WNF)", "parcelnumb": "19-11-14000-0001"}, "id": 99}, {"type": "Feature", "geometry": {"type": "MultiPolygon", "coordinates": [[[[-121.30335330963135, 47.141482294811226], [-121.30212127084022, 47.141482294811226], [-121.30216898396941, 47.1413367132682], [-121.30230569232896, 47.141140742928904], [-121.30250600122629, 47.14096387686717], [-121.3028036693455, 47.14071640494334], [-121.3029251229983, 47.14057401410757], [-121.30295010753484, 47.14054981759109], [-121.30335330963135, 47.141482294811226]]], [[[-121.32322311401367, 47.13517675088198], [-121.32107734680176, 47.13573143520438], [-121.31936073303223, 47.13581901641055], [-121.31815910339355, 47.13570224143689], [-121.3161849975586, 47.135497884615944], [-121.31160113008596, 47.13535484527925], [-121.31161358064105, 47.13534821103912], [-121.3119276317457, 47.135190723834235], [-121.31212825985239, 47.135040918122655], [-121.31236810452425, 47.13489150481234], [-121.31261812646585, 47.13475093065968], [-121.31290047571335, 47.134557353025976], [-121.31313213059902, 47.13439874530771], [-121.31340557143, 47.13421380474512], [-121.31362253640098, 47.13408202946524], [-121.3138394469586, 47.133878286044975], [-121.31396790227137, 47.13373616560354], [-121.31407254304527, 47.13354863557619], [-121.31429012560766, 47.133191681004234], [-121.31439482749754, 47.133030986449015], [-121.31441778381745, 47.13299575909822], [-121.31452308107944, 47.132853464706436], [-121.31468338781781, 47.13269364998922], [-121.31483712767024, 47.13263293221134], [-121.3150705241569, 47.13265424019039], [-121.31526322641778, 47.132711146839036], [-121.31543070488158, 47.13275864161274], [-121.31572792064476, 47.13295190327742], [-121.31600201055977, 47.13320804521942], [-121.31613004688239, 47.133372008898014], [-121.31620216222227, 47.133490088491], [-121.31630809277097, 47.13365351269318], [-121.31645984258151, 47.13379055862904], [-121.31656438446193, 47.13392726590322], [-121.31666013916512, 47.13408150409348], [-121.31679749067844, 47.13426355649904], [-121.31700526401013, 47.13451845815143], [-121.317174471435, 47.13474621562107], [-121.31739157962558, 47.13501920586629], [-121.3175374077528, 47.135228283741874], [-121.31755377096503, 47.13525498084941], [-121.31764862524801, 47.13540982817345], [-121.31771880306728, 47.135369001798814], [-121.31775418653865, 47.13534841289231], [-121.31791430563446, 47.13524275159058], [-121.31801930499941, 47.13514535867876], [-121.31817138086207, 47.13503973953593], [-121.31841997362167, 47.13487243636206], [-121.31858158435274, 47.13486581169179], [-121.31864639453687, 47.1349657681915], [-121.31873344297318, 47.1350748327964], [-121.31890300080376, 47.13519427596488], [-121.31904690527456, 47.1352775630766], [-121.31918367396382, 47.13528858702652], [-121.31919573365128, 47.135288247874236], [-121.31939355583783, 47.13528265722306], [-121.31967504628595, 47.1352326634263], [-121.32001854165047, 47.13518175048501], [-121.32011704858324, 47.135167153086], [-121.320542950036, 47.1351013991151], [-121.32055019487126, 47.1350995584202], [-121.32074409388845, 47.13505027644942], [-121.32095983471379, 47.135035723802076], [-121.32113740115923, 47.13502005750408], [-121.32132213588172, 47.13501395649943], [-121.32152365747656, 47.13498989632814], [-121.32170785571245, 47.134947454611606], [-121.3218608882818, 47.13490490945825], [-121.32202885559727, 47.13485332506149], [-121.32241454020806, 47.13465178515999], [-121.3226557019074, 47.134592485074954], [-121.3228411760127, 47.134568197661785], [-121.32313089112368, 47.13446434736597], [-121.32321917491107, 47.134434429385585], [-121.32322311401367, 47.13517675088198]]], [[[-121.30635738372803, 47.13689917276008], [-121.30524424603652, 47.137504933385095], [-121.30509575179636, 47.137393699371756], [-121.30483751256492, 47.13725497847179], [-121.30460495520232, 47.13715239414371], [-121.3042996694354, 47.13695882488567], [-121.30387359114708, 47.13674551983332], [-121.30339952310267, 47.136549677423695], [-121.30322248656579, 47.136465912178636], [-121.30323889723076, 47.13642124570004], [-121.30326408455343, 47.13640498533367], [-121.30327967990213, 47.136394906944815], [-121.30343113563619, 47.13637912013092], [-121.30355921273006, 47.136344976958576], [-121.30390643305594, 47.136323030064204], [-121.3041711647397, 47.136291031145575], [-121.30444467480027, 47.13624113731019], [-121.30472486228264, 47.13623643786231], [-121.30496659294977, 47.13621282297926], [-121.30533620088818, 47.136209227363736], [-121.30593088974766, 47.13620919169863], [-121.30647833503123, 47.136208108058916], [-121.3069603459543, 47.13619721089307], [-121.30722472942765, 47.136210095402255], [-121.30753881565612, 47.13618802623374], [-121.30778023497908, 47.1362096356834], [-121.30801259912506, 47.136230981383996], [-121.30825295435774, 47.136274794793906], [-121.30635738372803, 47.13689917276008]]], [[[-121.30428131039203, 47.13802895525796], [-121.3042759427156, 47.137858338084804], [-121.30432350319816, 47.13767910027833], [-121.30451669301206, 47.13770002394418], [-121.30481481825052, 47.1377386245502], [-121.30428131039203, 47.13802895525796]]]]}, "properties": {"fid": 13548, "ogc_fid": 13548, "path": "/us/wa/kittitas/manastash-ridge/13548", "ll_uuid": "2612171e-70f5-4f5b-8b66-38a8655428a3", "owner": "USA (WNF)", "parcelnumb": "19-12-14000-0001"}, "id": 100}, {"type": "Feature", "geometry": {"type": "Polygon", "coordinates": [[[-121.37557983398438, 47.28525544101703], [-121.36987209320068, 47.28525544101703], [-121.36227607727051, 47.28522632943799], [-121.36020354422251, 47.28522632943799], [-121.36001003438929, 47.28499649235745], [-121.36004447937012, 47.284061853139264], [-121.36004447937012, 47.28321759179366], [-121.3601303100586, 47.28094675304246], [-121.36025905609131, 47.278006163169266], [-121.36025905609131, 47.270755891984095], [-121.36197566986084, 47.270755891984095], [-121.3639497756958, 47.2707850115257], [-121.36592388153076, 47.2707850115257], [-121.36669635772705, 47.27081413105131], [-121.37197494506836, 47.27081413105131], [-121.38137340545654, 47.27072677242643], [-121.38137340545654, 47.27229920561268], [-121.38145923614502, 47.277977047600984], [-121.38145923614502, 47.27952015064375], [-121.38137340545654, 47.285284552580066], [-121.37557983398438, 47.28525544101703]]]}, "properties": {"fid": 215698, "ll_uuid": "bfed90a6-522b-40a6-8d2b-39566b13d7f8", "ogc_fid": 215698, "owner": "UNITED STATES", "parcelnumb": "2621119001", "path": "/us/wa/king/enumclaw-plateau/215698"}, "id": 7}, {"type": "Feature", "geometry": {"type": "Polygon", "coordinates": [[[-121.38137340545654, 47.285284552580066], [-121.38145923614502, 47.27952015064375], [-121.38145923614502, 47.277977047600984], [-121.38137340545654, 47.27229920561268], [-121.38137340545654, 47.27072677242643], [-121.38326168060303, 47.270755891984095], [-121.38484954833984, 47.270755891984095], [-121.38806819915771, 47.2707850115257], [-121.39193058013916, 47.27081413105131], [-121.3951063156128, 47.27081413105131], [-121.3972520828247, 47.2707850115257], [-121.40248775482178, 47.2707850115257], [-121.40248775482178, 47.274221004950505], [-121.40253067016602, 47.278035278721546], [-121.40253067016602, 47.285284552580066], [-121.38137340545654, 47.285284552580066]]]}, "properties": {"fid": 220942, "ll_uuid": "c10cc472-e41f-47e6-8717-a2dfacf0bf1d", "ogc_fid": 220942, "owner": "UNITED STATES FOREST SVC", "parcelnumb": "2721119001", "path": "/us/wa/king/enumclaw-plateau/220942"}, "id": 8}, {"type": "Feature", "geometry": {"type": "Polygon", "coordinates": [[[-121.4569902420044, 47.285430110154834], [-121.45480155944824, 47.285430110154834], [-121.45042419433594, 47.28540099867192], [-121.45033836364746, 47.28540099867192], [-121.44497394561768, 47.28537188717297], [-121.44497394561768, 47.28426563834199], [-121.44501686096191, 47.2779188164163], [-121.44505977630615, 47.27605538466969], [-121.44510269165039, 47.27358041292567], [-121.44510269165039, 47.27087237005446], [-121.4466905593872, 47.27087237005446], [-121.45136833190918, 47.2707850115257], [-121.4514970779419, 47.2707850115257], [-121.45583152770996, 47.27072677242643], [-121.45668983459473, 47.27072677242643], [-121.45922183990479, 47.27066853326306], [-121.46089553833008, 47.270639413657335], [-121.46381378173828, 47.270610294035606], [-121.4633846282959, 47.270988847868495], [-121.46329879760742, 47.27227008690417], [-121.46235466003418, 47.27296893148639], [-121.46265506744385, 47.27334746844858], [-121.46218299865723, 47.274250122585585], [-121.46218299865723, 47.274337475394645], [-121.46196842193604, 47.27535658084611], [-121.46098136901855, 47.276870644133595], [-121.46098136901855, 47.27750580036095], [-121.46067198097792, 47.278006163169266], [-121.46033763885498, 47.278006163169266], [-121.46003723144531, 47.278763162321695], [-121.46016597747803, 47.27925811745024], [-121.4602518081665, 47.27952015064375], [-121.46038055419922, 47.28059738458316], [-121.46020889282227, 47.28132523293658], [-121.45960807800293, 47.282111297911456], [-121.45943641662598, 47.28283912543736], [-121.45874977111816, 47.28379984243941], [-121.4582347869873, 47.28476054199456], [-121.45806385550819, 47.285456250861735], [-121.45791661484407, 47.28545524622001], [-121.4569902420044, 47.285430110154834]]]}, "properties": {"fid": 250583, "ll_uuid": "900f65a9-f7da-4aa0-825c-d843066ddd23", "ogc_fid": 250583, "owner": "US GOVERNMENT", "parcelnumb": "3021119001", "path": "/us/wa/king/enumclaw-plateau/250583"}, "id": 9}, {"type": "Feature", "geometry": {"type": "Polygon", "coordinates": [[[-121.44484519958496, 47.30158451133079], [-121.44480228424072, 47.3000129484665], [-121.45484447479248, 47.29989653454413], [-121.45020961761475, 47.30088604471396], [-121.44965171813965, 47.30100245645758], [-121.44914197856852, 47.30305343058767], [-121.44892346613663, 47.303603435151224], [-121.44866726659674, 47.30420920800626], [-121.4469820221476, 47.3049472444364], [-121.4465464678973, 47.305040374154345], [-121.44629083420341, 47.305668015807804], [-121.44613265991211, 47.30586241800887], [-121.44484519958496, 47.306764517394555], [-121.44484519958496, 47.30158451133079]]]}, "properties": {"fid": 143193, "ll_uuid": "afb7728d-c241-4fa7-8f98-68fe958ac295", "ogc_fid": 143193, "owner": "US GOVERNMENT", "parcelnumb": "1821119002", "path": "/us/wa/king/enumclaw-plateau/143193"}, "id": 11}, {"type": "Feature", "geometry": {"type": "Polygon", "coordinates": [[[-121.44484519958496, 47.30885965656557], [-121.44441604614258, 47.30842317608682], [-121.44411563873291, 47.308132187098465], [-121.44394397735596, 47.30801579105457], [-121.44360065460205, 47.30798669200354], [-121.44282817840576, 47.30784119650815], [-121.44265651702881, 47.30781209736102], [-121.44235610961914, 47.307666601384994], [-121.44192695617676, 47.30737560823147], [-121.44171237945557, 47.30725921052152], [-121.44158363342285, 47.30717191207083], [-121.44124031066895, 47.307142812555185], [-121.43926620483398, 47.30708461347595], [-121.43750667572021, 47.3071137130236], [-121.43712043762207, 47.30708461347595], [-121.43673419952393, 47.3070264143326], [-121.43639087677002, 47.30696821512515], [-121.43617630004883, 47.306910015853674], [-121.43587589263916, 47.30670631789877], [-121.4357042312622, 47.306531719026935], [-121.43553256988525, 47.30629891963403], [-121.43523216247559, 47.30574601696674], [-121.43514633178711, 47.30565871601692], [-121.43488883972168, 47.30560051530361], [-121.43454551696777, 47.30551321411352], [-121.43428802490234, 47.30548411368477], [-121.43368721008301, 47.305367711809595], [-121.43360137939453, 47.305367711809595], [-121.43347263336182, 47.305338611300726], [-121.4330005645752, 47.30513490729024], [-121.43287181854248, 47.304960303227915], [-121.43265724182129, 47.30449468957548], [-121.43287181854248, 47.3037671600332], [-121.43291473388672, 47.30312692575362], [-121.43291473388672, 47.30245758162542], [-121.43287181854248, 47.30173002404783], [-121.432785987854, 47.301177073592385], [-121.43270015716553, 47.30088604471396], [-121.43257141113281, 47.300507704776976], [-121.43248558044434, 47.29998384500993], [-121.43420219421387, 47.29998384500993], [-121.4368200302124, 47.3000129484665], [-121.44480228424072, 47.3000129484665], [-121.44484519958496, 47.30158451133079], [-121.44484519958496, 47.30885965656557]]]}, "properties": {"fid": 131774, "ll_uuid": "a7d15e10-1037-44d8-9d01-261a3f4ee085", "ogc_fid": 131774, "owner": "UNITED STATES OF AMERICA", "parcelnumb": "1721119001", "path": "/us/wa/king/enumclaw-plateau/131774"}, "id": 15}, {"type": "Feature", "geometry": {"type": "Polygon", "coordinates": [[[-121.41737937927246, 47.29349337407015], [-121.41703605651855, 47.293464267025], [-121.41673564910889, 47.29343515996385], [-121.41647815704346, 47.29343515996385], [-121.41570568084717, 47.29334783868421], [-121.41561985015869, 47.29331873155894], [-121.41536235809326, 47.29317319569236], [-121.4150619506836, 47.292998552123805], [-121.41433238983154, 47.29256194067912], [-121.41416072845459, 47.29247461795762], [-121.41411781311035, 47.2922708643801], [-121.41407489776611, 47.2920962178317], [-121.41386032104492, 47.2916595989374], [-121.41368865966797, 47.2914267340532], [-121.41334533691406, 47.291019218038656], [-121.41313076019287, 47.29084456735694], [-121.41308784484863, 47.2908154588539], [-121.4128303527832, 47.29052437294243], [-121.41261577606201, 47.29029150305976], [-121.41244411468506, 47.29014595886244], [-121.41240119934082, 47.29011684997491], [-121.4122724533081, 47.29005863215178], [-121.41210079193115, 47.28997130529697], [-121.41141414642334, 47.289738432979135], [-121.4104700088501, 47.289389122579905], [-121.41008377075195, 47.28930179461966], [-121.40969753265381, 47.28927268526752], [-121.40931129455566, 47.289214466515176], [-121.40905380249023, 47.289185357115], [-121.40892505645752, 47.28924357589938], [-121.40858173370361, 47.289360013275854], [-121.4078950881958, 47.289651105595624], [-121.40785217285156, 47.28968021473946], [-121.40763759613037, 47.28962199643573], [-121.40742301940918, 47.28953466885997], [-121.40682220458984, 47.28924357589938], [-121.40669345855713, 47.289185357115], [-121.4064359664917, 47.28912713826654], [-121.40617847442627, 47.289039809873685], [-121.40544891357422, 47.288836043063014], [-121.40519142150879, 47.28874871418955], [-121.40506267547607, 47.288719604533014], [-121.40489101409912, 47.288661385171935], [-121.40480518341064, 47.288661385171935], [-121.40420436859131, 47.28860316574671], [-121.40313148498535, 47.288486726704065], [-121.40261650085449, 47.28842850708662], [-121.40248775482178, 47.28842850708662], [-121.40253067016602, 47.285284552580066], [-121.40501976013184, 47.28525544101703], [-121.40536308288574, 47.28525544101703], [-121.40944004058838, 47.28519721784295], [-121.41184329986572, 47.28516810623188], [-121.41317367553711, 47.28516810623188], [-121.4238166809082, 47.28505165962736], [-121.42377376556396, 47.288079188036136], [-121.4234733581543, 47.287991857913056], [-121.42295837402344, 47.2878463073875], [-121.42261505126953, 47.28772986667866], [-121.42231464385986, 47.287613425713516], [-121.42210006713867, 47.28752609482143], [-121.42184257507324, 47.287380543014194], [-121.42167091369629, 47.28729321173762], [-121.42141342163086, 47.28714765928956], [-121.42119884490967, 47.28697299582316], [-121.42107009887695, 47.286885663873704], [-121.42094135284424, 47.286827442493944], [-121.42059803009033, 47.28671099954221], [-121.42038345336914, 47.28662366716017], [-121.42008304595947, 47.286565445492045], [-121.41995429992676, 47.286565445492045], [-121.41995429992676, 47.28662366716017], [-121.41991138458252, 47.28674011030418], [-121.41986846923828, 47.286914774539525], [-121.4197826385498, 47.28735143260468], [-121.41973972320557, 47.28764253597882], [-121.41969680786133, 47.288079188036136], [-121.41965389251709, 47.28839939725384], [-121.41965389251709, 47.288894262231906], [-121.41969680786133, 47.28912713826654], [-121.41969680786133, 47.29096100120884], [-121.41965389251709, 47.290990109631764], [-121.41961097717285, 47.291077434804436], [-121.41939640045166, 47.29128119297991], [-121.41926765441895, 47.29145584221982], [-121.41909599304199, 47.291630490882966], [-121.41901016235352, 47.29177603099501], [-121.41845226287842, 47.29244551035177], [-121.41836643218994, 47.2925328331213], [-121.4177656173706, 47.29328962441767], [-121.41767978668213, 47.293376945793426], [-121.41763687133789, 47.29343515996385], [-121.41759395599365, 47.293464267025], [-121.41737937927246, 47.29349337407015]]]}, "properties": {"fid": 169414, "ll_uuid": "5e39f8ee-7f90-46db-8522-dfa09de87fcc", "ogc_fid": 169414, "owner": "UNITED STATES OF AMERICA", "parcelnumb": "2121119001", "path": "/us/wa/king/enumclaw-plateau/169414"}, "id": 24}, {"type": "Feature", "geometry": {"type": "Polygon", "coordinates": [[[-121.36064529418945, 47.28714765928956], [-121.36060237884521, 47.28676922105012], [-121.36064529418945, 47.286652777970204], [-121.36060237884521, 47.28644900196355], [-121.36060237884521, 47.28621611413752], [-121.36051654815674, 47.28604144759515], [-121.3604736328125, 47.28583766923339], [-121.36034488677979, 47.28548833307261], [-121.36034488677979, 47.28540099867192], [-121.36030197143555, 47.28534277565805], [-121.36024908037108, 47.28530689709907], [-121.36025008012535, 47.28528160144081], [-121.36020354422251, 47.28522632943799], [-121.36227607727051, 47.28522632943799], [-121.36987209320068, 47.28525544101703], [-121.37557983398438, 47.28525544101703], [-121.38137340545654, 47.285284552580066], [-121.38141632080078, 47.28604144759515], [-121.38141632080078, 47.286070558725584], [-121.38047218322754, 47.28612878093844], [-121.38025760650635, 47.28615789202081], [-121.38000011444092, 47.28618700308721], [-121.37969970703125, 47.28615789202081], [-121.37957096099854, 47.28615789202081], [-121.37939929962158, 47.28612878093844], [-121.37854099273682, 47.286070558725584], [-121.3775110244751, 47.28595411410765], [-121.37733936309814, 47.28595411410765], [-121.37648105621338, 47.28586678047597], [-121.37613773345947, 47.285808557974775], [-121.37545108795166, 47.285721224102815], [-121.37502193450928, 47.28569211278011], [-121.37446403503418, 47.28560477871585], [-121.37407779693604, 47.28560477871585], [-121.37351989746094, 47.28554655592626], [-121.37248992919922, 47.28548833307261], [-121.37137413024902, 47.28548833307261], [-121.37103080749512, 47.285517444507434], [-121.37081623077393, 47.285517444507434], [-121.37073040008545, 47.28554655592626], [-121.37064456939697, 47.28560477871585], [-121.3705587387085, 47.28569211278011], [-121.3703441619873, 47.28583766923339], [-121.36991500854492, 47.28618700308721], [-121.36991500854492, 47.286332558178714], [-121.36995792388916, 47.286914774539525], [-121.36991500854492, 47.28694388518937], [-121.36995792388916, 47.28700210644095], [-121.36995792388916, 47.28706032762844], [-121.37004375457764, 47.28711854875186], [-121.3703441619873, 47.28740965340768], [-121.37073040008545, 47.28775897687993], [-121.37085914611816, 47.287904527645765], [-121.37094497680664, 47.28796274784], [-121.37094497680664, 47.288486726704065], [-121.37081623077393, 47.288574056010106], [-121.37064456939697, 47.288632275467336], [-121.37047290802002, 47.28874871418955], [-121.37025833129883, 47.28886515265546], [-121.36948585510254, 47.289418231867984], [-121.36897087097168, 47.28976754207494], [-121.36858463287354, 47.29005863215178], [-121.36819839477539, 47.2903206118512], [-121.36813771802817, 47.29035719493116], [-121.36761580916712, 47.29034699062644], [-121.36748306806861, 47.29029862840752], [-121.36610944951445, 47.290111323002165], [-121.36534314302783, 47.28991329334858], [-121.36501483345421, 47.28970086664852], [-121.36389350055448, 47.2891295052435], [-121.36316743942353, 47.2887719735926], [-121.36243848146384, 47.28848300703607], [-121.36194242604425, 47.28826716267353], [-121.36181082066265, 47.288196014755385], [-121.3611559122455, 47.28774831921158], [-121.36086546150695, 47.287444935527354], [-121.36076761628189, 47.28737438306504], [-121.36065559348839, 47.28721053553555], [-121.36064529418945, 47.28714765928956]]]}, "properties": {"fid": 186614, "ll_uuid": "16f12731-6810-4d58-8836-436e6a2702ad", "ogc_fid": 186614, "owner": "UNITED STATES OF AMERICA", "parcelnumb": "2321119001", "path": "/us/wa/king/enumclaw-plateau/186614"}, "id": 27}, {"type": "Feature", "geometry": {"type": "Polygon", "coordinates": [[[-121.40253067016602, 47.285284552580066], [-121.40253067016602, 47.278035278721546], [-121.40248775482178, 47.274221004950505], [-121.40248775482178, 47.2707850115257], [-121.40562057495117, 47.270755891984095], [-121.40716552734375, 47.27072677242643], [-121.4073371887207, 47.27072677242643], [-121.41321659088135, 47.27069765285276], [-121.41622066497803, 47.27066853326306], [-121.42184257507324, 47.270610294035606], [-121.42394542694092, 47.27058117439785], [-121.42390251159668, 47.27186242330282], [-121.42390251159668, 47.27200801780663], [-121.42385959625244, 47.275968034696405], [-121.42385959625244, 47.277802353854696], [-121.4238166809082, 47.282344203809174], [-121.4238166809082, 47.28505165962736], [-121.41317367553711, 47.28516810623188], [-121.41184329986572, 47.28516810623188], [-121.40944004058838, 47.28519721784295], [-121.40536308288574, 47.28525544101703], [-121.40501976013184, 47.28525544101703], [-121.40253067016602, 47.285284552580066]]]}, "properties": {"fid": 234049, "ll_uuid": "1d6ee792-8c09-4221-b954-af9ff9a276e2", "ogc_fid": 234049, "owner": "US GOVERNMENT", "parcelnumb": "2821119001", "path": "/us/wa/king/enumclaw-plateau/234049"}, "id": 30}, {"type": "Feature", "geometry": {"type": "MultiPolygon", "coordinates": [[[[-121.33897304534912, 47.27547304879093], [-121.33893013000488, 47.274250122585585], [-121.33927345275879, 47.27413365194917], [-121.3394021987915, 47.27410453425003], [-121.34446620941162, 47.272444798914876], [-121.34644031524658, 47.27177506640828], [-121.34716987609863, 47.27154211398448], [-121.34729862213135, 47.27148387571836], [-121.34807109832764, 47.271250922012854], [-121.34944438934326, 47.270843250560915], [-121.34953022003174, 47.27081413105131], [-121.35249137878418, 47.2707850115257], [-121.35437965393066, 47.2707850115257], [-121.35832786560059, 47.270755891984095], [-121.36025905609131, 47.270755891984095], [-121.36025905609131, 47.278006163169266], [-121.3601303100586, 47.28094675304246], [-121.36004447937012, 47.28321759179366], [-121.36004447937012, 47.284061853139264], [-121.36001003438929, 47.28499649235745], [-121.35954464396676, 47.28444373504151], [-121.35945153314375, 47.28425884154509], [-121.35826398667086, 47.283663244255926], [-121.357831403597, 47.28354033444263], [-121.35678571446107, 47.28356537304158], [-121.35516775601253, 47.28357921669771], [-121.35499769016914, 47.283621759025586], [-121.35418881441245, 47.2837422164021], [-121.35391288667712, 47.283783306367894], [-121.35384404383511, 47.28377394921869], [-121.35233862557382, 47.28356921990976], [-121.35073649941346, 47.283217189612586], [-121.34942582428133, 47.282344450916796], [-121.34804279908788, 47.28160745200149], [-121.34651006446717, 47.28121099012792], [-121.34644256129359, 47.28120959139522], [-121.34469358441, 47.28035115549605], [-121.3432312323021, 47.27910898173265], [-121.3431684999787, 47.27899341614618], [-121.34179399856339, 47.27805063291436], [-121.34105159759963, 47.2773035798426], [-121.3409882050444, 47.27721065193591], [-121.34019793559344, 47.27678301296738], [-121.33993437850235, 47.27664045532811], [-121.33897304534912, 47.27623854540541], [-121.33897304534912, 47.27547304879093]], [[-121.35163307189941, 47.28144168774392], [-121.35163307189941, 47.28141257406611], [-121.35171890258789, 47.2813834603723], [-121.35180473327637, 47.2812670054368], [-121.3518476486206, 47.28115055024497], [-121.35180473327637, 47.28088852512613], [-121.35176181793213, 47.280684726914274], [-121.35171890258789, 47.28062649870955], [-121.35171890258789, 47.28056827044074], [-121.35167598724365, 47.280539156282316], [-121.3515043258667, 47.280510042107835], [-121.35141849517822, 47.28048092791738], [-121.35137557983398, 47.2804518137109], [-121.35124683380127, 47.28039358524981], [-121.35107517242432, 47.28033535672469], [-121.35103225708008, 47.28030624243806], [-121.35081768035889, 47.28027712813545], [-121.35068893432617, 47.28033535672469], [-121.35051727294922, 47.28039358524981], [-121.35047435760498, 47.280422699488355], [-121.35051727294922, 47.280510042107835], [-121.35068893432617, 47.28062649870955], [-121.35086059570312, 47.280772069101204], [-121.35098934173584, 47.280975866976576], [-121.35107517242432, 47.28109232255292], [-121.35107517242432, 47.2812670054368], [-121.3511610031128, 47.28141257406611], [-121.35133266448975, 47.281470801405675], [-121.35141849517822, 47.281470801405675], [-121.35159015655518, 47.28144168774392], [-121.35163307189941, 47.28144168774392]]], [[[-121.33948802947998, 47.27279422120603], [-121.33965969085693, 47.27171682839844], [-121.33965969085693, 47.271658590324535], [-121.3396167755127, 47.271629471263566], [-121.3389440822458, 47.27130727854294], [-121.33896193663274, 47.27105955742168], [-121.33889583091567, 47.270843250560915], [-121.34300708770752, 47.270843250560915], [-121.34528160095215, 47.27081413105131], [-121.34553909301758, 47.27081413105131], [-121.34541034698486, 47.27087237005446], [-121.33978843688965, 47.272735984317706], [-121.3396167755127, 47.27279422120603], [-121.33948802947998, 47.272823339626115], [-121.33948802947998, 47.27279422120603]]]]}, "properties": {"fid": 204010, "ll_uuid": "5f69bffc-9298-4f74-9f6a-9172574731d4", "ogc_fid": 204010, "owner": "UNITED STATES", "parcelnumb": "2521119001", "path": "/us/wa/king/enumclaw-plateau/204010"}, "id": 32}, {"type": "Feature", "geometry": {"type": "Polygon", "coordinates": [[[-121.4368200302124, 47.3000129484665], [-121.43420219421387, 47.29998384500993], [-121.43248558044434, 47.29998384500993], [-121.43227100372314, 47.29928535724633], [-121.43214225769043, 47.298645068690035], [-121.43197059631348, 47.29791745864591], [-121.43192768096924, 47.29748088781332], [-121.43184185028076, 47.297218943583516], [-121.43158435821533, 47.29684057740516], [-121.4313268661499, 47.29652041929339], [-121.43115520477295, 47.29620025924311], [-121.43111228942871, 47.295967414352646], [-121.43115520477295, 47.295763674232404], [-121.43124103546143, 47.295618145094465], [-121.43136978149414, 47.29541440362851], [-121.43149852752686, 47.29532708561709], [-121.43184185028076, 47.295152449161634], [-121.43209934234619, 47.29494870590136], [-121.43227100372314, 47.29477406819635], [-121.4324426651001, 47.29457032347821], [-121.43257141113281, 47.294279258233416], [-121.43261432647705, 47.29410461831753], [-121.43265724182129, 47.29378444364053], [-121.43261432647705, 47.29340605288664], [-121.43248558044434, 47.2931149812336], [-121.43231391906738, 47.292882122757675], [-121.43231391906738, 47.29282390797849], [-121.43205642700195, 47.29259104822091], [-121.431884765625, 47.292416402729856], [-121.43171310424805, 47.2922708643801], [-121.43124103546143, 47.292008894341194], [-121.43111228942871, 47.291950678600756], [-121.43085479736328, 47.29174692300461], [-121.43038272857666, 47.29128119297991], [-121.42999649047852, 47.290873675843955], [-121.42982482910156, 47.29058259025291], [-121.42956733703613, 47.29034972062658], [-121.4289665222168, 47.28976754207494], [-121.42870903015137, 47.289389122579905], [-121.42836570739746, 47.28886515265546], [-121.42802238464355, 47.28860316574671], [-121.42763614654541, 47.288457616903344], [-121.4272928237915, 47.28837028740509], [-121.42682075500488, 47.28828295776262], [-121.42634868621826, 47.28822473792087], [-121.42591953277588, 47.28816651801503], [-121.42557621002197, 47.2881374080381], [-121.42480373382568, 47.2881374080381], [-121.42441749572754, 47.28816651801503], [-121.42377376556396, 47.288079188036136], [-121.4238166809082, 47.28505165962736], [-121.42819404602051, 47.28510988296165], [-121.42978191375732, 47.28513899460475], [-121.4302110671997, 47.28513899460475], [-121.43368721008301, 47.28519721784295], [-121.43471717834473, 47.28519721784295], [-121.44201278686523, 47.285313664127074], [-121.44497394561768, 47.28537188717297], [-121.44493103027344, 47.288661385171935], [-121.4448881149292, 47.291048326429575], [-121.4448881149292, 47.29270747822787], [-121.44480228424072, 47.3000129484665], [-121.4368200302124, 47.3000129484665]]]}, "properties": {"fid": 162732, "ll_uuid": "a7360c50-ba82-497c-94e7-133bd6cff45e", "ogc_fid": 162732, "owner": "US GOVERNMENT", "parcelnumb": "2021119001", "path": "/us/wa/king/enumclaw-plateau/162732"}, "id": 34}, {"type": "Feature", "geometry": {"type": "Polygon", "coordinates": [[[-121.3969087600708, 47.288836043063014], [-121.39673709869385, 47.28880693345454], [-121.39609336853027, 47.28880693345454], [-121.39596462249756, 47.28877782383006], [-121.39540672302246, 47.28877782383006], [-121.3951063156128, 47.28874871418955], [-121.39472007751465, 47.28874871418955], [-121.39446258544922, 47.288719604533014], [-121.39429092407227, 47.288690494860475], [-121.39420509338379, 47.288632275467336], [-121.39407634735107, 47.288574056010106], [-121.3939905166626, 47.288486726704065], [-121.39394760131836, 47.288341177540275], [-121.39390468597412, 47.28816651801503], [-121.39381885528564, 47.28802096797011], [-121.3937759399414, 47.28793363775088], [-121.39373302459717, 47.28781719723432], [-121.39364719390869, 47.28770075646142], [-121.39360427856445, 47.287613425713516], [-121.39356136322021, 47.287584315432184], [-121.39347553253174, 47.28740965340768], [-121.39330387115479, 47.2871767698112], [-121.39313220977783, 47.28703121704271], [-121.39304637908936, 47.28694388518937], [-121.39283180236816, 47.286827442493944], [-121.39261722564697, 47.28674011030418], [-121.39244556427002, 47.28668188876421], [-121.39223098754883, 47.28662366716017], [-121.3919734954834, 47.28659455633411], [-121.39188766479492, 47.28659455633411], [-121.3917589187622, 47.286565445492045], [-121.39145851135254, 47.286565445492045], [-121.3910722732544, 47.28653633463395], [-121.39038562774658, 47.28653633463395], [-121.39021396636963, 47.28650722375983], [-121.39008522033691, 47.28650722375983], [-121.38957023620605, 47.28644900196355], [-121.38931274414062, 47.28644900196355], [-121.38909816741943, 47.28641989104136], [-121.38875484466553, 47.28641989104136], [-121.38854026794434, 47.28639078010315], [-121.38823986053467, 47.28639078010315], [-121.38798236846924, 47.28636166914896], [-121.38755321502686, 47.28636166914896], [-121.38742446899414, 47.286332558178714], [-121.38712406158447, 47.286332558178714], [-121.387038230896, 47.28630344719241], [-121.38690948486328, 47.28627433619016], [-121.38669490814209, 47.28618700308721], [-121.38660907745361, 47.28615789202081], [-121.38630867004395, 47.28595411410765], [-121.38613700866699, 47.28586678047597], [-121.38609409332275, 47.28583766923339], [-121.38600826263428, 47.285808557974775], [-121.38579368591309, 47.285721224102815], [-121.3855791091919, 47.28566300144135], [-121.38532161712646, 47.28560477871585], [-121.38514995574951, 47.285575667329056], [-121.38489246368408, 47.285517444507434], [-121.38467788696289, 47.28548833307261], [-121.38450622558594, 47.28548833307261], [-121.38433456420898, 47.28545922162172], [-121.38381958007812, 47.28545922162172], [-121.38364791870117, 47.285517444507434], [-121.3835620880127, 47.285517444507434], [-121.38339042663574, 47.28560477871585], [-121.38261795043945, 47.28589589170255], [-121.38236045837402, 47.285983225286174], [-121.38214588165283, 47.286012336448664], [-121.38180255889893, 47.28604144759515], [-121.38141632080078, 47.286070558725584], [-121.38141632080078, 47.28604144759515], [-121.38137340545654, 47.285284552580066], [-121.40253067016602, 47.285284552580066], [-121.40248775482178, 47.28842850708662], [-121.40244483947754, 47.28839939725384], [-121.40231609344482, 47.28837028740509], [-121.40210151672363, 47.28839939725384], [-121.40180110931396, 47.28842850708662], [-121.40042781829834, 47.28854494625742], [-121.39999866485596, 47.28860316574671], [-121.39956951141357, 47.288632275467336], [-121.39935493469238, 47.288632275467336], [-121.39896869659424, 47.288661385171935], [-121.39849662780762, 47.288690494860475], [-121.39793872833252, 47.28874871418955], [-121.39750957489014, 47.28877782383006], [-121.39716625213623, 47.28880693345454], [-121.3969087600708, 47.288836043063014]]]}, "properties": {"fid": 180268, "ll_uuid": "d31b66cc-5dc5-45fe-b415-edb828b1a06a", "ogc_fid": 180268, "owner": "UNITED STATES", "parcelnumb": "2221119001", "path": "/us/wa/king/enumclaw-plateau/180268"}, "id": 38}, {"type": "Feature", "geometry": {"type": "Polygon", "coordinates": [[[-121.38124465942383, 47.28525544101703], [-121.38948440551758, 47.28525544101703], [-121.3896131515503, 47.28534277565805], [-121.38969898223877, 47.28545922162172], [-121.38987064361572, 47.285575667329056], [-121.39008522033691, 47.28577944670013], [-121.39038562774658, 47.285983225286174], [-121.39064311981201, 47.28618700308721], [-121.39090061187744, 47.28636166914896], [-121.3914155960083, 47.28674011030418], [-121.39163017272949, 47.286914774539525], [-121.39180183410645, 47.287089438198166], [-121.39201641082764, 47.28729321173762], [-121.39223098754883, 47.287555205134794], [-121.39244556427002, 47.28775897687993], [-121.39261722564697, 47.287904527645765], [-121.39283180236816, 47.28805007801114], [-121.39296054840088, 47.288253847849745], [-121.39313220977783, 47.28837028740509], [-121.39321804046631, 47.288486726704065], [-121.39369010925293, 47.288836043063014], [-121.39407634735107, 47.28898159086506], [-121.39450550079346, 47.28906891935401], [-121.39502048492432, 47.28906891935401], [-121.39540672302246, 47.28895248133668], [-121.39592170715332, 47.28877782383006], [-121.3963508605957, 47.28860316574671], [-121.39755249023438, 47.288253847849745], [-121.39888286590576, 47.28805007801114], [-121.3994836807251, 47.287991857913056], [-121.40025615692139, 47.287991857913056], [-121.40158653259277, 47.28802096797011], [-121.40192985534668, 47.288079188036136], [-121.40248775482178, 47.28810829804513], [-121.40245669135717, 47.289823263098654], [-121.40237447648566, 47.289879341322795], [-121.40208188370566, 47.29042295613627], [-121.40207838516253, 47.29051449066936], [-121.40180243321313, 47.290669321658875], [-121.40120873622983, 47.29116129918549], [-121.40058467997856, 47.29158409113682], [-121.39969038016773, 47.29202459855193], [-121.39906292780206, 47.292515960267316], [-121.39883603573287, 47.293106533964846], [-121.39873011102598, 47.29321890851611], [-121.39854101413142, 47.29371886956412], [-121.39759356826309, 47.29381497788611], [-121.39735319054104, 47.29383896192972], [-121.39701825043944, 47.293872384690886], [-121.39681442501734, 47.293914228431476], [-121.39560717156793, 47.29377636096163], [-121.39497185118815, 47.29364966871641], [-121.39490481782252, 47.2936484653686], [-121.39435035122357, 47.29320275479531], [-121.39412948997813, 47.292855211716756], [-121.39413298234244, 47.29276367406305], [-121.39368268090988, 47.29225152484454], [-121.39313566595287, 47.29164585655765], [-121.39250730048569, 47.291359041032244], [-121.3916704400033, 47.291228397838516], [-121.39150391266382, 47.29117929825531], [-121.39018792626602, 47.29122248788674], [-121.38897784593361, 47.29115312179558], [-121.38821029985351, 47.290978046376246], [-121.38810953299945, 47.29097608020595], [-121.38743330291253, 47.29023051856937], [-121.38750032519062, 47.2902318837085], [-121.38705704285006, 47.28955959614706], [-121.3870617051718, 47.2894452617691], [-121.38709659505682, 47.28942288957067], [-121.3868693560512, 47.288411538636474], [-121.38678774226989, 47.28795222709559], [-121.38672601760115, 47.28781371811105], [-121.38615176716671, 47.28704732219296], [-121.38575978112063, 47.28676499302788], [-121.3852235791992, 47.286685979042126], [-121.38481598415548, 47.28676947005427], [-121.38467741030634, 47.28685842599939], [-121.38343773223832, 47.28669686149883], [-121.38203330172693, 47.28644059113854], [-121.3819325368912, 47.28643861245062], [-121.38124465942383, 47.28643460532406], [-121.38124465942383, 47.28525544101703]]]}, "properties": {"fid": 31378, "ll_uuid": "e4bcdc02-ff5f-463c-bf37-1602298ad1e5", "ogc_fid": 31378, "owner": "USA (WNF)", "parcelnumb": "21-11-22000-0001", "path": "/us/wa/kittitas/cle-elum/31378"}, "id": 175}, {"type": "Feature", "geometry": {"type": "Polygon", "coordinates": [[[-121.42355918884277, 47.3000129484665], [-121.4353609085083, 47.3000129484665], [-121.43544673919678, 47.30039129194398], [-121.43553256988525, 47.30103155935342], [-121.43553256988525, 47.30123527917584], [-121.43548965454102, 47.30149720350832], [-121.43531799316406, 47.301759126543175], [-121.43523216247559, 47.30187553636435], [-121.43523216247559, 47.30286500949532], [-121.43553256988525, 47.30373805864329], [-121.4357042312622, 47.30405817305163], [-121.43583297729492, 47.304436487580546], [-121.43630504608154, 47.30507670600022], [-121.43664836883545, 47.305367711809595], [-121.43686294555664, 47.305629615668295], [-121.43707752227783, 47.305804217519835], [-121.43729209899902, 47.30600791895108], [-121.43754959106445, 47.3061534194928], [-121.43780708312988, 47.30632801961423], [-121.4384937286377, 47.30656081887892], [-121.43887996673584, 47.3066481183389], [-121.43913745880127, 47.30667721812685], [-121.4397382736206, 47.306735417654664], [-121.44046783447266, 47.3066481183389], [-121.44098281860352, 47.3066481183389], [-121.44132614135742, 47.30667721812685], [-121.44162654876709, 47.30670631789877], [-121.44201278686523, 47.30682271682625], [-121.44265651702881, 47.30717191207083], [-121.44317150115967, 47.307521105008476], [-121.44364356994629, 47.3079575929365], [-121.44407272338867, 47.30842317608682], [-121.44415855407715, 47.308597768710825], [-121.44424438476562, 47.308714163473155], [-121.4443302154541, 47.3090924446804], [-121.4443302154541, 47.30932523176995], [-121.44437313079834, 47.309499821414306], [-121.44441604614258, 47.3095871160202], [-121.44444946669879, 47.31087873646127], [-121.4397848824418, 47.310921683420176], [-121.4397811179157, 47.31233252394716], [-121.43977540067965, 47.314475383841824], [-121.42936274011306, 47.314475383841824], [-121.42923684619383, 47.31415109140576], [-121.4287509033236, 47.31286016309852], [-121.4287571982883, 47.31270007125201], [-121.42862014550482, 47.31194219426609], [-121.4277931654678, 47.31156033685904], [-121.42630415194856, 47.310891081152114], [-121.4248662409588, 47.31061174269289], [-121.42462861772682, 47.31065307128716], [-121.42374670842989, 47.31029100501887], [-121.42355918884277, 47.3000129484665]]]}, "properties": {"fid": 31375, "ll_uuid": "822072b0-9da2-4418-8bd8-d7ba23ac0abe", "ogc_fid": 31375, "owner": "USA (WNF)", "parcelnumb": "21-11-17000-0002", "path": "/us/wa/kittitas/cle-elum/31375"}, "id": 306}, {"type": "Feature", "geometry": {"type": "Polygon", "coordinates": [[[-121.43977540067965, 47.314475383841824], [-121.43977529165724, 47.3145162461981], [-121.44157706583275, 47.31449614871786], [-121.44157639240366, 47.31450096129912], [-121.44156632018169, 47.314573006753484], [-121.44155139909127, 47.31464167243812], [-121.44153244692689, 47.314710370843756], [-121.44150538451385, 47.31477639330129], [-121.4414783220341, 47.314842415750746], [-121.44144722711455, 47.31490847092472], [-121.44141608532708, 47.31497178468698], [-121.44138499159423, 47.31503784072954], [-121.44135389776902, 47.315103895862634], [-121.4413227557579, 47.31516720959491], [-121.44129166178105, 47.31523326470787], [-121.44126056772764, 47.315299319810805], [-121.44122947359764, 47.31536537490364], [-121.44120236239357, 47.315428656782075], [-121.44117126811692, 47.31549471185593], [-121.44114420486355, 47.315560734208525], [-121.44111311043874, 47.3156267892633], [-121.44108604704722, 47.31569281159881], [-121.44105495247415, 47.31575886663451], [-121.44101977861033, 47.31582221297696], [-121.44098057355482, 47.31588559291218], [-121.44093728917134, 47.31594626324721], [-121.4408859424228, 47.31600699896943], [-121.44083454747283, 47.31606499327743], [-121.44077911994671, 47.3161230202707], [-121.44071966247658, 47.316181079921954], [-121.44066010872486, 47.31623365676167], [-121.44060060292979, 47.316288974959534], [-121.44053298663951, 47.316341618015514], [-121.44046940136363, 47.316394227443865], [-121.44040173673275, 47.31644412813201], [-121.44033407197598, 47.31649402877966], [-121.44026237591896, 47.316543962067534], [-121.44019063167578, 47.31659115392038], [-121.44011485480218, 47.31663837841424], [-121.44003903107277, 47.31668286145736], [-121.43996320721757, 47.31672734445013], [-121.4398873832366, 47.31677182739251], [-121.4398074799172, 47.31681360245921], [-121.43972757645764, 47.31685537657076], [-121.43964767287358, 47.316897150626595], [-121.43956776916505, 47.31693892462663], [-121.43948786400952, 47.31698069858165], [-121.43940796005214, 47.31702247247026], [-121.43932397674737, 47.31706153756164], [-121.43924407254195, 47.31710331133594], [-121.439164168212, 47.31714508505454], [-121.4390842637576, 47.3171868587174], [-121.43900032795223, 47.31722866496132], [-121.43892042326145, 47.3172704394093], [-121.43884454834087, 47.317312180281576], [-121.43876464338861, 47.31735395372147], [-121.438672644594, 47.31739582498225], [-121.43858064565579, 47.3174376961693], [-121.43850889873758, 47.3174848869651], [-121.43846954558744, 47.317540040942056], [-121.43845452377748, 47.317603223368444], [-121.43845221048439, 47.3176560833676], [-121.43845164367642, 47.317669049328174], [-121.43845074985231, 47.31769069303313], [-121.43844881154865, 47.31773761757467], [-121.43845424682068, 47.3177791967975], [-121.43845812117405, 47.317808828455966], [-121.43846457500698, 47.317858194790304], [-121.43846743082419, 47.31788003933442], [-121.43847254052277, 47.31790021229949], [-121.43848475509463, 47.31794844358388], [-121.43850615866326, 47.3180195565983], [-121.43852363973355, 47.31807552262553], [-121.43852751431959, 47.318087928218006], [-121.43853180366074, 47.31809750232211], [-121.4385568846685, 47.318153494100315], [-121.43859028637483, 47.318219026451764], [-121.43862762352013, 47.31827904339119], [-121.43866902688836, 47.318341773684544], [-121.43871847129927, 47.31840168811156], [-121.43877193399261, 47.31846157449141], [-121.43882093435843, 47.31852097073856], [-121.43882136548153, 47.318521493475735], [-121.4388217114698, 47.31852183789496], [-121.43887881307262, 47.31857860577414], [-121.43893227613705, 47.31863849297529], [-121.43898170796808, 47.31869841188704], [-121.43903517125116, 47.31875829813844], [-121.43907654061559, 47.31881828228253], [-121.4390788036278, 47.31882272204534], [-121.43910994337078, 47.31888381446683], [-121.43912552424345, 47.31891438307336], [-121.43914334620752, 47.31894934663987], [-121.43917674912586, 47.31901487880155], [-121.43919747830508, 47.31906115113324], [-121.43920612077606, 47.31908044449522], [-121.43921523512199, 47.31909760124316], [-121.43923947584635, 47.31914323524813], [-121.4392688476277, 47.31920880002315], [-121.43930225086105, 47.31927433214186], [-121.43932790171202, 47.319331589263534], [-121.4393316227909, 47.31933989689756], [-121.43933547627083, 47.31934745594747], [-121.43936502618249, 47.3194054289948], [-121.43939439826096, 47.31947099373118], [-121.4394182418232, 47.319524219369065], [-121.43942377042688, 47.319536559357765], [-121.43945314264894, 47.3196021240758], [-121.43948251494275, 47.31966768878467], [-121.43951188730843, 47.31973325348438], [-121.43953722832644, 47.31979885083038], [-121.43954429764057, 47.31981715031018], [-121.43918037414551, 47.3199741446937], [-121.4384937286377, 47.32041052977527], [-121.43806457519531, 47.320730543211], [-121.43759250640869, 47.321050554708364], [-121.4373779296875, 47.32125419737929], [-121.43720626831055, 47.32137056426737], [-121.43699169158936, 47.32160329727466], [-121.43673419952393, 47.32177784635732], [-121.4364767074585, 47.32201057757044], [-121.43630504608154, 47.322214216540885], [-121.43604755401611, 47.32244694583167], [-121.43579006195068, 47.32270876505834], [-121.43548965454102, 47.322941492170486], [-121.43488883972168, 47.323552395962054], [-121.43458589331402, 47.32391176494937], [-121.43415063953601, 47.32333054609898], [-121.43402057224986, 47.323213529193524], [-121.43371561419332, 47.32242960198356], [-121.43266670502166, 47.3217001607739], [-121.43247528625683, 47.32144482877381], [-121.43243786346281, 47.32071169774928], [-121.43250999333158, 47.3205987124463], [-121.43199694508938, 47.319147106027664], [-121.43173035746686, 47.31824942712292], [-121.43093392953848, 47.31713580474799], [-121.42987128233376, 47.315925429348425], [-121.430012683076, 47.31576784255453], [-121.42960416010776, 47.31505070428499], [-121.42954117701994, 47.31493502271533], [-121.42936274011306, 47.314475383841824], [-121.43977540067965, 47.314475383841824]]]}, "properties": {"fid": 31353, "ll_uuid": "1b3f4e57-8554-44f7-a36d-9b2620691c38", "ogc_fid": 31353, "owner": "USA (WNF)", "parcelnumb": "21-11-08000-0001", "path": "/us/wa/kittitas/cle-elum/31353"}, "id": 392}, {"type": "Feature", "geometry": {"type": "Polygon", "coordinates": [[[-121.3663101196289, 47.29011684997491], [-121.36661052703857, 47.28988397829795], [-121.36691093444824, 47.2897093238673], [-121.36721134185791, 47.28959288725983], [-121.36738300323486, 47.289447341140004], [-121.3676404953003, 47.28930179461966], [-121.36785507202148, 47.28906891935401], [-121.36811256408691, 47.288836043063014], [-121.3683271408081, 47.28860316574671], [-121.3685417175293, 47.288341177540275], [-121.36875629425049, 47.28805007801114], [-121.36905670166016, 47.28770075646142], [-121.36931419372559, 47.287322322179165], [-121.36965751647949, 47.28703121704271], [-121.36991500854492, 47.28676922105012], [-121.37025833129883, 47.286565445492045], [-121.37060165405273, 47.28650722375983], [-121.37154579162598, 47.28636166914896], [-121.37214660644531, 47.286332558178714], [-121.37317657470703, 47.286245225171854], [-121.37420654296875, 47.28612878093844], [-121.37476444244385, 47.28604144759515], [-121.37588024139404, 47.28589589170255], [-121.37656688690186, 47.28583766923339], [-121.37708187103271, 47.28577944670013], [-121.37768268585205, 47.285721224102815], [-121.37866973876953, 47.285575667329056], [-121.37969970703125, 47.28534277565805], [-121.37991428375244, 47.285284552580066], [-121.38124465942383, 47.28525544101703], [-121.38124465942383, 47.28643460532406], [-121.38024808799673, 47.28642879994735], [-121.38007979327449, 47.28642546860018], [-121.37926698392836, 47.286523980624274], [-121.37916622442857, 47.28652200578764], [-121.37906029361079, 47.286594144210845], [-121.37861081089761, 47.286900307166476], [-121.37830040947853, 47.28707728104998], [-121.37764890230608, 47.28733925897283], [-121.3774433096384, 47.28742666350394], [-121.37701419295436, 47.28801340919543], [-121.37692163129462, 47.28860666862651], [-121.37618675797624, 47.28925604536217], [-121.37581345037096, 47.290118423293876], [-121.37545535917589, 47.29061499246164], [-121.3753820249202, 47.29075075079164], [-121.3745876838152, 47.29121581737641], [-121.3739948805703, 47.2916848633354], [-121.37359077447238, 47.2916769313232], [-121.37352324470187, 47.29167574096366], [-121.37332238000157, 47.29142888578397], [-121.37310692418043, 47.291164103582574], [-121.37258981441788, 47.29065049867399], [-121.37158246663205, 47.29056210365985], [-121.37148170117051, 47.29056012303642], [-121.3705477058714, 47.29033580211364], [-121.36984548987608, 47.29020758608265], [-121.36872976800008, 47.29030009137248], [-121.36879436333282, 47.29037003358803], [-121.36761580916712, 47.29034699062644], [-121.36748306806861, 47.29029862840752], [-121.3662911939171, 47.2901361055074], [-121.3663101196289, 47.29011684997491]]]}, "properties": {"fid": 31379, "ll_uuid": "89415520-6a7f-49ad-8ee0-554ff785d31c", "ogc_fid": 31379, "owner": "THE UNITED STATES OF AMERICA", "parcelnumb": "21-11-23000-0001", "path": "/us/wa/kittitas/cle-elum/31379"}, "id": 450}, {"type": "Feature", "geometry": {"type": "Polygon", "coordinates": [[[-121.42355918884277, 47.3000129484665], [-121.42374670842989, 47.31029100501887], [-121.42363445066556, 47.31024491779657], [-121.42166516352391, 47.30977238700004], [-121.41865306292011, 47.30763215886668], [-121.41858552458835, 47.30763079856555], [-121.41752904757026, 47.307107084495385], [-121.41600537303904, 47.30645992295755], [-121.4152198101833, 47.30589547378268], [-121.4144794811277, 47.305057341715845], [-121.41448172420168, 47.30501157729736], [-121.41382679576083, 47.30454137964068], [-121.4138410969818, 47.3041983858976], [-121.4140237407016, 47.303057552153014], [-121.41459745898067, 47.30222173430706], [-121.41460205987211, 47.30210740662351], [-121.41526502772547, 47.30157077546036], [-121.41536581678801, 47.30157271800849], [-121.41593143053449, 47.30094278324654], [-121.41610836422417, 47.30074019964263], [-121.41626579678041, 47.30019402099642], [-121.416355447902, 47.299993249724274], [-121.42355918884277, 47.3000129484665]]]}, "properties": {"fid": 31373, "ll_uuid": "c1b60753-98e3-425b-863b-6cb0ed233df5", "ogc_fid": 31373, "owner": "USA (WNF)", "parcelnumb": "21-11-16000-0001", "path": "/us/wa/kittitas/cle-elum/31373"}, "id": 487}, {"type": "Feature", "geometry": {"type": "Polygon", "coordinates": [[[-121.42355918884277, 47.3000129484665], [-121.42364501953125, 47.288195627975966], [-121.42364501953125, 47.28575033540949], [-121.42420291900635, 47.28560477871585], [-121.42488956451416, 47.285721224102815], [-121.42553329467773, 47.28583766923339], [-121.42626285552979, 47.286012336448664], [-121.42669200897217, 47.28615789202081], [-121.42733573913574, 47.28636166914896], [-121.4278507232666, 47.286565445492045], [-121.42832279205322, 47.28671099954221], [-121.42879486083984, 47.286914774539525], [-121.42922401428223, 47.28706032762844], [-121.4295244216919, 47.28723499080644], [-121.42978191375732, 47.287322322179165], [-121.4304256439209, 47.28772986667866], [-121.4307689666748, 47.28796274784], [-121.43106937408447, 47.28810829804513], [-121.43141269683838, 47.28828295776262], [-121.43171310424805, 47.288515836488756], [-121.43205642700195, 47.288690494860475], [-121.43231391906738, 47.28895248133668], [-121.43257141113281, 47.28912713826654], [-121.43308639526367, 47.28968021473946], [-121.43330097198486, 47.28997130529697], [-121.43347263336182, 47.29023328542891], [-121.43377304077148, 47.290873675843955], [-121.43394470214844, 47.29139762587059], [-121.43420219421387, 47.291892462796255], [-121.43463134765625, 47.293144088470996], [-121.43471717834473, 47.29378444364053], [-121.43471717834473, 47.294279258233416], [-121.43476009368896, 47.29480317452055], [-121.43488883972168, 47.29529797958122], [-121.43506050109863, 47.296345786779], [-121.43527507781982, 47.297364468315834], [-121.43540382385254, 47.29785924940984], [-121.43557548522949, 47.29835402587389], [-121.4357042312622, 47.29881969361074], [-121.4357042312622, 47.299168941721916], [-121.4353609085083, 47.3000129484665], [-121.42355918884277, 47.3000129484665]]]}, "properties": {"fid": 31376, "ll_uuid": "cfaca645-d6cc-4737-952a-b7d9998ca89d", "ogc_fid": 31376, "owner": "USA (WNF)", "parcelnumb": "21-11-20000-0001", "path": "/us/wa/kittitas/cle-elum/31376"}, "id": 493}, {"type": "Feature", "geometry": {"type": "Polygon", "coordinates": [[[-121.33893013000488, 47.26187368413122], [-121.33897304534912, 47.27095972843904], [-121.33897304534912, 47.27521099555469], [-121.33901150050775, 47.276254622568445], [-121.33884252771352, 47.276183979168245], [-121.33874055655316, 47.27542660959499], [-121.33861257848436, 47.27448573105578], [-121.33861437081931, 47.274439967701596], [-121.33840230136593, 47.273886464254375], [-121.33850479841108, 47.273064556064284], [-121.33887793180251, 47.27222508446032], [-121.33896193663274, 47.27105955742168], [-121.33866638395051, 47.270092469010585], [-121.33818535609399, 47.26953352810387], [-121.33815342843663, 47.26948715580994], [-121.33838201364391, 47.268873732191885], [-121.33845244916745, 47.2688065722278], [-121.33885581958678, 47.26803645418155], [-121.33787263146218, 47.2673989056003], [-121.3377748529316, 47.2673283295886], [-121.33764690831038, 47.26638726896141], [-121.33684264332292, 47.26550165296034], [-121.33677862830226, 47.265431692197716], [-121.33648843855156, 47.26512840583089], [-121.33633089490506, 47.26409537658362], [-121.33596779743255, 47.263927831062176], [-121.33475822776967, 47.26187368413122], [-121.33893013000488, 47.26187368413122]]]}, "properties": {"fid": 31491, "ll_uuid": "dc1ea305-7049-4d1f-a9e2-b3ad3cf0a04c", "ogc_fid": 31491, "owner": "USA (WNF)", "parcelnumb": "21-12-34000-0001", "path": "/us/wa/kittitas/manastash-ridge/31491"}, "id": 504}, {"type": "Feature", "geometry": {"type": "Polygon", "coordinates": [[[-121.416355447902, 47.299993249724274], [-121.4166001431788, 47.299445261242596], [-121.41664074010215, 47.29928574836204], [-121.41747432184744, 47.29868384332478], [-121.41754186985916, 47.29868519331746], [-121.41827349904187, 47.29810412802623], [-121.41841948443759, 47.297832218996454], [-121.41922323333827, 47.297138169766825], [-121.41933197834335, 47.29695720922783], [-121.41872798046468, 47.2968997957679], [-121.41866044402202, 47.29689860650895], [-121.41794283210452, 47.297105445952276], [-121.41784181686346, 47.29713455504397], [-121.4172590299003, 47.29737513306917], [-121.41698993576507, 47.29737006449412], [-121.41660012226362, 47.29782023055422], [-121.41632641854207, 47.2979294884799], [-121.41543911441042, 47.298187035961874], [-121.41519294690576, 47.29843403123528], [-121.41419847961372, 47.29884972228847], [-121.41343987771835, 47.2992700646925], [-121.41256419468816, 47.29925318910465], [-121.41253072505353, 47.29925254399819], [-121.41164401097706, 47.298686316894305], [-121.41115450641594, 47.29831059458182], [-121.41079619306218, 47.29800616152117], [-121.41016529398632, 47.29778816670662], [-121.40944457640525, 47.29729360979827], [-121.40913550237005, 47.29662395484296], [-121.40849729044334, 47.29576478515382], [-121.40829654153285, 47.29491416355776], [-121.40794692815682, 47.29360288650226], [-121.40760702337154, 47.2928640734188], [-121.40745308077165, 47.292517749214625], [-121.40662481294709, 47.2921813338448], [-121.40626481114357, 47.29192264938329], [-121.40573127454238, 47.29179796113663], [-121.40559624146043, 47.29179540710973], [-121.40466496541012, 47.291502798361606], [-121.40428959985299, 47.29080896367474], [-121.40440125366386, 47.290559274965055], [-121.40415580865279, 47.28998249492262], [-121.40413642177755, 47.28963872195195], [-121.40427382521085, 47.289572707106366], [-121.40435109358945, 47.28934539179514], [-121.40425956583286, 47.28911475971498], [-121.40419893485088, 47.288953298572835], [-121.4034588772501, 47.28891621739806], [-121.40306342113867, 47.289302654290985], [-121.40286172174574, 47.2894997428039], [-121.40292924449983, 47.2895009377022], [-121.40245669135717, 47.289823263098654], [-121.40248775482178, 47.28810829804513], [-121.40326023101807, 47.28816651801503], [-121.40411853790283, 47.28822473792087], [-121.40519142150879, 47.28839939725384], [-121.40613555908203, 47.288632275467336], [-121.40665054321289, 47.28877782383006], [-121.40768051147461, 47.288894262231906], [-121.40871047973633, 47.288894262231906], [-121.40913963317871, 47.288836043063014], [-121.40948295593262, 47.28877782383006], [-121.40986919403076, 47.288719604533014], [-121.41034126281738, 47.28860316574671], [-121.410813331604, 47.28839939725384], [-121.41124248504639, 47.288253847849745], [-121.41175746917725, 47.28805007801114], [-121.41218662261963, 47.2878463073875], [-121.41252994537354, 47.28770075646142], [-121.41291618347168, 47.28740965340768], [-121.41308784484863, 47.28720588031683], [-121.41321659088135, 47.28706032762844], [-121.41330242156982, 47.286885663873704], [-121.41351699829102, 47.28668188876421], [-121.41377449035645, 47.28641989104136], [-121.41411781311035, 47.28621611413752], [-121.4145040512085, 47.286070558725584], [-121.41471862792969, 47.285983225286174], [-121.41531944274902, 47.285808557974775], [-121.41561985015869, 47.28575033540949], [-121.42364501953125, 47.285313664127074], [-121.42364501953125, 47.288195627975966], [-121.42355918884277, 47.3000129484665], [-121.416355447902, 47.299993249724274]]]}, "properties": {"fid": 31377, "ll_uuid": "e59812b0-f08e-445b-8fdb-54262de5244d", "ogc_fid": 31377, "owner": "USA (WNF)", "parcelnumb": "21-11-21000-0001", "path": "/us/wa/kittitas/cle-elum/31377"}, "id": 511}, {"type": "Feature", "geometry": {"type": "Polygon", "coordinates": [[[-121.34785652160645, 47.28152902868118], [-121.3483715057373, 47.28141257406611], [-121.34897232055664, 47.281354346662454], [-121.34953022003174, 47.2812670054368], [-121.35017395019531, 47.28123789166287], [-121.35073184967041, 47.28120877787293], [-121.35137557983398, 47.28120877787293], [-121.35249137878418, 47.28129611919471], [-121.35365009307861, 47.28144168774392], [-121.35420799255371, 47.28161636947425], [-121.35485172271729, 47.281761937142306], [-121.3553237915039, 47.28196573120465], [-121.355881690979, 47.282111297911456], [-121.35635375976562, 47.28231509062803], [-121.35673999786377, 47.28243154325648], [-121.35704040527344, 47.28257710868155], [-121.35751247406006, 47.282955576912315], [-121.35785579681396, 47.28345049282095], [-121.35792780242635, 47.28356772423856], [-121.357831403597, 47.28354033444263], [-121.35678571446107, 47.28356537304158], [-121.35516775601253, 47.28357921669771], [-121.35499769016914, 47.283621759025586], [-121.35418881441245, 47.2837422164021], [-121.35391288667712, 47.283783306367894], [-121.35384404383511, 47.28377394921869], [-121.35233862557382, 47.28356921990976], [-121.35073649941346, 47.283217189612586], [-121.34942582428133, 47.282344450916796], [-121.34804279908788, 47.28160745200149], [-121.34778369153629, 47.28154043044148], [-121.34785652160645, 47.28152902868118]]]}, "properties": {"fid": 31381, "ll_uuid": "e5d25952-0a6d-4c95-a77e-824cfcf64611", "ogc_fid": 31381, "owner": "UNITED STATES OF AMERICA", "parcelnumb": "21-11-25000-0001", "path": "/us/wa/kittitas/cle-elum/31381"}, "id": 512}]}