{"type": "FeatureCollection", "features": [{"type": "Feature", "geometry": {"type": "MultiPolygon", "coordinates": [[[[-121.30618572235107, 47.19093734300168], [-121.30618572235107, 47.191695586965324], [-121.30622863769531, 47.1918122389213], [-121.30622863769531, 47.19201637922731], [-121.30631446838379, 47.192249681472646], [-121.3064432144165, 47.19251214527279], [-121.30678653717041, 47.19283293259903], [-121.30712985992432, 47.193328691016575], [-121.30747318267822, 47.19385360664609], [-121.30777359008789, 47.19437851708349], [-121.30783436932543, 47.19456436797233], [-121.30783410835348, 47.194563882628465], [-121.30748903478609, 47.193984691224735], [-121.30697464097078, 47.193447794030405], [-121.3063213327928, 47.192999765736644], [-121.30573542636321, 47.19255316070539], [-121.30542523131122, 47.191951760949], [-121.30542825159797, 47.19188319709332], [-121.305146429014, 47.19139675701711], [-121.30508736631494, 47.19121244161993], [-121.30502008131799, 47.19096902776422], [-121.30618572235107, 47.19093734300168]]], [[[-121.30807399749756, 47.19493258357909], [-121.30815982818604, 47.195136711882355], [-121.30824565887451, 47.19519503411047], [-121.30833148956299, 47.19531167837448], [-121.30837440490723, 47.19542832238204], [-121.3084602355957, 47.19554496613324], [-121.30854606628418, 47.195690770461624], [-121.3086748123169, 47.19583657438943], [-121.30897521972656, 47.196186502181575], [-121.30906105041504, 47.19624482325591], [-121.30910396575928, 47.19630314426618], [-121.3093614578247, 47.19659474835589], [-121.30940437316895, 47.19662390867671], [-121.30961894989014, 47.19682803047388], [-121.30996227264404, 47.19720711172823], [-121.31000518798828, 47.197294591633096], [-121.31030559539795, 47.197731988994065], [-121.31043434143066, 47.19787778731316], [-121.31056308746338, 47.19805274476724], [-121.31060600280762, 47.19814022327793], [-121.3106918334961, 47.19822770164441], [-121.31077766418457, 47.19828602047531], [-121.31077766418457, 47.19831517986668], [-121.31086349487305, 47.198460976583306], [-121.31094932556152, 47.198577613668135], [-121.31112098693848, 47.198723409663614], [-121.31116390228271, 47.19881088706859], [-121.31116390228271, 47.19889836432938], [-121.31120681762695, 47.19892752338427], [-121.31124973297119, 47.19901500045273], [-121.31124973297119, 47.19918995415702], [-121.31129264831543, 47.19927743079282], [-121.31129264831543, 47.19948154238216], [-121.31133556365967, 47.199539859834914], [-121.31124973297119, 47.19977312900485], [-121.31112098693848, 47.19986060467917], [-121.31094932556152, 47.20009387243894], [-121.31086349487305, 47.200239664268], [-121.31077766418457, 47.20032713917311], [-121.3106918334961, 47.2004729303612], [-121.31060600280762, 47.20056040488171], [-121.3104772567749, 47.20076451153545], [-121.31034851074219, 47.200939459470845], [-121.31009101867676, 47.201172722487286], [-121.30979061126709, 47.201493457460344], [-121.3095760345459, 47.20166840299203], [-121.30931854248047, 47.20193082020788], [-121.30923271179199, 47.20198913496847], [-121.30919265203715, 47.202043569341974], [-121.30848966798565, 47.201145973996034], [-121.30919758663534, 47.20033628437672], [-121.3098561734601, 47.1998917741831], [-121.30997770056767, 47.19941348804392], [-121.30917506071445, 47.199305836154046], [-121.30847646440331, 47.19913148015172], [-121.30784595932278, 47.19893571823963], [-121.30737933948078, 47.19883478702153], [-121.30731191584424, 47.19883337552512], [-121.30672712250932, 47.198363801589416], [-121.3069859398337, 47.197819791379814], [-121.30701170951946, 47.19722513619169], [-121.3065930934012, 47.19680478667655], [-121.30704464757322, 47.196470556003476], [-121.30758466971866, 47.196435599957326], [-121.30802656204003, 47.19633003124093], [-121.30818961928196, 47.195669646644326], [-121.30808289187352, 47.195026558981354], [-121.30796752132785, 47.19481199805186], [-121.30807399749756, 47.19493258357909]]], [[[-121.30888938903809, 47.20286384868541], [-121.30893230438232, 47.20298047609131], [-121.30906105041504, 47.20312625998815], [-121.30918979644775, 47.20335951338987], [-121.30927562713623, 47.20359276576593], [-121.30927562713623, 47.2036802351426], [-121.3093614578247, 47.203971798689736], [-121.3093614578247, 47.20414673604887], [-121.30940437316895, 47.20420504837372], [-121.30940437316895, 47.20446745304233], [-121.30940753837373, 47.204471753819526], [-121.30905766449331, 47.20433884071786], [-121.30859578827074, 47.2041235808371], [-121.30852837222962, 47.2041221528609], [-121.3080067424298, 47.203745370915044], [-121.30840638882843, 47.20306688755222], [-121.30883599760773, 47.202791299835795], [-121.30888938903809, 47.20286384868541]]]]}, "properties": {"fid": 215539, "ogc_fid": 215539, "path": "/us/wa/king/enumclaw-plateau/215539", "ll_uuid": "929e6432-db5a-4cdf-8e7a-41e6bc3db045", "parcelnumb": "262012UNKN"}, "id": 10}, {"type": "Feature", "geometry": {"type": "Polygon", "coordinates": [[[-121.40523433685303, 47.19811106379041], [-121.40514850616455, 47.19799442567995], [-121.40519142150879, 47.19784862768137], [-121.40536308288574, 47.19764450981032], [-121.40544891357422, 47.19755703048233], [-121.40557765960693, 47.197411231281905], [-121.40566349029541, 47.197177951727895], [-121.40566349029541, 47.197032151485814], [-121.40557765960693, 47.19691551100371], [-121.40557765960693, 47.19679887026524], [-121.40562057495117, 47.19685719066652], [-121.40562057495117, 47.19688635084313], [-121.40570640563965, 47.197002991389326], [-121.40579223632812, 47.19723627171251], [-121.40574932098389, 47.19735291148956], [-121.40574932098389, 47.19755703048233], [-121.40566349029541, 47.19764450981032], [-121.40536308288574, 47.19793610652863], [-121.40523433685303, 47.19811106379041]]]}, "properties": {"fid": 233679, "ogc_fid": 233679, "path": "/us/wa/king/enumclaw-plateau/233679", "ll_uuid": "5d6acd1e-4640-4713-950f-67da9b26aa79", "parcelnumb": "282011HYDR"}, "id": 27}, {"type": "Feature", "geometry": {"type": "Polygon", "coordinates": [[[-121.36180400848389, 47.22784541337387], [-121.36179669770071, 47.22718012703636], [-121.36207142842741, 47.22663476204602], [-121.36254334407829, 47.2258201699449], [-121.36261077660323, 47.225821384827405], [-121.36301055464072, 47.225119744440285], [-121.36290541507344, 47.22443113117621], [-121.36273252192228, 47.224091991683764], [-121.36296272277832, 47.224144103986845], [-121.36317729949951, 47.22417324916475], [-121.36326313018799, 47.224202394326596], [-121.36343479156494, 47.22423153947244], [-121.36377811431885, 47.22434811989558], [-121.36433601379395, 47.22452299004959], [-121.36459350585938, 47.22461042491028], [-121.36476516723633, 47.22469785962673], [-121.36502265930176, 47.22484358383369], [-121.36510848999023, 47.225309898604024], [-121.36519432067871, 47.22551391002611], [-121.36532306671143, 47.22606765135686], [-121.36545181274414, 47.226592243071195], [-121.36545181274414, 47.22720426017628], [-121.36515140533447, 47.227466551058114], [-121.36497974395752, 47.22767055418001], [-121.3648509979248, 47.22784541337387], [-121.36455059051514, 47.22787455651678], [-121.36180400848389, 47.22784541337387]]]}, "properties": {"fid": 104053, "ogc_fid": 104053, "path": "/us/wa/king/enumclaw-plateau/104053", "ll_uuid": "615268ff-acec-4836-abf7-3d4cd135d8f2", "parcelnumb": "142011UNKN"}, "id": 28}, {"type": "Feature", "geometry": {"type": "MultiPolygon", "coordinates": [[[[-121.31575584411621, 47.176499478038664], [-121.31588459014893, 47.176499478038664], [-121.31567001342773, 47.17661616339157], [-121.31519794464111, 47.176732848488115], [-121.31489753723145, 47.17682036214225], [-121.31464004516602, 47.17690787565212], [-121.31433963775635, 47.176995389017776], [-121.3140628002543, 47.17718356497809], [-121.3144684898306, 47.17652428233358], [-121.31448131750568, 47.17649681234711], [-121.31575584411621, 47.176499478038664]]], [[[-121.31227970123291, 47.17927068589972], [-121.31210803985596, 47.179504044169676], [-121.31163597106934, 47.18020411282569], [-121.3115930557251, 47.18032079003757], [-121.31155014038086, 47.180349959300486], [-121.31116390228271, 47.180845834318035], [-121.31103515625, 47.18099167903006], [-121.31064891815186, 47.18151671667596], [-121.31052017211914, 47.18163339100329], [-121.31026268005371, 47.181983412446726], [-121.31021976470947, 47.1821000857484], [-121.31009101867676, 47.18230426340932], [-121.31000518798828, 47.182537608346024], [-121.3099193572998, 47.182712616375454], [-121.30987644195557, 47.18288762382798], [-121.30983352661133, 47.18317930163349], [-121.30983352661133, 47.183441810288286], [-121.30987644195557, 47.18373348504895], [-121.30987644195557, 47.183762652436855], [-121.30996227264404, 47.184112659842015], [-121.31000518798828, 47.18425849557974], [-121.31009101867676, 47.18449183192678], [-121.31021976470947, 47.18472516724822], [-121.31030559539795, 47.18484183452432], [-121.31030559539795, 47.184958501544], [-121.31026268005371, 47.184987668258884], [-121.31017684936523, 47.184987668258884], [-121.30931854248047, 47.185133501592816], [-121.30910396575928, 47.18516266821152], [-121.30906105041504, 47.18519183481419], [-121.30897521972656, 47.18522100140083], [-121.30884647369385, 47.185279334526115], [-121.30863189697266, 47.18542516705875], [-121.30858898162842, 47.18551266638602], [-121.30820274353027, 47.1858626622529], [-121.30798816680908, 47.18606682544291], [-121.30777359008789, 47.186329319819066], [-121.30773067474365, 47.18638765172639], [-121.30764484405518, 47.18653348121424], [-121.30760192871094, 47.18667931030143], [-121.30751609802246, 47.18682513898801], [-121.30734443664551, 47.18708762961427], [-121.30725860595703, 47.18714596068824], [-121.30708694458008, 47.18737928434322], [-121.30691528320312, 47.18755427641142], [-121.30682945251465, 47.18761260697261], [-121.30670070648193, 47.18772926790268], [-121.30648612976074, 47.18784592857634], [-121.30640029907227, 47.187933423913336], [-121.30635738372803, 47.188020919106094], [-121.30627155303955, 47.188137579138754], [-121.30618572235107, 47.188312568707005], [-121.30614280700684, 47.18845839290648], [-121.30614280700684, 47.188545887233914], [-121.3060998916626, 47.18872087545603], [-121.30614280700684, 47.18892502765269], [-121.30618572235107, 47.18918750789453], [-121.30622863769531, 47.18939165829639], [-121.30622863769531, 47.18971246448422], [-121.30627155303955, 47.18994577685743], [-121.30627155303955, 47.19032490727648], [-121.30622863769531, 47.19055821695747], [-121.30622863769531, 47.19073319854516], [-121.30618572235107, 47.190908179555976], [-121.30618572235107, 47.19093734300168], [-121.30502008131799, 47.19096902776422], [-121.30488378391972, 47.19047595090105], [-121.30468369650394, 47.18967088438483], [-121.30468618710238, 47.18960214247051], [-121.30480218252902, 47.18848300052074], [-121.30507763430823, 47.187573012778614], [-121.30508062976376, 47.187504451696746], [-121.30529235668216, 47.186501665152164], [-121.30548494079662, 47.18593344349621], [-121.30574540923327, 47.1853664622867], [-121.30593499308013, 47.18486663527706], [-121.30622798314096, 47.184323232148046], [-121.30630981727724, 47.18398165225385], [-121.3066828037027, 47.18314227388703], [-121.30745257992336, 47.182448334509424], [-121.30824523169287, 47.18200648804377], [-121.30829868657682, 47.18154976802788], [-121.30821854764427, 47.18106757913362], [-121.30869934913603, 47.18084846510921], [-121.30941678556319, 47.18058828192597], [-121.30948365730765, 47.180589516894294], [-121.31037019111172, 47.18030980765305], [-121.31119946197826, 47.179800166016115], [-121.31188797784888, 47.17942501141074], [-121.31236900151188, 47.179137149896974], [-121.31227970123291, 47.17927068589972]]]]}, "properties": {"fid": 298407, "ogc_fid": 298407, "path": "/us/wa/king/enumclaw-plateau/298407", "ll_uuid": "52f06879-3839-45d6-8823-3f24b106f39d", "parcelnumb": "352012UNKN"}, "id": 29}, {"type": "Feature", "geometry": {"type": "Polygon", "coordinates": [[[-121.36141220020903, 47.22784329749894], [-121.36174033062434, 47.227292020709235], [-121.36179669770071, 47.22718012703636], [-121.36180400848389, 47.22784541337387], [-121.36141220020903, 47.22784329749894]]]}, "properties": {"fid": 95133, "ogc_fid": 95133, "path": "/us/wa/king/enumclaw-plateau/95133", "ll_uuid": "10830591-53c9-4366-b301-5ee38672495f", "parcelnumb": "132011UNKN"}, "id": 35}, {"type": "Feature", "geometry": {"type": "Polygon", "coordinates": [[[-121.31588459014893, 47.176499478038664], [-121.31575584411621, 47.176499478038664], [-121.31448131750568, 47.17649681234711], [-121.31476499848061, 47.17588932014777], [-121.31514441095908, 47.17488997572388], [-121.31510801262047, 47.174179735054494], [-121.31511513087365, 47.17401963765065], [-121.31545036782373, 47.17249277290635], [-121.31537824676873, 47.17104950042997], [-121.31535259796972, 47.170087621706074], [-121.31471259070744, 47.16934222865352], [-121.31438664341313, 47.16832865472739], [-121.3139489200849, 47.16756451418609], [-121.31364178044397, 47.166894566442494], [-121.31340382845826, 47.166180267325636], [-121.31279043602082, 47.165595759016924], [-121.31279343609947, 47.16552718719384], [-121.31209443595615, 47.16459746179033], [-121.31174353979904, 47.1641555570598], [-121.31119225051263, 47.16368663065369], [-121.31039906610026, 47.16337310724918], [-121.30930494684574, 47.16303066046538], [-121.30844327123425, 47.16273867452033], [-121.30701823647895, 47.16227497945556], [-121.30622991484125, 47.1618470809306], [-121.30592207630527, 47.16158732855082], [-121.30592823028564, 47.16159081546766], [-121.30622863769531, 47.1617950719922], [-121.3070011138916, 47.162086865665], [-121.30751609802246, 47.16220358268538], [-121.30777359008789, 47.16229112028239], [-121.30833148956299, 47.162407836854044], [-121.30893230438232, 47.16249537411451], [-121.30931854248047, 47.162582911230714], [-121.31026268005371, 47.16272880610393], [-121.31099224090576, 47.162903879422856], [-121.31129264831543, 47.16302059464829], [-121.31150722503662, 47.1631373096173], [-121.311936378479, 47.163516631495696], [-121.31236553192139, 47.16392512895115], [-121.3124942779541, 47.164071020138294], [-121.31283760070801, 47.164421157352706], [-121.31326675415039, 47.16488800338209], [-121.31352424621582, 47.165179780067035], [-121.31369590759277, 47.165529909973515], [-121.3139533996582, 47.16599674625894], [-121.31408214569092, 47.16625933986654], [-121.31412506103516, 47.16643440155045], [-121.31421089172363, 47.16663863945246], [-121.31438255310059, 47.1671346425166], [-121.31455421447754, 47.167601464699004], [-121.31468296051025, 47.167893226479606], [-121.31476879119873, 47.16803910676893], [-121.31498336791992, 47.168272514398495], [-121.31532669067383, 47.168651799608966], [-121.31545543670654, 47.168914380091195], [-121.3156270980835, 47.16932283603887], [-121.31571292877197, 47.1696437635085], [-121.31584167480469, 47.17002303892707], [-121.3159704208374, 47.170343962165816], [-121.31609916687012, 47.17060653428243], [-121.31627082824707, 47.170781581639005], [-121.31639957427979, 47.171073325951255], [-121.3165283203125, 47.17133589446203], [-121.31669998168945, 47.171598461674705], [-121.3168716430664, 47.17177350576199], [-121.31734371185303, 47.17206524462537], [-121.31768703460693, 47.17229863456225], [-121.31790161132812, 47.172502849915645], [-121.3179874420166, 47.17264871754443], [-121.31807327270508, 47.1727362379294], [-121.31807327270508, 47.173115491264184], [-121.31803035736084, 47.17329053035138], [-121.3179874420166, 47.17361143384619], [-121.31790161132812, 47.17390316261327], [-121.31772994995117, 47.1742240624061], [-121.31755828857422, 47.17445744285564], [-121.31730079650879, 47.17474916697523], [-121.31682872772217, 47.175303438387346], [-121.31669998168945, 47.17550764218609], [-121.31648540496826, 47.1757701887735], [-121.31631374359131, 47.17606190568151], [-121.31614208221436, 47.17626610656356], [-121.31588459014893, 47.176499478038664]]]}, "properties": {"fid": 13902, "ogc_fid": 13902, "path": "/us/wa/king/enumclaw-plateau/13902", "ll_uuid": "88fab1de-2c6e-41d8-9bea-27cebf96086a", "parcelnumb": "021912UNKN"}, "id": 39}, {"type": "Feature", "geometry": {"type": "Polygon", "coordinates": [[[-121.45604610443115, 47.241686602422476], [-121.45591735839844, 47.24174487347017], [-121.45578861236572, 47.24174487347017], [-121.45565986633301, 47.24171573795434], [-121.45557403564453, 47.24162833131069], [-121.45557403564453, 47.241482653250785], [-121.45561695098877, 47.24139524622257], [-121.45565986633301, 47.24133697479036], [-121.45578861236572, 47.241307839050194], [-121.4558744430542, 47.24133697479036], [-121.45600318908691, 47.24136611051446], [-121.45608901977539, 47.2414243819147], [-121.45613193511963, 47.241511788894826], [-121.45613193511963, 47.24159919573074], [-121.45608901977539, 47.24162833131069], [-121.45604610443115, 47.241686602422476]]]}, "properties": {"fid": 47081, "ogc_fid": 47081, "path": "/us/wa/king/enumclaw-plateau/47081", "ll_uuid": "6702cfed-b6b6-4b72-9ead-758e717145aa", "parcelnumb": "072011HYDR"}, "id": 67}, {"type": "Feature", "geometry": {"type": "Polygon", "coordinates": [[[-121.35159015655518, 47.28144168774392], [-121.35141849517822, 47.281470801405675], [-121.35133266448975, 47.281470801405675], [-121.3511610031128, 47.28141257406611], [-121.35107517242432, 47.2812670054368], [-121.35107517242432, 47.28109232255292], [-121.35098934173584, 47.28094675304246], [-121.35086059570312, 47.280772069101204], [-121.35068893432617, 47.28062649870955], [-121.35051727294922, 47.280510042107835], [-121.35047435760498, 47.280422699488355], [-121.35051727294922, 47.28039358524981], [-121.35068893432617, 47.28033535672469], [-121.35081768035889, 47.28027712813545], [-121.35103225708008, 47.28030624243806], [-121.35107517242432, 47.28033535672469], [-121.35124683380127, 47.28039358524981], [-121.35137557983398, 47.2804518137109], [-121.35141849517822, 47.28048092791738], [-121.3515043258667, 47.280510042107835], [-121.35167598724365, 47.280539156282316], [-121.35171890258789, 47.28056827044074], [-121.35171890258789, 47.28062649870955], [-121.35176181793213, 47.280684726914274], [-121.35180473327637, 47.28088852512613], [-121.3518476486206, 47.28115055024497], [-121.35180473327637, 47.2812670054368], [-121.35171890258789, 47.2813834603723], [-121.35163307189941, 47.28141257406611], [-121.35163307189941, 47.28144168774392], [-121.35159015655518, 47.28144168774392]]]}, "properties": {"fid": 204012, "ogc_fid": 204012, "path": "/us/wa/king/enumclaw-plateau/204012", "ll_uuid": "f7b1f7f6-52ff-431c-9ed0-7304935d752b", "parcelnumb": "252111HYDR"}, "id": 71}, {"type": "Feature", "geometry": {"type": "MultiPolygon", "coordinates": [[[[-121.33837223052979, 47.24896998667822], [-121.33837223052979, 47.249144775594914], [-121.33828639984131, 47.249494351697905], [-121.33824348449707, 47.2496400077265], [-121.33807182312012, 47.250047842475595], [-121.33798599243164, 47.25033915108796], [-121.33785724639893, 47.25057219682424], [-121.33777141571045, 47.25080524153509], [-121.33772850036621, 47.25103828522046], [-121.33768558502197, 47.25121306731157], [-121.33764266967773, 47.25135871861349], [-121.33742809295654, 47.251795670116024], [-121.33734226226807, 47.25194131981576], [-121.3371240535718, 47.252286919676806], [-121.33705757124217, 47.25188802235004], [-121.33738790466515, 47.25047548617642], [-121.33736070230653, 47.24953661112709], [-121.3374681546096, 47.24897338667271], [-121.33837223052979, 47.24896998667822]]], [[[-121.33595095220072, 47.25334104905535], [-121.33598638954405, 47.25330847988893], [-121.33602875294731, 47.253309364321765], [-121.33595095220072, 47.25334104905535]]], [[[-121.33193492889404, 47.25875727772876], [-121.33219242095947, 47.258961160390896], [-121.33240699768066, 47.25910679038316], [-121.33279323577881, 47.25925241997487], [-121.33309364318848, 47.25936892335983], [-121.3333511352539, 47.25951455223057], [-121.33347988128662, 47.25963105503874], [-121.33369445800781, 47.25977668318845], [-121.333909034729, 47.25986405988601], [-121.33408069610596, 47.259951436439394], [-121.33425235748291, 47.26000968739487], [-121.3344669342041, 47.260067938286255], [-121.33476734161377, 47.260242690575836], [-121.33489608764648, 47.260330066504366], [-121.33498191833496, 47.26044656751807], [-121.33506774902344, 47.26062131855795], [-121.33515357971191, 47.260825194042155], [-121.33515357971191, 47.26123294265528], [-121.33511066436768, 47.261378566398946], [-121.33511066436768, 47.2616406881281], [-121.33515357971191, 47.26184455968692], [-121.33474223160657, 47.26184651871006], [-121.33399046620477, 47.26056983606803], [-121.33346398718194, 47.26028471038648], [-121.33339766185148, 47.26026050771854], [-121.33299791887846, 47.26016108228187], [-121.33293045176816, 47.2601596756021], [-121.3323472079596, 47.25962167936924], [-121.3320682728553, 47.25906675070081], [-121.33192882759481, 47.258751756547184], [-121.33193492889404, 47.25875727772876]]]]}, "properties": {"fid": 22813, "ogc_fid": 22813, "path": "/us/wa/king/enumclaw-plateau/22813", "ll_uuid": "05724198-4dfb-43a7-8dbf-f71d16d9a764", "parcelnumb": "032012UNKN"}, "id": 77}, {"type": "Feature", "geometry": {"type": "Polygon", "coordinates": [[[-121.36171817779541, 47.230934497349836], [-121.36171817779541, 47.230701365217726], [-121.36180400848389, 47.22784541337387], [-121.36455059051514, 47.22787455651678], [-121.3648509979248, 47.22784541337387], [-121.36472225189209, 47.228020271990886], [-121.36455059051514, 47.228195130031025], [-121.36437892913818, 47.228399130348805], [-121.36416435241699, 47.22863227260774], [-121.36412143707275, 47.22871970069042], [-121.36403560638428, 47.22883627124304], [-121.36399269104004, 47.228923698989234], [-121.36390686035156, 47.22904026909319], [-121.36382102966309, 47.22921512376843], [-121.36377811431885, 47.22927340853198], [-121.36369228363037, 47.22941912016046], [-121.3636064529419, 47.22953568917481], [-121.36356353759766, 47.22962311576734], [-121.36347770690918, 47.22968140008223], [-121.36330604553223, 47.22985625264235], [-121.36322021484375, 47.22997282069531], [-121.36296272277832, 47.23014767229404], [-121.36287689208984, 47.230235097877056], [-121.36274814605713, 47.23032252331592], [-121.36266231536865, 47.23040994861054], [-121.36240482330322, 47.230584798767126], [-121.3621473312378, 47.230701365217726], [-121.3619327545166, 47.23084707292048], [-121.36184692382812, 47.23087621441297], [-121.36171817779541, 47.230934497349836]]]}, "properties": {"fid": 76199, "ogc_fid": 76199, "path": "/us/wa/king/enumclaw-plateau/76199", "ll_uuid": "60bb3135-2ce8-4f7b-9bcd-d9c094b8a468", "parcelnumb": "112011UNKN"}, "id": 80}, {"type": "Feature", "geometry": {"type": "Polygon", "coordinates": [[[-121.3401746749878, 47.2452992122281], [-121.34074888966573, 47.24511810052792], [-121.3418885964043, 47.24523217295162], [-121.34198978953286, 47.245234175597], [-121.34313720081173, 47.2451655089027], [-121.3442407380442, 47.24534750967441], [-121.34430771387493, 47.245348906027345], [-121.34537932303768, 47.24548450433642], [-121.34622711730648, 47.24534121896672], [-121.34679960699387, 47.24534200763043], [-121.34747278380189, 47.24534291767069], [-121.3477753474221, 47.24534891814982], [-121.3487840437437, 47.24459078136491], [-121.34888523065153, 47.24459277892482], [-121.34971396884845, 47.24410568262496], [-121.35023132425353, 47.243818271250035], [-121.35050015705363, 47.24382367018375], [-121.35067123583308, 47.243758491049235], [-121.35067826777797, 47.243598389175595], [-121.35108124987761, 47.24282822407184], [-121.3519693364864, 47.24233394340311], [-121.35373592376709, 47.242356715601545], [-121.35249137878418, 47.24244412104346], [-121.35163307189941, 47.24258979645958], [-121.35154724121094, 47.24261893149472], [-121.3515043258667, 47.24264806651388], [-121.35137557983398, 47.24270633650406], [-121.35128974914551, 47.2427354714751], [-121.35124683380127, 47.242793741369155], [-121.3511610031128, 47.24285201119912], [-121.35111808776855, 47.24293941582391], [-121.35107517242432, 47.242997685493634], [-121.35098934173584, 47.243318167531555], [-121.35090351104736, 47.24355124415956], [-121.35081768035889, 47.243726050957605], [-121.35081768035889, 47.24378431976211], [-121.35073184967041, 47.24384258850253], [-121.35056018829346, 47.24398826007314], [-121.35034561157227, 47.2441339312432], [-121.35000228881836, 47.24430873611851], [-121.34974479675293, 47.24442527238162], [-121.34953022003174, 47.244541808388334], [-121.34935855865479, 47.24462921022513], [-121.34927272796631, 47.24468747803621], [-121.34901523590088, 47.24483314728354], [-121.34875774383545, 47.244949682392956], [-121.3483715057373, 47.24521188545191], [-121.34824275970459, 47.24527015262208], [-121.34815692901611, 47.245299286183126], [-121.34807109832764, 47.24541582026711], [-121.34789943695068, 47.245503220661874], [-121.34772777557373, 47.24561975429722], [-121.34751319885254, 47.24573628767618], [-121.34734153747559, 47.245823687542185], [-121.34704113006592, 47.24602762000205], [-121.3469123840332, 47.24608588627498], [-121.34674072265625, 47.24617328556417], [-121.34661197662354, 47.24626068470914], [-121.3463544845581, 47.246348083709904], [-121.34622573852539, 47.24640634963032], [-121.34596824645996, 47.24649374839075], [-121.34588241577148, 47.24655201415092], [-121.34579658508301, 47.246581147006964], [-121.34562492370605, 47.246610279847005], [-121.34519577026367, 47.24669767827095], [-121.34498119354248, 47.24675594380682], [-121.34476661682129, 47.24675594380682], [-121.34468078613281, 47.24678507655071], [-121.34270668029785, 47.24678507655071], [-121.3425350189209, 47.24675594380682], [-121.34202003479004, 47.24675594380682], [-121.34184837341309, 47.2467268110469], [-121.34167671203613, 47.2467268110469], [-121.3401746749878, 47.24695987267762], [-121.3401746749878, 47.2452992122281]]]}, "properties": {"fid": 7567, "ogc_fid": 7567, "path": "/us/wa/king/enumclaw-plateau/7567", "ll_uuid": "c8d2f7c4-cd46-4712-be95-8c3744fcd5a6", "parcelnumb": "012011UNKN"}, "id": 83}, {"type": "Feature", "geometry": {"type": "Polygon", "coordinates": [[[-121.33889720234379, 47.27195771487168], [-121.3389440822458, 47.27130727854294], [-121.3396167755127, 47.271629471263566], [-121.33965969085693, 47.271658590324535], [-121.33965969085693, 47.271745947411375], [-121.33948802947998, 47.27279422120603], [-121.33948802947998, 47.27291069479034], [-121.3394021987915, 47.273318350316856], [-121.33931636810303, 47.273463940815276], [-121.33931636810303, 47.273493058866904], [-121.33923053741455, 47.27363864888471], [-121.33893013000488, 47.27419188729942], [-121.33889720234379, 47.27195771487168]]]}, "properties": {"fid": 204013, "ogc_fid": 204013, "path": "/us/wa/king/enumclaw-plateau/204013", "ll_uuid": "0950ce62-bcb7-4a03-ba82-d96c39ea2afd", "parcelnumb": "252111UNKN"}, "id": 88}, {"type": "Feature", "geometry": {"type": "MultiPolygon", "coordinates": [[[[-121.3519693364864, 47.24233394340311], [-121.35329994692725, 47.24159336808983], [-121.35370222230394, 47.2413694573033], [-121.35386745010045, 47.24144123316643], [-121.35501297343274, 47.24141821660353], [-121.35594604519923, 47.24164249154007], [-121.35692458454646, 47.24159326730708], [-121.35699154818785, 47.24159449626609], [-121.35746456812498, 47.24158315382762], [-121.35803639872, 47.24156943488156], [-121.35822278215781, 47.24152485976952], [-121.35819911956787, 47.24154092452281], [-121.3581132888794, 47.24157006013479], [-121.35802745819092, 47.24157006013479], [-121.35785579681396, 47.24162833131069], [-121.35772705078125, 47.241657466874585], [-121.3575553894043, 47.24171573795434], [-121.35704040527344, 47.24183227992157], [-121.35686874389648, 47.24189055080902], [-121.3566541671753, 47.24191968622873], [-121.35656833648682, 47.24191968622873], [-121.35639667510986, 47.241948821632405], [-121.35626792907715, 47.241977957020055], [-121.35618209838867, 47.2420070923917], [-121.35596752166748, 47.24203622774732], [-121.355881690979, 47.24203622774732], [-121.35566711425781, 47.24209449841047], [-121.35558128356934, 47.24209449841047], [-121.35545253753662, 47.24212363371802], [-121.3553237915039, 47.24212363371802], [-121.35523796081543, 47.24215276900955], [-121.35510921478271, 47.24218190428505], [-121.35502338409424, 47.24218190428505], [-121.35485172271729, 47.242211039544486], [-121.3546371459961, 47.24226931001539], [-121.35455131530762, 47.24226931001539], [-121.35437965393066, 47.242298445226794], [-121.35425090789795, 47.242298445226794], [-121.35373592376709, 47.242356715601545], [-121.3519693364864, 47.24233394340311]]], [[[-121.36180400848389, 47.22784541337387], [-121.36171817779541, 47.230701365217726], [-121.36171817779541, 47.230934497349836], [-121.36150360107422, 47.231051063031344], [-121.36141777038574, 47.231080204411626], [-121.36133193969727, 47.23116762845643], [-121.3608827972254, 47.23147261391684], [-121.36072771382564, 47.23132304988426], [-121.3604924333178, 47.230517499890446], [-121.36049471922257, 47.23047173251877], [-121.36061764234671, 47.229947650368786], [-121.36072605217639, 47.228988559869464], [-121.36079706527336, 47.22889839772012], [-121.36126904126695, 47.2280838122404], [-121.36141220020903, 47.22784329749894], [-121.36180400848389, 47.22784541337387]]], [[[-121.36021614074707, 47.235509507900076], [-121.3601303100586, 47.23556778574155], [-121.36000156402588, 47.23568434123223], [-121.3599157333374, 47.2357426188814], [-121.35978698730469, 47.235917451444436], [-121.35952949523926, 47.23615056063119], [-121.35948657989502, 47.23620883776766], [-121.3593578338623, 47.23629625335218], [-121.35931491851807, 47.23641280724053], [-121.35914325714111, 47.23652936087251], [-121.35892868041992, 47.23682074383089], [-121.35884284973145, 47.23696643470919], [-121.35884284973145, 47.23705384904389], [-121.3587999343872, 47.23711212518694], [-121.3587999343872, 47.23717040126584], [-121.35876623907217, 47.23720471815485], [-121.35876152694023, 47.237189282699866], [-121.35866329385571, 47.23711872258518], [-121.35881168035313, 47.236801279876666], [-121.35875416789428, 47.23657121709632], [-121.3597328954632, 47.23572083008381], [-121.36024887777903, 47.2354650518741], [-121.36021614074707, 47.235509507900076]]], [[[-121.3599157333374, 47.23970534866598], [-121.35995864868164, 47.23970534866598], [-121.36008739471436, 47.23976362189279], [-121.3601303100586, 47.23979275848217], [-121.36021614074707, 47.23988016815417], [-121.36034488677979, 47.23999671415916], [-121.3604736328125, 47.24017153268599], [-121.36051654815674, 47.24020066905106], [-121.36051654815674, 47.24022980540008], [-121.36068820953369, 47.240462895615536], [-121.36068820953369, 47.240666848712834], [-121.36055946350098, 47.240929072969976], [-121.36043071746826, 47.241016480767314], [-121.36034488677979, 47.24104561666769], [-121.36030197143555, 47.24107475255204], [-121.36017322540283, 47.24107475255204], [-121.35995864868164, 47.24110388842038], [-121.35982990264893, 47.24113302427273], [-121.35970115661621, 47.24113302427273], [-121.35948657989502, 47.24116216010901], [-121.35940572568082, 47.24117588336986], [-121.35953692178296, 47.24111824436676], [-121.359640523034, 47.24105168507517], [-121.35974350313813, 47.24100789790209], [-121.35988960715643, 47.24073622235695], [-121.35996292940315, 47.24060030288399], [-121.35988516965021, 47.24004942912177], [-121.35986870797113, 47.239673421555615], [-121.3599157333374, 47.23970534866598]]], [[[-121.35828495025635, 47.241511788894826], [-121.3582774358524, 47.241511788894826], [-121.35829336974234, 47.24150797817571], [-121.35828495025635, 47.241511788894826]]]]}, "properties": {"fid": 84339, "ogc_fid": 84339, "path": "/us/wa/king/enumclaw-plateau/84339", "ll_uuid": "71c4ee76-6918-4307-be8a-f16677d7be2f", "parcelnumb": "122011UNKN"}, "id": 94}, {"type": "Feature", "geometry": {"type": "MultiPolygon", "coordinates": [[[[-121.33897304534912, 47.27623854540541], [-121.33884252771352, 47.276183979168245], [-121.33874055655316, 47.27542660959499], [-121.33861257848436, 47.27448573105578], [-121.33861437081931, 47.274439967701596], [-121.33840230136593, 47.273886464254375], [-121.33850479841108, 47.273064556064284], [-121.33887793180251, 47.27222508446032], [-121.33889720234379, 47.27195771487168], [-121.33893013000488, 47.27419188729942], [-121.33893013000488, 47.274250122585585], [-121.33897304534912, 47.27547304879093], [-121.33897304534912, 47.27623854540541]]], [[[-121.33515357971191, 47.26184455968692], [-121.33549690246582, 47.261815435226595], [-121.33571147918701, 47.261815435226595], [-121.33566856384277, 47.26210667910891], [-121.33549690246582, 47.26245616965281], [-121.33545398712158, 47.26266003807129], [-121.33541107177734, 47.26274741001029], [-121.33545398712158, 47.26283478180508], [-121.33545398712158, 47.26292215345572], [-121.33549690246582, 47.26300952496214], [-121.3355827331543, 47.263096896324384], [-121.33571147918701, 47.26324251494097], [-121.33622646331787, 47.26388323209554], [-121.3364839553833, 47.26417446460226], [-121.33669853210449, 47.26437832640366], [-121.33695602416992, 47.264698679076844], [-121.33729934692383, 47.265077275191175], [-121.33747100830078, 47.26533937860725], [-121.3375997543335, 47.26551411349698], [-121.3375997543335, 47.265630603103034], [-121.33764266967773, 47.26583445929677], [-121.3375997543335, 47.26598007038308], [-121.3375997543335, 47.26633534538263], [-121.33684264332292, 47.26550165296034], [-121.33677862830226, 47.265431692197716], [-121.33648843855156, 47.26512840583089], [-121.33633089490506, 47.26409537658362], [-121.33596779743255, 47.263927831062176], [-121.33474223160657, 47.26184651871006], [-121.33515357971191, 47.26184455968692]]], [[[-121.33772850036621, 47.266911971850504], [-121.33772850036621, 47.266970215147495], [-121.33790016174316, 47.26717406618221], [-121.33820056915283, 47.26758176589644], [-121.33823096422617, 47.26763126656925], [-121.33787263146218, 47.2673989056003], [-121.3377748529316, 47.2673283295886], [-121.33771592552904, 47.266894905675365], [-121.33772850036621, 47.266911971850504]]], [[[-121.33880138397217, 47.268368035048695], [-121.33888721466064, 47.26857188070008], [-121.33888721466064, 47.26953285676808], [-121.3388442993164, 47.26962021736361], [-121.3388442993164, 47.26973669793338], [-121.33875846862793, 47.2699114183074], [-121.33875846862793, 47.27005701817845], [-121.33880138397217, 47.27020261764898], [-121.33880138397217, 47.270319096937016], [-121.3388442993164, 47.27037733648493], [-121.33888721466064, 47.27040645623484], [-121.33888721466064, 47.270815057007326], [-121.33866638395051, 47.270092469010585], [-121.33818535609399, 47.26953352810387], [-121.33815342843663, 47.26948715580994], [-121.33838201364391, 47.268873732191885], [-121.33845244916745, 47.2688065722278], [-121.33872360893471, 47.26828887182098], [-121.33880138397217, 47.268368035048695]]]]}, "properties": {"fid": 290958, "ogc_fid": 290958, "path": "/us/wa/king/enumclaw-plateau/290958", "ll_uuid": "bf63b689-8205-4f9d-acb1-a0aa1a12e9b3", "parcelnumb": "342112UNKN"}, "id": 99}, {"type": "Feature", "geometry": {"type": "MultiPolygon", "coordinates": [[[[-121.45488739013672, 47.217731775312956], [-121.45488739013672, 47.217615180340175], [-121.45484447479248, 47.217527733942376], [-121.45480155944824, 47.217469436263684], [-121.45484447479248, 47.21741113852093], [-121.45484447479248, 47.21700305252688], [-121.45493030548096, 47.21700305252688], [-121.45493030548096, 47.21720709591648], [-121.4549732208252, 47.217265393883594], [-121.4549732208252, 47.217673477858625], [-121.45501613616943, 47.21770262659379], [-121.45488739013672, 47.217731775312956]]], [[[-121.4558744430542, 47.219772145834355], [-121.45570278167725, 47.21965555534828], [-121.45565986633301, 47.21965555534828], [-121.45565986633301, 47.21962640768672], [-121.45561695098877, 47.219538964605846], [-121.45561695098877, 47.21948066913848], [-121.45570278167725, 47.219393225817214], [-121.45570278167725, 47.21933493018963], [-121.45565986633301, 47.2192766344979], [-121.45565986633301, 47.219160042922226], [-121.45574569702148, 47.21910174703825], [-121.45570278167725, 47.21904345109016], [-121.45565986633301, 47.218956007047865], [-121.45561695098877, 47.2189268590017], [-121.45557403564453, 47.2188394147671], [-121.45557403564453, 47.218810266656845], [-121.4555311203003, 47.21869367405566], [-121.4555311203003, 47.2186353776589], [-121.45548820495605, 47.21854793294358], [-121.45548820495605, 47.21851878467308], [-121.45535945892334, 47.21843133976549], [-121.45535945892334, 47.218402191430926], [-121.45527362823486, 47.21828559793235], [-121.45510196685791, 47.21816900417738], [-121.45505905151367, 47.21811070720378], [-121.45501613616943, 47.21808155869297], [-121.45501613616943, 47.21802326162319], [-121.4549732208252, 47.217994113064265], [-121.45518779754639, 47.21796496448931], [-121.45535945892334, 47.21813985569861], [-121.45540237426758, 47.21825644951767], [-121.45548820495605, 47.218402191430926], [-121.4555311203003, 47.21848963638658], [-121.4555311203003, 47.21854793294358], [-121.45561695098877, 47.21869367405566], [-121.45561695098877, 47.218781118530586], [-121.45570278167725, 47.2188394147671], [-121.45574569702148, 47.2188394147671], [-121.45574569702148, 47.21886856286133], [-121.4558744430542, 47.218956007047865], [-121.4558744430542, 47.21913089498824], [-121.45583152770996, 47.219160042922226], [-121.45583152770996, 47.21921833874214], [-121.45574569702148, 47.21950981688016], [-121.45574569702148, 47.219597260009095], [-121.45591735839844, 47.21971385062338], [-121.45600318908691, 47.21974299823688], [-121.4558744430542, 47.219772145834355]]]]}, "properties": {"fid": 2248, "ogc_fid": 2248, "path": "/us/wa/king/enumclaw-plateau/2248", "ll_uuid": "145a0d83-58f0-4d5d-86bb-3213e991ca02", "parcelnumb": "002500HYDR"}, "id": 126}, {"type": "Feature", "geometry": {"type": "Polygon", "coordinates": [[[-121.45656108856201, 47.22052997774449], [-121.45656108856201, 47.220617419190944], [-121.45634651184082, 47.220617419190944], [-121.45630359649658, 47.22052997774449], [-121.45626068115234, 47.22050083056362], [-121.45626068115234, 47.22047168336675], [-121.4562177658081, 47.22038424167994], [-121.4562177658081, 47.22035509441898], [-121.45617485046387, 47.22032594714196], [-121.45613193511963, 47.22026765253989], [-121.45613193511963, 47.22023850521481], [-121.45608901977539, 47.22018021051659], [-121.45608901977539, 47.22015106314345], [-121.45600318908691, 47.21997617856806], [-121.45596027374268, 47.21991788358142], [-121.45591735839844, 47.21983044098124], [-121.4558744430542, 47.2198012934158], [-121.4558744430542, 47.219772145834355], [-121.45600318908691, 47.21974299823688], [-121.45600318908691, 47.219772145834355], [-121.45604610443115, 47.219772145834355], [-121.45604610443115, 47.21983044098124], [-121.45608901977539, 47.21991788358142], [-121.45608901977539, 47.21994703108277], [-121.45617485046387, 47.220034473490585], [-121.45617485046387, 47.220063620927846], [-121.4562177658081, 47.22009276834905], [-121.45630359649658, 47.22020935787373], [-121.45634651184082, 47.22023850521481], [-121.45634651184082, 47.22026765253989], [-121.45638942718506, 47.22026765253989], [-121.4564323425293, 47.22035509441898], [-121.45651817321777, 47.22050083056362], [-121.45651817321777, 47.22052997774449], [-121.45656108856201, 47.22052997774449]]]}, "properties": {"fid": 2249, "ogc_fid": 2249, "path": "/us/wa/king/enumclaw-plateau/2249", "ll_uuid": "660775f8-6804-42e3-b4c0-b96be56ab10f", "parcelnumb": "002500UNKN"}, "id": 149}, {"type": "Feature", "geometry": {"type": "Polygon", "coordinates": [[[-121.38931274414062, 47.28510988296165], [-121.38948440551758, 47.28525544101703], [-121.38124465942383, 47.28525544101703], [-121.38124465942383, 47.28499343622897], [-121.38167381286621, 47.28487698923993], [-121.3821029663086, 47.28481876564928], [-121.38248920440674, 47.284731430143154], [-121.38326168060303, 47.28464409449285], [-121.38369083404541, 47.284585870645856], [-121.38407707214355, 47.28455675869836], [-121.38454914093018, 47.28452764673483], [-121.38579368591309, 47.284469422759656], [-121.38690948486328, 47.284469422759656], [-121.38751029968262, 47.28452764673483], [-121.38802528381348, 47.28461498257738], [-121.3882827758789, 47.28461498257738], [-121.38854026794434, 47.28467320639231], [-121.38896942138672, 47.28484787745262], [-121.38931274414062, 47.28510988296165]]]}, "properties": {"fid": 31383, "ogc_fid": 31383, "path": "/us/wa/kittitas/cle-elum/31383", "ll_uuid": "f5f48168-6096-4b58-a794-0aa93b896505", "parcelnumb": "21-11-27000-0000"}, "id": 182}, {"type": "Feature", "geometry": {"type": "Polygon", "coordinates": [[[-121.45604610443115, 47.241686602422476], [-121.45591735839844, 47.24174487347017], [-121.45578861236572, 47.24174487347017], [-121.45565986633301, 47.24171573795434], [-121.45557403564453, 47.24162833131069], [-121.45557403564453, 47.241482653250785], [-121.45561695098877, 47.24139524622257], [-121.45565986633301, 47.24133697479036], [-121.45578861236572, 47.241307839050194], [-121.4558744430542, 47.24133697479036], [-121.45600318908691, 47.24136611051446], [-121.45608901977539, 47.2414243819147], [-121.45613193511963, 47.241511788894826], [-121.45613193511963, 47.24159919573074], [-121.45608901977539, 47.24162833131069], [-121.45604610443115, 47.241686602422476]]]}, "properties": {"fid": 47081, "ogc_fid": 47081, "path": "/us/wa/king/enumclaw-plateau/47081", "ll_uuid": "6702cfed-b6b6-4b72-9ead-758e717145aa", "parcelnumb": "072011HYDR"}, "id": 88}, {"type": "Feature", "geometry": {"type": "Polygon", "coordinates": [[[-121.45656108856201, 47.22052997774449], [-121.45656108856201, 47.220617419190944], [-121.45634651184082, 47.220617419190944], [-121.45630359649658, 47.22052997774449], [-121.45626068115234, 47.22050083056362], [-121.45626068115234, 47.22047168336675], [-121.4562177658081, 47.22038424167994], [-121.4562177658081, 47.22035509441898], [-121.45617485046387, 47.22032594714196], [-121.45613193511963, 47.22026765253989], [-121.45613193511963, 47.22023850521481], [-121.45608901977539, 47.22018021051659], [-121.45608901977539, 47.22015106314345], [-121.45600318908691, 47.21997617856806], [-121.45596027374268, 47.21991788358142], [-121.45591735839844, 47.21983044098124], [-121.4558744430542, 47.2198012934158], [-121.4558744430542, 47.219772145834355], [-121.45600318908691, 47.21974299823688], [-121.45600318908691, 47.219772145834355], [-121.45604610443115, 47.219772145834355], [-121.45604610443115, 47.21983044098124], [-121.45608901977539, 47.21991788358142], [-121.45608901977539, 47.21994703108277], [-121.45617485046387, 47.220034473490585], [-121.45617485046387, 47.220063620927846], [-121.4562177658081, 47.22009276834905], [-121.45630359649658, 47.22020935787373], [-121.45634651184082, 47.22023850521481], [-121.45634651184082, 47.22026765253989], [-121.45638942718506, 47.22026765253989], [-121.4564323425293, 47.22035509441898], [-121.45651817321777, 47.22050083056362], [-121.45651817321777, 47.22052997774449], [-121.45656108856201, 47.22052997774449]]]}, "properties": {"fid": 2249, "ogc_fid": 2249, "path": "/us/wa/king/enumclaw-plateau/2249", "ll_uuid": "660775f8-6804-42e3-b4c0-b96be56ab10f", "parcelnumb": "002500UNKN"}, "id": 151}, {"type": "Feature", "geometry": {"type": "MultiPolygon", "coordinates": [[[[-121.30198001861572, 47.142670256987856], [-121.30199997611876, 47.14260328378913], [-121.3020240895066, 47.14233338440036], [-121.3020658493042, 47.142182109514756], [-121.3020658493042, 47.14229962538619], [-121.30202293395996, 47.14247476601744], [-121.30202293395996, 47.14259152611777], [-121.30198001861572, 47.14279585567627], [-121.30198001861572, 47.142670256987856]]], [[[-121.30223751068115, 47.14145310420116], [-121.30215167999268, 47.14159905709124], [-121.30215167999268, 47.141774200030426], [-121.30212345515514, 47.14190858686477], [-121.30211365991522, 47.14180391364709], [-121.30211250460934, 47.1416599680728], [-121.3021132496728, 47.14150676887004], [-121.30212732889403, 47.14146381057351], [-121.30223751068115, 47.14145310420116]]]]}, "properties": {"fid": 76132, "ogc_fid": 76132, "path": "/us/wa/king/enumclaw-plateau/76132", "ll_uuid": "5eb06dbc-221b-4efe-ad90-3a7fc9e3819e", "parcelnumb": "111912UNKN"}, "id": 21}, {"type": "Feature", "geometry": {"type": "Polygon", "coordinates": [[[-121.39849662780762, 47.12717697571219], [-121.39815330505371, 47.12717697571219], [-121.39364719390869, 47.12714777724864], [-121.38890672365223, 47.12714777724864], [-121.3888573606972, 47.12709293236171], [-121.38877838416595, 47.12699277667733], [-121.38870526231375, 47.12688364658324], [-121.38865672532789, 47.12680212833074], [-121.38856940107519, 47.12668385687177], [-121.38842496941966, 47.126573914686716], [-121.38829514784386, 47.12643713319518], [-121.38812771959986, 47.12627253467503], [-121.38799922300663, 47.12615390089612], [-121.38783021998815, 47.12601638451567], [-121.38777408117465, 47.125961636721634], [-121.38771060933459, 47.12588877710289], [-121.38760521230256, 47.12577031178327], [-121.3875019767366, 47.125661083853025], [-121.38742901430975, 47.12556087744749], [-121.38735736767788, 47.12547882901952], [-121.3873088136681, 47.12539727613361], [-121.38725192688374, 47.125297634366774], [-121.38724269885292, 47.12524930634902], [-121.38722773906964, 47.125171011996244], [-121.38722914620561, 47.12507229362287], [-121.38722925269458, 47.12501813565523], [-121.38726095262739, 47.124991497387114], [-121.38729280499314, 47.12497410932892], [-121.38740602712795, 47.12495781916249], [-121.38753431242594, 47.12494141409732], [-121.38765501545248, 47.124952134013384], [-121.38783898704828, 47.124963747712634], [-121.38816921443068, 47.12501330816123], [-121.38836987293084, 47.12506111733905], [-121.38868377607162, 47.125155700385726], [-121.38893942346168, 47.12524935974396], [-121.3893098712344, 47.12536235795225], [-121.3896055629524, 47.12544748182179], [-121.38977534686471, 47.12551301698626], [-121.3899519154967, 47.125560312628146], [-121.3902091278861, 47.12562688755932], [-121.39037878119832, 47.125683490812726], [-121.39059451343795, 47.125731533551196], [-121.39085216887726, 47.12582518042813], [-121.39108540750868, 47.12590015328968], [-121.39134192320647, 47.12598488572902], [-121.39159123167212, 47.12606041282005], [-121.39171941628867, 47.126098157470125], [-121.3920161003862, 47.12618327115224], [-121.39236100047752, 47.126269030112276], [-121.39265209893999, 47.12631819627101], [-121.39324603403597, 47.12646167339768], [-121.39351099667817, 47.12651034403107], [-121.39392105748938, 47.12658807126249], [-121.39422676276143, 47.12661037654661], [-121.39452370128475, 47.126650578776115], [-121.39474030192984, 47.126689343108296], [-121.39487619408455, 47.126709541051945], [-121.39506291808337, 47.126702946652216], [-121.39528698192673, 47.12669041145307], [-121.39531879189742, 47.12668863661113], [-121.39559963289176, 47.12666554951741], [-121.39589854653295, 47.12664266438], [-121.39609816297119, 47.12662739975155], [-121.39625860792572, 47.12661177107925], [-121.39640352317468, 47.12656883140725], [-121.39652402159288, 47.12650757368157], [-121.3966133832079, 47.126445858424354], [-121.39673328659056, 47.12634827779191], [-121.39683055364026, 47.12627794860083], [-121.39694302185941, 47.126216409996616], [-121.39705487965006, 47.126118887861004], [-121.39713606138656, 47.126047995072945], [-121.39719984314144, 47.12595906826302], [-121.39724859477913, 47.12586958251676], [-121.39728842793583, 47.1257894065987], [-121.39732193654521, 47.12569078236912], [-121.39733736823781, 47.12559193775653], [-121.39736053169239, 47.12547523197928], [-121.39739388604939, 47.12536769036086], [-121.39741831991232, 47.125206077868306], [-121.39742525059918, 47.1250802332212], [-121.39743362533443, 47.12491838558164], [-121.39735082879406, 47.12483265961855], [-121.39726978605073, 47.12461016221042], [-121.39726938099531, 47.12446621534295], [-121.39731822783973, 47.12432290797746], [-121.39739940646122, 47.1242520113632], [-121.39752679120225, 47.124181784059445], [-121.39775950129403, 47.12410423345731], [-121.39800974929071, 47.12405361212601], [-121.39828995129389, 47.12399453873256], [-121.39854807308147, 47.1239352900006], [-121.3987893822425, 47.123830597201255], [-121.39899851965593, 47.12372545429088], [-121.39918270399477, 47.12362908097452], [-121.3993366175791, 47.123523345189966], [-121.39944747173641, 47.12342582478441], [-121.39957767009072, 47.123283604051814], [-121.39967395357075, 47.12309605764852], [-121.39974644245487, 47.122926156615854], [-121.39979482514212, 47.12275579192702], [-121.39985905471794, 47.12251366292111], [-121.39991476376333, 47.12236138229298], [-121.40007635145012, 47.12199475405289], [-121.40019755186854, 47.12173538290426], [-121.40029384882429, 47.12154783304382], [-121.4004142877398, 47.12142350910579], [-121.40056847446729, 47.12127702771889], [-121.40058233373401, 47.121263854910296], [-121.40070424264132, 47.121166578963134], [-121.40091337691537, 47.12106145669604], [-121.40114551725925, 47.121010956070535], [-121.4013705301467, 47.12101400670584], [-121.40157087213285, 47.121043633575475], [-121.40173250407251, 47.12109995356261], [-121.4019208730527, 47.12115554017622], [-121.40195653495317, 47.12116606144263], [-121.40208574046973, 47.12120379025256], [-121.40224603505516, 47.12124229721723], [-121.40247994198845, 47.121236354084544], [-121.40265643022721, 47.12122091671425], [-121.40282514158321, 47.121160313659104], [-121.40293759741003, 47.12109876187734], [-121.40309865513059, 47.121001880927054], [-121.40322717351826, 47.120940888808185], [-121.40345112771679, 47.120880857844156], [-121.40360449407432, 47.12086526963851], [-121.40377319739004, 47.120804316195276], [-121.40390931852173, 47.12071652610655], [-121.40406313309359, 47.120547387465166], [-121.40429019927979, 47.12039186850801], [-121.40429019927979, 47.121716584286844], [-121.40403270721436, 47.121716584286844], [-121.40364646911621, 47.12180418857298], [-121.40347480773926, 47.12180418857298], [-121.40326023101807, 47.12186259135029], [-121.40313148498535, 47.121891792714905], [-121.40304565429688, 47.121891792714905], [-121.40300273895264, 47.12195019539601], [-121.40270233154297, 47.12227140899623], [-121.4024019241333, 47.12265102256882], [-121.40227317810059, 47.12273862531629], [-121.40214443206787, 47.122884629574855], [-121.4015007019043, 47.12332263994631], [-121.40137195587158, 47.12346864260206], [-121.40111446380615, 47.123819047341016], [-121.4009428024292, 47.12402344903953], [-121.40077114105225, 47.124169449771955], [-121.40051364898682, 47.12437385012413], [-121.40017032623291, 47.12454904980092], [-121.4000415802002, 47.12463664942294], [-121.39999866485596, 47.124782648472404], [-121.39995574951172, 47.124987046468476], [-121.39995574951172, 47.12606742282961], [-121.39991283416748, 47.126125820926745], [-121.399827003479, 47.12621341795227], [-121.39969825744629, 47.12633021376189], [-121.39952659606934, 47.12647620816327], [-121.39931201934814, 47.12662220216393], [-121.39909744262695, 47.12679739443584], [-121.39879703521729, 47.127001784690464], [-121.3985824584961, 47.127089380273475], [-121.39849662780762, 47.12717697571219]]]}, "properties": {"fid": 179831, "ogc_fid": 179831, "path": "/us/wa/king/enumclaw-plateau/179831", "ll_uuid": "ef0a414e-51cf-47ff-ba9e-16ade960b874", "parcelnumb": "221911UNKN"}, "id": 22}, {"type": "Feature", "geometry": {"type": "Polygon", "coordinates": [[[-121.3830041885376, 47.13657804748863], [-121.38304711965584, 47.13343346867519], [-121.38327456630162, 47.133430272826125], [-121.38355816448117, 47.13343443559355], [-121.3836432972366, 47.13343568648941], [-121.38388499102248, 47.13341190017949], [-121.38419127584613, 47.13340714030807], [-121.38437486156745, 47.13339203680726], [-121.38447903743577, 47.13337546987573], [-121.38457591852554, 47.13334080050267], [-121.38469774943046, 47.13329736790232], [-121.38483435699199, 47.133236338560735], [-121.38496178871668, 47.13316613154909], [-121.38517185652924, 47.13305209963967], [-121.3852758734654, 47.132963567969234], [-121.3854608196775, 47.13284937439333], [-121.38556584406138, 47.132760834731016], [-121.38571907957058, 47.13267294295344], [-121.38579872305036, 47.132629153264574], [-121.38593518585596, 47.132558866033996], [-121.38606431936722, 47.13247082298244], [-121.38617693125063, 47.13235547621676], [-121.38633875328044, 47.13224079728373], [-121.38642657694587, 47.132205843141605], [-121.38661126918038, 47.13213655615264], [-121.38678072326002, 47.132057796169235], [-121.38701363486803, 47.131989170374624], [-121.38718139317844, 47.131928594492464], [-121.38732704057028, 47.13186783907834], [-121.38748675238313, 47.13180697548031], [-121.38768866834059, 47.13174681214658], [-121.38786464863858, 47.131698497369726], [-121.38790562956073, 47.13168687561578], [-121.38807512150996, 47.131671170970826], [-121.38830731433633, 47.13162037430676], [-121.38852374729773, 47.1315875209829], [-121.38866038834358, 47.13158956232302], [-121.38881349973083, 47.13155548789395], [-121.38892626816448, 47.13151211054996], [-121.38910334078834, 47.131406899968006], [-121.3891763479579, 47.131326808362246], [-121.38929698033499, 47.13121140753127], [-121.38936956137205, 47.1311046012807], [-121.38943307122797, 47.13099752654265], [-121.38948940783919, 47.13088123130843], [-121.38953700536646, 47.13078284395301], [-121.38957023167141, 47.13066641168142], [-121.38959352884915, 47.13049587086685], [-121.38961797785511, 47.130334256790206], [-121.38962710968367, 47.13021730736502], [-121.38961023936467, 47.130109126673865], [-121.38960284931933, 47.12996489572795], [-121.38957810779377, 47.129865689642116], [-121.38957129659877, 47.12975743510505], [-121.3895479312685, 47.12955915562455], [-121.38955488075146, 47.129433301742566], [-121.38954621957345, 47.12933433529671], [-121.38951530500076, 47.1292259199161], [-121.3894984079654, 47.12905466825539], [-121.38949129206388, 47.12892859605966], [-121.38947560958482, 47.12882932109785], [-121.389443238605, 47.1286938437395], [-121.38941976474824, 47.12854972840345], [-121.38936409437808, 47.12834177225301], [-121.38931525075881, 47.12824207325025], [-121.38925130552818, 47.128079408486066], [-121.3892279313503, 47.12788079696136], [-121.38918667973587, 47.12775430906123], [-121.3891468649843, 47.12765486975472], [-121.38913836750376, 47.12756479351448], [-121.389074244491, 47.12739287950825], [-121.38899510018402, 47.12728381302743], [-121.3889146572995, 47.127156591955675], [-121.38890672365223, 47.12714777724864], [-121.39364719390869, 47.12714777724864], [-121.39815330505371, 47.12717697571219], [-121.39849662780762, 47.12717697571219], [-121.39823913574219, 47.12735216615695], [-121.39806747436523, 47.12749815775342], [-121.39785289764404, 47.12761495074216], [-121.39750957489014, 47.12781933785533], [-121.3969087600708, 47.12808212013255], [-121.39639377593994, 47.1282865054506], [-121.39617919921875, 47.12837409891793], [-121.39587879180908, 47.12849088998331], [-121.39566421508789, 47.12860768079224], [-121.39553546905518, 47.12866607610053], [-121.39549255371094, 47.12866607610053], [-121.39536380767822, 47.12875366894278], [-121.39523506164551, 47.1289288541945], [-121.39502048492432, 47.12919163099025], [-121.3948917388916, 47.12951280086642], [-121.39484882354736, 47.1296879836178], [-121.39472007751465, 47.13003834738964], [-121.39459133148193, 47.1304471022064], [-121.3945484161377, 47.130768264501484], [-121.3945484161377, 47.132257264348], [-121.39450550079346, 47.132432438059794], [-121.39441967010498, 47.13260761119463], [-121.39437675476074, 47.13272439296395], [-121.39424800872803, 47.13284117447685], [-121.39411926269531, 47.13289956513711], [-121.39369010925293, 47.13301634626535], [-121.39364719390869, 47.13301634626535], [-121.39334678649902, 47.13307473673328], [-121.3930892944336, 47.1331039319432], [-121.39270305633545, 47.133133127137114], [-121.39235973358154, 47.133133127137114], [-121.3919734954834, 47.133162322315], [-121.39137268066406, 47.13322071262266], [-121.39081478118896, 47.133279102866254], [-121.39047145843506, 47.13333749304567], [-121.38991355895996, 47.13345427321224], [-121.38948440551758, 47.13354185816888], [-121.38888359069824, 47.13368783277605], [-121.38854026794434, 47.13380461217332], [-121.38806819915771, 47.133979780788366], [-121.38772487640381, 47.13415494882642], [-121.38725280761719, 47.134388505312955], [-121.38708114624023, 47.134476088730935], [-121.38656616210938, 47.13476803241579], [-121.38600826263428, 47.13503078036183], [-121.38553619384766, 47.13529352700962], [-121.38506412506104, 47.13558546620678], [-121.38467788696289, 47.13578982269118], [-121.3841199874878, 47.13614014626586], [-121.38347625732422, 47.136548854185946], [-121.38330459594727, 47.13660724077528], [-121.3830041885376, 47.13669482053902], [-121.3830041885376, 47.13657804748863]]]}, "properties": {"fid": 115303, "ogc_fid": 115303, "path": "/us/wa/king/enumclaw-plateau/115303", "ll_uuid": "0968738f-4ccb-42ac-a3fe-67b9dea6b899", "parcelnumb": "151911UNKN"}, "id": 23}, {"type": "Feature", "geometry": {"type": "MultiPolygon", "coordinates": [[[[-121.34030342102051, 47.13558546620678], [-121.34004592895508, 47.135497884615944], [-121.33983135223389, 47.13543949680857], [-121.33957386016846, 47.135410302880814], [-121.33935928344727, 47.135351914977264], [-121.33914470672607, 47.13532272100147], [-121.33893013000488, 47.13523513897789], [-121.33824348449707, 47.13488480944099], [-121.3379430770874, 47.13468044947862], [-121.33768558502197, 47.134476088730935], [-121.3373851776123, 47.1342717271979], [-121.33712768554688, 47.13406736487951], [-121.33678436279297, 47.13386300177578], [-121.33549690246582, 47.13298715100731], [-121.33532524108887, 47.13292876044321], [-121.33463859558105, 47.13292876044321], [-121.33438110351562, 47.132957955733275], [-121.33382320404053, 47.13301634626535], [-121.33373737335205, 47.13301634626535], [-121.33347988128662, 47.13307473673328], [-121.33270740509033, 47.13322071262266], [-121.33240699768066, 47.133279102866254], [-121.33184909820557, 47.13333749304567], [-121.33141994476318, 47.133395883161], [-121.33081912994385, 47.13345427321224], [-121.33056163787842, 47.133512663199355], [-121.33026123046875, 47.13354185816888], [-121.3300895690918, 47.13357105312238], [-121.32970333099365, 47.13354185816888], [-121.32923126220703, 47.133512663199355], [-121.32899345932462, 47.13349648564833], [-121.32918164544111, 47.13346413878857], [-121.32954380971249, 47.13343342454402], [-121.32992229377118, 47.13342078150421], [-121.33023420677684, 47.13338940578202], [-121.3304684609582, 47.13333870379635], [-121.33072582218418, 47.13328853152989], [-121.33094961193989, 47.133273898708566], [-121.3311244943064, 47.13325988072728], [-121.33114223681633, 47.1332584613434], [-121.33153739492157, 47.13321928139644], [-121.3319460290432, 47.13320741603146], [-121.3321478359862, 47.13320117478073], [-121.33222693799485, 47.1331845000379], [-121.33231651572926, 47.1331317548594], [-121.33235647898307, 47.132988201556266], [-121.33242032676623, 47.132764266841605], [-121.3324930557815, 47.13253136134534], [-121.33262091671114, 47.132290189086504], [-121.33271743518127, 47.13216576078575], [-121.33284583492566, 47.13196055502486], [-121.33303034276324, 47.13181013584933], [-121.33322315621933, 47.1316781581859], [-121.33344826558032, 47.13155554403916], [-121.3336337428805, 47.13146817485999], [-121.33377802447819, 47.13138008514581], [-121.33411607935675, 47.13124104616388], [-121.33417924845918, 47.13121506281343], [-121.33455748581147, 47.131121508625974], [-121.33475068099432, 47.131079313778415], [-121.33500731824122, 47.13104731581932], [-121.3351931838893, 47.13104972948848], [-121.3354652709806, 47.131107749806766], [-121.33561838354345, 47.13119987470077], [-121.33570618770791, 47.13129142362896], [-121.33581072463102, 47.131490835530684], [-121.33589964744147, 47.13165402703635], [-121.33594781679194, 47.13178084177364], [-121.33605277065094, 47.13200731704511], [-121.33611759412128, 47.132169982814915], [-121.33618942519958, 47.13233330401539], [-121.33627706397665, 47.13247833833457], [-121.33635752874, 47.132614499744776], [-121.33651115687242, 47.13280566907984], [-121.33660787671074, 47.13288825141269], [-121.33671230962861, 47.133015684951516], [-121.33689739281373, 47.133162412505264], [-121.33698506389655, 47.13324471730075], [-121.3371535173508, 47.133354885321886], [-121.33737161580667, 47.133556204287075], [-121.3375720562351, 47.133720978453596], [-121.33780491299657, 47.133967445803464], [-121.33798944730628, 47.13407817702665], [-121.33823886526795, 47.13422580693895], [-121.338480801524, 47.134346061448156], [-121.33874585608844, 47.13446683947293], [-121.33893975826982, 47.134532953026536], [-121.3392204737081, 47.134626882530796], [-121.3395505650063, 47.1347307385387], [-121.33977561623063, 47.13479696268354], [-121.34007239438861, 47.13489110627129], [-121.34036218927233, 47.13492225539312], [-121.34056091308594, 47.134962303697726], [-121.34056091308594, 47.13564385385391], [-121.34030342102051, 47.13558546620678]]], [[[-121.32742881774902, 47.13333749304567], [-121.32708549499512, 47.13336668811138], [-121.32678508758545, 47.133395883161], [-121.32644176483154, 47.13345427321224], [-121.32614135742188, 47.133512663199355], [-121.32575511932373, 47.13360024805985], [-121.32528305053711, 47.133717027649425], [-121.32476806640625, 47.13386300177578], [-121.3243356171027, 47.134023468776675], [-121.32434403551103, 47.13398717511409], [-121.32445605266668, 47.13389005900584], [-121.32464128229228, 47.13378454463297], [-121.32489784099367, 47.13368058094367], [-121.3251640220009, 47.13354945711935], [-121.32539630320487, 47.13349877954093], [-121.32568510242317, 47.13335817061651], [-121.32570137953493, 47.13335024057991], [-121.32600716853263, 47.133246618049824], [-121.32622422413054, 47.13318679361325], [-121.32644870728242, 47.13315400292367], [-121.32661033299577, 47.133147369571624], [-121.32680338365839, 47.13315934931593], [-121.32696307671962, 47.13322469484218], [-121.32741344529919, 47.13331230139041], [-121.32757584127974, 47.13335749690078], [-121.32742881774902, 47.13333749304567]]], [[[-121.32394129467514, 47.134182949535024], [-121.32399113408309, 47.13416208340802], [-121.32399270812421, 47.13416196407336], [-121.32394129467514, 47.134182949535024]]], [[[-121.32352352142334, 47.134359310808236], [-121.32335186004639, 47.13441769980162], [-121.32330894470215, 47.134446894274305], [-121.32322311401367, 47.134476088730935], [-121.32322336429466, 47.13443300966969], [-121.32343567216861, 47.13436106188634], [-121.32354793607382, 47.13434270196977], [-121.32352352142334, 47.134359310808236]]]]}, "properties": {"fid": 115305, "ogc_fid": 115305, "path": "/us/wa/king/enumclaw-plateau/115305", "ll_uuid": "8d80fa5f-2ba1-44b2-ae9d-8ff135417b69", "parcelnumb": "151912UNKN"}, "id": 24}, {"type": "Feature", "geometry": {"type": "MultiPolygon", "coordinates": [[[[-121.36154651641846, 47.141394722932944], [-121.36141777038574, 47.141336341600606], [-121.3610315322876, 47.1411320064326], [-121.3608169555664, 47.141015243126816], [-121.36060237884521, 47.14092767047924], [-121.36051654815674, 47.14089847956464], [-121.35952949523926, 47.14043142275153], [-121.35927200317383, 47.14034384914231], [-121.3587999343872, 47.14016870149109], [-121.35849952697754, 47.140110318812475], [-121.35832786560059, 47.14005193606974], [-121.3578987121582, 47.13996436183544], [-121.35764122009277, 47.139935170391965], [-121.35746955871582, 47.13990597893243], [-121.35704040527344, 47.13990597893243], [-121.35682582855225, 47.139935170391965], [-121.3566541671753, 47.13996436183544], [-121.35639667510986, 47.140022744674354], [-121.35613918304443, 47.14005193606974], [-121.35549545288086, 47.14016870149109], [-121.35519504547119, 47.14025627538882], [-121.35498046875, 47.14034384914231], [-121.35476589202881, 47.140373040361396], [-121.35425090789795, 47.140373040361396], [-121.35412216186523, 47.14034384914231], [-121.35369300842285, 47.140197892806356], [-121.35300636291504, 47.13999355326291], [-121.35287761688232, 47.13996436183544], [-121.35283470153809, 47.139935170391965], [-121.35274887084961, 47.13990597893243], [-121.35270595550537, 47.139847595965335], [-121.3524055480957, 47.13961406345581], [-121.35201930999756, 47.1393221463764], [-121.35141849517822, 47.138855075715725], [-121.3511610031128, 47.13867992316017], [-121.35107517242432, 47.138592346666], [-121.35021686553955, 47.13800849968541], [-121.3500452041626, 47.13786253693857], [-121.35000228881836, 47.13780415172761], [-121.34974479675293, 47.13780415172761], [-121.34888648986816, 47.13783334434106], [-121.34867191314697, 47.13783334434106], [-121.34845733642578, 47.13786253693857], [-121.34789943695068, 47.13786253693857], [-121.3478136062622, 47.13783334434106], [-121.34755611419678, 47.13780415172761], [-121.34753179241166, 47.137797533888985], [-121.34761238933292, 47.13777197574458], [-121.34781320168214, 47.13776570466253], [-121.34802275715556, 47.137804610851205], [-121.34812038770278, 47.137815201390296], [-121.34831241965139, 47.13782680648377], [-121.34846545901388, 47.13778421791148], [-121.34861746289829, 47.13767823061253], [-121.34877741673435, 47.13756361171386], [-121.34886872219329, 47.13749700456634], [-121.34897107579802, 47.13742233780648], [-121.34919601825897, 47.137290785811246], [-121.34938092588905, 47.13716741149615], [-121.34954143012992, 47.137151836839614], [-121.34971811323435, 47.137145393429094], [-121.3498879155812, 47.137210640362085], [-121.35009602011971, 47.137348609148034], [-121.35028043708304, 47.137513479292565], [-121.35045811878877, 47.13763281687478], [-121.35055472659546, 47.13770614523891], [-121.35075638894045, 47.13775401222736], [-121.35103643596977, 47.137803359127], [-121.3512785809821, 47.13786978148788], [-121.35146302094026, 47.13790818094156], [-121.35168764143779, 47.13801071212316], [-121.35169185962994, 47.138013261943904], [-121.35196151375237, 47.138176291412115], [-121.3520980137587, 47.13823253376453], [-121.3522749948404, 47.13830697109784], [-121.35238696803779, 47.13833561125638], [-121.35243505421008, 47.138264308412], [-121.35254382508775, 47.138112096653636], [-121.35255594223432, 47.13809513112122], [-121.35263677732263, 47.137934138476425], [-121.35274772598362, 47.13783666351102], [-121.35288453315434, 47.13784765008799], [-121.35303740668904, 47.13785886427659], [-121.35318281629225, 47.1379061175476], [-121.35331960263726, 47.137917103765076], [-121.35348856366791, 47.13792853144105], [-121.3535047902829, 47.137929638657276], [-121.35365648086271, 47.13793997287651], [-121.35379328330863, 47.137950964712836], [-121.35398678539764, 47.137989633259544], [-121.35413089644237, 47.13795565095376], [-121.35425134301266, 47.137885538009286], [-121.35450929284082, 47.13780822748246], [-121.35470162709989, 47.13777493416737], [-121.354741683062, 47.13770334426073], [-121.35478189406916, 47.137577939260794], [-121.35485466861294, 47.137480062634], [-121.35494282497088, 47.137337522153736], [-121.35507961407968, 47.137285435618125], [-121.35512622517085, 47.13726769286911], [-121.35521641235104, 47.13723336144414], [-121.35536958058442, 47.13719965419258], [-121.35554556064518, 47.13721104310201], [-121.35562537292259, 47.13717617462984], [-121.35573776406873, 47.13710576618299], [-121.35596326469204, 47.137073253414094], [-121.35606747598179, 47.13705669847316], [-121.3563081821185, 47.1370960480442], [-121.35645361230473, 47.13714329706664], [-121.35655795025768, 47.137198733469276], [-121.356726167362, 47.13729106231065], [-121.35695109705618, 47.137474136000804], [-121.35704784209945, 47.13755669850353], [-121.35723315807375, 47.1376492353728], [-121.35740956197449, 47.13768768856181], [-121.35761984846805, 47.13770874584492], [-121.35770712724536, 47.13776396504459], [-121.35773956012791, 47.13784563320199], [-121.35786113525316, 47.13797325889164], [-121.35798111703446, 47.13806490846718], [-121.3580448861013, 47.13809288982387], [-121.3581490790525, 47.138076339455196], [-121.35831846197546, 47.137988714672076], [-121.35859951867828, 47.137911909780065], [-121.358711757508, 47.1378953099296], [-121.35897789032853, 47.137890254169626], [-121.35908197819673, 47.137927867629365], [-121.35916321566907, 47.137982764508486], [-121.35930749831994, 47.13814691750412], [-121.35948446663174, 47.13828441193162], [-121.35967755612074, 47.13835905827332], [-121.35989385629068, 47.13844313827745], [-121.36013658512572, 47.13854586838526], [-121.36035276722477, 47.138683745274854], [-121.36053048066285, 47.13880341362384], [-121.36064274176965, 47.13891294406968], [-121.360772232856, 47.13909466447028], [-121.36080310581889, 47.13926614874225], [-121.36080352578651, 47.13941934366651], [-121.36087645179337, 47.13945616294929], [-121.36110829047249, 47.1395675343607], [-121.36126173584891, 47.13961471766604], [-121.36142223373587, 47.13972492335851], [-121.3615925078075, 47.13981756537427], [-121.36180400848389, 47.13994278286869], [-121.36180400848389, 47.1415698665453], [-121.36154651641846, 47.141394722932944]]], [[[-121.34648323059082, 47.13757061024279], [-121.34618282318115, 47.13751222471129], [-121.34579658508301, 47.13742464629385], [-121.34549617767334, 47.137337067732176], [-121.34515285491943, 47.13724948902623], [-121.34498119354248, 47.13719110314216], [-121.34485244750977, 47.137132717193964], [-121.34468078613281, 47.13704513815145], [-121.34442329406738, 47.13689917276008], [-121.34416580200195, 47.13666562730043], [-121.34407997131348, 47.13657804748863], [-121.34403705596924, 47.136548854185946], [-121.34403705596924, 47.13649046753255], [-121.343994140625, 47.13643208081504], [-121.34390830993652, 47.13637369403341], [-121.34377956390381, 47.136315307187715], [-121.34369373321533, 47.13625692027787], [-121.34347915649414, 47.13614014626586], [-121.34296417236328, 47.13590659747251], [-121.3425350189209, 47.13573143520438], [-121.34219169616699, 47.13561466003836], [-121.34210586547852, 47.13561466003836], [-121.34193420410156, 47.13558546620678], [-121.34171962738037, 47.135556272359196], [-121.3410758972168, 47.135556272359196], [-121.34081840515137, 47.13558546620678], [-121.34056091308594, 47.13564385385391], [-121.34056091308594, 47.134962303697726], [-121.34056573792166, 47.1349632760346], [-121.34079549383861, 47.13500959492995], [-121.34099038011615, 47.13501243752125], [-121.3410928859345, 47.13501393340143], [-121.34144742576254, 47.1350099612596], [-121.34170901532089, 47.13496635559034], [-121.34174397694579, 47.13496052447911], [-121.34194508562864, 47.13490936502501], [-121.34217920125832, 47.134849729950666], [-121.34250691740381, 47.13480037897055], [-121.34283632617763, 47.13479627088488], [-121.34315107164713, 47.13481865896419], [-121.34333495778692, 47.13482141681571], [-121.3436082218419, 47.134888307271154], [-121.34387345542648, 47.134955265609804], [-121.34413149432227, 47.13507608888719], [-121.34437963375223, 47.13520554343421], [-121.34469448260128, 47.13542600734736], [-121.3448952931689, 47.135545880673824], [-121.34507951664784, 47.13570152356253], [-121.34532910140797, 47.13585804113239], [-121.34555543122246, 47.13600547518608], [-121.34575519074949, 47.13618840461181], [-121.3459235139531, 47.13635271032432], [-121.3460773597512, 47.13648971240276], [-121.34628673406513, 47.13670890553688], [-121.34648664025737, 47.136900751071686], [-121.34660733683278, 47.13703730971563], [-121.34684840363421, 47.137356010815495], [-121.34700210743668, 47.13754715491642], [-121.34706532422908, 47.13768939912498], [-121.34648323059082, 47.13757061024279]]]]}, "properties": {"fid": 94880, "ogc_fid": 94880, "path": "/us/wa/king/enumclaw-plateau/94880", "ll_uuid": "2c1ab939-9487-4607-8cb1-22e0b590ffee", "parcelnumb": "131911UNKN"}, "id": 25}, {"type": "Feature", "geometry": {"type": "Polygon", "coordinates": [[[-121.40433311462402, 47.121716584286844], [-121.40429019927979, 47.121716584286844], [-121.40429019927979, 47.12039186850801], [-121.40429448050996, 47.120388936268455], [-121.40449635972004, 47.12021153411184], [-121.40468936493743, 47.12004343809414], [-121.40480100122622, 47.11987394312938], [-121.4048505245152, 47.11971280410577], [-121.40489895154441, 47.11948826211662], [-121.40496257945242, 47.119210129132945], [-121.40497084615279, 47.11898523589238], [-121.40497947488686, 47.11866161286943], [-121.40493952230493, 47.11843605550622], [-121.4049229379024, 47.11816576536517], [-121.40489962619218, 47.11791367991169], [-121.4049248666637, 47.11774279127599], [-121.40503644713766, 47.11751056307857], [-121.40513351401084, 47.117251026080964], [-121.40518999585301, 47.11702677329873], [-121.4052298535028, 47.11682937499229], [-121.40533516600043, 47.11664175337906], [-121.40542287644759, 47.11654407260892], [-121.40559154127321, 47.116303506049896], [-121.4056762931562, 47.116164046746206], [-121.4056892741374, 47.11614268485026], [-121.40577734477041, 47.115945942877964], [-121.40588975681548, 47.11570444310098], [-121.40600309370527, 47.115517104202006], [-121.4061716028244, 47.115267630088915], [-121.40623264965406, 47.11519448552189], [-121.40659616340355, 47.11573249514185], [-121.40669988521766, 47.11581459986875], [-121.40673637390137, 47.1159635870753], [-121.40682220458984, 47.11616801895477], [-121.40695095062256, 47.11640165442674], [-121.40695095062256, 47.11643085878859], [-121.40712261199951, 47.116693697324166], [-121.40738010406494, 47.11710255468782], [-121.40759468078613, 47.117423797555375], [-121.40802383422852, 47.11792025999054], [-121.40810966491699, 47.11803707400796], [-121.40810966491699, 47.118153887768955], [-121.40806674957275, 47.118270701273474], [-121.40785217285156, 47.11859193708867], [-121.40746593475342, 47.11914679438317], [-121.40712261199951, 47.11961403814328], [-121.40682220458984, 47.119993670677104], [-121.40660762786865, 47.12025649161373], [-121.40617847442627, 47.12081133154976], [-121.40604972839355, 47.12095734109755], [-121.40592098236084, 47.1210449466339], [-121.40570640563965, 47.12116175379131], [-121.40540599822998, 47.12133696404658], [-121.40519142150879, 47.121482972151824], [-121.40506267547607, 47.121512173724824], [-121.40489101409912, 47.12157057682268], [-121.40433311462402, 47.121716584286844]]]}, "properties": {"fid": 169035, "ogc_fid": 169035, "path": "/us/wa/king/enumclaw-plateau/169035", "ll_uuid": "4a774d5d-c2ae-4fb5-bcfa-09b05b701be7", "parcelnumb": "211911UNKN"}, "id": 29}, {"type": "Feature", "geometry": {"type": "Polygon", "coordinates": [[[-121.36519432067871, 47.1415698665453], [-121.36180400848389, 47.1415698665453], [-121.36180400848389, 47.13994278286869], [-121.36182576102938, 47.13995566131092], [-121.36201912048097, 47.1400484742254], [-121.3622429165108, 47.14022262765532], [-121.36230406101174, 47.14029172099109], [-121.3623800198712, 47.14037755295882], [-121.36257985725376, 47.140497392252044], [-121.36267746522884, 47.14050797071251], [-121.36276618484531, 47.14046412680744], [-121.3629592368471, 47.14034992038025], [-121.36311082772016, 47.14028024039702], [-121.36328839251172, 47.14020179411016], [-121.36346523819837, 47.14014117545228], [-121.36371300638672, 47.140054652980155], [-121.36390663291982, 47.1399764527424], [-121.36415655348341, 47.13989918162193], [-121.36443614697097, 47.13979493985382], [-121.36455672176292, 47.13973370576822], [-121.36477504869588, 47.13962892733441], [-121.3650797891632, 47.13952517863298], [-121.36532826505642, 47.13942085268542], [-121.36549692268287, 47.139351377290616], [-121.36571379539264, 47.13921951158], [-121.36593183076027, 47.13909655161157], [-121.36608369065148, 47.13898161657587], [-121.36623538686784, 47.1388577811778], [-121.36635610125454, 47.13874274001893], [-121.36655876431259, 47.13866443962368], [-121.36681469515905, 47.138587113991335], [-121.36699154769273, 47.13852683612408], [-121.36725738084448, 47.13850359197449], [-121.36737852973351, 47.1384783555112], [-121.36761077281395, 47.1384276032338], [-121.36764420148732, 47.13841363996058], [-121.36786726897897, 47.13832319802136], [-121.3681408507954, 47.138219003051994], [-121.36831710248629, 47.13818579432801], [-121.36858394452757, 47.13809948137908], [-121.36876807932906, 47.137994239691174], [-121.36908096915644, 47.13783662566401], [-121.3693459378213, 47.13775922639607], [-121.36957875779612, 47.13768173552496], [-121.36986938507602, 47.13751468642842], [-121.37006172037242, 47.13741863853603], [-121.37030885346581, 47.13729613296287], [-121.37056776611067, 47.137155701163984], [-121.37075191914047, 47.13705047408267], [-121.37093750294206, 47.13697195538613], [-121.37110613516676, 47.136902475426446], [-121.37201254164762, 47.13673557326449], [-121.37226159671025, 47.13672992662089], [-121.37250344774645, 47.13665234902049], [-121.37271326990457, 47.13658324484106], [-121.37296975286766, 47.13647916644331], [-121.37313853631046, 47.13641861161652], [-121.37338612993312, 47.136385879867234], [-121.37393385493166, 47.13633957903567], [-121.37412648805959, 47.136324419920506], [-121.37423024923235, 47.136281138762754], [-121.37440706432285, 47.1362204961287], [-121.3747375928595, 47.13609906011787], [-121.37511390026032, 47.13595157809466], [-121.37543623843153, 47.1357582190087], [-121.37577378020977, 47.13551094676506], [-121.37586143526394, 47.13540437523156], [-121.37597447252575, 47.13525270483309], [-121.37606258197064, 47.13517320902594], [-121.3762157168123, 47.135139152187094], [-121.37660208528648, 47.135054649904895], [-121.37685124930691, 47.13499517563795], [-121.37701168572964, 47.13491649864154], [-121.37710038458843, 47.13487297559801], [-121.37718043083746, 47.13479285191458], [-121.37726237104772, 47.13470414523718], [-121.37730913533868, 47.134615016414976], [-121.377382315088, 47.13454385240226], [-121.37748592353452, 47.134491328857465], [-121.377591720715, 47.134417175135226], [-121.37759914474107, 47.1344119740312], [-121.37776003159034, 47.13436036199553], [-121.37788057903417, 47.13429911299942], [-121.37797744110968, 47.134264456554234], [-121.37807446394388, 47.134238692117876], [-121.3782190008769, 47.134231763763424], [-121.37857970652801, 47.13423690555466], [-121.37874963049916, 47.13424830964487], [-121.37902222214443, 47.13427021804069], [-121.37938366672249, 47.13432024108224], [-121.37956164623502, 47.134331918238324], [-121.37956677734512, 47.13433267082765], [-121.37983350589163, 47.1343716601054], [-121.38005138615637, 47.134365555599224], [-121.38022807100712, 47.1343590690362], [-121.3803885433777, 47.13434344804615], [-121.38054067284286, 47.134309725034484], [-121.38067814722423, 47.134239437329114], [-121.38079020784352, 47.134151184062105], [-121.38089524237654, 47.134062644186], [-121.38096022002365, 47.13398263625207], [-121.38103136831008, 47.13384875625032], [-121.38116005492603, 47.13373330549242], [-121.38126438478886, 47.13366292339847], [-121.38135176595253, 47.13362355057735], [-121.38136109900091, 47.13361935660059], [-121.38144978132073, 47.133575487540476], [-121.38161024183297, 47.133559868518354], [-121.38177945358714, 47.1335263562879], [-121.38202803331943, 47.1334936163225], [-121.38220526534093, 47.133460378704655], [-121.38266327769405, 47.13345756375393], [-121.38295319925936, 47.133434788349135], [-121.38304711965584, 47.13343346867519], [-121.3830041885376, 47.13657804748863], [-121.3830041885376, 47.13669482053902], [-121.3827896118164, 47.13678240015847], [-121.38266086578369, 47.136811593332936], [-121.3824462890625, 47.1369283658704], [-121.38231754302979, 47.136957558964724], [-121.38218879699707, 47.13701594510525], [-121.3821029663086, 47.13704513815145], [-121.38197422027588, 47.13710352419582], [-121.38163089752197, 47.13719110314216], [-121.38150215148926, 47.13724948902623], [-121.38141632080078, 47.13724948902623], [-121.38128757476807, 47.13727868194425], [-121.38124465942383, 47.13727868194425], [-121.38115882873535, 47.137307874846215], [-121.3807725906372, 47.137307874846215], [-121.38047218322754, 47.13727868194425], [-121.3800859451294, 47.13727868194425], [-121.3798713684082, 47.13724948902623], [-121.37935638427734, 47.13724948902623], [-121.37918472290039, 47.13722029609224], [-121.37892723083496, 47.13722029609224], [-121.37849807739258, 47.13724948902623], [-121.37811183929443, 47.13724948902623], [-121.37802600860596, 47.13727868194425], [-121.37768268585205, 47.13727868194425], [-121.37759685516357, 47.137307874846215], [-121.37742519378662, 47.137337067732176], [-121.37652397155762, 47.13754141748504], [-121.37648105621338, 47.13757061024279], [-121.37635231018066, 47.13757061024279], [-121.37588024139404, 47.137658188419806], [-121.37562274932861, 47.13768738111341], [-121.37540817260742, 47.13774576645258], [-121.37523651123047, 47.137774959098124], [-121.37515068054199, 47.137774959098124], [-121.37497901916504, 47.13783334434106], [-121.37467861175537, 47.137891729519964], [-121.37450695037842, 47.13792092208536], [-121.37386322021484, 47.138037692186714], [-121.37339115142822, 47.13815446203159], [-121.37304782867432, 47.13821284685787], [-121.37248992919922, 47.13832961631812], [-121.37244701385498, 47.13835880864309], [-121.3723611831665, 47.13835880864309], [-121.3723611831665, 47.138388000952034], [-121.37223243713379, 47.138388000952034], [-121.37167453765869, 47.13856315446927], [-121.37120246887207, 47.13870911529284], [-121.3711166381836, 47.13873830740948], [-121.3709020614624, 47.13879669159465], [-121.37051582336426, 47.13891345977271], [-121.36931419372559, 47.1393221463764], [-121.36901378631592, 47.139468105116435], [-121.36862754821777, 47.13964325507558], [-121.36841297149658, 47.13973082983878], [-121.36824131011963, 47.13981840445774], [-121.36794090270996, 47.13999355326291], [-121.36755466461182, 47.140197892806356], [-121.3674259185791, 47.140285466656024], [-121.36716842651367, 47.14040223156448], [-121.3670825958252, 47.140460613922556], [-121.36682510375977, 47.14057737844638], [-121.36665344238281, 47.140694142713755], [-121.36639595031738, 47.14081090672474], [-121.3663101196289, 47.140869288634036], [-121.36570930480957, 47.141248769481905], [-121.36545181274414, 47.141394722932944], [-121.36519432067871, 47.1415698665453]]]}, "properties": {"fid": 103843, "ogc_fid": 103843, "path": "/us/wa/king/enumclaw-plateau/103843", "ll_uuid": "571bd290-239a-4d3e-a7a5-1a97390ebffc", "parcelnumb": "141911UNKN"}, "id": 33}, {"type": "Feature", "geometry": {"type": "Polygon", "coordinates": [[[-121.31446838378906, 47.16730970131579], [-121.3138321003266, 47.16730970131579], [-121.31364178044397, 47.166894566442494], [-121.31340382845826, 47.166180267325636], [-121.31279043602082, 47.165595759016924], [-121.31279343609947, 47.16552718719384], [-121.31209443595615, 47.16459746179033], [-121.31174353979904, 47.1641555570598], [-121.31119225051263, 47.16368663065369], [-121.31039906610026, 47.16337310724918], [-121.30930494684574, 47.16303066046538], [-121.30844327123425, 47.16273867452033], [-121.30701823647895, 47.16227497945556], [-121.30622991484125, 47.1618470809306], [-121.30592207630527, 47.16158732855082], [-121.30592823028564, 47.16159081546766], [-121.30622863769531, 47.16176589253678], [-121.30661487579346, 47.161940969028905], [-121.3070011138916, 47.162086865665], [-121.30751609802246, 47.16220358268538], [-121.30777359008789, 47.16229112028239], [-121.30833148956299, 47.162407836854044], [-121.30893230438232, 47.16249537411451], [-121.30931854248047, 47.162582911230714], [-121.31026268005371, 47.16272880610393], [-121.31099224090576, 47.162903879422856], [-121.31129264831543, 47.16302059464829], [-121.31150722503662, 47.1631373096173], [-121.31236553192139, 47.16389595066565], [-121.3124942779541, 47.164071020138294], [-121.31283760070801, 47.164391979339655], [-121.31326675415039, 47.16488800338209], [-121.31352424621582, 47.165179780067035], [-121.31369590759277, 47.165529909973515], [-121.3139533996582, 47.165967569111274], [-121.31408214569092, 47.16625933986654], [-121.31412506103516, 47.16643440155045], [-121.31421089172363, 47.16663863945246], [-121.31446838378906, 47.16730970131579]]]}, "properties": {"fid": 13902, "ogc_fid": 13902, "path": "/us/wa/king/enumclaw-plateau/13902", "ll_uuid": "88fab1de-2c6e-41d8-9bea-27cebf96086a", "parcelnumb": "021912UNKN"}, "id": 34}, {"type": "Feature", "geometry": {"type": "MultiPolygon", "coordinates": [[[[-121.30193710327148, 47.14375911301701], [-121.30185127258301, 47.144167762373485], [-121.30176544189453, 47.1444596528477], [-121.30168272520083, 47.144600302514796], [-121.30162973460924, 47.144523487997375], [-121.3016055413904, 47.144450988160195], [-121.30163836790959, 47.14422660915065], [-121.30165303935884, 47.14392970279412], [-121.30170221945414, 47.1437237118629], [-121.3017825330573, 47.14338281888362], [-121.30184690287, 47.14318563367812], [-121.30191195926194, 47.1428986499194], [-121.30197561927253, 47.1426850202619], [-121.30193710327148, 47.14375911301701]]], [[[-121.30103588104248, 47.14591908117822], [-121.30086421966553, 47.14615258599284], [-121.30083150052823, 47.14618967464949], [-121.30072838846611, 47.1462019575602], [-121.30069581183099, 47.14617443224541], [-121.3006573662246, 47.146155844349046], [-121.3006651992723, 47.14607491034912], [-121.30084937087767, 47.14596052142164], [-121.3010188768663, 47.14587331636839], [-121.30106806641362, 47.145853410070785], [-121.30103588104248, 47.14591908117822]]], [[[-121.29940509796143, 47.14947991814947], [-121.29940509796143, 47.14950910435209], [-121.2994909286499, 47.149538290538715], [-121.2994909286499, 47.14956747670928], [-121.29953384399414, 47.14959666286384], [-121.29953384399414, 47.14965503512488], [-121.29957675933838, 47.14974259339621], [-121.29957675933838, 47.150124726581595], [-121.29927186510153, 47.14950680003534], [-121.29919093408648, 47.14938281774856], [-121.29940509796143, 47.14947991814947]]]]}, "properties": {"fid": 83978, "ogc_fid": 83978, "path": "/us/wa/king/enumclaw-plateau/83978", "ll_uuid": "b4ac269e-827b-4910-89ca-42055060c86e", "parcelnumb": "121912UNKN"}, "id": 36}, {"type": "Feature", "geometry": {"type": "MultiPolygon", "coordinates": [[[[-121.32322311401367, 47.134476088730935], [-121.32318019866943, 47.134476088730935], [-121.322922706604, 47.13459286639721], [-121.32270812988281, 47.13468044947862], [-121.32240772247314, 47.13482642096045], [-121.32193565368652, 47.13503078036183], [-121.32163524627686, 47.13517675088198], [-121.32142066955566, 47.13523513897789], [-121.32124900817871, 47.13529352700962], [-121.32099151611328, 47.135351914977264], [-121.32081985473633, 47.135351914977264], [-121.32073402404785, 47.13538110893708], [-121.32051944732666, 47.13538110893708], [-121.32043361663818, 47.135351914977264], [-121.3203477859497, 47.13529352700962], [-121.32017612457275, 47.13520594493795], [-121.32012676660639, 47.13516565274219], [-121.320542950036, 47.1351013991151], [-121.32055019487126, 47.1350995584202], [-121.32074409388845, 47.13505027644942], [-121.32095983471379, 47.135035723802076], [-121.32113740115923, 47.13502005750408], [-121.32132213588172, 47.13501395649943], [-121.32152365747656, 47.13498989632814], [-121.32170785571245, 47.134947454611606], [-121.3218608882818, 47.13490490945825], [-121.32202885559727, 47.13485332506149], [-121.32241454020806, 47.13465178515999], [-121.3226557019074, 47.134592485074954], [-121.3228411760127, 47.134568197661785], [-121.32313089112368, 47.13446434736597], [-121.32322336429466, 47.13443300966969], [-121.32322311401367, 47.134476088730935]]], [[[-121.31661415100098, 47.1342717271979], [-121.31648540496826, 47.13430092175071], [-121.31644248962402, 47.13430092175071], [-121.31614208221436, 47.13433011628749], [-121.31502628326416, 47.13433011628749], [-121.31481170654297, 47.134359310808236], [-121.31468296051025, 47.134388505312955], [-121.31455421447754, 47.134446894274305], [-121.31429672241211, 47.13459286639721], [-121.31412506103516, 47.13468044947862], [-121.31391048431396, 47.13485561520872], [-121.3136100769043, 47.13503078036183], [-121.31313800811768, 47.13532272100147], [-121.31262302398682, 47.135556272359196], [-121.31258010864258, 47.135556272359196], [-121.31236553192139, 47.13561466003836], [-121.31202220916748, 47.13573143520438], [-121.31163597106934, 47.13584821011389], [-121.31099224090576, 47.13605256558856], [-121.31064891815186, 47.13614014626586], [-121.31039142608643, 47.13619853330391], [-121.30979061126709, 47.136315307187715], [-121.3095760345459, 47.13637369403341], [-121.30927562713623, 47.13643208081504], [-121.30888938903809, 47.13649046753255], [-121.30858898162842, 47.13657804748863], [-121.3084602355957, 47.13663643404587], [-121.30828857421875, 47.13669482053902], [-121.3081169128418, 47.136811593332936], [-121.30798816680908, 47.13686997963373], [-121.30785942077637, 47.136986752043015], [-121.30777359008789, 47.13701594510525], [-121.30760192871094, 47.13710352419582], [-121.30730152130127, 47.13722029609224], [-121.30704402923584, 47.137337067732176], [-121.3064432144165, 47.137658188419806], [-121.30618572235107, 47.13780415172761], [-121.30584239959717, 47.13792092208536], [-121.30541324615479, 47.13812526959441], [-121.30528450012207, 47.138183654452746], [-121.3049840927124, 47.138300423977086], [-121.3046407699585, 47.13844638552189], [-121.30434713388999, 47.13858905662497], [-121.30434712623334, 47.13858820971174], [-121.30431523029513, 47.13833584323042], [-121.30428359665643, 47.1381016265477], [-121.3042759427156, 47.137858338084804], [-121.30432350319816, 47.13767910027833], [-121.30451669301206, 47.13770002394418], [-121.30483072241191, 47.13774068378635], [-121.30507152864585, 47.1377890467035], [-121.30521508009112, 47.13778222384103], [-121.30538421399955, 47.13773991327374], [-121.30544925394612, 47.1377226487976], [-121.30540155652908, 47.137623263977666], [-121.30535278191253, 47.137586235401024], [-121.30509575179636, 47.137393699371756], [-121.30483751256492, 47.13725497847179], [-121.30460495520232, 47.13715239414371], [-121.3042996694354, 47.13695882488567], [-121.30387359114708, 47.13674551983332], [-121.30339952310267, 47.136549677423695], [-121.30322248656579, 47.136465912178636], [-121.30323889723076, 47.13642124570004], [-121.30326408455343, 47.13640498533367], [-121.30327967990213, 47.136394906944815], [-121.30343113563619, 47.13637912013092], [-121.30355921273006, 47.136344976958576], [-121.30390643305594, 47.136323030064204], [-121.3041711647397, 47.136291031145575], [-121.30444467480027, 47.13624113731019], [-121.30472486228264, 47.13623643786231], [-121.30496659294977, 47.13621282297926], [-121.30533620088818, 47.136209227363736], [-121.30593088974766, 47.13620919169863], [-121.30647833503123, 47.136208108058916], [-121.3069603459543, 47.13619721089307], [-121.30722472942765, 47.136210095402255], [-121.30753881565612, 47.13618802623374], [-121.30778023497908, 47.1362096356834], [-121.30801259912506, 47.136230981383996], [-121.30833491632156, 47.13628973531789], [-121.30851534339789, 47.13632455095269], [-121.3085354120218, 47.136328423589084], [-121.30872068133516, 47.136358316729286], [-121.30904996832083, 47.13634504831728], [-121.3092905761241, 47.136312860168005], [-121.30946774830285, 47.13627049086739], [-121.30966835102028, 47.136183390294825], [-121.30992669493641, 47.136061288826276], [-121.31015856359058, 47.135983575788494], [-121.31046439330855, 47.135879981009374], [-121.31071397151663, 47.13577574455303], [-121.31096323169649, 47.135653351798375], [-121.31125183795473, 47.13554096452108], [-121.31161358064105, 47.13534821103912], [-121.3119276317457, 47.135190723834235], [-121.31212825985239, 47.135040918122655], [-121.31236810452425, 47.13489150481234], [-121.31261812646585, 47.13475093065968], [-121.31290047571335, 47.134557353025976], [-121.31313213059902, 47.13439874530771], [-121.31340557143, 47.13421380474512], [-121.31362253640098, 47.13408202946524], [-121.3138394469586, 47.133878286044975], [-121.31396790227137, 47.13373616560354], [-121.31407254304527, 47.13354863557619], [-121.31429012560766, 47.133191681004234], [-121.31439482749754, 47.133030986449015], [-121.31441778381745, 47.13299575909822], [-121.31452308107944, 47.132853464706436], [-121.31468338781781, 47.13269364998922], [-121.31483712767024, 47.13263293221134], [-121.3150705241569, 47.13265424019039], [-121.31526322641778, 47.132711146839036], [-121.31543070488158, 47.13275864161274], [-121.31572792064476, 47.13295190327742], [-121.31600201055977, 47.13320804521942], [-121.31613004688239, 47.133372008898014], [-121.31620216222227, 47.133490088491], [-121.31630809277097, 47.13365351269318], [-121.31645984258151, 47.13379055862904], [-121.31656438446193, 47.13392726590322], [-121.31666013916512, 47.13408150409348], [-121.31679749067844, 47.13426355649904], [-121.31680415071108, 47.1342717271979], [-121.31661415100098, 47.1342717271979]]], [[[-121.3024091720581, 47.141102815630205], [-121.30236625671387, 47.141336341600606], [-121.30223751068115, 47.14145310420116], [-121.30212732889403, 47.14146381057351], [-121.30216898396941, 47.1413367132682], [-121.30230569232896, 47.141140742928904], [-121.30243039586529, 47.14103063387409], [-121.3024091720581, 47.141102815630205]]]]}, "properties": {"fid": 103845, "ogc_fid": 103845, "path": "/us/wa/king/enumclaw-plateau/103845", "ll_uuid": "ee15a27d-f205-492f-85e2-c75d2e05e0c3", "parcelnumb": "141912UNKN"}, "id": 43}, {"type": "Feature", "geometry": {"type": "Polygon", "coordinates": [[[-121.30193710327148, 47.14281427189153], [-121.30199997611876, 47.14260328378913], [-121.3020240895066, 47.14233338440036], [-121.30212798706505, 47.14195701544809], [-121.30211365991522, 47.14180391364709], [-121.30211250460934, 47.1416599680728], [-121.3021132496728, 47.14150676887004], [-121.30212127084022, 47.141482294811226], [-121.30335330963135, 47.141482294811226], [-121.30343914031982, 47.14159905709124], [-121.30326747894287, 47.14197853273029], [-121.30305290222168, 47.142912615071396], [-121.30193710327148, 47.143905059576355], [-121.30193710327148, 47.14281427189153]]]}, "properties": {"fid": 13543, "ogc_fid": 13543, "path": "/us/wa/kittitas/manastash-ridge/13543", "ll_uuid": "0f2bfa9d-229e-426d-8d9c-bf7b0f1fc937", "parcelnumb": "19-12-11000-0000"}, "id": 67}, {"type": "Feature", "geometry": {"type": "Polygon", "coordinates": [[[-121.43248558044434, 47.29998384500993], [-121.42355918884277, 47.299954741537334], [-121.42377376556396, 47.288079188036136], [-121.42441749572754, 47.28816651801503], [-121.42480373382568, 47.2881374080381], [-121.42557621002197, 47.2881374080381], [-121.42591953277588, 47.28816651801503], [-121.42634868621826, 47.28822473792087], [-121.42682075500488, 47.28828295776262], [-121.4272928237915, 47.28837028740509], [-121.42763614654541, 47.288457616903344], [-121.42802238464355, 47.28860316574671], [-121.42836570739746, 47.28886515265546], [-121.42870903015137, 47.289389122579905], [-121.4289665222168, 47.28976754207494], [-121.42956733703613, 47.29034972062658], [-121.42982482910156, 47.29058259025291], [-121.42999649047852, 47.290873675843955], [-121.43038272857666, 47.29128119297991], [-121.43085479736328, 47.29174692300461], [-121.43111228942871, 47.291950678600756], [-121.43124103546143, 47.292008894341194], [-121.43171310424805, 47.2922708643801], [-121.431884765625, 47.292416402729856], [-121.43205642700195, 47.29259104822091], [-121.43231391906738, 47.29282390797849], [-121.43231391906738, 47.292882122757675], [-121.43248558044434, 47.2931149812336], [-121.43261432647705, 47.29340605288664], [-121.43265724182129, 47.29378444364053], [-121.43261432647705, 47.29410461831753], [-121.43257141113281, 47.294279258233416], [-121.4324426651001, 47.29457032347821], [-121.43227100372314, 47.29477406819635], [-121.43209934234619, 47.29494870590136], [-121.43184185028076, 47.295152449161634], [-121.43149852752686, 47.29532708561709], [-121.43136978149414, 47.29541440362851], [-121.43124103546143, 47.295618145094465], [-121.43115520477295, 47.295763674232404], [-121.43111228942871, 47.295967414352646], [-121.43115520477295, 47.29620025924311], [-121.4313268661499, 47.29652041929339], [-121.43158435821533, 47.29684057740516], [-121.43184185028076, 47.297218943583516], [-121.43192768096924, 47.29748088781332], [-121.43197059631348, 47.29791745864591], [-121.43214225769043, 47.298645068690035], [-121.43227100372314, 47.29928535724633], [-121.43248558044434, 47.29998384500993]]]}, "properties": {"fid": 162736, "ll_uuid": "6adbb856-cdb1-4272-b835-056eb4e47b66", "ogc_fid": 162736, "parcelnumb": "202111UNKN", "path": "/us/wa/king/enumclaw-plateau/162736"}, "id": 10}, {"type": "Feature", "geometry": {"type": "Polygon", "coordinates": [[[-121.35133266448975, 47.281470801405675], [-121.3511610031128, 47.28141257406611], [-121.35107517242432, 47.2812670054368], [-121.35107517242432, 47.28109232255292], [-121.35098934173584, 47.280975866976576], [-121.35086059570312, 47.280772069101204], [-121.35068893432617, 47.28062649870955], [-121.35051727294922, 47.280510042107835], [-121.35047435760498, 47.280422699488355], [-121.35051727294922, 47.28039358524981], [-121.35068893432617, 47.28033535672469], [-121.35081768035889, 47.28027712813545], [-121.35103225708008, 47.28030624243806], [-121.35107517242432, 47.28033535672469], [-121.35124683380127, 47.28039358524981], [-121.35137557983398, 47.2804518137109], [-121.35141849517822, 47.28048092791738], [-121.3515043258667, 47.280510042107835], [-121.35167598724365, 47.280539156282316], [-121.35171890258789, 47.28056827044074], [-121.35171890258789, 47.28062649870955], [-121.35176181793213, 47.280684726914274], [-121.35180473327637, 47.28088852512613], [-121.3518476486206, 47.28115055024497], [-121.35180473327637, 47.2812670054368], [-121.35171890258789, 47.2813834603723], [-121.35163307189941, 47.28141257406611], [-121.35163307189941, 47.28144168774392], [-121.35159015655518, 47.28144168774392], [-121.35141849517822, 47.281470801405675], [-121.35133266448975, 47.281470801405675]]]}, "properties": {"fid": 204012, "ll_uuid": "f7b1f7f6-52ff-431c-9ed0-7304935d752b", "ogc_fid": 204012, "parcelnumb": "252111HYDR", "path": "/us/wa/king/enumclaw-plateau/204012"}, "id": 16}, {"type": "Feature", "geometry": {"type": "Polygon", "coordinates": [[[-121.4163770457473, 47.29994488193148], [-121.4166001431788, 47.299445261242596], [-121.41664074010215, 47.29928574836204], [-121.41747432184744, 47.29868384332478], [-121.41754186985916, 47.29868519331746], [-121.41827349904187, 47.29810412802623], [-121.41841948443759, 47.297832218996454], [-121.41922323333827, 47.297138169766825], [-121.41933197834335, 47.29695720922783], [-121.41872798046468, 47.2968997957679], [-121.41866044402202, 47.29689860650895], [-121.41794283210452, 47.297105445952276], [-121.41784181686346, 47.29713455504397], [-121.4172590299003, 47.29737513306917], [-121.41698993576507, 47.29737006449412], [-121.41660012226362, 47.29782023055422], [-121.41632641854207, 47.2979294884799], [-121.41543911441042, 47.298187035961874], [-121.41519294690576, 47.29843403123528], [-121.41419847961372, 47.29884972228847], [-121.41343987771835, 47.2992700646925], [-121.41256419468816, 47.29925318910465], [-121.41253072505353, 47.29925254399819], [-121.41164401097706, 47.298686316894305], [-121.41115450641594, 47.29831059458182], [-121.41079619306218, 47.29800616152117], [-121.41016529398632, 47.29778816670662], [-121.40944457640525, 47.29729360979827], [-121.40913550237005, 47.29662395484296], [-121.40849729044334, 47.29576478515382], [-121.40829654153285, 47.29491416355776], [-121.40794692815682, 47.29360288650226], [-121.40760702337154, 47.2928640734188], [-121.40745308077165, 47.292517749214625], [-121.40662481294709, 47.2921813338448], [-121.40626481114357, 47.29192264938329], [-121.40573127454238, 47.29179796113663], [-121.40559624146043, 47.29179540710973], [-121.40466496541012, 47.291502798361606], [-121.40428959985299, 47.29080896367474], [-121.40440125366386, 47.290559274965055], [-121.40415580865279, 47.28998249492262], [-121.40413642177755, 47.28963872195195], [-121.40427382521085, 47.289572707106366], [-121.40435109358945, 47.28934539179514], [-121.40425956583286, 47.28911475971498], [-121.40419893485088, 47.288953298572835], [-121.4034588772501, 47.28891621739806], [-121.40306342113867, 47.289302654290985], [-121.40286172174574, 47.2894997428039], [-121.40292924449983, 47.2895009377022], [-121.40247342274712, 47.2898118507274], [-121.40248775482178, 47.28854494625742], [-121.40248775482178, 47.28842850708662], [-121.40261650085449, 47.28842850708662], [-121.40313148498535, 47.288486726704065], [-121.40420436859131, 47.28860316574671], [-121.40480518341064, 47.288661385171935], [-121.40489101409912, 47.288661385171935], [-121.40506267547607, 47.288719604533014], [-121.40519142150879, 47.28874871418955], [-121.40544891357422, 47.288836043063014], [-121.40617847442627, 47.289039809873685], [-121.4064359664917, 47.28912713826654], [-121.40669345855713, 47.289185357115], [-121.40682220458984, 47.28924357589938], [-121.40742301940918, 47.28953466885997], [-121.40763759613037, 47.28962199643573], [-121.40785217285156, 47.28968021473946], [-121.4078950881958, 47.289651105595624], [-121.40858173370361, 47.289360013275854], [-121.40892505645752, 47.28924357589938], [-121.40905380249023, 47.289185357115], [-121.40931129455566, 47.289214466515176], [-121.40969753265381, 47.28927268526752], [-121.41008377075195, 47.28930179461966], [-121.4104700088501, 47.289389122579905], [-121.41141414642334, 47.289738432979135], [-121.41210079193115, 47.28997130529697], [-121.4122724533081, 47.29005863215178], [-121.41240119934082, 47.29011684997491], [-121.41244411468506, 47.29014595886244], [-121.41261577606201, 47.29029150305976], [-121.4128303527832, 47.29052437294243], [-121.41308784484863, 47.2908154588539], [-121.41313076019287, 47.29084456735694], [-121.41334533691406, 47.291019218038656], [-121.41368865966797, 47.2914267340532], [-121.41386032104492, 47.2916595989374], [-121.41407489776611, 47.2920962178317], [-121.41411781311035, 47.2922708643801], [-121.41416072845459, 47.29247461795762], [-121.41433238983154, 47.29256194067912], [-121.4150619506836, 47.292998552123805], [-121.41536235809326, 47.29317319569236], [-121.41561985015869, 47.29331873155894], [-121.41570568084717, 47.29334783868421], [-121.41647815704346, 47.29343515996385], [-121.41673564910889, 47.29343515996385], [-121.41703605651855, 47.293464267025], [-121.41737937927246, 47.29349337407015], [-121.41759395599365, 47.293464267025], [-121.41763687133789, 47.29343515996385], [-121.41767978668213, 47.293376945793426], [-121.4177656173706, 47.29328962441767], [-121.41836643218994, 47.2925328331213], [-121.41845226287842, 47.29244551035177], [-121.41901016235352, 47.29177603099501], [-121.41909599304199, 47.291630490882966], [-121.41926765441895, 47.29145584221982], [-121.41939640045166, 47.29128119297991], [-121.41961097717285, 47.291077434804436], [-121.41965389251709, 47.290990109631764], [-121.41969680786133, 47.29096100120884], [-121.41969680786133, 47.28912713826654], [-121.41965389251709, 47.288894262231906], [-121.41965389251709, 47.28839939725384], [-121.41969680786133, 47.288079188036136], [-121.41973972320557, 47.28764253597882], [-121.4197826385498, 47.28735143260468], [-121.41986846923828, 47.286914774539525], [-121.41991138458252, 47.28674011030418], [-121.41995429992676, 47.28662366716017], [-121.41995429992676, 47.286565445492045], [-121.42008304595947, 47.286565445492045], [-121.42038345336914, 47.28662366716017], [-121.42059803009033, 47.28671099954221], [-121.42094135284424, 47.286827442493944], [-121.42107009887695, 47.286885663873704], [-121.42119884490967, 47.28697299582316], [-121.42141342163086, 47.28714765928956], [-121.42167091369629, 47.28729321173762], [-121.42184257507324, 47.287380543014194], [-121.42210006713867, 47.28752609482143], [-121.42231464385986, 47.287613425713516], [-121.42261505126953, 47.28772986667866], [-121.42295837402344, 47.2878463073875], [-121.4234733581543, 47.287991857913056], [-121.42377376556396, 47.288079188036136], [-121.42355918884277, 47.299954741537334], [-121.4163770457473, 47.29994488193148]]]}, "properties": {"fid": 169415, "ll_uuid": "3f3755c1-feea-42e6-9338-567e30012792", "ogc_fid": 169415, "parcelnumb": "212111UNKN", "path": "/us/wa/king/enumclaw-plateau/169415"}, "id": 17}, {"type": "Feature", "geometry": {"type": "Polygon", "coordinates": [[[-121.42355918884277, 47.299954741537334], [-121.43248558044434, 47.29998384500993], [-121.43257141113281, 47.300507704776976], [-121.43270015716553, 47.30088604471396], [-121.432785987854, 47.301177073592385], [-121.43287181854248, 47.30173002404783], [-121.43291473388672, 47.30245758162542], [-121.43291473388672, 47.30312692575362], [-121.43287181854248, 47.3037671600332], [-121.43265724182129, 47.30449468957548], [-121.43287181854248, 47.304960303227915], [-121.4330005645752, 47.30513490729024], [-121.43347263336182, 47.305338611300726], [-121.43360137939453, 47.305367711809595], [-121.43368721008301, 47.305367711809595], [-121.43428802490234, 47.30548411368477], [-121.43454551696777, 47.30551321411352], [-121.43488883972168, 47.30560051530361], [-121.43514633178711, 47.30565871601692], [-121.43523216247559, 47.30574601696674], [-121.43553256988525, 47.30629891963403], [-121.4357042312622, 47.306531719026935], [-121.43587589263916, 47.30670631789877], [-121.43617630004883, 47.306910015853674], [-121.43639087677002, 47.30696821512515], [-121.43673419952393, 47.3070264143326], [-121.43712043762207, 47.30708461347595], [-121.43750667572021, 47.3071137130236], [-121.43926620483398, 47.30708461347595], [-121.44124031066895, 47.307142812555185], [-121.44158363342285, 47.30717191207083], [-121.44171237945557, 47.30725921052152], [-121.44192695617676, 47.30737560823147], [-121.44235610961914, 47.307666601384994], [-121.44265651702881, 47.30781209736102], [-121.44282817840576, 47.30784119650815], [-121.44360065460205, 47.30798669200354], [-121.44394397735596, 47.30801579105457], [-121.44411563873291, 47.308132187098465], [-121.44441604614258, 47.30842317608682], [-121.44484519958496, 47.30885965656557], [-121.44484519958496, 47.310875092937415], [-121.4397848824418, 47.310921683420176], [-121.4397811179157, 47.31233252394716], [-121.43977529165724, 47.3145162461981], [-121.44157706583275, 47.31449614871786], [-121.44157639240366, 47.31450096129912], [-121.44157583004883, 47.31450498375898], [-121.42942116118556, 47.314625871744916], [-121.42923684619383, 47.31415109140576], [-121.4287509033236, 47.31286016309852], [-121.4287571982883, 47.31270007125201], [-121.42862014550482, 47.31194219426609], [-121.4277931654678, 47.31156033685904], [-121.42630415194856, 47.310891081152114], [-121.4248662409588, 47.31061174269289], [-121.42462861772682, 47.31065307128716], [-121.42392323536852, 47.31036347783455], [-121.42355918884277, 47.299954741537334]]]}, "properties": {"fid": 131776, "ll_uuid": "d4488fcd-2ece-493d-895c-5c2184984165", "ogc_fid": 131776, "parcelnumb": "172111UNKN", "path": "/us/wa/king/enumclaw-plateau/131776"}, "id": 19}, {"type": "Feature", "geometry": {"type": "Polygon", "coordinates": [[[-121.33889720234379, 47.27195771487168], [-121.3389440822458, 47.27130727854294], [-121.3396167755127, 47.271629471263566], [-121.33965969085693, 47.271658590324535], [-121.33965969085693, 47.27171682839844], [-121.33948802947998, 47.27279422120603], [-121.33948802947998, 47.27291069479034], [-121.3394021987915, 47.273289232169105], [-121.33931636810303, 47.273463940815276], [-121.33931636810303, 47.273493058866904], [-121.33923053741455, 47.27363864888471], [-121.33893013000488, 47.27419188729942], [-121.33889720234379, 47.27195771487168]]]}, "properties": {"fid": 204013, "ll_uuid": "0950ce62-bcb7-4a03-ba82-d96c39ea2afd", "ogc_fid": 204013, "parcelnumb": "252111UNKN", "path": "/us/wa/king/enumclaw-plateau/204013"}, "id": 29}, {"type": "Feature", "geometry": {"type": "MultiPolygon", "coordinates": [[[[-121.36030197143555, 47.28534277565805], [-121.36034488677979, 47.28540099867192], [-121.36034488677979, 47.28548833307261], [-121.3604736328125, 47.28583766923339], [-121.36051654815674, 47.28604144759515], [-121.36060237884521, 47.28621611413752], [-121.36060237884521, 47.28644900196355], [-121.36064529418945, 47.286652777970204], [-121.36060237884521, 47.28676922105012], [-121.36064529418945, 47.28714765928956], [-121.36065559348839, 47.28721053553555], [-121.36045042407736, 47.286910449275666], [-121.3604592317807, 47.286704588496455], [-121.36048916916793, 47.28599578337625], [-121.36024827806574, 47.2853271969289], [-121.36024908037108, 47.28530689709907], [-121.36030197143555, 47.28534277565805]]], [[[-121.36819839477539, 47.2903206118512], [-121.36858463287354, 47.29005863215178], [-121.36897087097168, 47.28976754207494], [-121.36948585510254, 47.289418231867984], [-121.37025833129883, 47.28886515265546], [-121.37047290802002, 47.28874871418955], [-121.37064456939697, 47.288632275467336], [-121.37081623077393, 47.288574056010106], [-121.37094497680664, 47.288486726704065], [-121.37094497680664, 47.28796274784], [-121.37085914611816, 47.287904527645765], [-121.37073040008545, 47.28775897687993], [-121.3703441619873, 47.28740965340768], [-121.37004375457764, 47.28711854875186], [-121.36995792388916, 47.28706032762844], [-121.36995792388916, 47.28700210644095], [-121.36991500854492, 47.28694388518937], [-121.36995792388916, 47.286914774539525], [-121.36991500854492, 47.286332558178714], [-121.36991500854492, 47.28618700308721], [-121.3703441619873, 47.28583766923339], [-121.3705587387085, 47.28569211278011], [-121.37064456939697, 47.28560477871585], [-121.37073040008545, 47.28554655592626], [-121.37081623077393, 47.285517444507434], [-121.37103080749512, 47.285517444507434], [-121.37137413024902, 47.28548833307261], [-121.37248992919922, 47.28548833307261], [-121.37351989746094, 47.28554655592626], [-121.37407779693604, 47.28560477871585], [-121.37446403503418, 47.28560477871585], [-121.37502193450928, 47.28569211278011], [-121.37545108795166, 47.285721224102815], [-121.37613773345947, 47.285808557974775], [-121.37648105621338, 47.28586678047597], [-121.37733936309814, 47.28595411410765], [-121.3775110244751, 47.28595411410765], [-121.37854099273682, 47.286070558725584], [-121.37939929962158, 47.28612878093844], [-121.37957096099854, 47.28615789202081], [-121.37969970703125, 47.28615789202081], [-121.38000011444092, 47.28618700308721], [-121.38025760650635, 47.28615789202081], [-121.38047218322754, 47.28612878093844], [-121.38141632080078, 47.286070558725584], [-121.38142309158137, 47.286435644753716], [-121.38024808799673, 47.28642879994735], [-121.38007979327449, 47.28642546860018], [-121.37926698392836, 47.286523980624274], [-121.37916622442857, 47.28652200578764], [-121.37906029361079, 47.286594144210845], [-121.37861081089761, 47.286900307166476], [-121.37830040947853, 47.28707728104998], [-121.37764890230608, 47.28733925897283], [-121.3774433096384, 47.28742666350394], [-121.37701419295436, 47.28801340919543], [-121.37692163129462, 47.28860666862651], [-121.37618675797624, 47.28925604536217], [-121.37581345037096, 47.290118423293876], [-121.37545535917589, 47.29061499246164], [-121.3753820249202, 47.29075075079164], [-121.3745876838152, 47.29121581737641], [-121.3739948805703, 47.2916848633354], [-121.37359077447238, 47.2916769313232], [-121.37352324470187, 47.29167574096366], [-121.37332238000157, 47.29142888578397], [-121.37310692418043, 47.291164103582574], [-121.37258981441788, 47.29065049867399], [-121.37158246663205, 47.29056210365985], [-121.37148170117051, 47.29056012303642], [-121.3705477058714, 47.29033580211364], [-121.36984548987608, 47.29020758608265], [-121.36872976800008, 47.29030009137248], [-121.36879436333282, 47.29037003358803], [-121.36813771802817, 47.29035719493116], [-121.36819839477539, 47.2903206118512]]]]}, "properties": {"fid": 186615, "ll_uuid": "b1924a44-dab5-418a-ab73-cdc6a69c24fb", "ogc_fid": 186615, "parcelnumb": "232111UNKN", "path": "/us/wa/king/enumclaw-plateau/186615"}, "id": 35}, {"type": "Feature", "geometry": {"type": "MultiPolygon", "coordinates": [[[[-121.33515357971191, 47.261815435226595], [-121.33571147918701, 47.261815435226595], [-121.33566856384277, 47.26207755479277], [-121.33553981781006, 47.262339673061206], [-121.33549690246582, 47.26245616965281], [-121.33545398712158, 47.26266003807129], [-121.33541107177734, 47.26274741001029], [-121.33545398712158, 47.26283478180508], [-121.33545398712158, 47.26289302958821], [-121.33549690246582, 47.26300952496214], [-121.3355827331543, 47.263067772553], [-121.33571147918701, 47.26321339124971], [-121.33622646331787, 47.26385410875673], [-121.33635520935059, 47.26399972529046], [-121.3364839553833, 47.26417446460226], [-121.33669853210449, 47.26434920333722], [-121.33695602416992, 47.26466955618665], [-121.33729934692383, 47.265077275191175], [-121.3375997543335, 47.265484991055416], [-121.3375997543335, 47.265630603103034], [-121.33764266967773, 47.26583445929677], [-121.3375997543335, 47.26598007038308], [-121.3375997543335, 47.26633534538263], [-121.33684264332292, 47.26550165296034], [-121.33677862830226, 47.265431692197716], [-121.33648843855156, 47.26512840583089], [-121.33633089490506, 47.26409537658362], [-121.33596779743255, 47.263927831062176], [-121.33472572807825, 47.26181849165788], [-121.33515357971191, 47.261815435226595]]], [[[-121.33772850036621, 47.266911971850504], [-121.33777141571045, 47.266941093507], [-121.33790016174316, 47.26717406618221], [-121.33820056915283, 47.26758176589644], [-121.33823584933926, 47.26763443432204], [-121.33787263146218, 47.2673989056003], [-121.3377748529316, 47.2673283295886], [-121.33771432139355, 47.26688310690852], [-121.33772850036621, 47.266911971850504]]], [[[-121.33880138397217, 47.268368035048695], [-121.33888721466064, 47.26854275994083], [-121.33888721466064, 47.26953285676808], [-121.3388442993164, 47.26959109718112], [-121.3388442993164, 47.26973669793338], [-121.33880138397217, 47.269824058192484], [-121.33875846862793, 47.2698822982851], [-121.33875846862793, 47.27005701817845], [-121.33880138397217, 47.27020261764898], [-121.33880138397217, 47.27028997713904], [-121.3388442993164, 47.27037733648493], [-121.33888721466064, 47.27037733648493], [-121.33888721466064, 47.270815057007326], [-121.33866638395051, 47.270092469010585], [-121.33818535609399, 47.26953352810387], [-121.33815342843663, 47.26948715580994], [-121.33838201364391, 47.268873732191885], [-121.33845244916745, 47.2688065722278], [-121.33872360893471, 47.26828887182098], [-121.33880138397217, 47.268368035048695]]], [[[-121.33893013000488, 47.27419188729942], [-121.33893013000488, 47.274250122585585], [-121.33897304534912, 47.27547304879093], [-121.33897304534912, 47.27623854540541], [-121.33884252771352, 47.276183979168245], [-121.33874055655316, 47.27542660959499], [-121.33861257848436, 47.27448573105578], [-121.33861437081931, 47.274439967701596], [-121.33840230136593, 47.273886464254375], [-121.33850479841108, 47.273064556064284], [-121.33887793180251, 47.27222508446032], [-121.33889720234379, 47.27195771487168], [-121.33893013000488, 47.27419188729942]]]]}, "properties": {"fid": 290958, "ll_uuid": "bf63b689-8205-4f9d-acb1-a0aa1a12e9b3", "ogc_fid": 290958, "parcelnumb": "342112UNKN", "path": "/us/wa/king/enumclaw-plateau/290958"}, "id": 36}, {"type": "Feature", "geometry": {"type": "Polygon", "coordinates": [[[-121.44157583004883, 47.31450498375898], [-121.44156750625281, 47.31456452292217], [-121.44111156463623, 47.31502819519591], [-121.44093990325928, 47.31517367090686], [-121.44046783447266, 47.31558100076691], [-121.44008159637451, 47.31590104345426], [-121.43978118896484, 47.3161628951203], [-121.43948078155518, 47.31639565106747], [-121.43913745880127, 47.316686594559656], [-121.43892288208008, 47.31686115988603], [-121.43836498260498, 47.31721028880867], [-121.43823623657227, 47.31726847673818], [-121.43763542175293, 47.317646696718015], [-121.4373779296875, 47.31779216522014], [-121.43673419952393, 47.31822856832363], [-121.43634796142578, 47.3185485949754], [-121.43609046936035, 47.31878134041372], [-121.43557548522949, 47.31939229231145], [-121.43548965454102, 47.31953775600775], [-121.43518924713135, 47.31994505222676], [-121.43484592437744, 47.32078872726379], [-121.43433094024658, 47.32183602925673], [-121.43415927886963, 47.322126942792494], [-121.43398761749268, 47.32233058131442], [-121.43385887145996, 47.32250512799416], [-121.43377727167363, 47.32258809911284], [-121.43371561419332, 47.32242960198356], [-121.43266670502166, 47.3217001607739], [-121.43247528625683, 47.32144482877381], [-121.43243786346281, 47.32071169774928], [-121.43250999333158, 47.3205987124463], [-121.43199694508938, 47.319147106027664], [-121.43173035746686, 47.31824942712292], [-121.43093392953848, 47.31713580474799], [-121.42987128233376, 47.315925429348425], [-121.430012683076, 47.31576784255453], [-121.42960416010776, 47.31505070428499], [-121.42954117701994, 47.31493502271533], [-121.42942116118556, 47.314625871744916], [-121.44157583004883, 47.31450498375898]]]}, "properties": {"fid": 54394, "ll_uuid": "d4b243ee-234b-4ac8-a549-ee87991dc3dc", "ogc_fid": 54394, "parcelnumb": "082111UNKN", "path": "/us/wa/king/enumclaw-plateau/54394"}, "id": 40}, {"type": "Feature", "geometry": {"type": "Polygon", "coordinates": [[[-121.38141632080078, 47.286070558725584], [-121.38180255889893, 47.28604144759515], [-121.38214588165283, 47.286012336448664], [-121.38236045837402, 47.285983225286174], [-121.38261795043945, 47.28589589170255], [-121.38339042663574, 47.28560477871585], [-121.3835620880127, 47.285517444507434], [-121.38364791870117, 47.285517444507434], [-121.38381958007812, 47.28545922162172], [-121.38433456420898, 47.28545922162172], [-121.38450622558594, 47.28548833307261], [-121.38467788696289, 47.28548833307261], [-121.38489246368408, 47.285517444507434], [-121.38514995574951, 47.285575667329056], [-121.38532161712646, 47.28560477871585], [-121.3855791091919, 47.28566300144135], [-121.38579368591309, 47.285721224102815], [-121.38600826263428, 47.285808557974775], [-121.38609409332275, 47.28583766923339], [-121.38613700866699, 47.28586678047597], [-121.38630867004395, 47.28595411410765], [-121.38660907745361, 47.28615789202081], [-121.38669490814209, 47.28618700308721], [-121.38690948486328, 47.28627433619016], [-121.387038230896, 47.28630344719241], [-121.38712406158447, 47.286332558178714], [-121.38742446899414, 47.286332558178714], [-121.38755321502686, 47.28636166914896], [-121.38798236846924, 47.28636166914896], [-121.38823986053467, 47.28639078010315], [-121.38854026794434, 47.28639078010315], [-121.38875484466553, 47.28641989104136], [-121.38909816741943, 47.28641989104136], [-121.38931274414062, 47.28644900196355], [-121.38957023620605, 47.28644900196355], [-121.39008522033691, 47.28650722375983], [-121.39021396636963, 47.28650722375983], [-121.39038562774658, 47.28653633463395], [-121.3910722732544, 47.28653633463395], [-121.39145851135254, 47.286565445492045], [-121.3917589187622, 47.286565445492045], [-121.39188766479492, 47.28659455633411], [-121.3919734954834, 47.28659455633411], [-121.39223098754883, 47.28662366716017], [-121.39244556427002, 47.28668188876421], [-121.39261722564697, 47.28674011030418], [-121.39283180236816, 47.286827442493944], [-121.39304637908936, 47.28694388518937], [-121.39313220977783, 47.28703121704271], [-121.39330387115479, 47.2871767698112], [-121.39347553253174, 47.28740965340768], [-121.39356136322021, 47.287584315432184], [-121.39360427856445, 47.287613425713516], [-121.39364719390869, 47.28770075646142], [-121.39373302459717, 47.28781719723432], [-121.3937759399414, 47.28793363775088], [-121.39381885528564, 47.28802096797011], [-121.39390468597412, 47.28816651801503], [-121.39394760131836, 47.288341177540275], [-121.3939905166626, 47.288486726704065], [-121.39407634735107, 47.288574056010106], [-121.39420509338379, 47.288632275467336], [-121.39429092407227, 47.288690494860475], [-121.39446258544922, 47.288719604533014], [-121.39472007751465, 47.28874871418955], [-121.3951063156128, 47.28874871418955], [-121.39540672302246, 47.28877782383006], [-121.39596462249756, 47.28877782383006], [-121.39609336853027, 47.28880693345454], [-121.39673709869385, 47.28880693345454], [-121.3969087600708, 47.288836043063014], [-121.39716625213623, 47.28880693345454], [-121.39750957489014, 47.28877782383006], [-121.39793872833252, 47.28874871418955], [-121.39849662780762, 47.288690494860475], [-121.39896869659424, 47.288661385171935], [-121.39935493469238, 47.288632275467336], [-121.39956951141357, 47.288632275467336], [-121.39999866485596, 47.28860316574671], [-121.40042781829834, 47.28854494625742], [-121.40180110931396, 47.28842850708662], [-121.40210151672363, 47.28839939725384], [-121.40231609344482, 47.28837028740509], [-121.40244483947754, 47.28839939725384], [-121.40248775482178, 47.28842850708662], [-121.40248775482178, 47.28854494625742], [-121.40247342274712, 47.2898118507274], [-121.40237447648566, 47.289879341322795], [-121.40208188370566, 47.29042295613627], [-121.40207838516253, 47.29051449066936], [-121.40180243321313, 47.290669321658875], [-121.40120873622983, 47.29116129918549], [-121.40058467997856, 47.29158409113682], [-121.39969038016773, 47.29202459855193], [-121.39906292780206, 47.292515960267316], [-121.39883603573287, 47.293106533964846], [-121.39873011102598, 47.29321890851611], [-121.39854101413142, 47.29371886956412], [-121.39759356826309, 47.29381497788611], [-121.39735319054104, 47.29383896192972], [-121.39701825043944, 47.293872384690886], [-121.39681442501734, 47.293914228431476], [-121.39560717156793, 47.29377636096163], [-121.39497185118815, 47.29364966871641], [-121.39490481782252, 47.2936484653686], [-121.39435035122357, 47.29320275479531], [-121.39412948997813, 47.292855211716756], [-121.39413298234244, 47.29276367406305], [-121.39368268090988, 47.29225152484454], [-121.39313566595287, 47.29164585655765], [-121.39250730048569, 47.291359041032244], [-121.3916704400033, 47.291228397838516], [-121.39150391266382, 47.29117929825531], [-121.39018792626602, 47.29122248788674], [-121.38897784593361, 47.29115312179558], [-121.38821029985351, 47.290978046376246], [-121.38810953299945, 47.29097608020595], [-121.38743330291253, 47.29023051856937], [-121.38750032519062, 47.2902318837085], [-121.38705704285006, 47.28955959614706], [-121.3870617051718, 47.2894452617691], [-121.38709659505682, 47.28942288957067], [-121.3868693560512, 47.288411538636474], [-121.38678774226989, 47.28795222709559], [-121.38672601760115, 47.28781371811105], [-121.38615176716671, 47.28704732219296], [-121.38575978112063, 47.28676499302788], [-121.3852235791992, 47.286685979042126], [-121.38481598415548, 47.28676947005427], [-121.38467741030634, 47.28685842599939], [-121.38343773223832, 47.28669686149883], [-121.38203330172693, 47.28644059113854], [-121.3819325368912, 47.28643861245062], [-121.38142309158137, 47.286435644753716], [-121.38141632080078, 47.286070558725584]]]}, "properties": {"fid": 180269, "ll_uuid": "e6f67aae-0a8b-4b0e-9612-f2ad944a9880", "ogc_fid": 180269, "parcelnumb": "222111UNKN", "path": "/us/wa/king/enumclaw-plateau/180269"}, "id": 41}, {"type": "Feature", "geometry": {"type": "Polygon", "coordinates": [[[-121.38124465942383, 47.28525544101703], [-121.38124465942383, 47.28499343622897], [-121.38167381286621, 47.28487698923993], [-121.3821029663086, 47.28481876564928], [-121.38326168060303, 47.28464409449285], [-121.38369083404541, 47.284585870645856], [-121.38407707214355, 47.28455675869836], [-121.38454914093018, 47.28452764673483], [-121.38579368591309, 47.284498534755244], [-121.38617992401123, 47.284498534755244], [-121.38652324676514, 47.284469422759656], [-121.38690948486328, 47.284469422759656], [-121.38751029968262, 47.28452764673483], [-121.38802528381348, 47.28461498257738], [-121.38854026794434, 47.28467320639231], [-121.38896942138672, 47.28484787745262], [-121.38931274414062, 47.28510988296165], [-121.38948440551758, 47.28525544101703], [-121.38124465942383, 47.28525544101703]]]}, "properties": {"fid": 31383, "ll_uuid": "f5f48168-6096-4b58-a794-0aa93b896505", "ogc_fid": 31383, "parcelnumb": "21-11-27000-0000", "path": "/us/wa/kittitas/cle-elum/31383"}, "id": 170}]}