{"type": "FeatureCollection", "features": [{"type": "Feature", "geometry": {"type": "Polygon", "coordinates": [[[-121.40622138977051, 47.227757983849045], [-121.40562057495117, 47.22778712703999], [-121.40424728393555, 47.22778712703999], [-121.40424728393555, 47.227408264307655], [-121.40416145324707, 47.22055912490933], [-121.40411853790283, 47.21694475427134], [-121.40411853790283, 47.21650751531175], [-121.40536308288574, 47.21653666468791], [-121.40544891357422, 47.21653666468791], [-121.40544891357422, 47.21656581404804], [-121.40562057495117, 47.21656581404804], [-121.40562057495117, 47.21659496339211], [-121.40570640563965, 47.21659496339211], [-121.40570640563965, 47.21662411272018], [-121.40579223632812, 47.21662411272018], [-121.40579223632812, 47.216653262032224], [-121.40583515167236, 47.216653262032224], [-121.40583515167236, 47.216682411328236], [-121.4058780670166, 47.216682411328236], [-121.40592098236084, 47.216711560608246], [-121.40596389770508, 47.216711560608246], [-121.40596389770508, 47.21674070987223], [-121.40600681304932, 47.21674070987223], [-121.40600681304932, 47.2167990083521], [-121.40604972839355, 47.2167990083521], [-121.40604972839355, 47.21682815756799], [-121.4060926437378, 47.21682815756799], [-121.4060926437378, 47.21688645595171], [-121.40613555908203, 47.21688645595171], [-121.40613555908203, 47.21694475427134], [-121.40617847442627, 47.21694475427134], [-121.40617847442627, 47.217032201630616], [-121.40622138977051, 47.217032201630616], [-121.40622138977051, 47.217061350718296], [-121.40635013580322, 47.217615180340175], [-121.40639305114746, 47.21834389471368], [-121.40639305114746, 47.21843133976549], [-121.4064359664917, 47.21843133976549], [-121.4064359664917, 47.21860622943646], [-121.40647888183594, 47.2186353776589], [-121.40647888183594, 47.21872282222998], [-121.40652179718018, 47.21872282222998], [-121.40652179718018, 47.218810266656845], [-121.40656471252441, 47.2188394147671], [-121.40656471252441, 47.21889771093953], [-121.40660762786865, 47.21889771093953], [-121.40660762786865, 47.218956007047865], [-121.40665054321289, 47.218956007047865], [-121.40665054321289, 47.21901430309208], [-121.40669345855713, 47.21901430309208], [-121.40669345855713, 47.219072599072206], [-121.40673637390137, 47.219072599072206], [-121.40673637390137, 47.21913089498824], [-121.4067792892456, 47.21913089498824], [-121.4067792892456, 47.219160042922226], [-121.40682220458984, 47.219160042922226], [-121.40682220458984, 47.21921833874214], [-121.40686511993408, 47.21921833874214], [-121.40686511993408, 47.219247486628035], [-121.40690803527832, 47.219247486628035], [-121.40690803527832, 47.2192766344979], [-121.40695095062256, 47.2192766344979], [-121.40695095062256, 47.219305782351796], [-121.4069938659668, 47.219305782351796], [-121.4069938659668, 47.21933493018963], [-121.40742301940918, 47.21965555534828], [-121.40742301940918, 47.219684702993845], [-121.40746593475342, 47.219684702993845], [-121.40746593475342, 47.21971385062338], [-121.4075517654419, 47.21971385062338], [-121.4075517654419, 47.21974299823688], [-121.40759468078613, 47.21974299823688], [-121.40759468078613, 47.219772145834355], [-121.40768051147461, 47.219772145834355], [-121.40768051147461, 47.2198012934158], [-121.40772342681885, 47.2198012934158], [-121.40815258026123, 47.21991788358142], [-121.4082384109497, 47.21991788358142], [-121.4082384109497, 47.21994703108277], [-121.40862464904785, 47.21994703108277], [-121.40905380249023, 47.219888736064036], [-121.40905380249023, 47.21985958853065], [-121.40913963317871, 47.21985958853065], [-121.40913963317871, 47.219888736064036], [-121.40922546386719, 47.219888736064036], [-121.40922546386719, 47.21991788358142], [-121.40926837921143, 47.21991788358142], [-121.40926837921143, 47.21994703108277], [-121.40931129455566, 47.21994703108277], [-121.40931129455566, 47.22000532603735], [-121.40944004058838, 47.2204133889249], [-121.40944004058838, 47.220442536153854], [-121.40948295593262, 47.220442536153854], [-121.40948295593262, 47.22047168336675], [-121.40952587127686, 47.22047168336675], [-121.40952587127686, 47.22050083056362], [-121.40965461730957, 47.22050083056362], [-121.40965461730957, 47.22047168336675], [-121.40978336334229, 47.22047168336675], [-121.40978336334229, 47.220442536153854], [-121.40982627868652, 47.220442536153854], [-121.40982627868652, 47.22047168336675], [-121.40995502471924, 47.22047168336675], [-121.40995502471924, 47.22050083056362], [-121.41004085540771, 47.22052997774449], [-121.41094207763672, 47.22111291799672], [-121.41094207763672, 47.22114206484105], [-121.41098499298096, 47.22114206484105], [-121.41098499298096, 47.2211712116694], [-121.41111373901367, 47.2211712116694], [-121.41111373901367, 47.221200358481724], [-121.41119956970215, 47.221200358481724], [-121.41222953796387, 47.2211712116694], [-121.41240119934082, 47.2211712116694], [-121.41240119934082, 47.221200358481724], [-121.4124870300293, 47.221200358481724], [-121.4124870300293, 47.22122950527799], [-121.4128303527832, 47.22122950527799], [-121.4128303527832, 47.221200358481724], [-121.41287326812744, 47.221200358481724], [-121.41403198242188, 47.22064656630772], [-121.41407489776611, 47.22064656630772], [-121.41407489776611, 47.220617419190944], [-121.41420364379883, 47.220617419190944], [-121.41420364379883, 47.22058827205814], [-121.41433238983154, 47.22058827205814], [-121.41433238983154, 47.220617419190944], [-121.41441822052002, 47.220617419190944], [-121.41480445861816, 47.22050083056362], [-121.42506122589111, 47.22047168336675], [-121.4254903793335, 47.220442536153854], [-121.4254903793335, 47.22767055418001], [-121.42373085021973, 47.22767055418001], [-121.42115592956543, 47.22769969741904], [-121.4192247390747, 47.22769969741904], [-121.41634941101074, 47.22772884064207], [-121.41291618347168, 47.22772884064207], [-121.40982627868652, 47.227757983849045], [-121.40622138977051, 47.227757983849045]]]}, "properties": {"fid": 124600, "ogc_fid": 124600, "path": "/us/wa/king/enumclaw-plateau/124600", "ll_uuid": "cae78409-5247-403b-9f81-c3f170721830", "owner": "TACOMA WATER", "parcelnumb": "1620119002"}, "id": 12}, {"type": "Feature", "geometry": {"type": "Polygon", "coordinates": [[[-121.4128303527832, 47.221200358481724], [-121.41278743743896, 47.22122950527799], [-121.41252994537354, 47.22122950527799], [-121.4124870300293, 47.221200358481724], [-121.41240119934082, 47.221200358481724], [-121.41235828399658, 47.2211712116694], [-121.41222953796387, 47.2211712116694], [-121.41119956970215, 47.221200358481724], [-121.41111373901367, 47.221200358481724], [-121.41107082366943, 47.2211712116694], [-121.4110279083252, 47.2211712116694], [-121.41098499298096, 47.22114206484105], [-121.41094207763672, 47.22114206484105], [-121.41094207763672, 47.22111291799672], [-121.41004085540771, 47.22052997774449], [-121.40995502471924, 47.22050083056362], [-121.409912109375, 47.22047168336675], [-121.40986919403076, 47.22047168336675], [-121.40982627868652, 47.220442536153854], [-121.40978336334229, 47.220442536153854], [-121.40974044799805, 47.22047168336675], [-121.40969753265381, 47.22047168336675], [-121.40965461730957, 47.22050083056362], [-121.40952587127686, 47.22050083056362], [-121.40952587127686, 47.22047168336675], [-121.40948295593262, 47.22047168336675], [-121.40948295593262, 47.220442536153854], [-121.40944004058838, 47.220442536153854], [-121.40944004058838, 47.2204133889249], [-121.40931129455566, 47.22000532603735], [-121.40931129455566, 47.21994703108277], [-121.40926837921143, 47.21994703108277], [-121.40926837921143, 47.21991788358142], [-121.40922546386719, 47.219888736064036], [-121.40918254852295, 47.219888736064036], [-121.40913963317871, 47.21985958853065], [-121.40909671783447, 47.21985958853065], [-121.40905380249023, 47.219888736064036], [-121.40862464904785, 47.21994703108277], [-121.4082384109497, 47.21994703108277], [-121.40815258026123, 47.21991788358142], [-121.40772342681885, 47.2198012934158], [-121.40768051147461, 47.219772145834355], [-121.40759468078613, 47.219772145834355], [-121.40742301940918, 47.21965555534828], [-121.4069938659668, 47.21933493018963], [-121.40690803527832, 47.2192766344979], [-121.40686511993408, 47.21921833874214], [-121.4067792892456, 47.219160042922226], [-121.40673637390137, 47.21910174703825], [-121.40665054321289, 47.21901430309208], [-121.40660762786865, 47.218956007047865], [-121.40656471252441, 47.21886856286133], [-121.40652179718018, 47.218810266656845], [-121.40647888183594, 47.21872282222998], [-121.40647888183594, 47.21866452586528], [-121.4064359664917, 47.21857708119805], [-121.4064359664917, 47.21848963638658], [-121.40639305114746, 47.21843133976549], [-121.40639305114746, 47.21834389471368], [-121.40635013580322, 47.217615180340175], [-121.40622138977051, 47.217061350718296], [-121.40617847442627, 47.21700305252688], [-121.40617847442627, 47.21694475427134], [-121.40613555908203, 47.21691560511954], [-121.4060926437378, 47.21685730676785], [-121.40604972839355, 47.21682815756799], [-121.40600681304932, 47.21676985912018], [-121.40592098236084, 47.216711560608246], [-121.40583515167236, 47.216682411328236], [-121.40579223632812, 47.216653262032224], [-121.40570640563965, 47.21662411272018], [-121.40566349029541, 47.21659496339211], [-121.40557765960693, 47.21656581404804], [-121.40549182891846, 47.21656581404804], [-121.40544891357422, 47.21653666468791], [-121.40536308288574, 47.21653666468791], [-121.40411853790283, 47.21650751531175], [-121.40411853790283, 47.21615772154823], [-121.4040756225586, 47.21333013724836], [-121.40909671783447, 47.21333013724836], [-121.41175746917725, 47.21330098610957], [-121.41480445861816, 47.21330098610957], [-121.41677856445312, 47.21327183495475], [-121.4229154586792, 47.21324268378393], [-121.4254903793335, 47.21324268378393], [-121.4254903793335, 47.220442536153854], [-121.42506122589111, 47.22047168336675], [-121.41480445861816, 47.22050083056362], [-121.41441822052002, 47.220617419190944], [-121.41437530517578, 47.220617419190944], [-121.41433238983154, 47.22058827205814], [-121.41424655914307, 47.22058827205814], [-121.41420364379883, 47.220617419190944], [-121.41407489776611, 47.220617419190944], [-121.41403198242188, 47.22064656630772], [-121.41287326812744, 47.221200358481724], [-121.4128303527832, 47.221200358481724]]]}, "properties": {"fid": 124599, "ogc_fid": 124599, "path": "/us/wa/king/enumclaw-plateau/124599", "ll_uuid": "0f488218-1520-4cd9-8ee0-11d28c9ff744", "owner": "TACOMA WATER", "parcelnumb": "1620119001"}, "id": 15}, {"type": "Feature", "geometry": {"type": "MultiPolygon", "coordinates": [[[[-121.4254903793335, 47.209686120712206], [-121.4254903793335, 47.21324268378393], [-121.42446041107178, 47.21324268378393], [-121.42433166503906, 47.21318438139417], [-121.42420291900635, 47.21315523017526], [-121.42398834228516, 47.21309692768938], [-121.42368793487549, 47.21298032252531], [-121.4234733581543, 47.212892868484005], [-121.4232587814331, 47.21283456570967], [-121.4229154586792, 47.21271795996873], [-121.42261505126953, 47.212601353971394], [-121.4223575592041, 47.212484747717696], [-121.42214298248291, 47.21242644449467], [-121.42205715179443, 47.21236814120758], [-121.42184257507324, 47.21228068615673], [-121.42167091369629, 47.212164079197976], [-121.42158508300781, 47.21207662381062], [-121.4214563369751, 47.21201832013895], [-121.42137050628662, 47.211989168279075], [-121.42119884490967, 47.21190171260329], [-121.42094135284424, 47.21175595282318], [-121.42076969146729, 47.211668496762854], [-121.42046928405762, 47.21149358420948], [-121.42029762268066, 47.21137697552004], [-121.41995429992676, 47.211231214297754], [-121.41965389251709, 47.211085452674865], [-121.41952514648438, 47.211056300302204], [-121.41926765441895, 47.21093969065137], [-121.41896724700928, 47.21073562314544], [-121.41858100891113, 47.21053155485433], [-121.41840934753418, 47.21044409677492], [-121.41802310943604, 47.210269180183445], [-121.41759395599365, 47.21006511009762], [-121.41733646392822, 47.209948498267465], [-121.41720771789551, 47.20986103922658], [-121.41699314117432, 47.209773580041514], [-121.4168643951416, 47.209715273837986], [-121.41643524169922, 47.20959866123866], [-121.41617774963379, 47.20948204838297], [-121.4159631729126, 47.209394588572934], [-121.41561985015869, 47.20927797526852], [-121.41527652740479, 47.20910305483122], [-121.41501903533936, 47.208986440885866], [-121.41476154327393, 47.20884067309359], [-121.41476154327393, 47.20878236586452], [-121.41463279724121, 47.20872405857136], [-121.41441822052002, 47.208607443792744], [-121.41416072845459, 47.208490828757704], [-121.41386032104492, 47.208315905724476], [-121.41368865966797, 47.20822844399149], [-121.41343116760254, 47.20808267411607], [-121.41325950622559, 47.20790774973679], [-121.41300201416016, 47.20776197898002], [-121.4128303527832, 47.20767451633367], [-121.41257286071777, 47.20752874493593], [-121.41240119934082, 47.207412127529324], [-121.41235828399658, 47.20735381872984], [-121.41231536865234, 47.20735381872984], [-121.41222953796387, 47.20723720093861], [-121.41201496124268, 47.20706227377107], [-121.4119291305542, 47.206974809970944], [-121.4119291305542, 47.2069456553389], [-121.41188621520996, 47.20682903665028], [-121.41184329986572, 47.206770727209886], [-121.41162872314453, 47.206508333934664], [-121.41162872314453, 47.2064791790462], [-121.4115858078003, 47.206420869221205], [-121.41154289245605, 47.20630424937886], [-121.41149997711182, 47.20624593936154], [-121.41149997711182, 47.20612931913462], [-121.41141414642334, 47.205896077911575], [-121.4113712310791, 47.20575030162638], [-121.41128540039062, 47.20560452494058], [-121.41098499298096, 47.20519634808909], [-121.41089916229248, 47.20510888121228], [-121.41085624694824, 47.20505056988097], [-121.41077041625977, 47.2049631027638], [-121.41064167022705, 47.2047881680968], [-121.41029834747314, 47.20446745304233], [-121.40999794006348, 47.20420504837372], [-121.40978336334229, 47.203971798689736], [-121.40952587127686, 47.20376770437497], [-121.40944004058838, 47.2036802351426], [-121.40909671783447, 47.20344698315105], [-121.40888214111328, 47.20333035677072], [-121.40871047973633, 47.203213730133996], [-121.40858173370361, 47.20306794647752], [-121.40841007232666, 47.20286384868541], [-121.40815258026123, 47.20251396492927], [-121.40815258026123, 47.20245565074558], [-121.40806674957275, 47.202222393369794], [-121.40798091888428, 47.202134921589476], [-121.4078950881958, 47.201959977596175], [-121.40772342681885, 47.201697560524565], [-121.40763759613037, 47.20158093029829], [-121.40763759613037, 47.201493457460344], [-121.40759468078613, 47.20140598447816], [-121.40759468078613, 47.201318511351786], [-121.40750885009766, 47.201260195854076], [-121.40746593475342, 47.201172722487286], [-121.40729427337646, 47.20096861740399], [-121.40720844268799, 47.20088114355647], [-121.40707969665527, 47.20070619542881], [-121.40669345855713, 47.20026882258571], [-121.40652179718018, 47.20003555559515], [-121.4064359664917, 47.19988976320522], [-121.40635013580322, 47.19971481180849], [-121.40613555908203, 47.19945238363178], [-121.40600681304932, 47.19927743079282], [-121.4058780670166, 47.19913163631969], [-121.40669345855713, 47.19913163631969], [-121.40759468078613, 47.19910247737698], [-121.40793800354004, 47.19910247737698], [-121.41149997711182, 47.19907331841824], [-121.41471862792969, 47.19901500045273], [-121.41592025756836, 47.200589563023186], [-121.41802310943604, 47.20338866999293], [-121.41909599304199, 47.204817323914654], [-121.41995429992676, 47.20595438831347], [-121.42008304595947, 47.20610016403782], [-121.42544746398926, 47.206071008924994], [-121.4254903793335, 47.209686120712206]]], [[[-121.41476154327393, 47.209773580041514], [-121.4133882522583, 47.208811519487085], [-121.41334533691406, 47.20878236586452], [-121.41132831573486, 47.20749959060831], [-121.40939712524414, 47.20621678432883], [-121.4040756225586, 47.20624593936154], [-121.4040756225586, 47.19916079524634], [-121.4053201675415, 47.19913163631969], [-121.40574932098389, 47.19913163631969], [-121.4058780670166, 47.19927743079282], [-121.40600681304932, 47.19948154238216], [-121.40622138977051, 47.199743970414715], [-121.40635013580322, 47.19994808020928], [-121.40647888183594, 47.20018134758445], [-121.40660762786865, 47.20032713917311], [-121.40673637390137, 47.200502088550735], [-121.40690803527832, 47.20064787925804], [-121.4069938659668, 47.20076451153545], [-121.40707969665527, 47.200910301521674], [-121.40716552734375, 47.2009977753211], [-121.40725135803223, 47.20111440682933], [-121.4073371887207, 47.201201880292246], [-121.40746593475342, 47.201376826785406], [-121.40750885009766, 47.201464299815655], [-121.40750885009766, 47.20158093029829], [-121.4075517654419, 47.20166840299203], [-121.40763759613037, 47.20181419049439], [-121.40780925750732, 47.20201829232471], [-121.40785217285156, 47.20210576429733], [-121.40802383422852, 47.202397336497796], [-121.40806674957275, 47.202630593104374], [-121.40828132629395, 47.202893005560924], [-121.40853881835938, 47.203213730133996], [-121.40909671783447, 47.20359276576593], [-121.40931129455566, 47.20370939156942], [-121.40944004058838, 47.203826017116455], [-121.40965461730957, 47.20403011120686], [-121.40986919403076, 47.20420504837372], [-121.40999794006348, 47.204350828905376], [-121.41021251678467, 47.20452576501461], [-121.41034126281738, 47.20464238876693], [-121.4104700088501, 47.2047881680968], [-121.41055583953857, 47.20484647971654], [-121.41064167022705, 47.2049631027638], [-121.41068458557129, 47.20505056988097], [-121.41072750091553, 47.20507972555461], [-121.410813331604, 47.20516719247951], [-121.41098499298096, 47.20542959238881], [-121.41107082366943, 47.20554621415408], [-121.41115665435791, 47.205633680309774], [-121.41124248504639, 47.20577945691548], [-121.41132831573486, 47.20595438831347], [-121.41132831573486, 47.20601269865131], [-121.4113712310791, 47.20618762928012], [-121.4113712310791, 47.20624593936154], [-121.41141414642334, 47.20630424937886], [-121.41141414642334, 47.20639171428468], [-121.41149997711182, 47.2064791790462], [-121.41149997711182, 47.20653748880716], [-121.41154289245605, 47.20659579850397], [-121.41171455383301, 47.206770727209886], [-121.41180038452148, 47.206974809970944], [-121.41184329986572, 47.20703311918709], [-121.41184329986572, 47.20706227377107], [-121.4119291305542, 47.20714973742699], [-121.41214370727539, 47.2073246643061], [-121.41218662261963, 47.20735381872984], [-121.41222953796387, 47.207412127529324], [-121.41240119934082, 47.20752874493593], [-121.41274452209473, 47.20773282478058], [-121.41308784484863, 47.20790774973679], [-121.41321659088135, 47.20805352009293], [-121.41334533691406, 47.208140982114315], [-121.41360282897949, 47.20828675182949], [-121.41364574432373, 47.208315905724476], [-121.41390323638916, 47.2084616749589], [-121.41407489776611, 47.20854913630728], [-121.41433238983154, 47.208665751214085], [-121.41476154327393, 47.208898980258596], [-121.41476154327393, 47.209773580041514]]]]}, "properties": {"fid": 169153, "ogc_fid": 169153, "path": "/us/wa/king/enumclaw-plateau/169153", "ll_uuid": "2fd0dbd0-20fa-4260-9e34-1e3fd241d690", "owner": "TACOMA WATER", "parcelnumb": "2120119009"}, "id": 36}, {"type": "Feature", "geometry": {"type": "MultiPolygon", "coordinates": [[[[-121.40403270721436, 47.19493258357909], [-121.40390396118164, 47.19481593848181], [-121.40368938446045, 47.19446600165162], [-121.40360355377197, 47.194174385863676], [-121.40343189239502, 47.19376612106839], [-121.40338897705078, 47.1935619874929], [-121.4033031463623, 47.193328691016575], [-121.40326023101807, 47.19312455575846], [-121.40321731567383, 47.192978744379076], [-121.40308856964111, 47.19277460777482], [-121.40287399291992, 47.192541307837104], [-121.40257358551025, 47.192249681472646], [-121.40192985534668, 47.1918122389213], [-121.4018440246582, 47.19172474997836], [-121.40141487121582, 47.191520608550604], [-121.40115737915039, 47.19131646633764], [-121.40081405639648, 47.19108315998983], [-121.4005994796753, 47.190879016094215], [-121.4003849029541, 47.19070403498728], [-121.40017032623291, 47.1904998896334], [-121.39991283416748, 47.19020825205138], [-121.39974117279053, 47.189974940831945], [-121.39952659606934, 47.18971246448422], [-121.39931201934814, 47.189420822575414], [-121.39909744262695, 47.18924583666089], [-121.39892578125, 47.18910001462481], [-121.39866828918457, 47.18892502765269], [-121.39828205108643, 47.188604216705386], [-121.39811038970947, 47.18842922809867], [-121.39793872833252, 47.188225073995], [-121.39750957489014, 47.187758433095155], [-121.39720916748047, 47.187525111106766], [-121.39703750610352, 47.18737928434322], [-121.39682292938232, 47.18720429169815], [-121.39652252197266, 47.18705846405322], [-121.39609336853027, 47.186795973282756], [-121.39592170715332, 47.186708476070805], [-121.39566421508789, 47.186504315348685], [-121.3954496383667, 47.186358485780744], [-121.39519214630127, 47.1860959915488], [-121.3948917388916, 47.18574599722035], [-121.39463424682617, 47.18542516705875], [-121.39441967010498, 47.18516266821152], [-121.39429092407227, 47.184987668258884], [-121.39411926269531, 47.184783500918314], [-121.39403343200684, 47.18457933279254], [-121.39394760131836, 47.18452099889805], [-121.39437675476074, 47.18449183192678], [-121.40394687652588, 47.1844626649395], [-121.40394687652588, 47.18539600058429], [-121.40398979187012, 47.189654136230644], [-121.40398979187012, 47.1918122389213], [-121.40403270721436, 47.19402857736878], [-121.40403270721436, 47.19493258357909]]], [[[-121.4040756225586, 47.19916079524634], [-121.39974117279053, 47.195136711882355], [-121.39755249023438, 47.19312455575846], [-121.39613628387451, 47.1918122389213], [-121.39459133148193, 47.190383234792876], [-121.3934326171875, 47.18936249400136], [-121.39111518859863, 47.18726262264394], [-121.38974189758301, 47.18600849318304], [-121.38918399810791, 47.185483499959616], [-121.38815402984619, 47.18452099889805], [-121.39381885528564, 47.18452099889805], [-121.39386177062988, 47.184550165853295], [-121.3939905166626, 47.18475433409131], [-121.39411926269531, 47.184987668258884], [-121.39424800872803, 47.185133501592816], [-121.39441967010498, 47.18533766758722], [-121.39472007751465, 47.18568766460794], [-121.39484882354736, 47.185891828471], [-121.39497756958008, 47.18603765932099], [-121.39514923095703, 47.18618348977034], [-121.39536380767822, 47.18641681765601], [-121.39557838439941, 47.18659181289718], [-121.3957929611206, 47.18673764182415], [-121.39609336853027, 47.18691263600766], [-121.39626502990723, 47.18702929847615], [-121.3965654373169, 47.187175126201225], [-121.39708042144775, 47.187525111106766], [-121.39729499816895, 47.18772926790268], [-121.39755249023438, 47.1879625889936], [-121.39768123626709, 47.18810841415461], [-121.39785289764404, 47.188283403819014], [-121.39806747436523, 47.188545887233914], [-121.39828205108643, 47.1887500401036], [-121.39849662780762, 47.18892502765269], [-121.39862537384033, 47.189041685698186], [-121.39888286590576, 47.18918750789453], [-121.39905452728271, 47.18936249400136], [-121.39918327331543, 47.18947915108538], [-121.39939785003662, 47.18977079267367], [-121.39965534210205, 47.19006243265943], [-121.40008449554443, 47.190529053303436], [-121.40047073364258, 47.190908179555976], [-121.4005994796753, 47.191024833242665], [-121.40081405639648, 47.191199813291945], [-121.40124320983887, 47.191520608550604], [-121.40175819396973, 47.1918122389213], [-121.40253067016602, 47.19233716955026], [-121.40283107757568, 47.192599632917705], [-121.40300273895264, 47.19283293259903], [-121.40308856964111, 47.192978744379076], [-121.40317440032959, 47.19327036673724], [-121.40321731567383, 47.193503663469954], [-121.40326023101807, 47.19359114948034], [-121.4033031463623, 47.193824444802885], [-121.40338897705078, 47.19394109207954], [-121.40343189239502, 47.194057739099804], [-121.40356063842773, 47.19443684014493], [-121.40377521514893, 47.19484509978017], [-121.40381813049316, 47.194874261062495], [-121.40403270721436, 47.195136711882355], [-121.4040756225586, 47.19916079524634]]]]}, "properties": {"fid": 220688, "ogc_fid": 220688, "path": "/us/wa/king/enumclaw-plateau/220688", "ll_uuid": "397c89bb-f94e-49ef-83e4-76f2e50b3db4", "owner": "TACOMA WATER", "parcelnumb": "2720119002"}, "id": 37}, {"type": "Feature", "geometry": {"type": "Polygon", "coordinates": [[[-121.46621704101562, 47.238627282409084], [-121.45638942718506, 47.23865641962337], [-121.45141124725342, 47.23865641962337], [-121.45141124725342, 47.23714126323438], [-121.45145416259766, 47.23510156121512], [-121.45145416259766, 47.235014143659754], [-121.44656181335449, 47.235043282860914], [-121.44651889801025, 47.23142989972558], [-121.44651889801025, 47.22781627021496], [-121.46656036376953, 47.22781627021496], [-121.46643161773682, 47.23125505235703], [-121.46643161773682, 47.231400758537546], [-121.46634578704834, 47.23495586520937], [-121.4663028717041, 47.235859173987535], [-121.46625995635986, 47.23734522911806], [-121.46621704101562, 47.23816108480153], [-121.46621704101562, 47.238627282409084]]]}, "properties": {"fid": 47080, "ogc_fid": 47080, "path": "/us/wa/king/enumclaw-plateau/47080", "ll_uuid": "10c55e6c-5dd7-4842-bfc7-89f525a0e407", "owner": "TACOMA WATER", "parcelnumb": "0720119003"}, "id": 51}, {"type": "Feature", "geometry": {"type": "MultiPolygon", "coordinates": [[[[-121.46660327911377, 47.270509514650904], [-121.46660393499593, 47.27056856679601], [-121.46660397279074, 47.27057191372018], [-121.46660327911377, 47.27057192454647], [-121.46660327911377, 47.270509514650904]]], [[[-121.46656036376953, 47.26915429252108], [-121.46659444740457, 47.2691547130233], [-121.46659708135272, 47.269876819080864], [-121.46656036376953, 47.26915429252108]]]]}, "properties": {"fid": 204009, "ogc_fid": 204009, "path": "/us/wa/king/enumclaw-plateau/204009", "ll_uuid": "b6dd46cf-5e47-4c03-8220-4109b6ad3891", "owner": "SEATTLE CITY OF SPU-WTR", "parcelnumb": "2521109001"}, "id": 60}, {"type": "Feature", "geometry": {"type": "Polygon", "coordinates": [[[-121.46896362304688, 47.26915429252108], [-121.4692211151123, 47.26903781066957], [-121.46934986114502, 47.26900869016666], [-121.46952152252197, 47.26900869016666], [-121.46965026855469, 47.26883396681259], [-121.46956443786621, 47.2687466049193], [-121.46956443786621, 47.268659242881796], [-121.46960735321045, 47.26860100144333], [-121.47188186645508, 47.266970215147495], [-121.47188186645508, 47.266941093507], [-121.47522926330566, 47.26603831470544], [-121.4752721786499, 47.26603831470544], [-121.475830078125, 47.26571797013935], [-121.475830078125, 47.26608614540685], [-121.47551466096307, 47.2661404421256], [-121.47265291147384, 47.26737091407319], [-121.47189752615208, 47.26769804919162], [-121.47004491547081, 47.26860741609755], [-121.46980984852993, 47.26897404971941], [-121.46957981208769, 47.269173387407605], [-121.46913274546462, 47.269168904459214], [-121.46913260006292, 47.269168902976645], [-121.46894477142374, 47.26916708438483], [-121.46896362304688, 47.26915429252108]]]}, "properties": {"fid": 306965, "ogc_fid": 306965, "path": "/us/wa/king/enumclaw-plateau/306965", "ll_uuid": "29920d99-bfa8-4ed4-8e6b-d72e9dcd74db", "owner": "SEATTLE CITY OF SPU-WTR", "parcelnumb": "3621109002"}, "id": 65}, {"type": "Feature", "geometry": {"type": "MultiPolygon", "coordinates": [[[[-121.44651889801025, 47.22781627021496], [-121.44651889801025, 47.23142989972558], [-121.44124031066895, 47.23142989972558], [-121.43862247467041, 47.231400758537546], [-121.43596172332764, 47.231400758537546], [-121.43596172332764, 47.23125505235703], [-121.43600463867188, 47.23078878988747], [-121.43600463867188, 47.22778712703999], [-121.43802165985107, 47.22781627021496], [-121.44651889801025, 47.22781627021496]]], [[[-121.43596172332764, 47.231400758537546], [-121.43596172332764, 47.235014143659754], [-121.43325805664062, 47.235014143659754], [-121.43059730529785, 47.23498500444259], [-121.42523288726807, 47.23498500444259], [-121.42523288726807, 47.23457705371979], [-121.42531871795654, 47.2325372529975], [-121.42544746398926, 47.232449831211994], [-121.42561912536621, 47.232362409282274], [-121.42613410949707, 47.23212928343136], [-121.42621994018555, 47.23207100180838], [-121.42634868621826, 47.232041860972856], [-121.42643451690674, 47.23198357925375], [-121.42660617828369, 47.23189615655491], [-121.42682075500488, 47.23175045173639], [-121.42759323120117, 47.23131333487731], [-121.43072605133057, 47.23134247611341], [-121.43265724182129, 47.23137161733348], [-121.43385887145996, 47.23137161733348], [-121.43458843231201, 47.231400758537546], [-121.43596172332764, 47.231400758537546]]]]}, "properties": {"fid": 54022, "ogc_fid": 54022, "path": "/us/wa/king/enumclaw-plateau/54022", "ll_uuid": "fb0ff698-07a3-4ee2-95d8-719b577dbc9c", "owner": "TACOMA WATER", "parcelnumb": "0820119011"}, "id": 69}, {"type": "Feature", "geometry": {"type": "Polygon", "coordinates": [[[-121.40862464904785, 47.263562874487576], [-121.4038610458374, 47.263591997986595], [-121.40261650085449, 47.263591997986595], [-121.40265941619873, 47.25919416818624], [-121.40270233154297, 47.25639800696416], [-121.40338897705078, 47.256368879507676], [-121.41343116760254, 47.256368879507676], [-121.4133882522583, 47.25864077299795], [-121.41334533691406, 47.26184455968692], [-121.41330242156982, 47.26274741001029], [-121.41330242156982, 47.26353375097253], [-121.41111373901367, 47.263562874487576], [-121.40862464904785, 47.263562874487576]]]}, "properties": {"fid": 276258, "ogc_fid": 276258, "path": "/us/wa/king/enumclaw-plateau/276258", "ll_uuid": "9a0f7a36-cef0-467d-86a7-156e0999e6d7", "owner": "TACOMA WATER", "parcelnumb": "3321119002"}, "id": 76}, {"type": "Feature", "geometry": {"type": "Polygon", "coordinates": [[[-121.46098136901855, 47.276870644133595], [-121.46196842193604, 47.27535658084611], [-121.46218299865723, 47.274337475394645], [-121.4625453752396, 47.274335111274375], [-121.46247300299197, 47.27450793872563], [-121.46224596848162, 47.27555172246523], [-121.46110894118, 47.27729948222133], [-121.46098136901855, 47.27750580036095], [-121.46098136901855, 47.276870644133595]]]}, "properties": {"fid": 250584, "ogc_fid": 250584, "path": "/us/wa/king/enumclaw-plateau/250584", "ll_uuid": "0fb00b33-beca-4025-85e5-31c58a94dd51", "owner": "SEATTLE CITY OF SPU-WTR", "parcelnumb": "3021119002"}, "id": 85}, {"type": "Feature", "geometry": {"type": "Polygon", "coordinates": [[[-121.40270233154297, 47.25639800696416], [-121.40055656433105, 47.256368879507676], [-121.40034198760986, 47.256368879507676], [-121.39493465423584, 47.25633975203516], [-121.39437675476074, 47.25631062454664], [-121.38892650604248, 47.25631062454664], [-121.38858318328857, 47.25622324198497], [-121.38798236846924, 47.256106731678386], [-121.38755321502686, 47.25601934878023], [-121.3868236541748, 47.25584458255133], [-121.38669490814209, 47.25584458255133], [-121.38665199279785, 47.255815454790394], [-121.3864803314209, 47.255815454790394], [-121.3864803314209, 47.25578632701348], [-121.3862657546997, 47.25578632701348], [-121.38622283935547, 47.25575719922057], [-121.3859224319458, 47.25575719922057], [-121.38587951660156, 47.255728071411596], [-121.38514995574951, 47.255728071411596], [-121.38510704040527, 47.25575719922057], [-121.38472080230713, 47.25575719922057], [-121.38467788696289, 47.25578632701348], [-121.38450622558594, 47.25578632701348], [-121.3844633102417, 47.255815454790394], [-121.38437747955322, 47.255815454790394], [-121.38433456420898, 47.25584458255133], [-121.38424873352051, 47.25584458255133], [-121.38416290283203, 47.255873710296186], [-121.38407707214355, 47.255873710296186], [-121.38403415679932, 47.25590283802504], [-121.38394832611084, 47.25590283802504], [-121.3839054107666, 47.25593196573789], [-121.38377666473389, 47.25593196573789], [-121.38373374938965, 47.25596109343468], [-121.38369083404541, 47.25596109343468], [-121.38364791870117, 47.25599022111547], [-121.3835620880127, 47.25599022111547], [-121.38351917266846, 47.25601934878023], [-121.38347625732422, 47.25601934878023], [-121.38343334197998, 47.25604847642899], [-121.3833475112915, 47.25604847642899], [-121.38330459594727, 47.256077604061716], [-121.38326168060303, 47.256077604061716], [-121.38321876525879, 47.256106731678386], [-121.38317584991455, 47.256106731678386], [-121.38313293457031, 47.256135859279084], [-121.38309001922607, 47.256135859279084], [-121.38304710388184, 47.25616498686372], [-121.3830041885376, 47.25616498686372], [-121.38296127319336, 47.25619411443236], [-121.38291835784912, 47.25619411443236], [-121.38287544250488, 47.25622324198497], [-121.3827896118164, 47.25622324198497], [-121.3827896118164, 47.25083437205183], [-121.38802528381348, 47.24931956393479], [-121.3884973526001, 47.249173907024954], [-121.38854026794434, 47.249173907024954], [-121.38858318328857, 47.249144775594914], [-121.38866901397705, 47.249144775594914], [-121.38866901397705, 47.249115644148844], [-121.38875484466553, 47.249115644148844], [-121.38879776000977, 47.24908651268677], [-121.388840675354, 47.24908651268677], [-121.38888359069824, 47.24905738120867], [-121.38896942138672, 47.24905738120867], [-121.38901233673096, 47.24902824971454], [-121.38909816741943, 47.24902824971454], [-121.38914108276367, 47.24899911820438], [-121.38926982879639, 47.24899911820438], [-121.38931274414062, 47.24896998667822], [-121.39012813568115, 47.24896998667822], [-121.39017105102539, 47.24899911820438], [-121.39034271240234, 47.24899911820438], [-121.39038562774658, 47.24902824971454], [-121.39055728912354, 47.24902824971454], [-121.39060020446777, 47.24905738120867], [-121.39068603515625, 47.24905738120867], [-121.39072895050049, 47.24908651268677], [-121.39081478118896, 47.24908651268677], [-121.3908576965332, 47.249115644148844], [-121.39094352722168, 47.249115644148844], [-121.39098644256592, 47.249144775594914], [-121.39334678649902, 47.249785663354515], [-121.39364719390869, 47.24984392549359], [-121.39364719390869, 47.24987305653909], [-121.39373302459717, 47.24987305653909], [-121.3937759399414, 47.24990218756855], [-121.39386177062988, 47.24990218756855], [-121.39390468597412, 47.249931318582014], [-121.39394760131836, 47.249931318582014], [-121.3939905166626, 47.24996044957945], [-121.39411926269531, 47.24996044957945], [-121.39416217803955, 47.24998958056085], [-121.39429092407227, 47.24998958056085], [-121.39429092407227, 47.25001871152625], [-121.39446258544922, 47.25001871152625], [-121.39450550079346, 47.250047842475595], [-121.39472007751465, 47.250047842475595], [-121.39476299285889, 47.25007697340891], [-121.3951063156128, 47.25007697340891], [-121.39514923095703, 47.25010610432625], [-121.39575004577637, 47.25010610432625], [-121.3957929611206, 47.25007697340891], [-121.39609336853027, 47.25007697340891], [-121.39613628387451, 47.250047842475595], [-121.39626502990723, 47.250047842475595], [-121.39630794525146, 47.25001871152625], [-121.39643669128418, 47.25001871152625], [-121.39647960662842, 47.24998958056085], [-121.39652252197266, 47.24998958056085], [-121.3965654373169, 47.24996044957945], [-121.39665126800537, 47.24996044957945], [-121.39669418334961, 47.249931318582014], [-121.39678001403809, 47.249931318582014], [-121.39678001403809, 47.24990218756855], [-121.39686584472656, 47.24990218756855], [-121.3969087600708, 47.24987305653909], [-121.39695167541504, 47.24987305653909], [-121.39695167541504, 47.24984392549359], [-121.39703750610352, 47.24984392549359], [-121.39708042144775, 47.24981479443207], [-121.39712333679199, 47.24981479443207], [-121.39716625213623, 47.249785663354515], [-121.39720916748047, 47.249785663354515], [-121.39720916748047, 47.24975653226096], [-121.3972520828247, 47.24975653226096], [-121.39729499816895, 47.249727401151375], [-121.39733791351318, 47.249727401151375], [-121.39742374420166, 47.249669138884144], [-121.3974666595459, 47.249669138884144], [-121.39750957489014, 47.2496400077265], [-121.39755249023438, 47.2496400077265], [-121.39763832092285, 47.249581745363116], [-121.39768123626709, 47.249581745363116], [-121.39772415161133, 47.24955261415741], [-121.39776706695557, 47.24955261415741], [-121.39776706695557, 47.24952348293567], [-121.3978099822998, 47.24952348293567], [-121.3978099822998, 47.249494351697905], [-121.39785289764404, 47.249494351697905], [-121.39793872833252, 47.24943608917428], [-121.39798164367676, 47.24943608917428], [-121.39815330505371, 47.24931956393479], [-121.39819622039795, 47.24931956393479], [-121.39823913574219, 47.24929043258487], [-121.4038610458374, 47.24594022047256], [-121.4038610458374, 47.252028709443294], [-121.40390396118164, 47.254504688966875], [-121.40390396118164, 47.256368879507676], [-121.40338897705078, 47.256368879507676], [-121.40270233154297, 47.25639800696416]]]}, "properties": {"fid": 22815, "ogc_fid": 22815, "path": "/us/wa/king/enumclaw-plateau/22815", "ll_uuid": "1de245a8-b3d9-43c5-a007-cc58df469d0d", "owner": "TACOMA WATER", "parcelnumb": "0320119018"}, "id": 91}, {"type": "Feature", "geometry": {"type": "Polygon", "coordinates": [[[-121.42518997192383, 47.242298445226794], [-121.42021179199219, 47.24224017478795], [-121.41695022583008, 47.24224017478795], [-121.41643524169922, 47.242211039544486], [-121.41454696655273, 47.242211039544486], [-121.4110279083252, 47.24218190428505], [-121.41119956970215, 47.2420070923917], [-121.41291618347168, 47.23915174981454], [-121.41291618347168, 47.23909347591473], [-121.41295909881592, 47.23906433894081], [-121.41295909881592, 47.2390060649449], [-121.4130449295044, 47.23894779088488], [-121.4130449295044, 47.238889516760736], [-121.41308784484863, 47.23886037967466], [-121.41308784484863, 47.23883124257253], [-121.41313076019287, 47.23883124257253], [-121.41313076019287, 47.2388021054544], [-121.41317367553711, 47.238772968320234], [-121.41317367553711, 47.238714694003846], [-121.41325950622559, 47.23865641962337], [-121.41325950622559, 47.238627282409084], [-121.41330242156982, 47.2385981451788], [-121.41330242156982, 47.238569007932455], [-121.41334533691406, 47.238569007932455], [-121.41334533691406, 47.23853987067011], [-121.4133882522583, 47.238510733391735], [-121.4133882522583, 47.23848159609736], [-121.41351699829102, 47.23839418411805], [-121.41351699829102, 47.238365046759554], [-121.41355991363525, 47.238365046759554], [-121.41355991363525, 47.23833590938506], [-121.41360282897949, 47.23830677199453], [-121.41360282897949, 47.23827763458797], [-121.41364574432373, 47.23827763458797], [-121.41368865966797, 47.23824849716539], [-121.41368865966797, 47.2382193597268], [-121.41386032104492, 47.23810280981215], [-121.41386032104492, 47.23807367229344], [-121.41390323638916, 47.23804453475873], [-121.4139461517334, 47.23804453475873], [-121.4139461517334, 47.23801539720796], [-121.41398906707764, 47.23798625964116], [-121.41403198242188, 47.23798625964116], [-121.41403198242188, 47.23795712205836], [-121.41407489776611, 47.23792798445953], [-121.41411781311035, 47.23792798445953], [-121.41411781311035, 47.2378988468447], [-121.41416072845459, 47.23786970921381], [-121.41420364379883, 47.23786970921381], [-121.41420364379883, 47.23784057156689], [-121.41424655914307, 47.23784057156689], [-121.4142894744873, 47.23781143390397], [-121.41463279724121, 47.23760746981489], [-121.41626358032227, 47.236762467367384], [-121.41626358032227, 47.236733329111615], [-121.4163064956665, 47.236704190839816], [-121.41634941101074, 47.236704190839816], [-121.4165210723877, 47.23658763759238], [-121.41656398773193, 47.23658763759238], [-121.41656398773193, 47.23655849924046], [-121.41660690307617, 47.23652936087251], [-121.41664981842041, 47.23652936087251], [-121.41673564910889, 47.23647108408858], [-121.41677856445312, 47.23647108408858], [-121.4168643951416, 47.23641280724053], [-121.41690731048584, 47.23641280724053], [-121.41699314117432, 47.23635453032841], [-121.41703605651855, 47.23635453032841], [-121.4170789718628, 47.23632539184828], [-121.41712188720703, 47.23632539184828], [-121.41712188720703, 47.23629625335218], [-121.41716480255127, 47.23629625335218], [-121.42021179199219, 47.235014143659754], [-121.42038345336914, 47.23495586520937], [-121.42046928405762, 47.234897586694956], [-121.4205551147461, 47.2348684474137], [-121.42064094543457, 47.23481016880308], [-121.42072677612305, 47.234781029473766], [-121.42081260681152, 47.23472275076705], [-121.4208984375, 47.234693611389645], [-121.42102718353271, 47.23460619316131], [-121.42111301422119, 47.23457705371979], [-121.4212417602539, 47.234489635299184], [-121.42132759094238, 47.2344604957936], [-121.4214563369751, 47.23437307718069], [-121.42154216766357, 47.234343937611015], [-121.42167091369629, 47.234256518805836], [-121.42171382904053, 47.234256518805836], [-121.42274379730225, 47.23364458313176], [-121.42300128936768, 47.23346974306986], [-121.42304420471191, 47.23346974306986], [-121.42304420471191, 47.23344060300346], [-121.42308712005615, 47.23344060300346], [-121.42317295074463, 47.233382322822564], [-121.42321586608887, 47.233382322822564], [-121.42321586608887, 47.2333531827081], [-121.4232587814331, 47.2333531827081], [-121.42338752746582, 47.23326576226856], [-121.42343044281006, 47.23326576226856], [-121.4234733581543, 47.233236622090004], [-121.42351627349854, 47.233236622090004], [-121.42360210418701, 47.233178341684805], [-121.42364501953125, 47.233178341684805], [-121.42368793487549, 47.23314920145816], [-121.42373085021973, 47.23314920145816], [-121.4238166809082, 47.23309092095684], [-121.42531871795654, 47.2325372529975], [-121.42523288726807, 47.23457705371979], [-121.42523288726807, 47.238889516760736], [-121.42518997192383, 47.242298445226794]]]}, "properties": {"fid": 59668, "ogc_fid": 59668, "path": "/us/wa/king/enumclaw-plateau/59668", "ll_uuid": "d378cd83-b6f9-444f-a16d-40c51d901b42", "owner": "TACOMA WATER", "parcelnumb": "0920119018"}, "id": 101}, {"type": "Feature", "geometry": {"type": "MultiPolygon", "coordinates": [[[[-121.46218299865723, 47.274250122585585], [-121.46265506744385, 47.27337658656427], [-121.46235466003418, 47.27296893148639], [-121.46329879760742, 47.27227008690417], [-121.4633846282959, 47.270988847868495], [-121.46381378173828, 47.270610294035606], [-121.46470363083453, 47.270610294035606], [-121.46415705102174, 47.27092406199049], [-121.46349533404934, 47.27131342393432], [-121.46351398899729, 47.27257725837971], [-121.4625686755766, 47.27310332208619], [-121.4628670434798, 47.27356695629887], [-121.4625453752396, 47.274335111274375], [-121.46218299865723, 47.274337475394645], [-121.46218299865723, 47.274250122585585]]], [[[-121.45806312561035, 47.285430110154834], [-121.4582347869873, 47.28476054199456], [-121.45874977111816, 47.28379984243941], [-121.45943641662598, 47.28283912543736], [-121.45960807800293, 47.282111297911456], [-121.46020889282227, 47.28132523293658], [-121.46038055419922, 47.28059738458316], [-121.4602518081665, 47.27952015064375], [-121.46016597747803, 47.27925811745024], [-121.46003723144531, 47.278763162321695], [-121.46033763885498, 47.278006163169266], [-121.46067198097792, 47.278006163169266], [-121.46059601072008, 47.278129027296416], [-121.46031341677227, 47.27899778883603], [-121.46051157343112, 47.279714506585286], [-121.46051207598448, 47.27971629342389], [-121.46074824999873, 47.280557029474], [-121.46066397437171, 47.2814762415934], [-121.45996538775292, 47.28229086982191], [-121.45980112109063, 47.283018815378924], [-121.45857174651674, 47.28457263763631], [-121.45865411867953, 47.28543943336386], [-121.45806312561035, 47.285430110154834]]]]}, "properties": {"fid": 250585, "ogc_fid": 250585, "path": "/us/wa/king/enumclaw-plateau/250585", "ll_uuid": "d37aac1f-2fce-4fa8-b15d-600754773e40", "owner": "SEATTLE CITY OF SPU-WTR", "parcelnumb": "3021119003"}, "id": 102}, {"type": "Feature", "geometry": {"type": "Polygon", "coordinates": [[[-121.475830078125, 47.19884004617157], [-121.475830078125, 47.20612931913462], [-121.46668910980225, 47.20612931913462], [-121.46668910980225, 47.20548790330349], [-121.46673202514648, 47.20248480784545], [-121.46681785583496, 47.19881088706859], [-121.47218227386475, 47.19881088706859], [-121.475830078125, 47.19884004617157]]]}, "properties": {"fid": 193091, "ogc_fid": 193091, "path": "/us/wa/king/enumclaw-plateau/193091", "ll_uuid": "af41a16a-7c1e-41ae-89bb-0bdd620a61e2", "owner": "TACOMA WATER", "parcelnumb": "2420109013"}, "id": 108}, {"type": "Feature", "geometry": {"type": "Polygon", "coordinates": [[[-121.45656108856201, 47.21991788358142], [-121.45656108856201, 47.22052997774449], [-121.45651817321777, 47.22052997774449], [-121.45651817321777, 47.22050083056362], [-121.4564323425293, 47.22035509441898], [-121.45638942718506, 47.22026765253989], [-121.45634651184082, 47.22026765253989], [-121.45634651184082, 47.22023850521481], [-121.45630359649658, 47.22020935787373], [-121.4562177658081, 47.22009276834905], [-121.45617485046387, 47.220063620927846], [-121.45617485046387, 47.220034473490585], [-121.45608901977539, 47.21994703108277], [-121.45608901977539, 47.21991788358142], [-121.45656108856201, 47.21991788358142]]]}, "properties": {"fid": 2235, "ogc_fid": 2235, "path": "/us/wa/king/enumclaw-plateau/2235", "ll_uuid": "e71a069d-c60e-4539-a81b-978294946834", "owner": "TACOMA WATER", "parcelnumb": "0025000005"}, "id": 110}, {"type": "Feature", "geometry": {"type": "Polygon", "coordinates": [[[-121.4466905593872, 47.19889836432938], [-121.4466905593872, 47.19676971004051], [-121.44664764404297, 47.19195805350574], [-121.44660472869873, 47.19166642393628], [-121.44660472869873, 47.188166744106866], [-121.44656181335449, 47.186358485780744], [-121.44656181335449, 47.18443349793617], [-121.45493030548096, 47.18443349793617], [-121.45493030548096, 47.1844626649395], [-121.4553165435791, 47.184958501544], [-121.45514488220215, 47.18539600058429], [-121.45510196685791, 47.18565849827769], [-121.4549732208252, 47.18606682544291], [-121.45544528961182, 47.187525111106766], [-121.45596027374268, 47.18912917906408], [-121.45591735839844, 47.18950831531629], [-121.45578861236572, 47.19041239852703], [-121.45578861236572, 47.190616544217505], [-121.4558744430542, 47.191637260891184], [-121.4558744430542, 47.19166642393628], [-121.45613193511963, 47.19219135600747], [-121.45638942718506, 47.192687120418384], [-121.45690441131592, 47.193095393514625], [-121.45741939544678, 47.19367863534646], [-121.45771980285645, 47.19402857736878], [-121.45793437957764, 47.194553486075506], [-121.45814895629883, 47.195136711882355], [-121.45862102508545, 47.196332304747244], [-121.45874977111816, 47.19668222927032], [-121.45913600921631, 47.197177951727895], [-121.46012306213379, 47.19851929515775], [-121.46012306213379, 47.198577613668135], [-121.45999431610107, 47.19884004617157], [-121.4567756652832, 47.19884004617157], [-121.4466905593872, 47.19889836432938]]]}, "properties": {"fid": 250084, "ogc_fid": 250084, "path": "/us/wa/king/enumclaw-plateau/250084", "ll_uuid": "489ad21c-7250-4389-95e2-54b57e8a7881", "owner": "TACOMA WATER", "parcelnumb": "3020119002"}, "id": 111}, {"type": "Feature", "geometry": {"type": "Polygon", "coordinates": [[[-121.45977973937988, 47.216478365919585], [-121.4578914642334, 47.21700305252688], [-121.45656108856201, 47.21700305252688], [-121.45656108856201, 47.21583707523794], [-121.45780563354492, 47.21548727705175], [-121.4584493637085, 47.21528322704424], [-121.45870685577393, 47.21563302657643], [-121.45870685577393, 47.21569132627411], [-121.45887851715088, 47.21563302657643], [-121.46153926849365, 47.214904274947116], [-121.46381378173828, 47.21426296522884], [-121.46578788757324, 47.2137091005944], [-121.4663028717041, 47.21356334578181], [-121.46647453308105, 47.21350504374459], [-121.4665174484253, 47.21350504374459], [-121.4665174484253, 47.21461277149115], [-121.46467208862305, 47.21510832641283], [-121.46445751190186, 47.21519577680064], [-121.46153926849365, 47.21598282380117], [-121.46059513092041, 47.21624517020541], [-121.46038055419922, 47.2163034692301], [-121.45977973937988, 47.216478365919585]]]}, "properties": {"fid": 142845, "ogc_fid": 142845, "path": "/us/wa/king/enumclaw-plateau/142845", "ll_uuid": "b17036d8-9619-42a5-9732-e71810c8052e", "owner": "CITY OF TACOMA", "parcelnumb": "1820119012"}, "id": 115}, {"type": "Feature", "geometry": {"type": "Polygon", "coordinates": [[[-121.44664764404297, 47.20962781441253], [-121.44660472869873, 47.21338843947788], [-121.44639015197754, 47.21338843947788], [-121.44055366516113, 47.21333013724836], [-121.43664836883545, 47.21333013724836], [-121.43604755401611, 47.21330098610957], [-121.43604755401611, 47.2090447478906], [-121.44450187683105, 47.209190515122], [-121.44497394561768, 47.209190515122], [-121.44501686096191, 47.20921966852018], [-121.44540309906006, 47.20921966852018], [-121.4454460144043, 47.209248821902406], [-121.44548892974854, 47.209365435270854], [-121.44561767578125, 47.209365435270854], [-121.44566059112549, 47.209394588572934], [-121.44583225250244, 47.209394588572934], [-121.44587516784668, 47.209423741858956], [-121.4460039138794, 47.209423741858956], [-121.44604682922363, 47.209452895128976], [-121.44617557525635, 47.209452895128976], [-121.44626140594482, 47.20948204838297], [-121.44664764404297, 47.20962781441253]]]}, "properties": {"fid": 162356, "ogc_fid": 162356, "path": "/us/wa/king/enumclaw-plateau/162356", "ll_uuid": "c9f18d1b-ec75-418c-b38a-e88eae11241c", "owner": "TACOMA WATER", "parcelnumb": "2020119018"}, "id": 116}, {"type": "Feature", "geometry": {"type": "Polygon", "coordinates": [[[-121.475830078125, 47.212251534441094], [-121.475830078125, 47.213417590568554], [-121.47140979766846, 47.213417590568554], [-121.475830078125, 47.212251534441094]]]}, "properties": {"fid": 193083, "ogc_fid": 193083, "path": "/us/wa/king/enumclaw-plateau/193083", "ll_uuid": "9e23115f-72dc-4ee5-a777-8d52a393da2f", "owner": "TACOMA WATER", "parcelnumb": "2420109002"}, "id": 118}, {"type": "Feature", "geometry": {"type": "Polygon", "coordinates": [[[-121.45544528961182, 47.18315013392504], [-121.4553165435791, 47.183354307547575], [-121.45518779754639, 47.18350014536861], [-121.45471572875977, 47.18402515820708], [-121.454758644104, 47.18408349264641], [-121.45493030548096, 47.18443349793617], [-121.44656181335449, 47.18443349793617], [-121.44656181335449, 47.17002303892707], [-121.45029544830322, 47.17005221384707], [-121.45020961761475, 47.17060653428243], [-121.45016670227051, 47.17098580282587], [-121.45008087158203, 47.171073325951255], [-121.44960880279541, 47.171831853662866], [-121.44956588745117, 47.171948549272344], [-121.44905090332031, 47.17314466448545], [-121.44896507263184, 47.17329053035138], [-121.44896507263184, 47.17337804967866], [-121.44900798797607, 47.1742240624061], [-121.4500379562378, 47.17495337290541], [-121.45042419433594, 47.17521592223321], [-121.45158290863037, 47.176207763534535], [-121.45153999328613, 47.17684953332824], [-121.45287036895752, 47.177403782817095], [-121.45304203033447, 47.17830807219488], [-121.45304203033447, 47.17833724256357], [-121.45359992980957, 47.17886230645939], [-121.45445823669434, 47.17941653493864], [-121.4544153213501, 47.180524974541385], [-121.45493030548096, 47.18175006507417], [-121.45540237426758, 47.18233343158249], [-121.45544528961182, 47.18312096620059], [-121.45544528961182, 47.18315013392504]]]}, "properties": {"fid": 256085, "ogc_fid": 256085, "path": "/us/wa/king/enumclaw-plateau/256085", "ll_uuid": "a3dbec1c-d50b-4672-bdf3-96dffd82ad2f", "owner": "TACOMA WATER", "parcelnumb": "3120119001"}, "id": 119}, {"type": "Feature", "geometry": {"type": "Polygon", "coordinates": [[[-121.44124031066895, 47.22394008729296], [-121.44128322601318, 47.22055912490933], [-121.44128322601318, 47.22000532603735], [-121.4452314376831, 47.21889771093953], [-121.44656181335449, 47.21851878467308], [-121.44656181335449, 47.219772145834355], [-121.44561767578125, 47.22058827205814], [-121.44548892974854, 47.220734007561845], [-121.44480228424072, 47.221200358481724], [-121.44475936889648, 47.221200358481724], [-121.44471645355225, 47.22294913789693], [-121.44154071807861, 47.22385265132664], [-121.44132614135742, 47.22391094198687], [-121.44124031066895, 47.22394008729296]]]}, "properties": {"fid": 131336, "ogc_fid": 131336, "path": "/us/wa/king/enumclaw-plateau/131336", "ll_uuid": "855a3a29-c856-4d9e-9635-834b79103f8b", "owner": "TACOMA WATER", "parcelnumb": "1720119018"}, "id": 120}, {"type": "Feature", "geometry": {"type": "MultiPolygon", "coordinates": [[[[-121.45656108856201, 47.21583707523794], [-121.45656108856201, 47.21338843947788], [-121.45832061767578, 47.21338843947788], [-121.45909309387207, 47.213417590568554], [-121.4665174484253, 47.213417590568554], [-121.4665174484253, 47.21350504374459], [-121.46647453308105, 47.21350504374459], [-121.4663028717041, 47.21356334578181], [-121.46578788757324, 47.2137091005944], [-121.46381378173828, 47.21426296522884], [-121.46153926849365, 47.214904274947116], [-121.45887851715088, 47.21563302657643], [-121.45870685577393, 47.21569132627411], [-121.45870685577393, 47.21563302657643], [-121.4584493637085, 47.21528322704424], [-121.45780563354492, 47.21548727705175], [-121.45656108856201, 47.21583707523794]]], [[[-121.46196842193604, 47.220617419190944], [-121.46196842193604, 47.22781627021496], [-121.45651817321777, 47.22781627021496], [-121.45656108856201, 47.22152097235957], [-121.45656108856201, 47.2176443291074], [-121.45780563354492, 47.21732369178659], [-121.4665174484253, 47.21493342520455], [-121.4665174484253, 47.220617419190944], [-121.46196842193604, 47.220617419190944]]], [[[-121.45656108856201, 47.217381989625494], [-121.45656108856201, 47.21700305252688], [-121.4578914642334, 47.21700305252688], [-121.45763397216797, 47.217061350718296], [-121.45656108856201, 47.217381989625494]]]]}, "properties": {"fid": 142842, "ogc_fid": 142842, "path": "/us/wa/king/enumclaw-plateau/142842", "ll_uuid": "e4cd1d48-0e16-4fb5-b365-a01a01833b7e", "owner": "TACOMA WATER", "parcelnumb": "1820119005"}, "id": 123}, {"type": "Feature", "geometry": {"type": "Polygon", "coordinates": [[[-121.4564323425293, 47.219772145834355], [-121.4564323425293, 47.21991788358142], [-121.45608901977539, 47.21991788358142], [-121.45604610443115, 47.21983044098124], [-121.45604610443115, 47.219772145834355], [-121.4564323425293, 47.219772145834355]]]}, "properties": {"fid": 2236, "ogc_fid": 2236, "path": "/us/wa/king/enumclaw-plateau/2236", "ll_uuid": "a6c6f0fb-2010-4c63-b0a3-90e0fa085ffd", "owner": "TACOMA WATER", "parcelnumb": "0025000010"}, "id": 125}, {"type": "Feature", "geometry": {"type": "Polygon", "coordinates": [[[-121.4532995223999, 47.16185343085496], [-121.4532995223999, 47.161882610262325], [-121.4523983001709, 47.1628163428355], [-121.45179748535156, 47.16450869129574], [-121.45205497741699, 47.16497553655586], [-121.4514970779419, 47.16558826473354], [-121.45106792449951, 47.16652193217604], [-121.4509391784668, 47.167718169603575], [-121.45016670227051, 47.16853509675576], [-121.45008087158203, 47.16917695927532], [-121.45029544830322, 47.17005221384707], [-121.44656181335449, 47.17002303892707], [-121.44656181335449, 47.156279870190986], [-121.45720481872559, 47.156338235111775], [-121.45741939544678, 47.156338235111775], [-121.45720481872559, 47.15680515217022], [-121.45716190338135, 47.157826518931756], [-121.45716190338135, 47.157855700550755], [-121.45647525787354, 47.1592563994154], [-121.4549732208252, 47.16062788127459], [-121.4532995223999, 47.16185343085496]]]}, "properties": {"fid": 39753, "ogc_fid": 39753, "path": "/us/wa/king/enumclaw-plateau/39753", "ll_uuid": "3bc39378-e7e0-4da4-b590-6200ac1a48e2", "owner": "TACOMA WATER", "parcelnumb": "0619119002"}, "id": 127}, {"type": "Feature", "geometry": {"type": "Polygon", "coordinates": [[[-121.4492654800415, 47.20948204838297], [-121.44922256469727, 47.20951120162093], [-121.44832134246826, 47.20951120162093], [-121.44827842712402, 47.20948204838297], [-121.4480209350586, 47.20948204838297], [-121.44797801971436, 47.209452895128976], [-121.4478063583374, 47.209452895128976], [-121.44776344299316, 47.209423741858956], [-121.44763469696045, 47.209423741858956], [-121.44759178161621, 47.209394588572934], [-121.44750595092773, 47.209394588572934], [-121.4474630355835, 47.209365435270854], [-121.44737720489502, 47.209365435270854], [-121.44733428955078, 47.20933628195277], [-121.4466905593872, 47.209190515122], [-121.44664764404297, 47.209190515122], [-121.44664764404297, 47.20612931913462], [-121.4466905593872, 47.19889836432938], [-121.4567756652832, 47.19884004617157], [-121.45999431610107, 47.19884004617157], [-121.46681785583496, 47.19881088706859], [-121.46673202514648, 47.20248480784545], [-121.46668910980225, 47.20548790330349], [-121.46668910980225, 47.20612931913462], [-121.46660327911377, 47.209452895128976], [-121.46141052246094, 47.208957287359425], [-121.46128177642822, 47.208957287359425], [-121.46123886108398, 47.20892813381704], [-121.46098136901855, 47.20892813381704], [-121.46093845367432, 47.208898980258596], [-121.46050930023193, 47.208898980258596], [-121.4604663848877, 47.20886982668412], [-121.45965099334717, 47.20886982668412], [-121.45960807800293, 47.208898980258596], [-121.45664691925049, 47.208898980258596], [-121.45338535308838, 47.20892813381704], [-121.4532995223999, 47.208957287359425], [-121.45291328430176, 47.208957287359425], [-121.45287036895752, 47.208986440885866], [-121.45261287689209, 47.208986440885866], [-121.45256996154785, 47.20901559439622], [-121.45235538482666, 47.20901559439622], [-121.45231246948242, 47.2090447478906], [-121.4521837234497, 47.2090447478906], [-121.45214080810547, 47.209073901368896], [-121.45196914672852, 47.209073901368896], [-121.45192623138428, 47.20910305483122], [-121.4518404006958, 47.20910305483122], [-121.4498233795166, 47.209423741858956], [-121.44973754882812, 47.209423741858956], [-121.44969463348389, 47.209452895128976], [-121.44956588745117, 47.209452895128976], [-121.44952297210693, 47.20948204838297], [-121.4492654800415, 47.20948204838297]]]}, "properties": {"fid": 151721, "ogc_fid": 151721, "path": "/us/wa/king/enumclaw-plateau/151721", "ll_uuid": "853ddfb3-ef80-421d-b385-d3e15b6066ab", "owner": "TACOMA WATER", "parcelnumb": "1920119003"}, "id": 128}, {"type": "Feature", "geometry": {"type": "Polygon", "coordinates": [[[-121.4665174484253, 47.22423153947244], [-121.46656036376953, 47.22781627021496], [-121.46196842193604, 47.22781627021496], [-121.46196842193604, 47.224202394326596], [-121.4665174484253, 47.22423153947244]]]}, "properties": {"fid": 142843, "ogc_fid": 142843, "path": "/us/wa/king/enumclaw-plateau/142843", "ll_uuid": "695b6b50-149c-48da-8338-e2ac1bef5cfa", "owner": "TACOMA WATER", "parcelnumb": "1820119006"}, "id": 130}, {"type": "Feature", "geometry": {"type": "Polygon", "coordinates": [[[-121.44664764404297, 47.209190515122], [-121.44608974456787, 47.20901559439622], [-121.44596099853516, 47.20901559439622], [-121.44587516784668, 47.208986440885866], [-121.44570350646973, 47.208986440885866], [-121.44566059112549, 47.208957287359425], [-121.44540309906006, 47.208957287359425], [-121.44536018371582, 47.20892813381704], [-121.4448881149292, 47.20892813381704], [-121.44484519958496, 47.208898980258596], [-121.44450187683105, 47.208898980258596], [-121.43604755401611, 47.20875321222596], [-121.43604755401611, 47.20610016403782], [-121.44664764404297, 47.20612931913462], [-121.44664764404297, 47.209190515122]]]}, "properties": {"fid": 162368, "ogc_fid": 162368, "path": "/us/wa/king/enumclaw-plateau/162368", "ll_uuid": "5fa0e9e7-2d5c-490a-a3bf-399e52be33b2", "owner": "TACOMA WATER", "parcelnumb": "2020119005"}, "id": 131}, {"type": "Feature", "geometry": {"type": "Polygon", "coordinates": [[[-121.4665174484253, 47.21464192190885], [-121.4665174484253, 47.213417590568554], [-121.47085189819336, 47.213417590568554], [-121.4665174484253, 47.21464192190885]]]}, "properties": {"fid": 95130, "ogc_fid": 95130, "path": "/us/wa/king/enumclaw-plateau/95130", "ll_uuid": "086fe1db-f258-4337-9fa6-d08fabfc378a", "owner": "TACOMA WATER", "parcelnumb": "1320109018"}, "id": 134}, {"type": "Feature", "geometry": {"type": "Polygon", "coordinates": [[[-121.46218299865723, 47.212601353971394], [-121.4645004272461, 47.213417590568554], [-121.45909309387207, 47.213417590568554], [-121.4593505859375, 47.21330098610957], [-121.4608097076416, 47.21268880849345], [-121.46153926849365, 47.21239729285915], [-121.46162509918213, 47.21242644449467], [-121.46218299865723, 47.212601353971394]]]}, "properties": {"fid": 151722, "ogc_fid": 151722, "path": "/us/wa/king/enumclaw-plateau/151722", "ll_uuid": "07499008-f7f2-479f-98a7-55d59848432e", "owner": "TACOMA WATER", "parcelnumb": "1920119020"}, "id": 136}, {"type": "Feature", "geometry": {"type": "Polygon", "coordinates": [[[-121.47158145904541, 47.21321353259705], [-121.47085189819336, 47.213417590568554], [-121.4665174484253, 47.213417590568554], [-121.4665174484253, 47.21321353259705], [-121.46656036376953, 47.21298032252531], [-121.46656036376953, 47.21143527989682], [-121.46660327911377, 47.209744426947765], [-121.46681785583496, 47.209773580041514], [-121.46849155426025, 47.20986103922658], [-121.46870613098145, 47.20989019225621], [-121.47007942199707, 47.209977651249034], [-121.47003650665283, 47.21003595716411], [-121.47136688232422, 47.21012341591654], [-121.47248268127441, 47.21012341591654], [-121.47252559661865, 47.21006511009762], [-121.475830078125, 47.2100068042146], [-121.475830078125, 47.21207662381062], [-121.47467136383057, 47.21236814120758], [-121.47158145904541, 47.21321353259705]]]}, "properties": {"fid": 193093, "ogc_fid": 193093, "path": "/us/wa/king/enumclaw-plateau/193093", "ll_uuid": "f2529da0-5af8-4769-9d92-8075f648bd8d", "owner": "TACOMA WATER", "parcelnumb": "2420109026"}, "id": 139}, {"type": "Feature", "geometry": {"type": "Polygon", "coordinates": [[[-121.4555311203003, 47.2186353776589], [-121.4555311203003, 47.21869367405566], [-121.45458698272705, 47.21869367405566], [-121.45454406738281, 47.21854793294358], [-121.45445823669434, 47.218402191430926], [-121.45437240600586, 47.21828559793235], [-121.45432949066162, 47.21813985569861], [-121.4549732208252, 47.217994113064265], [-121.45501613616943, 47.21802326162319], [-121.45501613616943, 47.21808155869297], [-121.45505905151367, 47.21811070720378], [-121.45510196685791, 47.21816900417738], [-121.45527362823486, 47.21828559793235], [-121.45535945892334, 47.218402191430926], [-121.45535945892334, 47.21843133976549], [-121.45548820495605, 47.21851878467308], [-121.45548820495605, 47.21854793294358], [-121.4555311203003, 47.2186353776589]]]}, "properties": {"fid": 2243, "ogc_fid": 2243, "path": "/us/wa/king/enumclaw-plateau/2243", "ll_uuid": "95569a00-d7da-419f-94fa-1bd4a885c03f", "owner": "TACOMA WATER", "parcelnumb": "0025000175"}, "id": 141}, {"type": "Feature", "geometry": {"type": "Polygon", "coordinates": [[[-121.45561695098877, 47.2189268590017], [-121.45565986633301, 47.218956007047865], [-121.45471572875977, 47.218956007047865], [-121.45467281341553, 47.218810266656845], [-121.45557403564453, 47.2188394147671], [-121.45561695098877, 47.2189268590017]]]}, "properties": {"fid": 2241, "ogc_fid": 2241, "path": "/us/wa/king/enumclaw-plateau/2241", "ll_uuid": "dbc646e6-1537-4bc6-af79-a3fe1937c5e4", "owner": "TACOMA WATER", "parcelnumb": "0025000160"}, "id": 144}, {"type": "Feature", "geometry": {"type": "Polygon", "coordinates": [[[-121.4665174484253, 47.21321353259705], [-121.4665174484253, 47.213417590568554], [-121.4645004272461, 47.213417590568554], [-121.46218299865723, 47.212601353971394], [-121.46162509918213, 47.21242644449467], [-121.46153926849365, 47.21239729285915], [-121.4608097076416, 47.21268880849345], [-121.4593505859375, 47.21330098610957], [-121.45909309387207, 47.213417590568554], [-121.45832061767578, 47.21338843947788], [-121.44660472869873, 47.21338843947788], [-121.44664764404297, 47.20962781441253], [-121.44673347473145, 47.20965696757037], [-121.44711971282959, 47.209744426947765], [-121.44716262817383, 47.209744426947765], [-121.44720554351807, 47.209773580041514], [-121.4472484588623, 47.209773580041514], [-121.44729137420654, 47.20980273311923], [-121.44737720489502, 47.20980273311923], [-121.44742012023926, 47.20983188618092], [-121.44754886627197, 47.20983188618092], [-121.44754886627197, 47.20986103922658], [-121.44767761230469, 47.20986103922658], [-121.44772052764893, 47.20989019225621], [-121.44793510437012, 47.20989019225621], [-121.44797801971436, 47.20991934526984], [-121.44823551177979, 47.20991934526984], [-121.44827842712402, 47.20980273311923], [-121.44922256469727, 47.20980273311923], [-121.4492654800415, 47.209773580041514], [-121.44952297210693, 47.209773580041514], [-121.44956588745117, 47.209744426947765], [-121.44973754882812, 47.209744426947765], [-121.44978046417236, 47.209715273837986], [-121.44990921020508, 47.209715273837986], [-121.45192623138428, 47.209394588572934], [-121.45196914672852, 47.209365435270854], [-121.45209789276123, 47.209365435270854], [-121.45214080810547, 47.20933628195277], [-121.45231246948242, 47.20933628195277], [-121.45235538482666, 47.20930712861869], [-121.45252704620361, 47.20930712861869], [-121.45256996154785, 47.20927797526852], [-121.45278453826904, 47.20927797526852], [-121.45287036895752, 47.209248821902406], [-121.45308494567871, 47.209248821902406], [-121.45312786102295, 47.20921966852018], [-121.45394325256348, 47.20921966852018], [-121.45394325256348, 47.20933628195277], [-121.45407199859619, 47.20933628195277], [-121.45411491394043, 47.20930712861869], [-121.45505905151367, 47.20930712861869], [-121.45505905151367, 47.209190515122], [-121.45724773406982, 47.209190515122], [-121.45724773406982, 47.209248821902406], [-121.45797729492188, 47.20927797526852], [-121.45797729492188, 47.209190515122], [-121.45977973937988, 47.209190515122], [-121.45982265472412, 47.20916136170774], [-121.45986557006836, 47.20916136170774], [-121.45995140075684, 47.209190515122], [-121.46072387695312, 47.209190515122], [-121.46076679229736, 47.20921966852018], [-121.46111011505127, 47.20921966852018], [-121.46115303039551, 47.209248821902406], [-121.4613676071167, 47.209248821902406], [-121.46660327911377, 47.209744426947765], [-121.46656036376953, 47.21143527989682], [-121.46656036376953, 47.21298032252531], [-121.4665174484253, 47.21321353259705]]]}, "properties": {"fid": 151725, "ogc_fid": 151725, "path": "/us/wa/king/enumclaw-plateau/151725", "ll_uuid": "171a500f-e0ea-41f1-9789-4f977829bdaf", "owner": "TACOMA WATER", "parcelnumb": "1920119021"}, "id": 145}, {"type": "Feature", "geometry": {"type": "MultiPolygon", "coordinates": [[[[-121.43338680267334, 47.21440871811856], [-121.43377304077148, 47.21513747655814], [-121.43295764923096, 47.21513747655814], [-121.42918109893799, 47.21510832641283], [-121.42609119415283, 47.21507917625149], [-121.4254903793335, 47.21507917625149], [-121.4254903793335, 47.21324268378393], [-121.42630577087402, 47.21324268378393], [-121.43312931060791, 47.21330098610957], [-121.43342971801758, 47.21330098610957], [-121.43347263336182, 47.21335928837112], [-121.43364429473877, 47.21373825150886], [-121.43351554870605, 47.21373825150886], [-121.43347263336182, 47.213767402407285], [-121.4333438873291, 47.213767402407285], [-121.43330097198486, 47.21379655328968], [-121.43321514129639, 47.21379655328968], [-121.43317222595215, 47.21382570415608], [-121.43308639526367, 47.21382570415608], [-121.43317222595215, 47.21394230746134], [-121.43321514129639, 47.21408806123239], [-121.4333438873291, 47.214292115838845], [-121.43338680267334, 47.214350417010735], [-121.43338680267334, 47.21440871811856]]], [[[-121.44651889801025, 47.22341546933188], [-121.44651889801025, 47.22781627021496], [-121.43802165985107, 47.22781627021496], [-121.43600463867188, 47.22778712703999], [-121.43394470214844, 47.22778712703999], [-121.43415927886963, 47.22761226765388], [-121.43433094024658, 47.22749569440933], [-121.43433094024658, 47.227466551058114], [-121.43437385559082, 47.227466551058114], [-121.43441677093506, 47.2274374076909], [-121.43441677093506, 47.227408264307655], [-121.43454551696777, 47.22732083406177], [-121.43454551696777, 47.227291690614436], [-121.43458843231201, 47.227291690614436], [-121.43458843231201, 47.22726254715104], [-121.43467426300049, 47.22720426017628], [-121.43467426300049, 47.22717511666485], [-121.43471717834473, 47.22717511666485], [-121.43471717834473, 47.2271459731374], [-121.43476009368896, 47.22711682959391], [-121.43476009368896, 47.227087686034395], [-121.43484592437744, 47.2270293988673], [-121.43484592437744, 47.227000255259725], [-121.43488883972168, 47.226971111636146], [-121.43488883972168, 47.22694196799654], [-121.43497467041016, 47.226883680669204], [-121.43497467041016, 47.226854536981506], [-121.4350175857544, 47.22682539327778], [-121.4350175857544, 47.22679624955805], [-121.43506050109863, 47.22676710582226], [-121.43506050109863, 47.2267379620705], [-121.43510341644287, 47.22670881830271], [-121.43510341644287, 47.226679674518834], [-121.43514633178711, 47.22665053071901], [-121.43514633178711, 47.226592243071195], [-121.43518924713135, 47.226563099223256], [-121.43518924713135, 47.226533955359315], [-121.43523216247559, 47.226504811479344], [-121.43523216247559, 47.22647566758337], [-121.43527507781982, 47.226446523671314], [-121.43527507781982, 47.22638823579919], [-121.43531799316406, 47.2263590918391], [-121.43531799316406, 47.226300803870856], [-121.4353609085083, 47.226271659862704], [-121.4353609085083, 47.22621337179828], [-121.43540382385254, 47.22621337179828], [-121.43540382385254, 47.22612593958152], [-121.43544673919678, 47.22609679547722], [-121.43544673919678, 47.22600936306813], [-121.43548965454102, 47.225980218899736], [-121.43548965454102, 47.2258927862984], [-121.43553256988525, 47.22586364206592], [-121.43553256988525, 47.22574706497571], [-121.43557548522949, 47.22571792066307], [-121.43557548522949, 47.22557219885965], [-121.43561840057373, 47.225543054450924], [-121.43561840057373, 47.22490187340432], [-121.43579006195068, 47.22052997774449], [-121.43587589263916, 47.21831474633103], [-121.4359188079834, 47.21659496339211], [-121.4359188079834, 47.216478365919585], [-121.43587589263916, 47.21644921651142], [-121.43587589263916, 47.21633261871844], [-121.43583297729492, 47.2163034692301], [-121.43583297729492, 47.216216020669066], [-121.43579006195068, 47.21618687111663], [-121.43579006195068, 47.216128571963765], [-121.43574714660645, 47.2160994223633], [-121.43574714660645, 47.216070272746805], [-121.4357042312622, 47.21604112311428], [-121.4357042312622, 47.21598282380117], [-121.43566131591797, 47.21598282380117], [-121.43566131591797, 47.215953674120556], [-121.43561840057373, 47.21592452442394], [-121.43561840057373, 47.215895374711295], [-121.43557548522949, 47.21586622498262], [-121.43557548522949, 47.21583707523794], [-121.43553256988525, 47.21583707523794], [-121.43553256988525, 47.21580792547721], [-121.43548965454102, 47.21577877570047], [-121.43548965454102, 47.215749625907705], [-121.43544673919678, 47.215749625907705], [-121.43544673919678, 47.21572047609894], [-121.4353609085083, 47.215662176433256], [-121.4353609085083, 47.21563302657643], [-121.43531799316406, 47.21563302657643], [-121.43531799316406, 47.21560387670354], [-121.43527507781982, 47.21560387670354], [-121.43527507781982, 47.21557472681462], [-121.43523216247559, 47.21557472681462], [-121.43518924713135, 47.215545576909705], [-121.43518924713135, 47.215516426988756], [-121.43514633178711, 47.215516426988756], [-121.43514633178711, 47.21548727705175], [-121.43510341644287, 47.21548727705175], [-121.4350175857544, 47.21542897712973], [-121.43497467041016, 47.21542897712973], [-121.43463134765625, 47.21472937306581], [-121.43467426300049, 47.21472937306581], [-121.43467426300049, 47.214700222696194], [-121.43488883972168, 47.214700222696194], [-121.43493175506592, 47.21467107231052], [-121.43523216247559, 47.21467107231052], [-121.43493175506592, 47.214058910510204], [-121.43484592437744, 47.21391315665906], [-121.43471717834473, 47.21367994966394], [-121.43467426300049, 47.21359249677636], [-121.43463134765625, 47.213621647754906], [-121.43441677093506, 47.213621647754906], [-121.43437385559082, 47.213650798717424], [-121.43420219421387, 47.213650798717424], [-121.43420219421387, 47.21367994966394], [-121.43411636352539, 47.21367994966394], [-121.4339017868042, 47.21330098610957], [-121.43604755401611, 47.21330098610957], [-121.43664836883545, 47.21333013724836], [-121.44055366516113, 47.21333013724836], [-121.44639015197754, 47.21338843947788], [-121.44660472869873, 47.21338843947788], [-121.44660472869873, 47.214904274947116], [-121.44656181335449, 47.21650751531175], [-121.44656181335449, 47.21851878467308], [-121.4452314376831, 47.21889771093953], [-121.44128322601318, 47.22000532603735], [-121.44128322601318, 47.22055912490933], [-121.44124031066895, 47.22394008729296], [-121.44132614135742, 47.22391094198687], [-121.44154071807861, 47.22385265132664], [-121.44471645355225, 47.22294913789693], [-121.44471645355225, 47.223211449833855], [-121.44540309906006, 47.222745116604244], [-121.44566059112549, 47.222686824662105], [-121.44656181335449, 47.22242451012934], [-121.44656181335449, 47.22315315840447], [-121.44651889801025, 47.22341546933188]]]]}, "properties": {"fid": 131364, "ogc_fid": 131364, "path": "/us/wa/king/enumclaw-plateau/131364", "ll_uuid": "321b4d15-a4b2-43b6-aad2-19745b96c0d9", "owner": "TACOMA WATER", "parcelnumb": "1720119019"}, "id": 147}, {"type": "Feature", "geometry": {"type": "Polygon", "coordinates": [[[-121.45600318908691, 47.21997617856806], [-121.45604610443115, 47.220063620927846], [-121.45527362823486, 47.220063620927846], [-121.45523071289062, 47.21994703108277], [-121.45523071289062, 47.21991788358142], [-121.45596027374268, 47.21991788358142], [-121.45600318908691, 47.21997617856806]]]}, "properties": {"fid": 2240, "ogc_fid": 2240, "path": "/us/wa/king/enumclaw-plateau/2240", "ll_uuid": "5d140788-8e18-46eb-abec-cdca46b252a2", "owner": "TACOMA WATER", "parcelnumb": "0025000120"}, "id": 148}, {"type": "Feature", "geometry": {"type": "MultiPolygon", "coordinates": [[[[-121.45355701446533, 47.21796496448931], [-121.4535140991211, 47.217994113064265], [-121.45291328430176, 47.217994113064265], [-121.45291328430176, 47.21796496448931], [-121.45269870758057, 47.21796496448931], [-121.45158290863037, 47.21781922137424], [-121.45158290863037, 47.21700305252688], [-121.45398616790771, 47.21700305252688], [-121.45398616790771, 47.21755688275769], [-121.45402908325195, 47.21758603155695], [-121.45402908325195, 47.21776092401609], [-121.45407199859619, 47.217790072703195], [-121.45407199859619, 47.21787751866836], [-121.45411491394043, 47.2179066672914], [-121.45402908325195, 47.2179066672914], [-121.45398616790771, 47.21793581589836], [-121.453857421875, 47.21793581589836], [-121.45381450653076, 47.21796496448931], [-121.45355701446533, 47.21796496448931]]], [[[-121.4553165435791, 47.22029679984894], [-121.45544528961182, 47.220617419190944], [-121.45153999328613, 47.220617419190944], [-121.45158290863037, 47.21811070720378], [-121.45265579223633, 47.21822730108693], [-121.4527416229248, 47.21822730108693], [-121.45278453826904, 47.21825644951767], [-121.45312786102295, 47.21825644951767], [-121.4532995223999, 47.21854793294358], [-121.4527416229248, 47.21854793294358], [-121.45282745361328, 47.21866452586528], [-121.45291328430176, 47.218810266656845], [-121.452956199646, 47.218956007047865], [-121.45304203033447, 47.219072599072206], [-121.45312786102295, 47.21921833874214], [-121.45317077636719, 47.21936407801144], [-121.45334243774414, 47.21965555534828], [-121.45411491394043, 47.21965555534828], [-121.45415782928467, 47.21974299823688], [-121.45501613616943, 47.21974299823688], [-121.45514488220215, 47.21997617856806], [-121.45523071289062, 47.22018021051659], [-121.4553165435791, 47.22029679984894]]]]}, "properties": {"fid": 142846, "ogc_fid": 142846, "path": "/us/wa/king/enumclaw-plateau/142846", "ll_uuid": "6b5958cd-19fd-4a0d-9158-f1ff8dcd0c3c", "owner": "TACOMA WATER", "parcelnumb": "1820119014"}, "id": 150}, {"type": "Feature", "geometry": {"type": "MultiPolygon", "coordinates": [[[[-121.45158290863037, 47.21781922137424], [-121.44905090332031, 47.21741113852093], [-121.44866466522217, 47.21732369178659], [-121.44819259643555, 47.217265393883594], [-121.44814968109131, 47.21723624490804], [-121.44656181335449, 47.21697390340711], [-121.44656181335449, 47.21650751531175], [-121.44660472869873, 47.214904274947116], [-121.44660472869873, 47.21338843947788], [-121.45656108856201, 47.21338843947788], [-121.45656108856201, 47.21700305252688], [-121.45158290863037, 47.21700305252688], [-121.45158290863037, 47.21781922137424]]], [[[-121.44656181335449, 47.219538964605846], [-121.44656181335449, 47.21723624490804], [-121.44793510437012, 47.21749858511103], [-121.44797801971436, 47.21749858511103], [-121.44827842712402, 47.217527733942376], [-121.44845008850098, 47.21755688275769], [-121.44862174987793, 47.217615180340175], [-121.44840717315674, 47.21776092401609], [-121.4483642578125, 47.21776092401609], [-121.4483642578125, 47.217790072703195], [-121.44832134246826, 47.217790072703195], [-121.44827842712402, 47.21781922137424], [-121.44827842712402, 47.217848370029316], [-121.44823551177979, 47.217848370029316], [-121.44819259643555, 47.21787751866836], [-121.44819259643555, 47.2179066672914], [-121.44814968109131, 47.21793581589836], [-121.44810676574707, 47.21793581589836], [-121.44810676574707, 47.21796496448931], [-121.44797801971436, 47.21805241016608], [-121.44797801971436, 47.21808155869297], [-121.44793510437012, 47.21808155869297], [-121.44793510437012, 47.21811070720378], [-121.44789218902588, 47.21813985569861], [-121.44789218902588, 47.21816900417738], [-121.44784927368164, 47.21816900417738], [-121.4478063583374, 47.218198152640184], [-121.4478063583374, 47.21822730108693], [-121.44776344299316, 47.21825644951767], [-121.44776344299316, 47.21828559793235], [-121.44772052764893, 47.21828559793235], [-121.44772052764893, 47.21831474633103], [-121.44656181335449, 47.219538964605846]]], [[[-121.45656108856201, 47.22152097235957], [-121.45651817321777, 47.22781627021496], [-121.44651889801025, 47.22781627021496], [-121.44651889801025, 47.22341546933188], [-121.44656181335449, 47.22315315840447], [-121.44656181335449, 47.22242451012934], [-121.45153999328613, 47.22099633045903], [-121.45153999328613, 47.220617419190944], [-121.45656108856201, 47.220617419190944], [-121.45656108856201, 47.22152097235957]]]]}, "properties": {"fid": 142841, "ogc_fid": 142841, "path": "/us/wa/king/enumclaw-plateau/142841", "ll_uuid": "9229abf1-bd77-4729-a281-13cb92cbf318", "owner": "TACOMA WATER", "parcelnumb": "1820119001"}, "id": 152}, {"type": "Feature", "geometry": {"type": "Polygon", "coordinates": [[[-121.47248268127441, 47.209773580041514], [-121.47248268127441, 47.209686120712206], [-121.47140979766846, 47.209686120712206], [-121.47007942199707, 47.20959866123866], [-121.47007942199707, 47.20965696757037], [-121.46870613098145, 47.20956950804876], [-121.46849155426025, 47.20954035484286], [-121.46660327911377, 47.209452895128976], [-121.46668910980225, 47.20612931913462], [-121.475830078125, 47.20612931913462], [-121.475830078125, 47.209715273837986], [-121.47248268127441, 47.209773580041514]]]}, "properties": {"fid": 193084, "ogc_fid": 193084, "path": "/us/wa/king/enumclaw-plateau/193084", "ll_uuid": "bdbcda53-faff-4130-b39f-5f0a98202802", "owner": "TACOMA WATER", "parcelnumb": "2420109003"}, "id": 153}, {"type": "Feature", "geometry": {"type": "Polygon", "coordinates": [[[-121.4665174484253, 47.22423153947244], [-121.46196842193604, 47.224202394326596], [-121.46196842193604, 47.220617419190944], [-121.4665174484253, 47.220617419190944], [-121.4665174484253, 47.22423153947244]]]}, "properties": {"fid": 142844, "ogc_fid": 142844, "path": "/us/wa/king/enumclaw-plateau/142844", "ll_uuid": "d16353d0-fd07-4572-a053-0d1e28238621", "owner": "TACOMA WATER", "parcelnumb": "1820119007"}, "id": 156}, {"type": "Feature", "geometry": {"type": "Polygon", "coordinates": [[[-121.4665174484253, 47.21869367405566], [-121.4665174484253, 47.2153123770934], [-121.4734697341919, 47.213417590568554], [-121.475830078125, 47.213417590568554], [-121.475830078125, 47.21624517020541], [-121.4665174484253, 47.21869367405566]]]}, "properties": {"fid": 95131, "ogc_fid": 95131, "path": "/us/wa/king/enumclaw-plateau/95131", "ll_uuid": "fb5388b2-ed96-491c-8c59-e5048edeea25", "owner": "TACOMA WATER", "parcelnumb": "1320109019"}, "id": 159}, {"type": "Feature", "geometry": {"type": "MultiPolygon", "coordinates": [[[[-121.45501613616943, 47.21770262659379], [-121.4549732208252, 47.217673477858625], [-121.4549732208252, 47.217265393883594], [-121.45493030548096, 47.21720709591648], [-121.45493030548096, 47.21700305252688], [-121.45656108856201, 47.21700305252688], [-121.45656108856201, 47.217381989625494], [-121.4558744430542, 47.217527733942376], [-121.45574569702148, 47.21755688275769], [-121.4555311203003, 47.21758603155695], [-121.45501613616943, 47.21770262659379]]], [[[-121.45484447479248, 47.21700305252688], [-121.45484447479248, 47.21714879788527], [-121.45411491394043, 47.21714879788527], [-121.45411491394043, 47.21700305252688], [-121.45484447479248, 47.21700305252688]]], [[[-121.4542007446289, 47.21787751866836], [-121.45415782928467, 47.217848370029316], [-121.45415782928467, 47.217731775312956], [-121.45411491394043, 47.21770262659379], [-121.45411491394043, 47.217265393883594], [-121.45484447479248, 47.217265393883594], [-121.45484447479248, 47.21741113852093], [-121.45480155944824, 47.217469436263684], [-121.45484447479248, 47.217527733942376], [-121.45488739013672, 47.217615180340175], [-121.45488739013672, 47.217731775312956], [-121.4542007446289, 47.21787751866836]]], [[[-121.45656108856201, 47.21910174703825], [-121.4564323425293, 47.21843133976549], [-121.45634651184082, 47.218198152640184], [-121.45583152770996, 47.21781922137424], [-121.45656108856201, 47.2176443291074], [-121.45656108856201, 47.21910174703825]]], [[[-121.4564323425293, 47.21910174703825], [-121.4564323425293, 47.219772145834355], [-121.45600318908691, 47.219772145834355], [-121.45600318908691, 47.21974299823688], [-121.45591735839844, 47.21971385062338], [-121.45574569702148, 47.219597260009095], [-121.45574569702148, 47.21950981688016], [-121.45583152770996, 47.21921833874214], [-121.45583152770996, 47.219160042922226], [-121.4558744430542, 47.21913089498824], [-121.4558744430542, 47.218956007047865], [-121.45574569702148, 47.21886856286133], [-121.45574569702148, 47.2188394147671], [-121.45570278167725, 47.2188394147671], [-121.45561695098877, 47.218781118530586], [-121.45561695098877, 47.21869367405566], [-121.4555311203003, 47.21854793294358], [-121.4555311203003, 47.21848963638658], [-121.45548820495605, 47.218402191430926], [-121.45540237426758, 47.21825644951767], [-121.45535945892334, 47.21813985569861], [-121.45518779754639, 47.21796496448931], [-121.45574569702148, 47.217848370029316], [-121.45608901977539, 47.21813985569861], [-121.4562177658081, 47.21822730108693], [-121.45626068115234, 47.21828559793235], [-121.45630359649658, 47.21843133976549], [-121.45634651184082, 47.21854793294358], [-121.45634651184082, 47.21869367405566], [-121.45638942718506, 47.218810266656845], [-121.45638942718506, 47.218956007047865], [-121.4564323425293, 47.21910174703825]]], [[[-121.45488739013672, 47.21950981688016], [-121.4549732208252, 47.21965555534828], [-121.4542007446289, 47.21965555534828], [-121.45415782928467, 47.21950981688016], [-121.45398616790771, 47.21921833874214], [-121.45394325256348, 47.21910174703825], [-121.453857421875, 47.218956007047865], [-121.45381450653076, 47.218810266656845], [-121.45372867584229, 47.21866452586528], [-121.45364284515381, 47.21854793294358], [-121.45424365997314, 47.21816900417738], [-121.4544153213501, 47.21854793294358], [-121.45445823669434, 47.21869367405566], [-121.45454406738281, 47.218810266656845], [-121.45462989807129, 47.218956007047865], [-121.45467281341553, 47.21910174703825], [-121.454758644104, 47.21921833874214], [-121.45484447479248, 47.21936407801144], [-121.45488739013672, 47.21950981688016]]], [[[-121.45390033721924, 47.21822730108693], [-121.4535140991211, 47.21851878467308], [-121.4535140991211, 47.21854793294358], [-121.45359992980957, 47.21866452586528], [-121.45368576049805, 47.218810266656845], [-121.45372867584229, 47.218956007047865], [-121.45381450653076, 47.219072599072206], [-121.45390033721924, 47.21921833874214], [-121.45394325256348, 47.21936407801144], [-121.45411491394043, 47.21965555534828], [-121.45334243774414, 47.21965555534828], [-121.45317077636719, 47.21936407801144], [-121.45312786102295, 47.21921833874214], [-121.45304203033447, 47.219072599072206], [-121.452956199646, 47.218956007047865], [-121.45291328430176, 47.218810266656845], [-121.45282745361328, 47.21866452586528], [-121.4527416229248, 47.21854793294358], [-121.4532995223999, 47.21854793294358], [-121.45312786102295, 47.21825644951767], [-121.45368576049805, 47.21825644951767], [-121.45372867584229, 47.21822730108693], [-121.45390033721924, 47.21822730108693]]], [[[-121.45557403564453, 47.2188394147671], [-121.45467281341553, 47.218810266656845], [-121.45458698272705, 47.21869367405566], [-121.4555311203003, 47.21869367405566], [-121.45557403564453, 47.218810266656845], [-121.45557403564453, 47.2188394147671]]], [[[-121.45591735839844, 47.21983044098124], [-121.45596027374268, 47.21991788358142], [-121.45523071289062, 47.21991788358142], [-121.45514488220215, 47.219772145834355], [-121.45510196685791, 47.219684702993845], [-121.45510196685791, 47.21965555534828], [-121.45493030548096, 47.21936407801144], [-121.45488739013672, 47.21921833874214], [-121.45480155944824, 47.21910174703825], [-121.45471572875977, 47.218956007047865], [-121.45565986633301, 47.218956007047865], [-121.45570278167725, 47.21904345109016], [-121.45574569702148, 47.21910174703825], [-121.45565986633301, 47.219160042922226], [-121.45565986633301, 47.2192766344979], [-121.45570278167725, 47.21933493018963], [-121.45570278167725, 47.219393225817214], [-121.45561695098877, 47.21948066913848], [-121.45561695098877, 47.219538964605846], [-121.45565986633301, 47.21962640768672], [-121.45565986633301, 47.21965555534828], [-121.45570278167725, 47.21965555534828], [-121.4558744430542, 47.219772145834355], [-121.4558744430542, 47.2198012934158], [-121.45591735839844, 47.21983044098124]]], [[[-121.45630359649658, 47.22052997774449], [-121.45634651184082, 47.220617419190944], [-121.45557403564453, 47.220617419190944], [-121.45540237426758, 47.22026765253989], [-121.45535945892334, 47.22020935787373], [-121.45535945892334, 47.22015106314345], [-121.45527362823486, 47.220063620927846], [-121.45604610443115, 47.220063620927846], [-121.45608901977539, 47.22015106314345], [-121.45608901977539, 47.22018021051659], [-121.45613193511963, 47.22023850521481], [-121.45613193511963, 47.22026765253989], [-121.45617485046387, 47.22032594714196], [-121.4562177658081, 47.22035509441898], [-121.4562177658081, 47.22038424167994], [-121.45626068115234, 47.22047168336675], [-121.45626068115234, 47.22050083056362], [-121.45630359649658, 47.22052997774449]]]]}, "properties": {"fid": 2239, "ogc_fid": 2239, "path": "/us/wa/king/enumclaw-plateau/2239", "ll_uuid": "fd7d526e-5f89-4f75-9394-62ed3fc1f708", "owner": "TACOMA WATER", "parcelnumb": "0025000015", "address": "42611 670TH AVE SE"}, "id": 160}, {"type": "Feature", "geometry": {"type": "MultiPolygon", "coordinates": [[[[-121.45561695098877, 47.29748088781332], [-121.45570133433114, 47.29270212132052], [-121.4559322994553, 47.292704743457136], [-121.45593223653482, 47.29270603572185], [-121.45561690606834, 47.29920818407199], [-121.45560839252568, 47.29939295902738], [-121.45558520138133, 47.29989623524816], [-121.45557403564453, 47.29989653454413], [-121.45561695098877, 47.29748088781332]]], [[[-121.45063877105713, 47.29264926325641], [-121.45025253295898, 47.29264926325641], [-121.45025253295898, 47.29259104822091], [-121.45029544830322, 47.291019218038656], [-121.45032986600519, 47.28951729836245], [-121.45032969567126, 47.291023789548234], [-121.45032951232844, 47.29264113526798], [-121.45090875660287, 47.29264771140206], [-121.45063877105713, 47.29264926325641]]], [[[-121.45042419433594, 47.28540099867192], [-121.45480155944824, 47.285430110154834], [-121.4569902420044, 47.285430110154834], [-121.45791661484407, 47.28545524622001], [-121.45447304505086, 47.285431750306614], [-121.450424078267, 47.28540606368778], [-121.45042419433594, 47.28540099867192]]], [[[-121.45865599917057, 47.28545922162172], [-121.45865610087287, 47.285460291826965], [-121.45849925119494, 47.28545922162172], [-121.45865599917057, 47.28545922162172]]]]}, "properties": {"fid": 152178, "ll_uuid": "35f1cfcb-5309-4b31-9beb-d1ea82bac16e", "ogc_fid": 152178, "owner": "SEATTLE CITY OF SPU-WTR", "parcelnumb": "1921119005", "path": "/us/wa/king/enumclaw-plateau/152178"}, "id": 78}, {"type": "Feature", "geometry": {"type": "MultiPolygon", "coordinates": [[[[-121.46660327911377, 47.270509514650904], [-121.46660393499593, 47.27056856679601], [-121.46660397279074, 47.27057191372018], [-121.46660327911377, 47.27057192454647], [-121.46660327911377, 47.270509514650904]]], [[[-121.46656036376953, 47.26915429252108], [-121.46659444587075, 47.26915429252108], [-121.46659698370773, 47.269850049367676], [-121.46656036376953, 47.26915429252108]]], [[[-121.46892070770264, 47.26915429252108], [-121.46959369835274, 47.269161354288215], [-121.46957981208769, 47.269173387407605], [-121.46913274546462, 47.269168904459214], [-121.46913260006292, 47.269168902976645], [-121.46762359624346, 47.26915429252108], [-121.46892070770264, 47.26915429252108]]], [[[-121.48209571838379, 47.26927077411625], [-121.48630142211914, 47.269329014817686], [-121.4879322052002, 47.269329014817686], [-121.4879322052002, 47.269344240645026], [-121.4878583890887, 47.269343569509], [-121.48500040067236, 47.26931753881968], [-121.48500033194355, 47.26931753850432], [-121.4849307699179, 47.26931690369066], [-121.48219836623234, 47.269291949318585], [-121.48135629566517, 47.269282632725954], [-121.48133472961956, 47.26926620445339], [-121.48209571838379, 47.26927077411625]]]]}, "properties": {"fid": 204009, "ll_uuid": "b6dd46cf-5e47-4c03-8220-4109b6ad3891", "ogc_fid": 204009, "owner": "SEATTLE CITY OF SPU-WTR", "parcelnumb": "2521109001", "path": "/us/wa/king/enumclaw-plateau/204009"}, "id": 79}, {"type": "Feature", "geometry": {"type": "MultiPolygon", "coordinates": [[[[-121.44484519958496, 47.306764517394555], [-121.44613265991211, 47.30586241800887], [-121.44629083420341, 47.305668015807804], [-121.44621033626251, 47.30586565744084], [-121.44559859726843, 47.30637788014207], [-121.44491174220735, 47.30720327666753], [-121.4448685885885, 47.30725540479589], [-121.44486832442428, 47.3072557244852], [-121.44486285484152, 47.309005034908964], [-121.44485547874382, 47.31087499829691], [-121.44484519958496, 47.310875092937415], [-121.44484519958496, 47.306764517394555]]], [[[-121.44866726659674, 47.30420920800626], [-121.4486139438246, 47.30433528742051], [-121.44840203528952, 47.30443298368237], [-121.44754638525414, 47.30482657295427], [-121.4469820221476, 47.3049472444364], [-121.44866726659674, 47.30420920800626]]], [[[-121.44965171813965, 47.30100245645758], [-121.45020961761475, 47.30088604471396], [-121.45484447479248, 47.29989653454413], [-121.45557403564453, 47.29989653454413], [-121.45558520138133, 47.29989623524816], [-121.455584929981, 47.299902124967545], [-121.455268519034, 47.300014404443296], [-121.44998162563581, 47.3014451970019], [-121.44989519749618, 47.301572027870556], [-121.44948300576142, 47.30219505145213], [-121.44914197856852, 47.30305343058767], [-121.44965171813965, 47.30100245645758]]]]}, "properties": {"fid": 143192, "ll_uuid": "cec2b570-7737-4d00-8197-1b9b14b8dbda", "ogc_fid": 143192, "owner": "SEATTLE CITY OF SPU-WTR", "parcelnumb": "1821119001", "path": "/us/wa/king/enumclaw-plateau/143192"}, "id": 83}, {"type": "Feature", "geometry": {"type": "Polygon", "coordinates": [[[-121.46098136901855, 47.276870644133595], [-121.46196842193604, 47.27535658084611], [-121.46218299865723, 47.274337475394645], [-121.46254637066465, 47.27433273416463], [-121.46247300299197, 47.27450793872563], [-121.46224596848162, 47.27555172246523], [-121.46110894118, 47.27729948222133], [-121.46098136901855, 47.27750580036095], [-121.46098136901855, 47.276870644133595]]]}, "properties": {"fid": 250584, "ll_uuid": "0fb00b33-beca-4025-85e5-31c58a94dd51", "ogc_fid": 250584, "owner": "SEATTLE CITY OF SPU-WTR", "parcelnumb": "3021119002", "path": "/us/wa/king/enumclaw-plateau/250584"}, "id": 85}, {"type": "Feature", "geometry": {"type": "MultiPolygon", "coordinates": [[[[-121.45849925119494, 47.28545922162172], [-121.45806385550819, 47.285456250861735], [-121.4582347869873, 47.28476054199456], [-121.45874977111816, 47.28379984243941], [-121.45943641662598, 47.28283912543736], [-121.45960807800293, 47.282111297911456], [-121.46020889282227, 47.28132523293658], [-121.46038055419922, 47.28059738458316], [-121.4602518081665, 47.27952015064375], [-121.46016597747803, 47.27925811745024], [-121.46003723144531, 47.278763162321695], [-121.46033763885498, 47.278006163169266], [-121.46067198097792, 47.278006163169266], [-121.46059601072008, 47.278129027296416], [-121.46031341677227, 47.27899778883603], [-121.46051157343112, 47.279714506585286], [-121.46051207598448, 47.27971629342389], [-121.46074824999873, 47.280557029474], [-121.46066397437171, 47.2814762415934], [-121.45996538775292, 47.28229086982191], [-121.45980112109063, 47.283018815378924], [-121.45857174651674, 47.28457263763631], [-121.45865599917057, 47.28545922162172], [-121.45849925119494, 47.28545922162172]]], [[[-121.46218299865723, 47.274250122585585], [-121.46265506744385, 47.27334746844858], [-121.46235466003418, 47.27296893148639], [-121.46329879760742, 47.27227008690417], [-121.4633846282959, 47.270988847868495], [-121.46381378173828, 47.270610294035606], [-121.46497249603271, 47.27058117439785], [-121.46601061002625, 47.27058117439785], [-121.46471924811883, 47.2706013288246], [-121.46415705102174, 47.27092406199049], [-121.46349533404934, 47.27131342393432], [-121.46351398899729, 47.27257725837971], [-121.4625686755766, 47.27310332208619], [-121.4628670434798, 47.27356695629887], [-121.46254637066465, 47.27433273416463], [-121.46218299865723, 47.274337475394645], [-121.46218299865723, 47.274250122585585]]]]}, "properties": {"fid": 250585, "ll_uuid": "d37aac1f-2fce-4fa8-b15d-600754773e40", "ogc_fid": 250585, "owner": "SEATTLE CITY OF SPU-WTR", "parcelnumb": "3021119003", "path": "/us/wa/king/enumclaw-plateau/250585"}, "id": 87}, {"type": "Feature", "geometry": {"type": "Polygon", "coordinates": [[[-121.453857421875, 47.16144491746934], [-121.453857421875, 47.156367417548125], [-121.45741939544678, 47.156367417548125], [-121.45720481872559, 47.15680515217022], [-121.45720481872559, 47.15683433435012], [-121.45716190338135, 47.157826518931756], [-121.45716190338135, 47.157855700550755], [-121.45647525787354, 47.1592563994154], [-121.4549732208252, 47.16062788127459], [-121.453857421875, 47.16144491746934]]]}, "properties": {"fid": 39753, "ogc_fid": 39753, "path": "/us/wa/king/enumclaw-plateau/39753", "ll_uuid": "3bc39378-e7e0-4da4-b590-6200ac1a48e2", "owner": "TACOMA WATER", "parcelnumb": "0619119002"}, "id": 51}, {"type": "Feature", "geometry": {"type": "Polygon", "coordinates": [[[-121.46621704101562, 47.238627282409084], [-121.45638942718506, 47.23865641962337], [-121.453857421875, 47.23865641962337], [-121.453857421875, 47.22781627021496], [-121.46656036376953, 47.22781627021496], [-121.46643161773682, 47.23125505235703], [-121.46643161773682, 47.231400758537546], [-121.46634578704834, 47.23495586520937], [-121.4663028717041, 47.235859173987535], [-121.46625995635986, 47.23734522911806], [-121.46621704101562, 47.23816108480153], [-121.46621704101562, 47.238627282409084]]]}, "properties": {"fid": 47080, "ogc_fid": 47080, "path": "/us/wa/king/enumclaw-plateau/47080", "ll_uuid": "10c55e6c-5dd7-4842-bfc7-89f525a0e407", "owner": "TACOMA WATER", "parcelnumb": "0720119003"}, "id": 82}, {"type": "Feature", "geometry": {"type": "MultiPolygon", "coordinates": [[[[-121.46660327911377, 47.270509514650904], [-121.46660393499593, 47.27056856679601], [-121.46660397279074, 47.27057191372018], [-121.46660327911377, 47.27057192454647], [-121.46660327911377, 47.270509514650904]]], [[[-121.46656036376953, 47.26915429252108], [-121.46659444740457, 47.2691547130233], [-121.46659708135272, 47.269876819080864], [-121.46656036376953, 47.26915429252108]]], [[[-121.48630142211914, 47.269329014817686], [-121.48634414490886, 47.269329777703696], [-121.48613028700662, 47.26932782987613], [-121.48630142211914, 47.269329014817686]]]]}, "properties": {"fid": 204009, "ogc_fid": 204009, "path": "/us/wa/king/enumclaw-plateau/204009", "ll_uuid": "b6dd46cf-5e47-4c03-8220-4109b6ad3891", "owner": "SEATTLE CITY OF SPU-WTR", "parcelnumb": "2521109001"}, "id": 85}, {"type": "Feature", "geometry": {"type": "MultiPolygon", "coordinates": [[[[-121.46896362304688, 47.26915429252108], [-121.4692211151123, 47.26903781066957], [-121.46934986114502, 47.26900869016666], [-121.46952152252197, 47.26900869016666], [-121.46965026855469, 47.26883396681259], [-121.46956443786621, 47.2687466049193], [-121.46956443786621, 47.268659242881796], [-121.46960735321045, 47.26860100144333], [-121.47188186645508, 47.266970215147495], [-121.47188186645508, 47.266941093507], [-121.47522926330566, 47.26603831470544], [-121.4752721786499, 47.26603831470544], [-121.47591590881348, 47.2656597254645], [-121.47608757019043, 47.2656597254645], [-121.47651672363281, 47.26603831470544], [-121.47655963897705, 47.26603831470544], [-121.47684009026156, 47.26622862722505], [-121.47620129844563, 47.26602224258933], [-121.47551466096307, 47.2661404421256], [-121.47265291147384, 47.26737091407319], [-121.47189752615208, 47.26769804919162], [-121.47004491547081, 47.26860741609755], [-121.46980984852993, 47.26897404971941], [-121.46957981208769, 47.269173387407605], [-121.46913274546462, 47.269168904459214], [-121.46913260006292, 47.269168902976645], [-121.46894477142374, 47.26916708438483], [-121.46896362304688, 47.26915429252108]]], [[[-121.4769458770752, 47.26624216932905], [-121.4769458770752, 47.26626280545409], [-121.4768820051317, 47.26624216932905], [-121.4769458770752, 47.26624216932905]]], [[[-121.47724628448486, 47.266358657332944], [-121.47793292999268, 47.26598007038308], [-121.47814750671387, 47.26598007038308], [-121.47844791412354, 47.26606743684263], [-121.47853374481201, 47.26624216932905], [-121.47883415222168, 47.26647514508042], [-121.47947788238525, 47.266678998021746], [-121.47977828979492, 47.266824606784894], [-121.47982120513916, 47.26729055213528], [-121.47977828979492, 47.26752352327239], [-121.47999286651611, 47.26769825095229], [-121.48208362009656, 47.26929067977771], [-121.48135629566517, 47.269282632725954], [-121.4796119945057, 47.26795388403348], [-121.47937495208514, 47.267325260854406], [-121.47935386465454, 47.267273343961634], [-121.47845150589674, 47.26660647148401], [-121.47729935214629, 47.266377653139266], [-121.47724095131653, 47.266358657332944], [-121.47724628448486, 47.266358657332944]]]]}, "properties": {"fid": 306965, "ogc_fid": 306965, "path": "/us/wa/king/enumclaw-plateau/306965", "ll_uuid": "29920d99-bfa8-4ed4-8e6b-d72e9dcd74db", "owner": "SEATTLE CITY OF SPU-WTR", "parcelnumb": "3621109002"}, "id": 87}, {"type": "Feature", "geometry": {"type": "Polygon", "coordinates": [[[-121.46098136901855, 47.276870644133595], [-121.46196842193604, 47.27535658084611], [-121.46218299865723, 47.274337475394645], [-121.4625453752396, 47.274335111274375], [-121.46247300299197, 47.27450793872563], [-121.46224596848162, 47.27555172246523], [-121.46110894118, 47.27729948222133], [-121.46098136901855, 47.27750580036095], [-121.46098136901855, 47.276870644133595]]]}, "properties": {"fid": 250584, "ogc_fid": 250584, "path": "/us/wa/king/enumclaw-plateau/250584", "ll_uuid": "0fb00b33-beca-4025-85e5-31c58a94dd51", "owner": "SEATTLE CITY OF SPU-WTR", "parcelnumb": "3021119002"}, "id": 95}, {"type": "Feature", "geometry": {"type": "MultiPolygon", "coordinates": [[[[-121.46218299865723, 47.274250122585585], [-121.46265506744385, 47.27337658656427], [-121.46235466003418, 47.27296893148639], [-121.46329879760742, 47.27227008690417], [-121.4633846282959, 47.270988847868495], [-121.46381378173828, 47.270610294035606], [-121.46470363083453, 47.270610294035606], [-121.46415705102174, 47.27092406199049], [-121.46349533404934, 47.27131342393432], [-121.46351398899729, 47.27257725837971], [-121.4625686755766, 47.27310332208619], [-121.4628670434798, 47.27356695629887], [-121.4625453752396, 47.274335111274375], [-121.46218299865723, 47.274337475394645], [-121.46218299865723, 47.274250122585585]]], [[[-121.45806312561035, 47.285430110154834], [-121.4582347869873, 47.28476054199456], [-121.45874977111816, 47.28379984243941], [-121.45943641662598, 47.28283912543736], [-121.45960807800293, 47.282111297911456], [-121.46020889282227, 47.28132523293658], [-121.46038055419922, 47.28059738458316], [-121.4602518081665, 47.27952015064375], [-121.46016597747803, 47.27925811745024], [-121.46003723144531, 47.278763162321695], [-121.46033763885498, 47.278006163169266], [-121.46067198097792, 47.278006163169266], [-121.46059601072008, 47.278129027296416], [-121.46031341677227, 47.27899778883603], [-121.46051157343112, 47.279714506585286], [-121.46051207598448, 47.27971629342389], [-121.46074824999873, 47.280557029474], [-121.46066397437171, 47.2814762415934], [-121.45996538775292, 47.28229086982191], [-121.45980112109063, 47.283018815378924], [-121.45857174651674, 47.28457263763631], [-121.45865411867953, 47.28543943336386], [-121.45806312561035, 47.285430110154834]]]]}, "properties": {"fid": 250585, "ogc_fid": 250585, "path": "/us/wa/king/enumclaw-plateau/250585", "ll_uuid": "d37aac1f-2fce-4fa8-b15d-600754773e40", "owner": "SEATTLE CITY OF SPU-WTR", "parcelnumb": "3021119003"}, "id": 96}, {"type": "Feature", "geometry": {"type": "Polygon", "coordinates": [[[-121.4775037765503, 47.20248480784545], [-121.47746086120605, 47.20612931913462], [-121.46668910980225, 47.20612931913462], [-121.46668910980225, 47.20548790330349], [-121.46673202514648, 47.20248480784545], [-121.46681785583496, 47.19881088706859], [-121.47218227386475, 47.19881088706859], [-121.47758960723877, 47.19884004617157], [-121.48831844329834, 47.19884004617157], [-121.4882755279541, 47.202572279048894], [-121.48286819458008, 47.20254312199708], [-121.4775037765503, 47.20248480784545]]]}, "properties": {"fid": 193091, "ogc_fid": 193091, "path": "/us/wa/king/enumclaw-plateau/193091", "ll_uuid": "af41a16a-7c1e-41ae-89bb-0bdd620a61e2", "owner": "TACOMA WATER", "parcelnumb": "2420109013"}, "id": 98}, {"type": "Feature", "geometry": {"type": "Polygon", "coordinates": [[[-121.45656108856201, 47.21991788358142], [-121.45656108856201, 47.22052997774449], [-121.45651817321777, 47.22052997774449], [-121.45651817321777, 47.22050083056362], [-121.4564323425293, 47.22035509441898], [-121.45638942718506, 47.22026765253989], [-121.45634651184082, 47.22026765253989], [-121.45634651184082, 47.22023850521481], [-121.45630359649658, 47.22020935787373], [-121.4562177658081, 47.22009276834905], [-121.45617485046387, 47.220063620927846], [-121.45617485046387, 47.220034473490585], [-121.45608901977539, 47.21994703108277], [-121.45608901977539, 47.21991788358142], [-121.45656108856201, 47.21991788358142]]]}, "properties": {"fid": 2235, "ogc_fid": 2235, "path": "/us/wa/king/enumclaw-plateau/2235", "ll_uuid": "e71a069d-c60e-4539-a81b-978294946834", "owner": "TACOMA WATER", "parcelnumb": "0025000005"}, "id": 99}, {"type": "Feature", "geometry": {"type": "Polygon", "coordinates": [[[-121.50964736938477, 47.20035629744277], [-121.51479721069336, 47.20032713917311], [-121.51476393960121, 47.202587638542035], [-121.51345077095642, 47.20274409509477], [-121.51191152332846, 47.202833330503815], [-121.51038765074127, 47.202911442550736], [-121.50958491427969, 47.20290697836604], [-121.50948772129682, 47.202905294851824], [-121.50964736938477, 47.20035629744277]]]}, "properties": {"fid": 180038, "ogc_fid": 180038, "path": "/us/wa/king/enumclaw-plateau/180038", "ll_uuid": "1e750db3-823d-4d26-8349-e915f821a62d", "owner": "TACOMA WATER", "parcelnumb": "2220109017"}, "id": 100}, {"type": "Feature", "geometry": {"type": "MultiPolygon", "coordinates": [[[[-121.47737503051758, 47.21163934471065], [-121.47737503051758, 47.21158104055826], [-121.47741794586182, 47.2111437573721], [-121.47741794586182, 47.211056300302204], [-121.47926330566406, 47.21053155485433], [-121.48046493530273, 47.21018172167135], [-121.48072242736816, 47.21012341591654], [-121.48119449615479, 47.21003595716411], [-121.48140907287598, 47.209977651249034], [-121.48149490356445, 47.209948498267465], [-121.48179531097412, 47.20991934526984], [-121.48200988769531, 47.20986103922658], [-121.4827823638916, 47.20986103922658], [-121.4827823638916, 47.210356638551275], [-121.48235321044922, 47.21038579130854], [-121.48192405700684, 47.210473249484096], [-121.4796495437622, 47.211056300302204], [-121.4787483215332, 47.21128951883475], [-121.47737503051758, 47.21163934471065]]], [[[-121.48273944854736, 47.212543050876576], [-121.48273944854736, 47.21344674164328], [-121.48235321044922, 47.21344674164328], [-121.48145198822021, 47.213417590568554], [-121.47737503051758, 47.213417590568554], [-121.47737503051758, 47.2118142567833], [-121.47810459136963, 47.21163934471065], [-121.47887706756592, 47.21143527989682], [-121.48170948028564, 47.210706470580504], [-121.48205280303955, 47.21061901278955], [-121.48235321044922, 47.21056070751541], [-121.48265361785889, 47.21053155485433], [-121.4827823638916, 47.21053155485433], [-121.4827823638916, 47.210881385729806], [-121.48273944854736, 47.212543050876576]]]]}, "properties": {"fid": 193085, "ogc_fid": 193085, "path": "/us/wa/king/enumclaw-plateau/193085", "ll_uuid": "4a36406c-7137-4464-abc1-05cd628d7ad9", "owner": "TACOMA WATER", "parcelnumb": "2420109005"}, "id": 102}, {"type": "Feature", "geometry": {"type": "Polygon", "coordinates": [[[-121.453857421875, 47.19886920525849], [-121.453857421875, 47.18443349793617], [-121.45493030548096, 47.18443349793617], [-121.45493030548096, 47.1844626649395], [-121.4553165435791, 47.184958501544], [-121.45514488220215, 47.18539600058429], [-121.45510196685791, 47.18565849827769], [-121.4549732208252, 47.18606682544291], [-121.45544528961182, 47.187525111106766], [-121.45596027374268, 47.18912917906408], [-121.45591735839844, 47.18950831531629], [-121.45578861236572, 47.19041239852703], [-121.45578861236572, 47.190616544217505], [-121.4558744430542, 47.191637260891184], [-121.4558744430542, 47.19166642393628], [-121.45613193511963, 47.19219135600747], [-121.45638942718506, 47.192687120418384], [-121.45690441131592, 47.193095393514625], [-121.45741939544678, 47.19367863534646], [-121.45771980285645, 47.19402857736878], [-121.45793437957764, 47.194553486075506], [-121.45814895629883, 47.195136711882355], [-121.45862102508545, 47.196332304747244], [-121.45874977111816, 47.19668222927032], [-121.45913600921631, 47.197177951727895], [-121.46012306213379, 47.19851929515775], [-121.46012306213379, 47.198577613668135], [-121.45999431610107, 47.19884004617157], [-121.4567756652832, 47.19884004617157], [-121.453857421875, 47.19886920525849]]]}, "properties": {"fid": 250084, "ogc_fid": 250084, "path": "/us/wa/king/enumclaw-plateau/250084", "ll_uuid": "489ad21c-7250-4389-95e2-54b57e8a7881", "owner": "TACOMA WATER", "parcelnumb": "3020119002"}, "id": 104}, {"type": "Feature", "geometry": {"type": "Polygon", "coordinates": [[[-121.45977973937988, 47.216478365919585], [-121.4578914642334, 47.21700305252688], [-121.45656108856201, 47.21700305252688], [-121.45656108856201, 47.21583707523794], [-121.45780563354492, 47.21548727705175], [-121.4584493637085, 47.21528322704424], [-121.45870685577393, 47.21563302657643], [-121.45870685577393, 47.21569132627411], [-121.45887851715088, 47.21563302657643], [-121.46153926849365, 47.214904274947116], [-121.46381378173828, 47.21426296522884], [-121.46578788757324, 47.2137091005944], [-121.4663028717041, 47.21356334578181], [-121.46647453308105, 47.21350504374459], [-121.4665174484253, 47.21350504374459], [-121.4665174484253, 47.21461277149115], [-121.46467208862305, 47.21510832641283], [-121.46445751190186, 47.21519577680064], [-121.46153926849365, 47.21598282380117], [-121.46059513092041, 47.21624517020541], [-121.46038055419922, 47.2163034692301], [-121.45977973937988, 47.216478365919585]]]}, "properties": {"fid": 142845, "ogc_fid": 142845, "path": "/us/wa/king/enumclaw-plateau/142845", "ll_uuid": "b17036d8-9619-42a5-9732-e71810c8052e", "owner": "CITY OF TACOMA", "parcelnumb": "1820119012"}, "id": 109}, {"type": "Feature", "geometry": {"type": "MultiPolygon", "coordinates": [[[[-121.48823261260986, 47.207791133163425], [-121.49763107299805, 47.206420869221205], [-121.49828824179701, 47.20632849936125], [-121.49831595142278, 47.207573267946564], [-121.49535655975342, 47.207995211998536], [-121.48823261260986, 47.20901559439622], [-121.48823261260986, 47.207791133163425]]], [[[-121.49145126342773, 47.21015256880196], [-121.49106502532959, 47.21015256880196], [-121.49089336395264, 47.210094263015094], [-121.49003505706787, 47.20991934526984], [-121.49110794067383, 47.209744426947765], [-121.49834119120534, 47.20870708652256], [-121.49834865924922, 47.209042565120484], [-121.49839405172509, 47.209110967019704], [-121.49728775024414, 47.20927797526852], [-121.49703025817871, 47.20930712861869], [-121.49677276611328, 47.20930712861869], [-121.4963436126709, 47.209248821902406], [-121.49617195129395, 47.209248821902406], [-121.49608612060547, 47.20927797526852], [-121.49582862854004, 47.209452895128976], [-121.49569988250732, 47.20951120162093], [-121.49552822113037, 47.20954035484286], [-121.49166584014893, 47.210094263015094], [-121.49145126342773, 47.21015256880196]]], [[[-121.48823261260986, 47.21015256880196], [-121.48960590362549, 47.209977651249034], [-121.4906358718872, 47.21021087452476], [-121.49097919464111, 47.21029833298874], [-121.4914083480835, 47.21029833298874], [-121.49162292480469, 47.210269180183445], [-121.49569988250732, 47.20965696757037], [-121.49587154388428, 47.20962781441253], [-121.49604320526123, 47.20954035484286], [-121.4961290359497, 47.209423741858956], [-121.49617195129395, 47.209394588572934], [-121.49625778198242, 47.209394588572934], [-121.49638652801514, 47.209423741858956], [-121.49660110473633, 47.209452895128976], [-121.49703025817871, 47.209452895128976], [-121.49733066558838, 47.209423741858956], [-121.49849650012806, 47.20926534646702], [-121.49883270263672, 47.209771969859496], [-121.49883270263672, 47.209977651249034], [-121.48823261260986, 47.21155188845799], [-121.48823261260986, 47.21015256880196]]]]}, "properties": {"fid": 186399, "ogc_fid": 186399, "path": "/us/wa/king/enumclaw-plateau/186399", "ll_uuid": "f3086717-7473-4790-bab4-0e2376125343", "owner": "TACOMA WATER", "parcelnumb": "2320109018"}, "id": 110}, {"type": "Feature", "geometry": {"type": "Polygon", "coordinates": [[[-121.48643016815186, 47.20927797526852], [-121.48630142211914, 47.20875321222596], [-121.48746013641357, 47.208607443792744], [-121.48763179779053, 47.20910305483122], [-121.48643016815186, 47.20927797526852]]]}, "properties": {"fid": 193088, "ogc_fid": 193088, "path": "/us/wa/king/enumclaw-plateau/193088", "ll_uuid": "29756765-4e50-48a4-b071-914b2851d1a3", "owner": "TACOMA WATER", "parcelnumb": "2420109008"}, "id": 111}, {"type": "Feature", "geometry": {"type": "Polygon", "coordinates": [[[-121.48818969726562, 47.21298032252531], [-121.48818969726562, 47.21344674164328], [-121.48273944854736, 47.21344674164328], [-121.48273944854736, 47.212543050876576], [-121.4827823638916, 47.210881385729806], [-121.48651599884033, 47.210356638551275], [-121.48660182952881, 47.21067731799954], [-121.4871597290039, 47.210589860160496], [-121.4871597290039, 47.211231214297754], [-121.48823261260986, 47.211231214297754], [-121.48823261260986, 47.21257220243197], [-121.48818969726562, 47.21298032252531]]]}, "properties": {"fid": 193092, "ogc_fid": 193092, "path": "/us/wa/king/enumclaw-plateau/193092", "ll_uuid": "6dd81efd-aaff-4abd-9113-fb874876a068", "owner": "TACOMA WATER", "parcelnumb": "2420109021"}, "id": 112}, {"type": "Feature", "geometry": {"type": "Polygon", "coordinates": [[[-121.51994705200195, 47.19312455575846], [-121.53033256530762, 47.19315371798626], [-121.53033540735575, 47.193622981387435], [-121.53035310019708, 47.19835543311878], [-121.52955693403929, 47.19869070481941], [-121.5283811846364, 47.199346727018884], [-121.52726850724187, 47.19993636866751], [-121.52656294210684, 47.20026116122265], [-121.52003288269043, 47.20029798088743], [-121.51994705200195, 47.19312455575846]]]}, "properties": {"fid": 220683, "ogc_fid": 220683, "path": "/us/wa/king/enumclaw-plateau/220683", "ll_uuid": "b290fff2-ae0a-4b65-b6aa-9876deb17c16", "owner": "TACOMA WATER", "parcelnumb": "2720109005"}, "id": 113}, {"type": "Feature", "geometry": {"type": "Polygon", "coordinates": [[[-121.47737503051758, 47.2118142567833], [-121.47737503051758, 47.213417590568554], [-121.47140979766846, 47.213417590568554], [-121.47737503051758, 47.2118142567833]]]}, "properties": {"fid": 193083, "ogc_fid": 193083, "path": "/us/wa/king/enumclaw-plateau/193083", "ll_uuid": "9e23115f-72dc-4ee5-a777-8d52a393da2f", "owner": "TACOMA WATER", "parcelnumb": "2420109002"}, "id": 116}, {"type": "Feature", "geometry": {"type": "Polygon", "coordinates": [[[-121.49878978729248, 47.213650798717424], [-121.48913383483887, 47.21344674164328], [-121.48818969726562, 47.21344674164328], [-121.48818969726562, 47.21298032252531], [-121.48823261260986, 47.21257220243197], [-121.48823261260986, 47.21155188845799], [-121.49883270263672, 47.209977651249034], [-121.49883270263672, 47.209771969859496], [-121.50082245157785, 47.21277032154569], [-121.50105511170713, 47.21369512502093], [-121.49878978729248, 47.213650798717424]]]}, "properties": {"fid": 186395, "ogc_fid": 186395, "path": "/us/wa/king/enumclaw-plateau/186395", "ll_uuid": "d82ad672-b05c-401c-8c42-805e7914aac1", "owner": "TACOMA WATER", "parcelnumb": "2320109001"}, "id": 119}, {"type": "Feature", "geometry": {"type": "Polygon", "coordinates": [[[-121.48823261260986, 47.21015256880196], [-121.48823261260986, 47.211231214297754], [-121.48754596710205, 47.211231214297754], [-121.48758888244629, 47.21021087452476], [-121.48823261260986, 47.21015256880196]]]}, "properties": {"fid": 193087, "ogc_fid": 193087, "path": "/us/wa/king/enumclaw-plateau/193087", "ll_uuid": "45e01c8c-e10a-47db-8f82-143384e8ef13", "owner": "TACOMA WATER", "parcelnumb": "2420109007", "address": "64400 SE 436TH ST"}, "id": 120}, {"type": "Feature", "geometry": {"type": "MultiPolygon", "coordinates": [[[[-121.45656108856201, 47.21583707523794], [-121.45656108856201, 47.21338843947788], [-121.45832061767578, 47.21338843947788], [-121.45909309387207, 47.213417590568554], [-121.4665174484253, 47.213417590568554], [-121.4665174484253, 47.21350504374459], [-121.46647453308105, 47.21350504374459], [-121.4663028717041, 47.21356334578181], [-121.46578788757324, 47.2137091005944], [-121.46381378173828, 47.21426296522884], [-121.46153926849365, 47.214904274947116], [-121.45887851715088, 47.21563302657643], [-121.45870685577393, 47.21569132627411], [-121.45870685577393, 47.21563302657643], [-121.4584493637085, 47.21528322704424], [-121.45780563354492, 47.21548727705175], [-121.45656108856201, 47.21583707523794]]], [[[-121.46196842193604, 47.220617419190944], [-121.46196842193604, 47.22781627021496], [-121.45651817321777, 47.22781627021496], [-121.45656108856201, 47.22152097235957], [-121.45656108856201, 47.2176443291074], [-121.45780563354492, 47.21732369178659], [-121.4665174484253, 47.21493342520455], [-121.4665174484253, 47.220617419190944], [-121.46196842193604, 47.220617419190944]]], [[[-121.45656108856201, 47.217381989625494], [-121.45656108856201, 47.21700305252688], [-121.4578914642334, 47.21700305252688], [-121.45763397216797, 47.217061350718296], [-121.45656108856201, 47.217381989625494]]]]}, "properties": {"fid": 142842, "ogc_fid": 142842, "path": "/us/wa/king/enumclaw-plateau/142842", "ll_uuid": "e4cd1d48-0e16-4fb5-b365-a01a01833b7e", "owner": "TACOMA WATER", "parcelnumb": "1820119005"}, "id": 121}, {"type": "Feature", "geometry": {"type": "Polygon", "coordinates": [[[-121.4564323425293, 47.219772145834355], [-121.4564323425293, 47.21991788358142], [-121.45608901977539, 47.21991788358142], [-121.45604610443115, 47.21983044098124], [-121.45604610443115, 47.219772145834355], [-121.4564323425293, 47.219772145834355]]]}, "properties": {"fid": 2236, "ogc_fid": 2236, "path": "/us/wa/king/enumclaw-plateau/2236", "ll_uuid": "a6c6f0fb-2010-4c63-b0a3-90e0fa085ffd", "owner": "TACOMA WATER", "parcelnumb": "0025000010"}, "id": 123}, {"type": "Feature", "geometry": {"type": "Polygon", "coordinates": [[[-121.453857421875, 47.16147409710106], [-121.453857421875, 47.156338235111775], [-121.45741939544678, 47.156338235111775], [-121.45720481872559, 47.15680515217022], [-121.45716190338135, 47.157826518931756], [-121.45716190338135, 47.157855700550755], [-121.45647525787354, 47.1592563994154], [-121.4549732208252, 47.16062788127459], [-121.453857421875, 47.16147409710106]]]}, "properties": {"fid": 39753, "ogc_fid": 39753, "path": "/us/wa/king/enumclaw-plateau/39753", "ll_uuid": "3bc39378-e7e0-4da4-b590-6200ac1a48e2", "owner": "TACOMA WATER", "parcelnumb": "0619119002"}, "id": 124}, {"type": "Feature", "geometry": {"type": "Polygon", "coordinates": [[[-121.46660327911377, 47.209452895128976], [-121.46141052246094, 47.208957287359425], [-121.46128177642822, 47.208957287359425], [-121.46123886108398, 47.20892813381704], [-121.46098136901855, 47.20892813381704], [-121.46093845367432, 47.208898980258596], [-121.46050930023193, 47.208898980258596], [-121.4604663848877, 47.20886982668412], [-121.45965099334717, 47.20886982668412], [-121.45960807800293, 47.208898980258596], [-121.45664691925049, 47.208898980258596], [-121.453857421875, 47.20892813381704], [-121.453857421875, 47.19886920525849], [-121.4567756652832, 47.19884004617157], [-121.45999431610107, 47.19884004617157], [-121.46681785583496, 47.19881088706859], [-121.46673202514648, 47.20248480784545], [-121.46668910980225, 47.20548790330349], [-121.46668910980225, 47.20612931913462], [-121.46660327911377, 47.209452895128976]]]}, "properties": {"fid": 151721, "ogc_fid": 151721, "path": "/us/wa/king/enumclaw-plateau/151721", "ll_uuid": "853ddfb3-ef80-421d-b385-d3e15b6066ab", "owner": "TACOMA WATER", "parcelnumb": "1920119003"}, "id": 125}, {"type": "Feature", "geometry": {"type": "MultiPolygon", "coordinates": [[[[-121.47741794586182, 47.20965696757037], [-121.47746086120605, 47.20612931913462], [-121.4775037765503, 47.20248480784545], [-121.48286819458008, 47.20254312199708], [-121.4882755279541, 47.202572279048894], [-121.4882755279541, 47.2069456553389], [-121.48823261260986, 47.20755789924755], [-121.48823261260986, 47.20901559439622], [-121.48763179779053, 47.20910305483122], [-121.48746013641357, 47.208607443792744], [-121.48630142211914, 47.20875321222596], [-121.48643016815186, 47.20927797526852], [-121.48488521575928, 47.20948204838297], [-121.48200988769531, 47.20954035484286], [-121.4818811416626, 47.20954035484286], [-121.48170948028564, 47.20956950804876], [-121.48123741149902, 47.20956950804876], [-121.47741794586182, 47.20965696757037]]], [[[-121.47741794586182, 47.211056300302204], [-121.47741794586182, 47.209977651249034], [-121.48055076599121, 47.20991934526984], [-121.48145198822021, 47.20989019225621], [-121.48200988769531, 47.20986103922658], [-121.48179531097412, 47.20991934526984], [-121.48149490356445, 47.209948498267465], [-121.48140907287598, 47.209977651249034], [-121.48119449615479, 47.21003595716411], [-121.48072242736816, 47.21012341591654], [-121.48046493530273, 47.21018172167135], [-121.47926330566406, 47.21053155485433], [-121.47741794586182, 47.211056300302204]]]]}, "properties": {"fid": 193089, "ogc_fid": 193089, "path": "/us/wa/king/enumclaw-plateau/193089", "ll_uuid": "f2244dfd-c812-4845-aa52-0a31ef3e212e", "owner": "TACOMA WATER", "parcelnumb": "2420109009"}, "id": 127}, {"type": "Feature", "geometry": {"type": "Polygon", "coordinates": [[[-121.4665174484253, 47.22423153947244], [-121.46656036376953, 47.22781627021496], [-121.46196842193604, 47.22781627021496], [-121.46196842193604, 47.224202394326596], [-121.4665174484253, 47.22423153947244]]]}, "properties": {"fid": 142843, "ogc_fid": 142843, "path": "/us/wa/king/enumclaw-plateau/142843", "ll_uuid": "695b6b50-149c-48da-8338-e2ac1bef5cfa", "owner": "TACOMA WATER", "parcelnumb": "1820119006"}, "id": 131}, {"type": "Feature", "geometry": {"type": "Polygon", "coordinates": [[[-121.4665174484253, 47.21464192190885], [-121.4665174484253, 47.213417590568554], [-121.47085189819336, 47.213417590568554], [-121.4665174484253, 47.21464192190885]]]}, "properties": {"fid": 95130, "ogc_fid": 95130, "path": "/us/wa/king/enumclaw-plateau/95130", "ll_uuid": "086fe1db-f258-4337-9fa6-d08fabfc378a", "owner": "TACOMA WATER", "parcelnumb": "1320109018"}, "id": 133}, {"type": "Feature", "geometry": {"type": "Polygon", "coordinates": [[[-121.48660182952881, 47.21067731799954], [-121.48651599884033, 47.210356638551275], [-121.4871597290039, 47.210269180183445], [-121.4871597290039, 47.210589860160496], [-121.48660182952881, 47.21067731799954]]]}, "properties": {"fid": 193086, "ogc_fid": 193086, "path": "/us/wa/king/enumclaw-plateau/193086", "ll_uuid": "539888ea-dd2b-444a-8fab-10bb543594e3", "owner": "TACOMA WATER", "parcelnumb": "2420109006"}, "id": 135}, {"type": "Feature", "geometry": {"type": "Polygon", "coordinates": [[[-121.46218299865723, 47.212601353971394], [-121.4645004272461, 47.213417590568554], [-121.45909309387207, 47.213417590568554], [-121.4593505859375, 47.21330098610957], [-121.4608097076416, 47.21268880849345], [-121.46153926849365, 47.21239729285915], [-121.46162509918213, 47.21242644449467], [-121.46218299865723, 47.212601353971394]]]}, "properties": {"fid": 151722, "ogc_fid": 151722, "path": "/us/wa/king/enumclaw-plateau/151722", "ll_uuid": "07499008-f7f2-479f-98a7-55d59848432e", "owner": "TACOMA WATER", "parcelnumb": "1920119020"}, "id": 136}, {"type": "Feature", "geometry": {"type": "Polygon", "coordinates": [[[-121.48823261260986, 47.20755789924755], [-121.4882755279541, 47.2069456553389], [-121.4882755279541, 47.202572279048894], [-121.49837528134307, 47.20282230498725], [-121.49826368155084, 47.20522520683996], [-121.49828824179701, 47.20632849936125], [-121.49763107299805, 47.206420869221205], [-121.48823261260986, 47.207791133163425], [-121.48823261260986, 47.20755789924755]]]}, "properties": {"fid": 186396, "ogc_fid": 186396, "path": "/us/wa/king/enumclaw-plateau/186396", "ll_uuid": "b8fef3ce-f6a2-44ff-9a34-080c211ccdbc", "owner": "TACOMA WATER", "parcelnumb": "2320109003"}, "id": 139}, {"type": "Feature", "geometry": {"type": "Polygon", "coordinates": [[[-121.47158145904541, 47.21321353259705], [-121.47085189819336, 47.213417590568554], [-121.4665174484253, 47.213417590568554], [-121.4665174484253, 47.21321353259705], [-121.46656036376953, 47.21298032252531], [-121.46656036376953, 47.21143527989682], [-121.46660327911377, 47.209744426947765], [-121.46681785583496, 47.209773580041514], [-121.46849155426025, 47.20986103922658], [-121.46870613098145, 47.20989019225621], [-121.47007942199707, 47.209977651249034], [-121.47003650665283, 47.21003595716411], [-121.47136688232422, 47.21012341591654], [-121.47248268127441, 47.21012341591654], [-121.47252559661865, 47.21006511009762], [-121.47741794586182, 47.209977651249034], [-121.47741794586182, 47.2111437573721], [-121.47737503051758, 47.21158104055826], [-121.47737503051758, 47.21163934471065], [-121.47467136383057, 47.21236814120758], [-121.47158145904541, 47.21321353259705]]]}, "properties": {"fid": 193093, "ogc_fid": 193093, "path": "/us/wa/king/enumclaw-plateau/193093", "ll_uuid": "f2529da0-5af8-4769-9d92-8075f648bd8d", "owner": "TACOMA WATER", "parcelnumb": "2420109026"}, "id": 141}, {"type": "Feature", "geometry": {"type": "Polygon", "coordinates": [[[-121.4665174484253, 47.21321353259705], [-121.4665174484253, 47.213417590568554], [-121.4645004272461, 47.213417590568554], [-121.46218299865723, 47.212601353971394], [-121.46162509918213, 47.21242644449467], [-121.46153926849365, 47.21239729285915], [-121.4608097076416, 47.21268880849345], [-121.4593505859375, 47.21330098610957], [-121.45909309387207, 47.213417590568554], [-121.45832061767578, 47.21338843947788], [-121.453857421875, 47.21338843947788], [-121.453857421875, 47.20921966852018], [-121.45394325256348, 47.20921966852018], [-121.45394325256348, 47.20933628195277], [-121.45407199859619, 47.20933628195277], [-121.45411491394043, 47.20930712861869], [-121.45505905151367, 47.20930712861869], [-121.45505905151367, 47.209190515122], [-121.45724773406982, 47.209190515122], [-121.45724773406982, 47.209248821902406], [-121.45797729492188, 47.20927797526852], [-121.45797729492188, 47.209190515122], [-121.45977973937988, 47.209190515122], [-121.45982265472412, 47.20916136170774], [-121.45986557006836, 47.20916136170774], [-121.45995140075684, 47.209190515122], [-121.46072387695312, 47.209190515122], [-121.46076679229736, 47.20921966852018], [-121.46111011505127, 47.20921966852018], [-121.46115303039551, 47.209248821902406], [-121.4613676071167, 47.209248821902406], [-121.46660327911377, 47.209744426947765], [-121.46656036376953, 47.21143527989682], [-121.46656036376953, 47.21298032252531], [-121.4665174484253, 47.21321353259705]]]}, "properties": {"fid": 151725, "ogc_fid": 151725, "path": "/us/wa/king/enumclaw-plateau/151725", "ll_uuid": "171a500f-e0ea-41f1-9789-4f977829bdaf", "owner": "TACOMA WATER", "parcelnumb": "1920119021"}, "id": 147}, {"type": "Feature", "geometry": {"type": "Polygon", "coordinates": [[[-121.51479721069336, 47.20032713917311], [-121.52003288269043, 47.20029798088743], [-121.52656294210684, 47.20026116122265], [-121.52620219698203, 47.200427222901475], [-121.52446200252763, 47.20094529354079], [-121.52231760663734, 47.201313537818535], [-121.52026972095626, 47.20168071763231], [-121.51857417532923, 47.20201236814281], [-121.51689428220011, 47.202321748779795], [-121.51532493855274, 47.202520798717316], [-121.51476393960121, 47.202587638542035], [-121.51479721069336, 47.20032713917311]]]}, "properties": {"fid": 180036, "ogc_fid": 180036, "path": "/us/wa/king/enumclaw-plateau/180036", "ll_uuid": "273ac184-c145-4332-abb6-80f046167cc6", "owner": "TACOMA WATER", "parcelnumb": "2220109003"}, "id": 149}, {"type": "Feature", "geometry": {"type": "Polygon", "coordinates": [[[-121.45600318908691, 47.21997617856806], [-121.45604610443115, 47.220063620927846], [-121.45527362823486, 47.220063620927846], [-121.45523071289062, 47.21994703108277], [-121.45523071289062, 47.21991788358142], [-121.45596027374268, 47.21991788358142], [-121.45600318908691, 47.21997617856806]]]}, "properties": {"fid": 2240, "ogc_fid": 2240, "path": "/us/wa/king/enumclaw-plateau/2240", "ll_uuid": "5d140788-8e18-46eb-abec-cdca46b252a2", "owner": "TACOMA WATER", "parcelnumb": "0025000120"}, "id": 150}, {"type": "Feature", "geometry": {"type": "MultiPolygon", "coordinates": [[[[-121.45656108856201, 47.21338843947788], [-121.45656108856201, 47.21700305252688], [-121.453857421875, 47.21700305252688], [-121.453857421875, 47.21338843947788], [-121.45656108856201, 47.21338843947788]]], [[[-121.45656108856201, 47.22152097235957], [-121.45651817321777, 47.22781627021496], [-121.453857421875, 47.22781627021496], [-121.453857421875, 47.220617419190944], [-121.45656108856201, 47.220617419190944], [-121.45656108856201, 47.22152097235957]]]]}, "properties": {"fid": 142841, "ogc_fid": 142841, "path": "/us/wa/king/enumclaw-plateau/142841", "ll_uuid": "9229abf1-bd77-4729-a281-13cb92cbf318", "owner": "TACOMA WATER", "parcelnumb": "1820119001"}, "id": 153}, {"type": "Feature", "geometry": {"type": "Polygon", "coordinates": [[[-121.47248268127441, 47.209773580041514], [-121.47248268127441, 47.209686120712206], [-121.47140979766846, 47.209686120712206], [-121.47007942199707, 47.20959866123866], [-121.47007942199707, 47.20965696757037], [-121.46870613098145, 47.20956950804876], [-121.46849155426025, 47.20954035484286], [-121.46660327911377, 47.209452895128976], [-121.46668910980225, 47.20612931913462], [-121.47746086120605, 47.20612931913462], [-121.47741794586182, 47.20965696757037], [-121.47248268127441, 47.209773580041514]]]}, "properties": {"fid": 193084, "ogc_fid": 193084, "path": "/us/wa/king/enumclaw-plateau/193084", "ll_uuid": "bdbcda53-faff-4130-b39f-5f0a98202802", "owner": "TACOMA WATER", "parcelnumb": "2420109003"}, "id": 155}, {"type": "Feature", "geometry": {"type": "Polygon", "coordinates": [[[-121.4665174484253, 47.22423153947244], [-121.46196842193604, 47.224202394326596], [-121.46196842193604, 47.220617419190944], [-121.4665174484253, 47.220617419190944], [-121.4665174484253, 47.22423153947244]]]}, "properties": {"fid": 142844, "ogc_fid": 142844, "path": "/us/wa/king/enumclaw-plateau/142844", "ll_uuid": "d16353d0-fd07-4572-a053-0d1e28238621", "owner": "TACOMA WATER", "parcelnumb": "1820119007"}, "id": 157}, {"type": "Feature", "geometry": {"type": "Polygon", "coordinates": [[[-121.4665174484253, 47.21869367405566], [-121.4665174484253, 47.2153123770934], [-121.4734697341919, 47.213417590568554], [-121.47737503051758, 47.213417590568554], [-121.47737503051758, 47.2148751246736], [-121.47733211517334, 47.21525407697905], [-121.47733211517334, 47.21583707523794], [-121.4665174484253, 47.21869367405566]]]}, "properties": {"fid": 95131, "ogc_fid": 95131, "path": "/us/wa/king/enumclaw-plateau/95131", "ll_uuid": "fb5388b2-ed96-491c-8c59-e5048edeea25", "owner": "TACOMA WATER", "parcelnumb": "1320109019"}, "id": 159}, {"type": "Feature", "geometry": {"type": "MultiPolygon", "coordinates": [[[[-121.45501613616943, 47.21770262659379], [-121.4549732208252, 47.217673477858625], [-121.4549732208252, 47.217265393883594], [-121.45493030548096, 47.21720709591648], [-121.45493030548096, 47.21700305252688], [-121.45656108856201, 47.21700305252688], [-121.45656108856201, 47.217381989625494], [-121.4558744430542, 47.217527733942376], [-121.45574569702148, 47.21755688275769], [-121.4555311203003, 47.21758603155695], [-121.45501613616943, 47.21770262659379]]], [[[-121.45484447479248, 47.21700305252688], [-121.45484447479248, 47.21714879788527], [-121.45411491394043, 47.21714879788527], [-121.45411491394043, 47.21700305252688], [-121.45484447479248, 47.21700305252688]]], [[[-121.4542007446289, 47.21787751866836], [-121.45415782928467, 47.217848370029316], [-121.45415782928467, 47.217731775312956], [-121.45411491394043, 47.21770262659379], [-121.45411491394043, 47.217265393883594], [-121.45484447479248, 47.217265393883594], [-121.45484447479248, 47.21741113852093], [-121.45480155944824, 47.217469436263684], [-121.45484447479248, 47.217527733942376], [-121.45488739013672, 47.217615180340175], [-121.45488739013672, 47.217731775312956], [-121.4542007446289, 47.21787751866836]]], [[[-121.45656108856201, 47.21910174703825], [-121.4564323425293, 47.21843133976549], [-121.45634651184082, 47.218198152640184], [-121.45583152770996, 47.21781922137424], [-121.45656108856201, 47.2176443291074], [-121.45656108856201, 47.21910174703825]]], [[[-121.4564323425293, 47.21910174703825], [-121.4564323425293, 47.219772145834355], [-121.45600318908691, 47.219772145834355], [-121.45600318908691, 47.21974299823688], [-121.45591735839844, 47.21971385062338], [-121.45574569702148, 47.219597260009095], [-121.45574569702148, 47.21950981688016], [-121.45583152770996, 47.21921833874214], [-121.45583152770996, 47.219160042922226], [-121.4558744430542, 47.21913089498824], [-121.4558744430542, 47.218956007047865], [-121.45574569702148, 47.21886856286133], [-121.45574569702148, 47.2188394147671], [-121.45570278167725, 47.2188394147671], [-121.45561695098877, 47.218781118530586], [-121.45561695098877, 47.21869367405566], [-121.4555311203003, 47.21854793294358], [-121.4555311203003, 47.21848963638658], [-121.45548820495605, 47.218402191430926], [-121.45540237426758, 47.21825644951767], [-121.45535945892334, 47.21813985569861], [-121.45518779754639, 47.21796496448931], [-121.45574569702148, 47.217848370029316], [-121.45608901977539, 47.21813985569861], [-121.4562177658081, 47.21822730108693], [-121.45626068115234, 47.21828559793235], [-121.45630359649658, 47.21843133976549], [-121.45634651184082, 47.21854793294358], [-121.45634651184082, 47.21869367405566], [-121.45638942718506, 47.218810266656845], [-121.45638942718506, 47.218956007047865], [-121.4564323425293, 47.21910174703825]]], [[[-121.45488739013672, 47.21950981688016], [-121.4549732208252, 47.21965555534828], [-121.4542007446289, 47.21965555534828], [-121.45415782928467, 47.21950981688016], [-121.45398616790771, 47.21921833874214], [-121.45394325256348, 47.21910174703825], [-121.453857421875, 47.218956007047865], [-121.453857421875, 47.21843133976549], [-121.45424365997314, 47.21816900417738], [-121.4544153213501, 47.21854793294358], [-121.45445823669434, 47.21869367405566], [-121.45454406738281, 47.218810266656845], [-121.45462989807129, 47.218956007047865], [-121.45467281341553, 47.21910174703825], [-121.454758644104, 47.21921833874214], [-121.45484447479248, 47.21936407801144], [-121.45488739013672, 47.21950981688016]]], [[[-121.453857421875, 47.21828559793235], [-121.453857421875, 47.21822730108693], [-121.45390033721924, 47.21822730108693], [-121.453857421875, 47.21828559793235]]], [[[-121.45557403564453, 47.2188394147671], [-121.45467281341553, 47.218810266656845], [-121.45458698272705, 47.21869367405566], [-121.4555311203003, 47.21869367405566], [-121.45557403564453, 47.218810266656845], [-121.45557403564453, 47.2188394147671]]], [[[-121.45591735839844, 47.21983044098124], [-121.45596027374268, 47.21991788358142], [-121.45523071289062, 47.21991788358142], [-121.45514488220215, 47.219772145834355], [-121.45510196685791, 47.219684702993845], [-121.45510196685791, 47.21965555534828], [-121.45493030548096, 47.21936407801144], [-121.45488739013672, 47.21921833874214], [-121.45480155944824, 47.21910174703825], [-121.45471572875977, 47.218956007047865], [-121.45565986633301, 47.218956007047865], [-121.45570278167725, 47.21904345109016], [-121.45574569702148, 47.21910174703825], [-121.45565986633301, 47.219160042922226], [-121.45565986633301, 47.2192766344979], [-121.45570278167725, 47.21933493018963], [-121.45570278167725, 47.219393225817214], [-121.45561695098877, 47.21948066913848], [-121.45561695098877, 47.219538964605846], [-121.45565986633301, 47.21962640768672], [-121.45565986633301, 47.21965555534828], [-121.45570278167725, 47.21965555534828], [-121.4558744430542, 47.219772145834355], [-121.4558744430542, 47.2198012934158], [-121.45591735839844, 47.21983044098124]]], [[[-121.45630359649658, 47.22052997774449], [-121.45634651184082, 47.220617419190944], [-121.45557403564453, 47.220617419190944], [-121.45540237426758, 47.22026765253989], [-121.45535945892334, 47.22020935787373], [-121.45535945892334, 47.22015106314345], [-121.45527362823486, 47.220063620927846], [-121.45604610443115, 47.220063620927846], [-121.45608901977539, 47.22015106314345], [-121.45608901977539, 47.22018021051659], [-121.45613193511963, 47.22023850521481], [-121.45613193511963, 47.22026765253989], [-121.45617485046387, 47.22032594714196], [-121.4562177658081, 47.22035509441898], [-121.4562177658081, 47.22038424167994], [-121.45626068115234, 47.22047168336675], [-121.45626068115234, 47.22050083056362], [-121.45630359649658, 47.22052997774449]]], [[[-121.453857421875, 47.219160042922226], [-121.45390033721924, 47.21921833874214], [-121.45394325256348, 47.21936407801144], [-121.45411491394043, 47.21965555534828], [-121.453857421875, 47.21965555534828], [-121.453857421875, 47.219160042922226]]]]}, "properties": {"fid": 2239, "ogc_fid": 2239, "path": "/us/wa/king/enumclaw-plateau/2239", "ll_uuid": "fd7d526e-5f89-4f75-9394-62ed3fc1f708", "owner": "TACOMA WATER", "parcelnumb": "0025000015", "address": "42611 670TH AVE SE"}, "id": 160}, {"type": "Feature", "geometry": {"type": "Polygon", "coordinates": [[[-121.5356969833374, 47.188020919106094], [-121.53028964996338, 47.188020919106094], [-121.53028964996338, 47.184783500918314], [-121.53543717999574, 47.184825149068], [-121.53545872115377, 47.184842799115856], [-121.53619700926096, 47.18558756354065], [-121.53667338056265, 47.18613293780234], [-121.53704604516138, 47.18691420504102], [-121.53738437801384, 47.18741587171394], [-121.5376560456186, 47.18774284713652], [-121.53787771046805, 47.188255871526366], [-121.53830771148272, 47.18879087235025], [-121.53851104393195, 47.18897253891196], [-121.53909301444236, 47.18937718832271], [-121.5392527122662, 47.18947753826368], [-121.53987604587853, 47.18945753880408], [-121.54013771271399, 47.18952920514222], [-121.54055604671824, 47.18952253794131], [-121.54057937960998, 47.18948920513173], [-121.54058271305759, 47.189459204357014], [-121.54061437843505, 47.189419204391285], [-121.5406643793591, 47.18939920474626], [-121.54077266074744, 47.189412391238506], [-121.54086460754999, 47.18943770804039], [-121.54098437886469, 47.189465870825266], [-121.54105937882092, 47.18950753799428], [-121.5411127124564, 47.1895992050704], [-121.54112437894392, 47.18978420546506], [-121.54112636585579, 47.19301429352874], [-121.53577922665495, 47.19299507472089], [-121.5356969833374, 47.188020919106094]]]}, "properties": {"fid": 233677, "ogc_fid": 233677, "path": "/us/wa/king/enumclaw-plateau/233677", "ll_uuid": "a477c33e-30f7-4d28-9254-9101bb14487b", "owner": "TACOMA WATER", "parcelnumb": "2820109014"}, "id": 254}, {"type": "Feature", "geometry": {"type": "Polygon", "coordinates": [[[-121.53033256530762, 47.19315371798626], [-121.53028964996338, 47.188020919106094], [-121.5356969833374, 47.188020919106094], [-121.53577922665495, 47.19299507472089], [-121.53033298666749, 47.19297549972277], [-121.53033365300146, 47.193153729625934], [-121.53033256530762, 47.19315371798626]]]}, "properties": {"fid": 233676, "ogc_fid": 233676, "path": "/us/wa/king/enumclaw-plateau/233676", "ll_uuid": "58248649-f227-496d-825b-f232d6d5f76d", "owner": "TACOMA WATER", "parcelnumb": "2820109013"}, "id": 262}, {"type": "Feature", "geometry": {"type": "Polygon", "coordinates": [[[-121.4532995223999, 47.16185343085496], [-121.4532995223999, 47.161882610262325], [-121.4523983001709, 47.162787163941005], [-121.4523983001709, 47.1628163428355], [-121.45179748535156, 47.16450869129574], [-121.45205497741699, 47.16494635884732], [-121.4514970779419, 47.16558826473354], [-121.45106792449951, 47.16649275531685], [-121.45098209381104, 47.16730970131579], [-121.44656181335449, 47.16730970131579], [-121.44656181335449, 47.156279870190986], [-121.45720481872559, 47.156367417548125], [-121.45741939544678, 47.156367417548125], [-121.45720481872559, 47.15680515217022], [-121.45720481872559, 47.15683433435012], [-121.45716190338135, 47.157826518931756], [-121.45716190338135, 47.157855700550755], [-121.45647525787354, 47.1592563994154], [-121.4549732208252, 47.16062788127459], [-121.4532995223999, 47.16185343085496]]]}, "properties": {"fid": 39753, "ogc_fid": 39753, "path": "/us/wa/king/enumclaw-plateau/39753", "ll_uuid": "3bc39378-e7e0-4da4-b590-6200ac1a48e2", "owner": "TACOMA WATER", "parcelnumb": "0619119002"}, "id": 50}, {"type": "Feature", "geometry": {"type": "MultiPolygon", "coordinates": [[[[-121.45561695098877, 47.29748088781332], [-121.45570133433114, 47.29270212132052], [-121.4559322994553, 47.292704743457136], [-121.45593223653482, 47.29270603572185], [-121.45561690606834, 47.29920818407199], [-121.45560839252568, 47.29939295902738], [-121.45558520138133, 47.29989623524816], [-121.45557403564453, 47.29989653454413], [-121.45561695098877, 47.29748088781332]]], [[[-121.45063877105713, 47.29264926325641], [-121.45025253295898, 47.29264926325641], [-121.45025253295898, 47.29259104822091], [-121.45029544830322, 47.291019218038656], [-121.45032986600519, 47.28951729836245], [-121.45032969567126, 47.291023789548234], [-121.45032951232844, 47.29264113526798], [-121.45090875660287, 47.29264771140206], [-121.45063877105713, 47.29264926325641]]], [[[-121.45042419433594, 47.28540099867192], [-121.45480155944824, 47.285430110154834], [-121.4569902420044, 47.285430110154834], [-121.45791661484407, 47.28545524622001], [-121.45447304505086, 47.285431750306614], [-121.450424078267, 47.28540606368778], [-121.45042419433594, 47.28540099867192]]], [[[-121.45865599917057, 47.28545922162172], [-121.45865610087287, 47.285460291826965], [-121.45849925119494, 47.28545922162172], [-121.45865599917057, 47.28545922162172]]]]}, "properties": {"fid": 152178, "ll_uuid": "35f1cfcb-5309-4b31-9beb-d1ea82bac16e", "ogc_fid": 152178, "owner": "SEATTLE CITY OF SPU-WTR", "parcelnumb": "1921119005", "path": "/us/wa/king/enumclaw-plateau/152178"}, "id": 5}, {"type": "Feature", "geometry": {"type": "MultiPolygon", "coordinates": [[[[-121.46660327911377, 47.270509514650904], [-121.46660393499593, 47.27056856679601], [-121.46660397279074, 47.27057191372018], [-121.46660327911377, 47.27057192454647], [-121.46660327911377, 47.270509514650904]]], [[[-121.46656036376953, 47.26915429252108], [-121.46659444587075, 47.26915429252108], [-121.46659698370773, 47.269850049367676], [-121.46656036376953, 47.26915429252108]]], [[[-121.46892070770264, 47.26915429252108], [-121.46959369835274, 47.269161354288215], [-121.46957981208769, 47.269173387407605], [-121.46913274546462, 47.269168904459214], [-121.46913260006292, 47.269168902976645], [-121.46762359624346, 47.26915429252108], [-121.46892070770264, 47.26915429252108]]], [[[-121.48209571838379, 47.26927077411625], [-121.48630142211914, 47.269329014817686], [-121.4879322052002, 47.269329014817686], [-121.4879322052002, 47.269344240645026], [-121.4878583890887, 47.269343569509], [-121.48500040067236, 47.26931753881968], [-121.48500033194355, 47.26931753850432], [-121.4849307699179, 47.26931690369066], [-121.48219836623234, 47.269291949318585], [-121.48135629566517, 47.269282632725954], [-121.48133472961956, 47.26926620445339], [-121.48209571838379, 47.26927077411625]]]]}, "properties": {"fid": 204009, "ll_uuid": "b6dd46cf-5e47-4c03-8220-4109b6ad3891", "ogc_fid": 204009, "owner": "SEATTLE CITY OF SPU-WTR", "parcelnumb": "2521109001", "path": "/us/wa/king/enumclaw-plateau/204009"}, "id": 6}, {"type": "Feature", "geometry": {"type": "MultiPolygon", "coordinates": [[[[-121.44484519958496, 47.306764517394555], [-121.44613265991211, 47.30586241800887], [-121.44629083420341, 47.305668015807804], [-121.44621033626251, 47.30586565744084], [-121.44559859726843, 47.30637788014207], [-121.44491174220735, 47.30720327666753], [-121.4448685885885, 47.30725540479589], [-121.44486832442428, 47.3072557244852], [-121.44486285484152, 47.309005034908964], [-121.44485547874382, 47.31087499829691], [-121.44484519958496, 47.310875092937415], [-121.44484519958496, 47.306764517394555]]], [[[-121.44866726659674, 47.30420920800626], [-121.4486139438246, 47.30433528742051], [-121.44840203528952, 47.30443298368237], [-121.44754638525414, 47.30482657295427], [-121.4469820221476, 47.3049472444364], [-121.44866726659674, 47.30420920800626]]], [[[-121.44965171813965, 47.30100245645758], [-121.45020961761475, 47.30088604471396], [-121.45484447479248, 47.29989653454413], [-121.45557403564453, 47.29989653454413], [-121.45558520138133, 47.29989623524816], [-121.455584929981, 47.299902124967545], [-121.455268519034, 47.300014404443296], [-121.44998162563581, 47.3014451970019], [-121.44989519749618, 47.301572027870556], [-121.44948300576142, 47.30219505145213], [-121.44914197856852, 47.30305343058767], [-121.44965171813965, 47.30100245645758]]]]}, "properties": {"fid": 143192, "ll_uuid": "cec2b570-7737-4d00-8197-1b9b14b8dbda", "ogc_fid": 143192, "owner": "SEATTLE CITY OF SPU-WTR", "parcelnumb": "1821119001", "path": "/us/wa/king/enumclaw-plateau/143192"}, "id": 20}, {"type": "Feature", "geometry": {"type": "Polygon", "coordinates": [[[-121.43385887145996, 47.32250512799416], [-121.43398761749268, 47.32233058131442], [-121.43415927886963, 47.322126942792494], [-121.43433094024658, 47.32183602925673], [-121.43484592437744, 47.32078872726379], [-121.43518924713135, 47.31994505222676], [-121.43548965454102, 47.31953775600775], [-121.43557548522949, 47.31939229231145], [-121.43609046936035, 47.31878134041372], [-121.43634796142578, 47.3185485949754], [-121.43673419952393, 47.31822856832363], [-121.4373779296875, 47.31779216522014], [-121.43763542175293, 47.317646696718015], [-121.43823623657227, 47.31726847673818], [-121.43836498260498, 47.31721028880867], [-121.43892288208008, 47.31686115988603], [-121.43913745880127, 47.316686594559656], [-121.43948078155518, 47.31639565106747], [-121.43978118896484, 47.3161628951203], [-121.44008159637451, 47.31590104345426], [-121.44046783447266, 47.31558100076691], [-121.44093990325928, 47.31517367090686], [-121.44111156463623, 47.31502819519591], [-121.44156750625281, 47.31456452292217], [-121.44156632018169, 47.314573006753484], [-121.44155139909127, 47.31464167243812], [-121.44153244692689, 47.314710370843756], [-121.44150538451385, 47.31477639330129], [-121.4414783220341, 47.314842415750746], [-121.44144722711455, 47.31490847092472], [-121.44141608532708, 47.31497178468698], [-121.44138499159423, 47.31503784072954], [-121.44135389776902, 47.315103895862634], [-121.4413227557579, 47.31516720959491], [-121.44129166178105, 47.31523326470787], [-121.44126056772764, 47.315299319810805], [-121.44122947359764, 47.31536537490364], [-121.44120236239357, 47.315428656782075], [-121.44117126811692, 47.31549471185593], [-121.44114420486355, 47.315560734208525], [-121.44111311043874, 47.3156267892633], [-121.44108604704722, 47.31569281159881], [-121.44105495247415, 47.31575886663451], [-121.44101977861033, 47.31582221297696], [-121.44098057355482, 47.31588559291218], [-121.44093728917134, 47.31594626324721], [-121.4408859424228, 47.31600699896943], [-121.44083454747283, 47.31606499327743], [-121.44077911994671, 47.3161230202707], [-121.44071966247658, 47.316181079921954], [-121.44066010872486, 47.31623365676167], [-121.44060060292979, 47.316288974959534], [-121.44053298663951, 47.316341618015514], [-121.44046940136363, 47.316394227443865], [-121.44040173673275, 47.31644412813201], [-121.44033407197598, 47.31649402877966], [-121.44026237591896, 47.316543962067534], [-121.44019063167578, 47.31659115392038], [-121.44011485480218, 47.31663837841424], [-121.44003903107277, 47.31668286145736], [-121.43996320721757, 47.31672734445013], [-121.4398873832366, 47.31677182739251], [-121.4398074799172, 47.31681360245921], [-121.43972757645764, 47.31685537657076], [-121.43964767287358, 47.316897150626595], [-121.43956776916505, 47.31693892462663], [-121.43948786400952, 47.31698069858165], [-121.43940796005214, 47.31702247247026], [-121.43932397674737, 47.31706153756164], [-121.43924407254195, 47.31710331133594], [-121.439164168212, 47.31714508505454], [-121.4390842637576, 47.3171868587174], [-121.43900032795223, 47.31722866496132], [-121.43892042326145, 47.3172704394093], [-121.43884454834087, 47.317312180281576], [-121.43876464338861, 47.31735395372147], [-121.438672644594, 47.31739582498225], [-121.43858064565579, 47.3174376961693], [-121.43850889873758, 47.3174848869651], [-121.43846954558744, 47.317540040942056], [-121.43845452377748, 47.317603223368444], [-121.43845221048439, 47.3176560833676], [-121.43845164367642, 47.317669049328174], [-121.43845074985231, 47.31769069303313], [-121.43844881154865, 47.31773761757467], [-121.43845424682068, 47.3177791967975], [-121.43845812117405, 47.317808828455966], [-121.43846457500698, 47.317858194790304], [-121.43846743082419, 47.31788003933442], [-121.43847254052277, 47.31790021229949], [-121.43848475509463, 47.31794844358388], [-121.43850615866326, 47.3180195565983], [-121.43852363973355, 47.31807552262553], [-121.43852751431959, 47.318087928218006], [-121.43853180366074, 47.31809750232211], [-121.4385568846685, 47.318153494100315], [-121.43859028637483, 47.318219026451764], [-121.43862762352013, 47.31827904339119], [-121.43866902688836, 47.318341773684544], [-121.43871847129927, 47.31840168811156], [-121.43877193399261, 47.31846157449141], [-121.43882093435843, 47.31852097073856], [-121.43882136548153, 47.318521493475735], [-121.4388217114698, 47.31852183789496], [-121.43887881307262, 47.31857860577414], [-121.43893227613705, 47.31863849297529], [-121.43898170796808, 47.31869841188704], [-121.43903517125116, 47.31875829813844], [-121.43907654061559, 47.31881828228253], [-121.4390788036278, 47.31882272204534], [-121.43910994337078, 47.31888381446683], [-121.43912552424345, 47.31891438307336], [-121.43914334620752, 47.31894934663987], [-121.43917674912586, 47.31901487880155], [-121.43919747830508, 47.31906115113324], [-121.43920612077606, 47.31908044449522], [-121.43921523512199, 47.31909760124316], [-121.43923947584635, 47.31914323524813], [-121.4392688476277, 47.31920880002315], [-121.43930225086105, 47.31927433214186], [-121.43932790171202, 47.319331589263534], [-121.4393316227909, 47.31933989689756], [-121.43933547627083, 47.31934745594747], [-121.43936502618249, 47.3194054289948], [-121.43939439826096, 47.31947099373118], [-121.4394182418232, 47.319524219369065], [-121.43942377042688, 47.319536559357765], [-121.43945314264894, 47.3196021240758], [-121.43948251494275, 47.31966768878467], [-121.43951188730843, 47.31973325348438], [-121.43953722832644, 47.31979885083038], [-121.43954581806994, 47.31982108606211], [-121.43956257072914, 47.31986444815839], [-121.43957989703719, 47.31993285219006], [-121.43959722340524, 47.32000125711667], [-121.4396145017753, 47.320066919753316], [-121.43962137468466, 47.32010230116074], [-121.43962779677037, 47.320135356430235], [-121.43964512324911, 47.32020376044477], [-121.43966123329169, 47.32026736271061], [-121.43966244977204, 47.32027216445483], [-121.43967972830924, 47.320337827074596], [-121.43969220049871, 47.32040202730938], [-121.43969302347047, 47.32040626463605], [-121.43970631864981, 47.320474701294735], [-121.43971907489255, 47.32052506081613], [-121.4397236453383, 47.32054310528818], [-121.43973688199199, 47.32060880153924], [-121.4397501878431, 47.3206772372022], [-121.43976348316257, 47.32074567384683], [-121.43977130419543, 47.32078593111639], [-121.439776778516, 47.320814110488094], [-121.43979007391908, 47.320882548025395], [-121.43980336934032, 47.320950984659845], [-121.43981666479553, 47.32101942129092], [-121.43982991224635, 47.321085116533716], [-121.43983723322324, 47.32112280068616], [-121.43984320776863, 47.321153553158034], [-121.43985650332488, 47.32122198977899], [-121.43986496219753, 47.32125538203539], [-121.43987383046212, 47.321290394629024], [-121.43988712609135, 47.321358831242684], [-121.43990042175454, 47.321427267853], [-121.43991371745163, 47.321495704459856], [-121.4399270131826, 47.32156414106338], [-121.4399354186458, 47.321626258499634], [-121.4399362773906, 47.321632610332706], [-121.4399455416222, 47.32170107959947], [-121.43995480589324, 47.32176954976299], [-121.43995724816928, 47.32178760336816], [-121.43996407017218, 47.321838019024476], [-121.43996930289721, 47.321906520953775], [-121.43996989130544, 47.32194009391281], [-121.4399705040529, 47.321975055551356], [-121.43997170521163, 47.322043590147096], [-121.43997285832693, 47.32210938335721], [-121.43997185910135, 47.32213358706204], [-121.4399700278938, 47.32217795061964], [-121.43996949424321, 47.322181166272756], [-121.43995908621692, 47.322243842736185], [-121.43994416093477, 47.322312508003606], [-121.43992515595686, 47.32237846455264], [-121.43989808769614, 47.322444486432765], [-121.43987106741041, 47.32251324968817], [-121.43984399901507, 47.32257927155214], [-121.43981289893561, 47.32264532697238], [-121.43977776712568, 47.322711414146895], [-121.43974666687231, 47.32277746864648], [-121.43971556654233, 47.322843523136], [-121.43968441810327, 47.322906836232455], [-121.43965734927947, 47.32297285804244], [-121.43962624872621, 47.32303891250286], [-121.43959106709362, 47.32310225913773], [-121.43955996638364, 47.323168313576936], [-121.43952483391944, 47.32323440066097], [-121.43949368502818, 47.323297713696306], [-121.4394585043762, 47.32336105937429], [-121.43941929194911, 47.32342443769128], [-121.43938415914377, 47.32349052472588], [-121.43934494654992, 47.32355390391389], [-121.43930573384765, 47.323617282187556], [-121.43926652105272, 47.323680660446385], [-121.43922730816509, 47.323744038690336], [-121.43919212690572, 47.3238073842762], [-121.43915291383752, 47.32387076249179], [-121.43911370067663, 47.3239341406925], [-121.43907045570357, 47.32399755241687], [-121.43903124235256, 47.3240609305865], [-121.43899202890886, 47.324124308741254], [-121.43894873430403, 47.32418497814488], [-121.43890548891787, 47.324248388901985], [-121.43885816367894, 47.32430909089136], [-121.43881083833287, 47.32436979285993], [-121.43876351287963, 47.324430494807764], [-121.43871613935062, 47.324488456252524], [-121.43866065416822, 47.32454374064557], [-121.4386011370906, 47.32459905763367], [-121.43853350834507, 47.32465169844956], [-121.43846175173474, 47.32469888907986], [-121.4383899949981, 47.3247460796649], [-121.43831420501691, 47.32479330282821], [-121.43823841622492, 47.324840525930455], [-121.43816262729953, 47.32488774898224], [-121.43809087006278, 47.324934940278126], [-121.43801100111523, 47.324979454452624], [-121.4379351638483, 47.32502393597186], [-121.43785529463905, 47.32506845003759], [-121.43777537736025, 47.32511022266625], [-121.43769958764601, 47.3251574454104], [-121.43762782830247, 47.32520463552603], [-121.43756014991186, 47.325254534380434], [-121.43750058298741, 47.32530710940683], [-121.437445143641, 47.325365135480894], [-121.43740184760738, 47.325425804266274], [-121.437366711005, 47.325491890636805], [-121.43733968593834, 47.32556065321847], [-121.43732072452045, 47.3256293506357], [-121.43730574700474, 47.32569527408945], [-121.43729888110322, 47.325763873765666], [-121.43729604707418, 47.32583244176165], [-121.43729724490164, 47.32590097627897], [-121.43730003980507, 47.325937580763195], [-121.43730247461677, 47.32596947821686], [-121.43730296551021, 47.32599756477597], [-121.43730367245549, 47.326038012730294], [-121.43730890219221, 47.32610651466415], [-121.4373141319423, 47.32617501659579], [-121.43731745535413, 47.32621854408599], [-121.43731936170565, 47.32624351852539], [-121.4373205595878, 47.32631205393054], [-121.43732046958546, 47.326314246812295], [-121.43731772554183, 47.326380621012554], [-121.4373158594976, 47.32642577450245], [-121.43731489148858, 47.326449188092624], [-121.43730802550223, 47.32651778774856], [-121.43730635820009, 47.32652829063833], [-121.43729712756736, 47.326586419979705], [-121.43729559357271, 47.326601749568674], [-121.4368249517563, 47.326333686416945], [-121.43615126269259, 47.32569054149176], [-121.43533284106483, 47.32490920629272], [-121.43415063953601, 47.32333054609898], [-121.43402057224986, 47.323213529193524], [-121.43377727167363, 47.32258809911284], [-121.43385887145996, 47.32250512799416]]]}, "properties": {"fid": 54393, "ll_uuid": "4a9e4f70-67a7-45b8-b063-304eed53dfa3", "ogc_fid": 54393, "owner": "SEATTLE CITY OF SPU-WTR", "parcelnumb": "0821119001", "path": "/us/wa/king/enumclaw-plateau/54393"}, "id": 21}, {"type": "Feature", "geometry": {"type": "Polygon", "coordinates": [[[-121.46098136901855, 47.276870644133595], [-121.46196842193604, 47.27535658084611], [-121.46218299865723, 47.274337475394645], [-121.46254637066465, 47.27433273416463], [-121.46247300299197, 47.27450793872563], [-121.46224596848162, 47.27555172246523], [-121.46110894118, 47.27729948222133], [-121.46098136901855, 47.27750580036095], [-121.46098136901855, 47.276870644133595]]]}, "properties": {"fid": 250584, "ll_uuid": "0fb00b33-beca-4025-85e5-31c58a94dd51", "ogc_fid": 250584, "owner": "SEATTLE CITY OF SPU-WTR", "parcelnumb": "3021119002", "path": "/us/wa/king/enumclaw-plateau/250584"}, "id": 26}, {"type": "Feature", "geometry": {"type": "MultiPolygon", "coordinates": [[[[-121.45849925119494, 47.28545922162172], [-121.45806385550819, 47.285456250861735], [-121.4582347869873, 47.28476054199456], [-121.45874977111816, 47.28379984243941], [-121.45943641662598, 47.28283912543736], [-121.45960807800293, 47.282111297911456], [-121.46020889282227, 47.28132523293658], [-121.46038055419922, 47.28059738458316], [-121.4602518081665, 47.27952015064375], [-121.46016597747803, 47.27925811745024], [-121.46003723144531, 47.278763162321695], [-121.46033763885498, 47.278006163169266], [-121.46067198097792, 47.278006163169266], [-121.46059601072008, 47.278129027296416], [-121.46031341677227, 47.27899778883603], [-121.46051157343112, 47.279714506585286], [-121.46051207598448, 47.27971629342389], [-121.46074824999873, 47.280557029474], [-121.46066397437171, 47.2814762415934], [-121.45996538775292, 47.28229086982191], [-121.45980112109063, 47.283018815378924], [-121.45857174651674, 47.28457263763631], [-121.45865599917057, 47.28545922162172], [-121.45849925119494, 47.28545922162172]]], [[[-121.46218299865723, 47.274250122585585], [-121.46265506744385, 47.27334746844858], [-121.46235466003418, 47.27296893148639], [-121.46329879760742, 47.27227008690417], [-121.4633846282959, 47.270988847868495], [-121.46381378173828, 47.270610294035606], [-121.46497249603271, 47.27058117439785], [-121.46601061002625, 47.27058117439785], [-121.46471924811883, 47.2706013288246], [-121.46415705102174, 47.27092406199049], [-121.46349533404934, 47.27131342393432], [-121.46351398899729, 47.27257725837971], [-121.4625686755766, 47.27310332208619], [-121.4628670434798, 47.27356695629887], [-121.46254637066465, 47.27433273416463], [-121.46218299865723, 47.274337475394645], [-121.46218299865723, 47.274250122585585]]]]}, "properties": {"fid": 250585, "ll_uuid": "d37aac1f-2fce-4fa8-b15d-600754773e40", "ogc_fid": 250585, "owner": "SEATTLE CITY OF SPU-WTR", "parcelnumb": "3021119003", "path": "/us/wa/king/enumclaw-plateau/250585"}, "id": 39}]}