{"type": "FeatureCollection", "crs": {"type": "name", "properties": {"name": "EPSG:4326"}}, "features": [{"type": "Feature", "geometry": {"type": "Polygon", "coordinates": [[[-121.84097018398214, 47.30053299662794], [-121.84116590525863, 47.300380779893196], [-121.84131292042089, 47.300255517894506], [-121.84143643530265, 47.30009710869755], [-121.84154332065374, 47.29993871984502], [-121.84159380775786, 47.29980172014617], [-121.84161199629088, 47.29964247205784], [-121.84165409781481, 47.299472494676564], [-121.84171255464823, 47.29935202608944], [-121.84181948470798, 47.29921557285055], [-121.84194991034828, 47.29911209553902], [-121.84205605704466, 47.2990250077218], [-121.84225181411082, 47.298894724114476], [-121.84238192113067, 47.298818842423586], [-121.84327667268865, 47.298353480391036], [-121.84356093214463, 47.298256787944894], [-121.8437799144147, 47.2982091802454], [-121.84412854063252, 47.29810762791459], [-121.84444486593394, 47.29804415154567], [-121.84476888772805, 47.29798624178319], [-121.84516511323397, 47.29793451970741], [-121.84551300326493, 47.29790426554684], [-121.84577211497682, 47.2978899481621], [-121.84603158837425, 47.297809647139935], [-121.84631552027392, 47.29774037303556], [-121.84654282946491, 47.29764330688778], [-121.84677050358306, 47.29754075090759], [-121.84701484554166, 47.2973997845212], [-121.84721828291059, 47.29727505876101], [-121.84736532756718, 47.29717189566263], [-121.84758556802895, 47.297014241418715], [-121.84776444631945, 47.29689477030883], [-121.8479113991457, 47.296808060210964], [-121.84813910618558, 47.29666694101482], [-121.84917413842544, 47.29621378360722], [-121.84949632218067, 47.29590310043857], [-121.84961774520296, 47.29580314639088], [-121.84972327056612, 47.29569206512182], [-121.84982911651322, 47.29555373206396], [-121.84995202448354, 47.29533259513005], [-121.85009915844728, 47.29513328544014], [-121.85027000434135, 47.29489531018475], [-121.8511759771364, 47.29432058785462], [-121.85153221974132, 47.29410290183971], [-121.85188803953768, 47.29386859556908], [-121.85364362562414, 47.29272525727444], [-121.85380523569626, 47.292641282860636], [-121.85415285510551, 47.29246207614423], [-121.85454925840035, 47.29219986826265], [-121.85491442197444, 47.29187769832059], [-121.85525503608025, 47.29156112624567], [-121.85546645337554, 47.29129524863152], [-121.85573557892724, 47.29094077893796], [-121.85597193001638, 47.29062525142904], [-121.8561284073264, 47.2902388502368], [-121.85622047145206, 47.2898751386299], [-121.85623975095, 47.28956163471036], [-121.85618718808165, 47.28921589360863], [-121.85608587270593, 47.28891442465101], [-121.85592775554598, 47.28865749208414], [-121.85572917464661, 47.28843393708864], [-121.85551416528892, 47.288237994048814], [-121.85509163927857, 47.287923138687745], [-121.85458182430183, 47.2874826540251], [-121.85433541420657, 47.287259655416804], [-121.85407278265781, 47.286992629644104], [-121.85388236196603, 47.28675252341465], [-121.8537796367312, 47.28659416901614], [-121.85366961842853, 47.286386200486135], [-121.85365591373903, 47.286122438074365], [-121.85361768685847, 47.28592494240104], [-121.85352418760768, 47.28567290803352], [-121.85337414813574, 47.285415877703166], [-121.85327317342299, 47.28508698104536], [-121.85323611941904, 47.28479607067262], [-121.85321552685055, 47.28443881613917], [-121.85334538486144, 47.28353602298027], [-121.85373770181201, 47.28289460289147], [-121.85390111339436, 47.282623632019], [-121.85407258411836, 47.282352737474056], [-121.85438141696955, 47.28203636645949], [-121.8545031102973, 47.28190881024433], [-121.8546415433717, 47.28172604651309], [-121.85464225773343, 47.28165457323844], [-121.85455448536803, 47.28158944547402], [-121.85436270696898, 47.28151439431645], [-121.8540178931731, 47.281462550818574], [-121.85372834837507, 47.28146524486338], [-121.85341536535117, 47.28145724306589], [-121.8531424763761, 47.2814213538856], [-121.85278155099901, 47.28136969421078], [-121.85238057155367, 47.28130753279418], [-121.85195622808729, 47.28115755370393], [-121.85050764203226, 47.28061590828938], [-121.84929009851821, 47.28024790486775], [-121.8484488953168, 47.28000387638252], [-121.8482686865117, 47.27996775427223], [-121.84813084450745, 47.27999420637122], [-121.84799304803312, 47.28004259417009], [-121.84772492093845, 47.280155735377434], [-121.84751380826806, 47.28025296144706], [-121.84736749590681, 47.280323212707295], [-121.84671675917298, 47.28066427181557], [-121.84651261201675, 47.28083853479112], [-121.84631552085771, 47.2810732116227], [-121.84608600673903, 47.281340654277], [-121.84585781178323, 47.2815201650452], [-121.84553124173135, 47.281753771658934], [-121.84532800296866, 47.28188414906613], [-121.84499373468783, 47.282112188474954], [-121.8446687161763, 47.28224706140249], [-121.84440148401747, 47.282316311345554], [-121.84396434310308, 47.282378788505824], [-121.84360812121498, 47.28241427818498], [-121.8431886535246, 47.282378005835284], [-121.84288999831965, 47.28235901236771], [-121.84084056970487, 47.28213919536487], [-121.84050212520056, 47.28205964635197], [-121.84031687350225, 47.282003175458044], [-121.83995511993454, 47.28185740027541], [-121.83961814171235, 47.28169522767578], [-121.83924091708523, 47.28149444461772], [-121.83889547304165, 47.28131574303952], [-121.83858346875867, 47.281104436521865], [-121.83832719508243, 47.28092641931164], [-121.83791073777259, 47.280626342367356], [-121.83756585912114, 47.280409242714526], [-121.83728675125343, 47.280143225899344], [-121.83716004718197, 47.279949830018985], [-121.8370739247258, 47.27970729541646], [-121.83705191441845, 47.2795313730467], [-121.83707941050672, 47.27930072339319], [-121.8371469767694, 47.27908143768182], [-121.83721514967822, 47.2787853674707], [-121.83722712544683, 47.27847760516146], [-121.83721308232792, 47.27831821517354], [-121.83715837039856, 47.27816391942977], [-121.83699998650386, 47.277931814730245], [-121.83684059185428, 47.27776021771304], [-121.83620126609377, 47.27720546487847], [-121.8360250660188, 47.27706662197076], [-121.83589749748643, 47.27693921478089], [-121.83573889273785, 47.2767180789407], [-121.83557306192657, 47.27640893732251], [-121.83548699896542, 47.27618850739838], [-121.83542612868617, 47.27590780590687], [-121.83538934019504, 47.27564362086577], [-121.83540795655048, 47.275440495220415], [-121.83556362787634, 47.27526046932437], [-121.83576815517996, 47.27508073777112], [-121.83592307977537, 47.27497201273657], [-121.83606272332788, 47.27477537587434], [-121.83614627185399, 47.27455076433927], [-121.83623115580986, 47.27423822059597], [-121.83628213864985, 47.27404071924459], [-121.83634160115288, 47.273799418618026], [-121.83640230570293, 47.27348664038639], [-121.83652693355116, 47.27321305397338], [-121.83665136783384, 47.27297220481261], [-121.83677543297206, 47.2727368430662], [-121.83691630920036, 47.27246872580904], [-121.83706413708198, 47.27227764860745], [-121.83718050741753, 47.2720367193132], [-121.83733759104699, 47.271752305199364], [-121.83738866156494, 47.27153834970872], [-121.83743103042681, 47.27137933587055], [-121.83760584063646, 47.270957612842196], [-121.83769757101425, 47.27073856103672], [-121.83770825583173, 47.27054083862077], [-121.83769439578295, 47.270348369683475], [-121.83767320996863, 47.2701448443501], [-121.83762743971673, 47.26992463661175], [-121.83755735835946, 47.2696988825812], [-121.8375027925759, 47.26955007016178], [-121.83740848080903, 47.26936229877022], [-121.8373135825489, 47.26919132806726], [-121.8372428520188, 47.26902025063014], [-121.83718893478395, 47.26881658952895], [-121.83719165542259, 47.2686023348679], [-121.83725943849302, 47.26837207686518], [-121.83729319137402, 47.268251380246944], [-121.83729540020181, 47.26809745630489], [-121.8372576008957, 47.26789395165694], [-121.83722753305263, 47.267717778154065], [-121.83722859376883, 47.26761888080937], [-121.83720607785601, 47.26750328753576], [-121.83726650891548, 47.265926591576864], [-121.83750475099117, 47.26499976801683], [-121.83765375495135, 47.26471527407563], [-121.83781831867473, 47.2644693320523], [-121.83798214398256, 47.26429486196407], [-121.83814527817118, 47.26415330614177], [-121.83825205296044, 47.26403330760312], [-121.83835072041155, 47.26389112370252], [-121.83846638096311, 47.26368327771426], [-121.83853213158703, 47.26357386473131], [-121.83861491566608, 47.263420723742676], [-121.83876183711808, 47.26329546268029], [-121.83891676976266, 47.26320884122984], [-121.83912727592033, 47.26315002621959], [-121.83935449432516, 47.26307490968175], [-121.83958070597619, 47.26306029871879], [-121.8403651790971, 47.26300067667492], [-121.84070474337535, 47.262948420373554], [-121.84094761632295, 47.26289539865576], [-121.84121544207939, 47.26279324336445], [-121.84141912758, 47.26266303809976], [-121.84163961086847, 47.26249990557338], [-121.8419324719158, 47.262331820013564], [-121.84215954542812, 47.262251213887616], [-121.8424112514179, 47.262148900042796], [-121.8428166407778, 47.262031267366616], [-121.84311691576589, 47.26191827731892], [-121.84344951119532, 47.261789146575985], [-121.84370908355791, 47.26171964271479], [-121.8440500543882, 47.26156316322587], [-121.844294103575, 47.2614167173096], [-121.84464294233673, 47.26129304974518], [-121.84475652313978, 47.26124460351623], [-121.84523487250529, 47.26110554954196], [-121.84561648614098, 47.26094379462041], [-121.84595739878733, 47.26082552709604], [-121.8462577515727, 47.26069607594438], [-121.84653406684909, 47.26057187307699], [-121.84671269545981, 47.260507416164174], [-121.84693196539074, 47.2603771915009], [-121.84709488672691, 47.26026870010829], [-121.84731384281899, 47.26022639606955], [-121.84758860751592, 47.26020109523187], [-121.84769205714264, 47.260190465777924], [-121.84809710157774, 47.259939827834835], [-121.84814555408715, 47.25988442226085], [-121.84821070612006, 47.25981237069807], [-121.8482512449488, 47.25976254290274], [-121.84834878913756, 47.259657209243585], [-121.84848867690155, 47.259353439376824], [-121.84849763352963, 47.2592489659153], [-121.84854857385737, 47.25901204097731], [-121.84852545322661, 47.258913251748766], [-121.84851070077552, 47.25878694524479], [-121.84847984328366, 47.25866082565835], [-121.84841695010245, 47.258502002602114], [-121.84803736152378, 47.25796125772992], [-121.8477132584968, 47.2576450591833], [-121.84771597229154, 47.25733191701844], [-121.84778042628916, 47.257171956108074], [-121.84792741696168, 47.25695070950239], [-121.8482569207805, 47.25655973072728], [-121.8486640661739, 47.25631369154669], [-121.84881417840693, 47.25621700170446], [-121.84894695526006, 47.25613165187899], [-121.84922666308906, 47.25588315223643], [-121.8494037011074, 47.25573610363184], [-121.84960489438642, 47.25558877458821], [-121.84977460401993, 47.25543067159386], [-121.84995746956623, 47.2551951231139], [-121.85014119586963, 47.25495390779502], [-121.85025978468707, 47.25472493404894], [-121.85035704544872, 47.25446861552991], [-121.85039685890482, 47.25423010598572], [-121.85065264542077, 47.25267082200487], [-121.8506852728396, 47.252426910760164], [-121.85068678427136, 47.25216673770352], [-121.8506773383157, 47.251951250869226], [-121.85065251364209, 47.251724804373], [-121.85056465441843, 47.25149395008526], [-121.85045924415046, 47.2512857521242], [-121.85026041247154, 47.251045736389365], [-121.85012975693704, 47.250854455623866], [-121.85004631290303, 47.25067890511609], [-121.85001493934828, 47.250552277969646], [-121.85004123664248, 47.25039687225783], [-121.8501032773161, 47.25030171944624], [-121.85018069005496, 47.25021735547889], [-121.85072642279054, 47.24991982228053], [-121.85249029137313, 47.24914124149815], [-121.85362340884268, 47.24862295846734], [-121.85393698955683, 47.248462483192235], [-121.85408329225032, 47.24841552991028], [-121.85444216284489, 47.24825469539995], [-121.8546674286385, 47.2481053621173], [-121.85467782357618, 47.24809838515419], [-121.85469019994717, 47.24809018584425], [-121.85470650848913, 47.24807817037188], [-121.85472272108312, 47.248062385036356], [-121.85473195373869, 47.24804925156186], [-121.85473827124244, 47.248040265969465], [-121.85492207446956, 47.24778378988797], [-121.85496754051934, 47.24763055824728], [-121.85500810871353, 47.24742288510926], [-121.85517066606381, 47.24682303988077], [-121.85517025830362, 47.24664720909895], [-121.85519428574165, 47.24648223118092], [-121.8551854520292, 47.246371451485885], [-121.85518208316833, 47.2463576097726], [-121.85517457234262, 47.24633918834999], [-121.85516152072553, 47.24632066051435], [-121.85514399727252, 47.24630441288118], [-121.85513631118947, 47.24629901878204], [-121.85514502364396, 47.24624527459803], [-121.85522000966543, 47.24596539089312], [-121.85529373886544, 47.245795376923475], [-121.85536701578725, 47.245647304137364], [-121.85542423666942, 47.24552118413943], [-121.8554251766778, 47.2454387404456], [-121.8553858373255, 47.24529592644452], [-121.8553057015837, 47.245251789255654], [-121.85512858857803, 47.24517434052928], [-121.85502437860872, 47.245113690922395], [-121.8549124639945, 47.24498697833066], [-121.85487317753831, 47.24486609993434], [-121.85486632817546, 47.244734216093015], [-121.85486717067774, 47.244607899919984], [-121.85490375739968, 47.24446197072166], [-121.85517926081133, 47.244249664704064], [-121.85518567707932, 47.24424461982474], [-121.85519113772901, 47.2442416434541], [-121.85520502385546, 47.244233425931505], [-121.85560722270766, 47.243995645044656], [-121.85586540456684, 47.24381524656125], [-121.85605072782423, 47.2436197610661], [-121.85606006006599, 47.24361056910968], [-121.85606789290175, 47.243601907938825], [-121.85608296470565, 47.24358082294179], [-121.85609050079188, 47.24356034135407], [-121.85609256234524, 47.24354232178968], [-121.8560922516018, 47.24352998698394], [-121.85609250398888, 47.24352004336415], [-121.85609221389008, 47.24346863295061], [-121.85608926941136, 47.24345170032326], [-121.85608124155306, 47.24343277092796], [-121.85606922459887, 47.24341525927721], [-121.85605941760521, 47.2434056054932], [-121.85605013575251, 47.243396802385284], [-121.85602888172565, 47.243292509081726], [-121.85610163153949, 47.243044012578714], [-121.85622509047073, 47.24277058775806], [-121.85632990142096, 47.24257604375379], [-121.85647140490664, 47.24204053727565], [-121.8565105254695, 47.24175593031664], [-121.85658035794832, 47.241551513196384], [-121.85670495064349, 47.24140301078211], [-121.85691100267266, 47.24129142814548], [-121.85691845466279, 47.241287570124435], [-121.85692393692871, 47.24128545070009], [-121.85694037694317, 47.24127874527782], [-121.85754373139204, 47.241035687950564], [-121.85783102576507, 47.24089281906905], [-121.85804852467513, 47.24067673031298], [-121.85814121400362, 47.240540595951536], [-121.85822058441238, 47.24045500410826], [-121.85828397154043, 47.2404340382543], [-121.85829794301422, 47.24042924758276], [-121.85832180765742, 47.24041765685442], [-121.8583420650209, 47.240402680722646], [-121.85835875519851, 47.24038603148442], [-121.8583708619682, 47.24036720924003], [-121.85837792963422, 47.24034810348881], [-121.85838042859041, 47.240327508224894], [-121.8583768969645, 47.240307326571724], [-121.8583688620773, 47.2402880555927], [-121.85836207388463, 47.24027836653146], [-121.85839515201063, 47.240153384176566], [-121.85842000665063, 47.2400216437723], [-121.85835326128931, 47.239252583711185], [-121.85836223245474, 47.23910971931068], [-121.85837948762337, 47.23895613051252], [-121.85845257238968, 47.238840963104785], [-121.85857456298086, 47.23870945403738], [-121.8587040739402, 47.23861659040806], [-121.85886650085843, 47.23845221761419], [-121.85895591843042, 47.23832623169018], [-121.85897325438795, 47.23815601919746], [-121.8589342213415, 47.23798560957311], [-121.85883871425132, 47.23777113303334], [-121.85881570237851, 47.23761733035712], [-121.85883295106294, 47.237463570646455], [-121.85890665920739, 47.23729355352458], [-121.85904498062494, 47.23715122845299], [-121.85916606293827, 47.237063603943], [-121.85940901551086, 47.236899655952925], [-121.85956276126223, 47.23679022449539], [-121.85976508159315, 47.23663155247365], [-121.85986273270959, 47.2365328899455], [-121.86002487863543, 47.23635772031333], [-121.86011437227162, 47.236215109883865], [-121.86018041839901, 47.23600113702517], [-121.86018129998865, 47.23589675578123], [-121.86015000983477, 47.23575401966974], [-121.86004594718707, 47.2356986851031], [-121.85988506931963, 47.235665268609196], [-121.85968347880856, 47.23565375229722], [-121.85941774511504, 47.235652928618826], [-121.85915210346805, 47.23563582153254], [-121.85883836712699, 47.2356074514049], [-121.85870970160106, 47.23557416992678], [-121.85850081917751, 47.23551303711107], [-121.8582602519428, 47.235353045181824], [-121.85814035127616, 47.23524836538307], [-121.85795607166477, 47.23510519392311], [-121.85775505563421, 47.235016716319926], [-121.85754640456662, 47.23494461021063], [-121.85734526952345, 47.2349111475995], [-121.85714418685515, 47.23489962128681], [-121.85685433582385, 47.23486034223752], [-121.85666107673262, 47.23485969026793], [-121.85583145667964, 47.23486837265442], [-121.8555732378217, 47.234906012142474], [-121.85533140291848, 47.23495477092995], [-121.85513014323911, 47.23497614741888], [-121.85419400975158, 47.23523148069099], [-121.85400052654667, 47.235241967447244], [-121.85386340715526, 47.23525248087508], [-121.85368634299107, 47.23523552691651], [-121.85345304880298, 47.23522385496819], [-121.85307516249723, 47.235145834148554], [-121.8529064561973, 47.23504103439689], [-121.85277060149025, 47.23494184772751], [-121.85263428143571, 47.23480410604667], [-121.85248213239122, 47.23467734692281], [-121.85227420353188, 47.23447360198541], [-121.85209826071187, 47.23434112112424], [-121.8519057181368, 47.23420883283137], [-121.8516571754387, 47.23407085769554], [-121.85141631661476, 47.23393827637333], [-121.85115986126198, 47.23380570463199], [-121.8509351597963, 47.23369521248494], [-121.85076709735459, 47.233535559280206], [-121.85063947806387, 47.23340337052788], [-121.85051935962824, 47.23324915631687], [-121.850440461682, 47.23307321037951], [-121.85040923593563, 47.23289191135236], [-121.85041072424443, 47.23271074418173], [-121.8504280860754, 47.23254053218815], [-121.85047319748513, 47.23189252920839], [-121.8503651902824, 47.23123876991141], [-121.85031776981965, 47.23107376817963], [-121.85027895685157, 47.230930946269694], [-121.85021534559776, 47.23078241443967], [-121.8501356847494, 47.23065600640421], [-121.84996754823402, 47.23057313175635], [-121.84975091136897, 47.23046254417191], [-121.84950953408566, 47.23036852539978], [-121.84936537380806, 47.23031861958787], [-121.84887547739763, 47.230086617025606], [-121.84857864884458, 47.22994833997118], [-121.84828991566452, 47.229771749740344], [-121.84813815820497, 47.22963949546281], [-121.84745570477602, 47.22909233139929], [-121.84722561420742, 47.22898652198751], [-121.84687201575613, 47.22895190145362], [-121.84660590219347, 47.228753793070766], [-121.845926407123, 47.228122779658996], [-121.84569478071421, 47.227874910818386], [-121.84548744668795, 47.22763258698891], [-121.84528041474722, 47.22740225496236], [-121.8451758584546, 47.22728572998964], [-121.84497653580841, 47.22702154756808], [-121.84478530905645, 47.22671887997847], [-121.84465854131508, 47.22643842932129], [-121.84460373552714, 47.22621866871192], [-121.84458135900806, 47.225987906506134], [-121.84458195148662, 47.225910949675615], [-121.844480524399, 47.225476818717524], [-121.84438523399525, 47.22526781147041], [-121.84423404437736, 47.225036658550394], [-121.84417105572325, 47.224871835255506], [-121.8440360595821, 47.224624213021386], [-121.84388428288067, 47.224409690428075], [-121.84370135019314, 47.224156454712286], [-121.84354975998338, 47.22396935135436], [-121.84334972188647, 47.223776466355986], [-121.84314923200834, 47.22366602261214], [-121.84298094550319, 47.223555718844814], [-121.84290908287322, 47.22347857312886], [-121.84282930885668, 47.22334650612798], [-121.84274249106953, 47.223154023115725], [-121.84275810559245, 47.22277200457932], [-121.84282347581538, 47.22250869119639], [-121.84289150956373, 47.222352117636056], [-121.84291233248771, 47.22213833493191], [-121.84292034166485, 47.22193532675278], [-121.84297079830881, 47.221699435670665], [-121.8429874017451, 47.22157859031626], [-121.84299157350543, 47.219953160707796], [-121.84301083104937, 47.21953579523048], [-121.84305249991807, 47.2193108019022], [-121.84310994670379, 47.21917354520632], [-121.84315079216412, 47.2190968069535], [-121.84313528513867, 47.21901986550784], [-121.84297465143366, 47.21895351779566], [-121.84276571665738, 47.21894737072036], [-121.8424917443758, 47.21893563559165], [-121.84220240016893, 47.21891276635343], [-121.84193679598933, 47.21887351224901], [-121.84158309772471, 47.218811969943864], [-121.84122057469004, 47.218799887005304], [-121.84081029759746, 47.21880960642112], [-121.84042344305465, 47.21883053646683], [-121.83999642202878, 47.21889511616866], [-121.83962579637377, 47.21892133991173], [-121.8393117130431, 47.218915031218664], [-121.83907830738202, 47.218875740884634], [-121.83886937666722, 47.21886975837748], [-121.83857171106463, 47.21883583700821], [-121.83827413842407, 47.218785461262215], [-121.83804920248996, 47.21870236872403], [-121.83708608580369, 47.21830954335258], [-121.83672426162693, 47.21820403568171], [-121.83639551889345, 47.2180328483906], [-121.83609079249734, 47.21785624063551], [-121.83593769304456, 47.21778894092915], [-121.83594587737608, 47.21775388401063], [-121.835792172962, 47.217702700432156], [-121.83552002071502, 47.21764242676085], [-121.83384893958169, 47.21748567168847], [-121.83301838436694, 47.21728357575043], [-121.83262682187963, 47.21717514038211], [-121.83107457067524, 47.21687953109054], [-121.83083336632185, 47.216829345846676], [-121.83059934177038, 47.21674411516278], [-121.83043240949304, 47.21670695822197], [-121.8304177454697, 47.21670387017089], [-121.83039851888103, 47.21669946415251], [-121.83038331798572, 47.21669501089897], [-121.83036252393342, 47.216688223345116], [-121.83034983613238, 47.21668374070616], [-121.83017381151443, 47.21662475094618], [-121.82998683648776, 47.21652972465955], [-121.82979579306351, 47.21639224161867], [-121.82967462959571, 47.21629354618909], [-121.8295141498024, 47.21613069073659], [-121.82934055840379, 47.21592582625108], [-121.82919407555751, 47.215799999843206], [-121.82915512789216, 47.215730351432846], [-121.82915091358377, 47.21572268797921], [-121.82914728245461, 47.215718273771245], [-121.82914001369039, 47.21570910270327], [-121.82904090648444, 47.215586844963184], [-121.82897552784604, 47.21542478380752], [-121.82888309251149, 47.21538916803787], [-121.8285307305574, 47.21533939646018], [-121.82851609049936, 47.21533733608315], [-121.82849741051088, 47.21533463667775], [-121.82848529854029, 47.21533306223753], [-121.82846964950153, 47.21533084253873], [-121.82748420113866, 47.215189610752645], [-121.82702600325435, 47.21513179177856], [-121.82671510840098, 47.21511101654787], [-121.82668481046716, 47.215106394260104], [-121.82663066521694, 47.215093474244426], [-121.82661599273756, 47.21509004307156], [-121.82659878766471, 47.215085955948176], [-121.82658308795405, 47.215081680181], [-121.82656840179347, 47.215077735508586], [-121.82648889162665, 47.21505619462137], [-121.82647420548027, 47.215052249936726], [-121.82645293577913, 47.21504649488349], [-121.82643518616698, 47.215040699878344], [-121.82641229253883, 47.215030336573506], [-121.82639594665908, 47.21502024130917], [-121.82638470045562, 47.21501300028631], [-121.82606897137768, 47.2148166135063], [-121.82579254311064, 47.21472466129901], [-121.82571509931648, 47.21470532527711], [-121.82565673235827, 47.21470479201107], [-121.8254546237768, 47.21472989972873], [-121.82527017510152, 47.214675625053765], [-121.8250136800356, 47.21457590231974], [-121.82467743342062, 47.21432233357381], [-121.8244772485954, 47.214200885396735], [-121.82414024420478, 47.21401844687812], [-121.8239396728221, 47.213962984753046], [-121.8237546373068, 47.213945904342154], [-121.82350460800136, 47.21394516258082], [-121.82320668446873, 47.21396056238804], [-121.82282813570087, 47.21397037134656], [-121.8225710865855, 47.213909209475744], [-121.82231433019767, 47.21379851450801], [-121.82206599162593, 47.21368241124906], [-121.82181767666732, 47.213505809722655], [-121.82164137756271, 47.213373457917065], [-121.82154564581805, 47.21328526154278], [-121.82086643906251, 47.2126460443322], [-121.82055370684263, 47.21244738102843], [-121.82016095268763, 47.212226491562284], [-121.81990447799836, 47.21212675726077], [-121.81960739146962, 47.21203245563025], [-121.81920586900381, 47.211904893972054], [-121.819029383365, 47.21180544615108], [-121.8188609483333, 47.21170607802206], [-121.81865303454705, 47.211535179780675], [-121.81846979638894, 47.211303843687865], [-121.81836677923265, 47.2110618277016], [-121.8183040804465, 47.210863910435094], [-121.81829010681751, 47.21062225109984], [-121.81831544213723, 47.210424702962484], [-121.81833323170727, 47.21022706952257], [-121.818382983134, 47.21004055391838], [-121.81844989064172, 47.20973319232846], [-121.81850755024765, 47.209541102762415], [-121.81856571491035, 47.20934900876043], [-121.8185593735259, 47.209336569173125], [-121.81863535062483, 47.209193972862344], [-121.81864982597993, 47.20914839228135], [-121.81858430741268, 47.20902008850341], [-121.8185795541342, 47.209010886743634], [-121.81857590884422, 47.20900578691749], [-121.81857019140853, 47.20899831160845], [-121.81850784932408, 47.20891744383209], [-121.81844192587015, 47.208854611595974], [-121.81837264541261, 47.20879850266187], [-121.8182630244467, 47.20873822376977], [-121.81791517290391, 47.20856240301769], [-121.81763234992754, 47.20843348716216], [-121.81717560208033, 47.208267814257134], [-121.81715271323894, 47.20825744908233], [-121.81713225113096, 47.20824345757874], [-121.81712093719035, 47.20823330368206], [-121.8170291348651, 47.20814060163939], [-121.81693540668421, 47.207989824110555], [-121.81690247853119, 47.207836468804295], [-121.81678673812287, 47.20764943798758], [-121.81673553396546, 47.2075919221554], [-121.8158344866654, 47.206864022335104], [-121.81570436803491, 47.206726339615564], [-121.81562268589526, 47.206656487400636], [-121.81553331980668, 47.20660146089991], [-121.81540386985107, 47.206491019574436], [-121.81496846769085, 47.20627179692335], [-121.81496270200886, 47.20626226471248], [-121.8149548457722, 47.20624949989547], [-121.81495161988501, 47.206240968332644], [-121.8131117507256, 47.205128327408985], [-121.81269850358596, 47.20468262234224], [-121.81236739306841, 47.20438731537639], [-121.8122630093965, 47.20431428903654], [-121.81196972954497, 47.20414691653984], [-121.81154169223635, 47.20393959487093], [-121.81138282202384, 47.203818341970205], [-121.8112599788963, 47.20368948373037], [-121.81102051882515, 47.20339827602061], [-121.81090507251095, 47.2033252030324], [-121.81077283267179, 47.20326466045398], [-121.8101808085256, 47.20311763053899], [-121.81016512274127, 47.20311369422503], [-121.81015954995523, 47.20311204328938], [-121.81014287860276, 47.203108976315505], [-121.81012822595854, 47.20310622828695], [-121.80924970250958, 47.20294546721111], [-121.80923455172835, 47.202942896975415], [-121.80921838321248, 47.20293982282153], [-121.80920423794207, 47.202937241192885], [-121.80919009265634, 47.20293465866314], [-121.80859300799224, 47.20282726809591], [-121.8082870832541, 47.20278016616303], [-121.80792950838809, 47.20273930287621], [-121.80766837804691, 47.2026728431854], [-121.80713952744841, 47.2025998069341], [-121.80665246056594, 47.20261113054374], [-121.80640043358012, 47.20265013526162], [-121.80595458870887, 47.202743595943026], [-121.8059370577224, 47.20274653538458], [-121.80590994429744, 47.20274838442127], [-121.80589434096206, 47.20274787388185], [-121.80546781953625, 47.20272577634041], [-121.80530751797743, 47.202731353396636], [-121.80517415281236, 47.20276918902442], [-121.80497247437069, 47.20281053661806], [-121.80480398006576, 47.20287224804001], [-121.80458370537225, 47.20291414710778], [-121.80452972660632, 47.20294885965125], [-121.80445691830131, 47.20303656951157], [-121.80435891451208, 47.20318454713979], [-121.80424536029888, 47.203272030678626], [-121.80408412762473, 47.2033429127771], [-121.80382636416765, 47.20335301259994], [-121.80368999666975, 47.20330861800913], [-121.80340894887807, 47.2032087811101], [-121.80318413108425, 47.20312562110916], [-121.8028788702616, 47.20306427334811], [-121.80257336893274, 47.20301372525875], [-121.80242913228865, 47.202997352085625], [-121.80241428061414, 47.202986379794794], [-121.80215905644512, 47.20293509324988], [-121.80199572973515, 47.20294035784042], [-121.80177040385648, 47.20298145100639], [-121.80158274598053, 47.20299967040665], [-121.80128163997747, 47.203005966936], [-121.80081536487229, 47.20298292701137], [-121.80026444102218, 47.202995112861494], [-121.80023725639072, 47.202994046783516], [-121.80020897115976, 47.20298905124052], [-121.8001907378887, 47.202983771729464], [-121.80018364056352, 47.202981451542385], [-121.80017921851591, 47.202985787187984], [-121.80015895715498, 47.2030005810483], [-121.8001346002764, 47.203012509104944], [-121.80011414425695, 47.20301925055738], [-121.79993482337352, 47.20307027861992], [-121.79942810204055, 47.203100986631846], [-121.79927472723648, 47.20314349651077], [-121.79924575602134, 47.2031517039644], [-121.7992167261224, 47.20315751386274], [-121.79918709847126, 47.20315938998434], [-121.79915638551954, 47.203158020114266], [-121.79912202194836, 47.203151207143044], [-121.79870976559718, 47.20303260831475], [-121.79830671199329, 47.20302427380561], [-121.7979365216788, 47.20306475686287], [-121.79777041742759, 47.20312163130245], [-121.7975796663085, 47.20322008457035], [-121.7975317484706, 47.20323518788377], [-121.79742765658301, 47.20329839449345], [-121.79721775756094, 47.20337461054756], [-121.79705587990443, 47.203440006521305], [-121.79678954134876, 47.203532449993816], [-121.79600684710086, 47.203798795859605], [-121.79580496446425, 47.20385298338536], [-121.7956435612822, 47.203896434628895], [-121.79549102406538, 47.20389042882232], [-121.7952902527698, 47.203823778848836], [-121.795049432323, 47.20370222097531], [-121.79486592360388, 47.20355877113859], [-121.79466626806003, 47.20337128528873], [-121.79441785492041, 47.20320576596769], [-121.79420147060951, 47.2031171815298], [-121.79399252326148, 47.20304496624522], [-121.79383188893077, 47.20299500323565], [-121.79276406059246, 47.202656283835765], [-121.79233074171997, 47.20253943924631], [-121.79205731695359, 47.20248370703785], [-121.7916638896034, 47.20239435059153], [-121.79153739344174, 47.20234160481344], [-121.79137979186352, 47.20233393643346], [-121.79105786169757, 47.202268801713444], [-121.79104371438203, 47.20226604693307], [-121.791029058518, 47.202263124661265], [-121.79099918081843, 47.2022545459583], [-121.79099308951346, 47.20225221486653], [-121.79058038973557, 47.20209314647911], [-121.79031017610411, 47.201961452224495], [-121.79016400547772, 47.201927090891914], [-121.7899100687508, 47.20184491422377], [-121.78790864415856, 47.20145501946074], [-121.7874811041123, 47.2013266111916], [-121.78687723569648, 47.201248317996985], [-121.78674149813722, 47.201208352078496], [-121.78653377152214, 47.20116541648457], [-121.78623396435209, 47.20105752012496], [-121.78583995033794, 47.20098477472447], [-121.78549435040689, 47.200917658880186], [-121.78520553964776, 47.20080672665258], [-121.7849565453638, 47.20069929175411], [-121.78464426967803, 47.20059547206669], [-121.7844047687176, 47.200527519204826], [-121.78438247883706, 47.20052074039948], [-121.78344491459505, 47.20017791952889], [-121.78291517502288, 47.19991763604147], [-121.78263411675289, 47.19979392773059], [-121.78263056493371, 47.199792595764386], [-121.78231753921135, 47.199720141285745], [-121.78173880654938, 47.199619264426836], [-121.78135298703556, 47.19955206819952], [-121.78088623284576, 47.19952844033393], [-121.7804112096828, 47.19953763485069], [-121.78004095295096, 47.19957480461662], [-121.77966238779591, 47.19960092510025], [-121.77910618787082, 47.19966482505861], [-121.77880835359572, 47.19970221792051], [-121.77835678414374, 47.19978843850609], [-121.77792142342251, 47.19985836862773], [-121.77758250991806, 47.19994488395181], [-121.77727603228067, 47.200020758658624], [-121.77693682015281, 47.20020067757236], [-121.77671817054353, 47.20035373233686], [-121.77654696259476, 47.20055630576333], [-121.77644089722335, 47.200770156817235], [-121.77635029005252, 47.200978525798526], [-121.77630004881631, 47.20119244745838], [-121.77629077221913, 47.201373697521824], [-121.7763775445329, 47.2015333240206], [-121.77652034919227, 47.20178642156817], [-121.77659128408341, 47.20195684816801], [-121.77667820567207, 47.202143893272954], [-121.77673340310649, 47.20228690079184], [-121.77676434679064, 47.2024462873729], [-121.77674639136134, 47.20262197741461], [-121.77672182180405, 47.20270982272928], [-121.77665615597238, 47.20282485756609], [-121.77659121506568, 47.20290697845675], [-121.7764614118943, 47.20301089515256], [-121.77632344635181, 47.20313118222427], [-121.77616962970416, 47.20324050357097], [-121.77591109650517, 47.20338782445229], [-121.77574934049626, 47.2034806096003], [-121.77504581328297, 47.20380215436329], [-121.77491672934674, 47.20387298360228], [-121.77477874474445, 47.20397150304624], [-121.77470552582862, 47.20408644857409], [-121.77461573141841, 47.20422351216873], [-121.77455849669656, 47.20435507555587], [-121.77453330868597, 47.20445938079928], [-121.77447652068417, 47.20452495832418], [-121.77437072250031, 47.204623466237614], [-121.77420907392576, 47.20469979566785], [-121.77409617957628, 47.20473239924203], [-121.77391877087479, 47.20475920140728], [-121.77362940234943, 47.20473067796326], [-121.7733321941835, 47.20464722782544], [-121.77304340550975, 47.20455820016927], [-121.77278679735333, 47.20444756815205], [-121.77251337771702, 47.204391617754844], [-121.77217548129559, 47.204373906720015], [-121.77177344593638, 47.2043449039534], [-121.77144286899818, 47.204360187043484], [-121.77124167393626, 47.204359481932045], [-121.77036572644279, 47.20419702873349], [-121.77027772236053, 47.20417622791638], [-121.77024774406107, 47.20416336120637], [-121.77013313182664, 47.20414456653949], [-121.77004584952944, 47.20415426394016], [-121.76989714047905, 47.20420371010759], [-121.76974746036984, 47.20427595899047], [-121.76948268447073, 47.20435152580132], [-121.76946869834454, 47.20435562199424], [-121.76944821291345, 47.20436132998226], [-121.76941816037736, 47.2043666297552], [-121.76940209967745, 47.2043680050924], [-121.76938754598048, 47.20436936433668], [-121.76887869384014, 47.20441744234311], [-121.7684131746316, 47.2043836385045], [-121.76813965420389, 47.204344474555086], [-121.76792194873165, 47.20432612091083], [-121.76771554544877, 47.20433917703043], [-121.76742522221004, 47.204397881685416], [-121.76710417103938, 47.20443327128635], [-121.76662798070707, 47.20443745190685], [-121.76660531792004, 47.20443615686141], [-121.76650849425906, 47.20442521964545], [-121.76647665842985, 47.204418883189476], [-121.76627505617624, 47.20435819197317], [-121.76612161572807, 47.20429234605747], [-121.76597762620125, 47.204200689299434], [-121.76576879947763, 47.204110769507125], [-121.7652560765304, 47.20407986824441], [-121.76484850940331, 47.204029307795416], [-121.76434523454301, 47.203950997871864], [-121.7641073584633, 47.20390886511725], [-121.76366464832975, 47.203753970589815], [-121.76364995093125, 47.20374916158664], [-121.76363727198313, 47.20374467236044], [-121.76362510756032, 47.203740691602185], [-121.7636114304975, 47.20373655689948], [-121.76341585995934, 47.20367545114263], [-121.7632495386188, 47.20366047010292], [-121.76277425163778, 47.203745687179975], [-121.76262067736414, 47.20375952963229], [-121.76232801417832, 47.20376152048229], [-121.76185018319012, 47.203674182366186], [-121.76152927801907, 47.203587190346155], [-121.76143143971099, 47.20357574533139], [-121.76104497748604, 47.203566928285056], [-121.760830466792, 47.20353447397151], [-121.7607324197089, 47.20351411883993], [-121.76003711104312, 47.20341765908564], [-121.75960361184205, 47.203311663789094], [-121.7592263307254, 47.20322236450295], [-121.75904182127611, 47.203139366841114], [-121.75882559788404, 47.20301215455604], [-121.75856984579417, 47.20278614313475], [-121.75833067738303, 47.20253801272528], [-121.75808370262672, 47.20225706410008], [-121.75791564101833, 47.20212452828565], [-121.75758039276788, 47.20183219699876], [-121.75730904632142, 47.201584072460804], [-121.75707722233896, 47.2014129825747], [-121.75602742135077, 47.200887270014306], [-121.75564293389795, 47.20066076242576], [-121.75542733114669, 47.200473211050095], [-121.75523612728303, 47.20029670724892], [-121.75497968120453, 47.20014747296487], [-121.75480288115706, 47.200113913374736], [-121.75461804118258, 47.20010220648409], [-121.75423921143732, 47.20013921389682], [-121.75386051038788, 47.20018170315608], [-121.75343316624762, 47.20027339009996], [-121.7529253543958, 47.200364917682215], [-121.75263493188052, 47.20044072485796], [-121.75230403194527, 47.200549187384034], [-121.75202153602551, 47.200641530276634], [-121.75175500469173, 47.200728386155774], [-121.75156089029173, 47.200793552343555], [-121.75140799995698, 47.20081491262288], [-121.75112538116004, 47.200923707657125], [-121.74924231388185, 47.2011555498364], [-121.7484900283175, 47.20131072157195], [-121.74807073324284, 47.20136015133531], [-121.74765181089113, 47.20138232658787], [-121.74742730634898, 47.20135201559381], [-121.74718027329628, 47.201261110025555], [-121.74686947250869, 47.201152895661856], [-121.7465329079168, 47.201104769402775], [-121.74616339998887, 47.20108904531171], [-121.7458094914327, 47.201095431935414], [-121.74543799319925, 47.20114570782852], [-121.74522834498224, 47.20117041723776], [-121.74488074278165, 47.20123191636672], [-121.74461262670492, 47.20131620902895], [-121.74437858121287, 47.201351634138064], [-121.74283715659337, 47.20183145601563], [-121.7424385038264, 47.20199101140046], [-121.74203280186661, 47.20212853343052], [-121.74176517939118, 47.20221281439351], [-121.74144158467662, 47.20226907438212], [-121.74112754144886, 47.20228153087155], [-121.74079827424451, 47.202266385807924], [-121.74049315624657, 47.202251494612824], [-121.74029934929133, 47.20226557055565], [-121.73999222836068, 47.20231650941823], [-121.73974082614482, 47.20240643809522], [-121.73949584548211, 47.2025350285066], [-121.73918646939359, 47.20266276689389], [-121.73896876672248, 47.20268755171634], [-121.73867886696117, 47.20270025566749], [-121.73843826384424, 47.202669758141695], [-121.73822193515332, 47.202644998575444], [-121.73794976571642, 47.202597700547805], [-121.73692359292964, 47.20245838727101], [-121.73660149352341, 47.20247057450867], [-121.73633411544975, 47.20254404315059], [-121.73612220138928, 47.202645537297016], [-121.73593556484704, 47.20270905872649], [-121.73569396032849, 47.202722438425766], [-121.73538934141376, 47.20268559191426], [-121.73513888530054, 47.20259829528629], [-121.73499033372813, 47.20245883914249], [-121.7348190155493, 47.20233539190653], [-121.73381680407981, 47.20194661213063], [-121.73351557958541, 47.20177262157924], [-121.73330365392493, 47.20158876716434], [-121.733101409797, 47.20132271772205], [-121.73290772290551, 47.20105692088032], [-121.73274459928706, 47.20085180681797], [-121.73248501174942, 47.20062886933083], [-121.73220128503812, 47.2004277839137], [-121.73196610174433, 47.20019430243206], [-121.731762613379, 47.19998310574913], [-121.73161521636081, 47.199783650477855], [-121.73147071320109, 47.1994909342318], [-121.73130445700545, 47.199104705118785], [-121.73124459507508, 47.1989283085509], [-121.73115354576646, 47.19872962250357], [-121.73098339398445, 47.198480537625535], [-121.73086693906498, 47.19833627781535], [-121.73071627935485, 47.198257505908785], [-121.73050814656757, 47.198216363470145], [-121.73030102342906, 47.19815344423277], [-121.73014935863242, 47.198096618864916], [-121.72944775342113, 47.197873581492736], [-121.72918290252291, 47.197859089634], [-121.72882071973825, 47.19785454390664], [-121.72857775083929, 47.19791728119106], [-121.72830245672898, 47.19799595667661], [-121.72795309136332, 47.198112264536995], [-121.72774155523686, 47.198208255780365], [-121.72748624862825, 47.19841353685393], [-121.72729684170406, 47.19857578690952], [-121.72703638011933, 47.19868754983996], [-121.72672787923698, 47.1987878245177], [-121.72636994934076, 47.19894791995078], [-121.72599668045319, 47.19929549419215], [-121.72569723427594, 47.199440228722615], [-121.72568479815469, 47.19944618714189], [-121.72567782957023, 47.19944934543312], [-121.72565942610483, 47.199458281526574], [-121.72531972854034, 47.199624350465264], [-121.72520132965138, 47.19970306854812], [-121.7249829704518, 47.19991943315606], [-121.72482810291643, 47.200053036537334], [-121.72481873694309, 47.20006136234326], [-121.72480590709796, 47.200072123413015], [-121.72479651703198, 47.200079420399014], [-121.72478663693822, 47.20008723755625], [-121.72475157577067, 47.20011554315442], [-121.72409630471074, 47.200800970946965], [-121.72408794529201, 47.200809286051665], [-121.72407566887956, 47.20082226889036], [-121.72406582687316, 47.20083179919732], [-121.72404603787311, 47.20084623279814], [-121.72402116882286, 47.20085832104111], [-121.72399321405543, 47.20086752918958], [-121.72395864271228, 47.200873207781996], [-121.72394509008981, 47.20087438057013], [-121.72393003475572, 47.20087573880972], [-121.7237789542045, 47.2008888206428], [-121.72376992042184, 47.2008896015776], [-121.72376188660023, 47.20089020192514], [-121.7237568705265, 47.2008907685795], [-121.72374435163694, 47.20089312860386], [-121.72363919744751, 47.20091326609792], [-121.72349236580374, 47.200958350018375], [-121.72309696344264, 47.201130314770616], [-121.72274986235688, 47.201192768826694], [-121.7226398666726, 47.20122118188113], [-121.72256813031387, 47.20125124719728], [-121.72237288029889, 47.20135665247738], [-121.72199625739066, 47.20162490078491], [-121.72186325812308, 47.201703426193404], [-121.72145984588143, 47.20181103083251], [-121.72110112646324, 47.20189365570239], [-121.72073352418865, 47.20191741964718], [-121.72056503301093, 47.20193907832417], [-121.72049555227244, 47.20195780639807], [-121.72046951952285, 47.201963050736104], [-121.72044002839753, 47.20197107465526], [-121.72043104104596, 47.201973912072575], [-121.7198512595137, 47.202266061613344], [-121.71960712005567, 47.202367181169585], [-121.71935442166338, 47.202490154612434], [-121.71912650682975, 47.2025749902017], [-121.7188608722883, 47.20259338766411], [-121.7184987832479, 47.20259429198262], [-121.71804009877003, 47.20259381485985], [-121.7177412585186, 47.202633810066175], [-121.7174256801464, 47.202712025900624], [-121.71710909015889, 47.20281218892897], [-121.71679440319804, 47.20284103783491], [-121.71642374894026, 47.20286361885041], [-121.71606178197321, 47.20286999942516], [-121.7157741614747, 47.20280584513558], [-121.71550264693491, 47.20271992725479], [-121.71523163894153, 47.202634175674056], [-121.71490390756108, 47.20255313167279], [-121.71465577337607, 47.202522492172385], [-121.71442171124356, 47.20253592036195], [-121.71408197790659, 47.20261369555705], [-121.71363888485128, 47.202635487721146], [-121.71322044452089, 47.202635424726715], [-121.71292401812154, 47.20260426005175], [-121.71255578635251, 47.20253357465813], [-121.7123404929626, 47.202464883547684], [-121.71221424985937, 47.202375377532505], [-121.71210525555344, 47.202247816807585], [-121.71209323714632, 47.20209404597732], [-121.71209544174548, 47.20194646712152], [-121.71203802831691, 47.20180910981483], [-121.71193361535919, 47.20166162126417], [-121.71189152646203, 47.2015347279423], [-121.71191982928532, 47.201407098905946], [-121.71193999140424, 47.20125298952043], [-121.71175534282433, 47.2009371926953], [-121.71172646235574, 47.200816160128454], [-121.71173130131879, 47.20065158760408], [-121.7117346158622, 47.200530902728445], [-121.7117730590305, 47.20029537045898], [-121.71177112713627, 47.200075856347304], [-121.71164781876112, 47.19989308943784], [-121.711538071145, 47.19977650327863], [-121.71138154815966, 47.19963727206286], [-121.71125697195221, 47.19948742302131], [-121.71112575420781, 47.199288287159746], [-121.71105905507416, 47.19907339261923], [-121.71096692951623, 47.19891292089521], [-121.71081936285276, 47.198724580532044], [-121.71072685014036, 47.198591532308015], [-121.71069874118518, 47.19843758783603], [-121.71071188677732, 47.198262131014786], [-121.7107815065993, 47.19807100080793], [-121.71088472069246, 47.19783084770074], [-121.71105881543697, 47.19705388299358], [-121.71110415621055, 47.19687894489738], [-121.7111334052698, 47.19668172583421], [-121.71111346698436, 47.19653335051483], [-121.71104790925034, 47.19630199208338], [-121.71102260054705, 47.19604913256908], [-121.7110127570757, 47.195813077457814], [-121.71098961295793, 47.195500041169296], [-121.71107583560999, 47.195287143826114], [-121.71116231205373, 47.195063274378825], [-121.71121058271235, 47.194772968599224], [-121.71124110318489, 47.19454300306077], [-121.71120787074402, 47.19429553916848], [-121.71120505186654, 47.19410345455759], [-121.71121052687428, 47.193922421236174], [-121.71122253320692, 47.19376342836724], [-121.71123350728023, 47.1936702549069], [-121.71180747385425, 47.191828437782924], [-121.71188818578136, 47.19152768010092], [-121.71189073240508, 47.1914399078877], [-121.71184423405955, 47.19136241793352], [-121.7118048874664, 47.19133455420054], [-121.71171009825011, 47.19127847880984], [-121.71161467147692, 47.1912386915916], [-121.7110400905412, 47.19106665358738], [-121.7108102752549, 47.19095389586305], [-121.70911834504655, 47.19048730045042], [-121.70880589988703, 47.19043384288725], [-121.70847007230712, 47.190369146838975], [-121.7080855804163, 47.19030924424724], [-121.70783674767492, 47.19028956664602], [-121.70747690040669, 47.19022991811646], [-121.70724493237482, 47.19017750159057], [-121.70701449279859, 47.19008119435457], [-121.70678329342921, 47.18999586528418], [-121.70651300055633, 47.18989363200058], [-121.70621154378958, 47.18974699609466], [-121.70517102997856, 47.189267028087066], [-121.70478195487998, 47.18909182482592], [-121.7043213511066, 47.188888231428486], [-121.70402513552222, 47.18884042007896], [-121.7037515297361, 47.188836757244616], [-121.70356669142642, 47.188845367362084], [-121.70343908770697, 47.188805223221216], [-121.70336169161051, 47.18869446247532], [-121.70330013078141, 47.1885948474146], [-121.70317356059796, 47.18851099113859], [-121.7029350883489, 47.18841458918898], [-121.70267974779898, 47.18835075275481], [-121.70236221701896, 47.18820393100753], [-121.70221981206818, 47.18810892781794], [-121.70197329313602, 47.18801226469131], [-121.7017014861651, 47.18795391007456], [-121.7015101459306, 47.187896431802486], [-121.70125532820346, 47.187810821681275], [-121.70104687842446, 47.187775114734585], [-121.70081517234479, 47.18773365136987], [-121.70060646798461, 47.1877090847119], [-121.7003916274405, 47.187634882114416], [-121.70018548556052, 47.187522372791506], [-121.70003528203559, 47.18743807211058], [-121.6999234002211, 47.18740375878098], [-121.69979554331132, 47.187374581657295], [-121.69849594905894, 47.18697350888017], [-121.6982075370117, 47.186936740137405], [-121.69796721513863, 47.18698224904965], [-121.69781917887792, 47.18701754504179], [-121.69749847659034, 47.18708856425768], [-121.6971718515744, 47.187164612787534], [-121.69691994885525, 47.187254625196985], [-121.69656445413159, 47.1873212036419], [-121.69616692859123, 47.18744219863359], [-121.69583403521757, 47.18755309916762], [-121.69545234056814, 47.18768523931607], [-121.69527285631638, 47.18777621232598], [-121.69513424448328, 47.18785116813327], [-121.6950101891954, 47.187970357803145], [-121.69491052939071, 47.18807867174561], [-121.69468790271281, 47.188558774118164], [-121.69456358400028, 47.188688764424896], [-121.69435931041936, 47.1887957594817], [-121.69413307792361, 47.18884231300863], [-121.69387363040843, 47.188910117593494], [-121.69347022158553, 47.188970667844906], [-121.69323431882127, 47.189012007912616], [-121.69302584899673, 47.18902067282643], [-121.6930142415717, 47.18901873649991], [-121.69298505043457, 47.18901749535245], [-121.69296445919477, 47.18901856512836], [-121.69294938996981, 47.189019234858634], [-121.6922301732269, 47.18905510631849], [-121.69192281273551, 47.18909375368379], [-121.69161567242217, 47.189142336860286], [-121.6912547484017, 47.18923706008778], [-121.69092213184925, 47.18933868826691], [-121.6909051650127, 47.1893445180491], [-121.69088128669966, 47.18935607513482], [-121.69086100263883, 47.189371022925755], [-121.69084427558788, 47.1893876482025], [-121.69062164763265, 47.18959713636185], [-121.6903513069154, 47.18976375923259], [-121.69018764057894, 47.18986587261862], [-121.69001476229809, 47.19000612604582], [-121.6898169658356, 47.19017919679804], [-121.68904497439027, 47.190739664409364], [-121.68886989073458, 47.19096237075047], [-121.68872777470897, 47.191152519593345], [-121.68858760390418, 47.1912715255599], [-121.68830307741958, 47.19138841807772], [-121.68793717112648, 47.19153168248829], [-121.68766771370542, 47.19167086708284], [-121.68731647882794, 47.191863848556444], [-121.68702183175905, 47.19204647888666], [-121.68675989548252, 47.19220769286548], [-121.6863411573959, 47.1925093328573], [-121.68536892957275, 47.19304526673483], [-121.6849609588277, 47.193242934276384], [-121.68462722349197, 47.19338671508372], [-121.68427050784864, 47.193491655099606], [-121.68397922044184, 47.19355376443297], [-121.68362380766447, 47.19360384967605], [-121.68333420383428, 47.1936054440529], [-121.68308379724614, 47.193651538396935], [-121.68285650619202, 47.19371984531751], [-121.68266152823183, 47.19379416184678], [-121.68244954708673, 47.19389555783961], [-121.68225211303321, 47.194041191838075], [-121.68205505873775, 47.194181166721506], [-121.68178505082052, 47.1943422803649], [-121.68153982813641, 47.19448720185564], [-121.68134355380722, 47.19459426226752], [-121.68123800436949, 47.194642298242925], [-121.68026582829322, 47.195161734890455], [-121.67968566562156, 47.19548864685017], [-121.67935813627129, 47.19568735936171], [-121.67904772811185, 47.19586430305551], [-121.67884106078479, 47.19604824139334], [-121.67869240050562, 47.196194399666254], [-121.67850920865975, 47.19641700099444], [-121.67796451817068, 47.197468806134744], [-121.67787868711993, 47.19765973692823], [-121.67783271593659, 47.19785677379102], [-121.67780216966027, 47.19809221354504], [-121.67774671737536, 47.19833853254392], [-121.67761985173891, 47.19856175720898], [-121.67746093319268, 47.19876817089713], [-121.67728747106979, 47.19893051798205], [-121.6771608012901, 47.199025037273636], [-121.67698405706938, 47.19912949112719], [-121.67678800247937, 47.199247680944254], [-121.67625673499674, 47.1995368876765], [-121.67607808757313, 47.19960040114243], [-121.67577053704589, 47.19965665676273], [-121.67552009492252, 47.199702734358986], [-121.67526979195904, 47.199732186239274], [-121.67520540515173, 47.19973147003853], [-121.67438491012162, 47.199742381780894], [-121.6741751159281, 47.19976147962581], [-121.67405347697495, 47.199787393553926], [-121.67381783604283, 47.199866564005156], [-121.67353244014923, 47.20001633080889], [-121.67322227667844, 47.20016035177503], [-121.67294454620915, 47.200315867069364], [-121.67272303436835, 47.20046652573201], [-121.6725341032689, 47.20061222764881], [-121.67228647765404, 47.200833928549656], [-121.67216974030381, 47.200969471710444], [-121.67204416752168, 47.20113800749435], [-121.67190975089609, 47.20133919503219], [-121.67177401272713, 47.20159523596691], [-121.67166415006346, 47.20176943919039], [-121.67161204243725, 47.20191683640683], [-121.6715676275458, 47.20204804618832], [-121.6715883691006, 47.2021689985522], [-121.67159354123034, 47.202267829655945], [-121.67155080466732, 47.20236063373973], [-121.67137252409945, 47.20241865283648], [-121.67120269782644, 47.20244916410466], [-121.67096187099138, 47.20242949838225], [-121.67082700525782, 47.20235648629885], [-121.67067733384691, 47.20225020790255], [-121.6705253123446, 47.20222072869505], [-121.67033938713341, 47.20225106030233], [-121.67014488994113, 47.20230341403282], [-121.66993573076692, 47.20230604600124], [-121.66976787623852, 47.20226541445261], [-121.66960146125379, 47.20217541326417], [-121.66953007623478, 47.202130549896296], [-121.66900046360928, 47.201805153858835], [-121.6689010623405, 47.20162827093681], [-121.66882410269913, 47.20151199944516], [-121.66864106196495, 47.20144358768137], [-121.66838349455598, 47.20144019312778], [-121.66803618718166, 47.20149597320497], [-121.6676233073207, 47.201589260939784], [-121.6672828645276, 47.201683356887784], [-121.66704852899848, 47.20170765973547], [-121.66682445380317, 47.201671706059834], [-121.6664727737956, 47.20159573775564], [-121.66630545342787, 47.20153316165511], [-121.66589872639716, 47.2014233006657], [-121.66564207410714, 47.201392470813914], [-121.66508707856164, 47.20137955951721], [-121.66483767972522, 47.20138173101794], [-121.66452362383058, 47.20139397805005], [-121.66442715596347, 47.20139820599478], [-121.66327925339826, 47.201316880864994], [-121.663054678377, 47.20128092431463], [-121.66278216779143, 47.20126087408248], [-121.66242931244491, 47.20122312236585], [-121.66207699256735, 47.20116359923227], [-121.66180633959324, 47.201066580263465], [-121.66146207083267, 47.20100714636279], [-121.66112439831713, 47.20099700103728], [-121.66074648719318, 47.200986573015825], [-121.66036750757738, 47.20101985522198], [-121.6600587212235, 47.20113640646986], [-121.65984628336082, 47.20124324789604], [-121.65968924204479, 47.20140026185145], [-121.65954832925124, 47.20153569071152], [-121.6594581893429, 47.20160017516225], [-121.65927199856534, 47.20164163134631], [-121.65897377193329, 47.20166501574656], [-121.65873943263736, 47.20168930135023], [-121.65846508702052, 47.201724098654196], [-121.65840874343988, 47.20172329249393], [-121.65840306242053, 47.201646402871035], [-121.658422209801, 47.2015313892989], [-121.65836361893383, 47.20133301023296], [-121.65827996701266, 47.20116178767878], [-121.65814100555326, 47.20096781305229], [-121.65801143199738, 47.200719246275106], [-121.65788765368417, 47.20055288225678], [-121.65765187655312, 47.20034668050666], [-121.65754934421115, 47.20027950073707], [-121.65741450000785, 47.20020630267003], [-121.65728885754802, 47.20011673163137], [-121.65712327096558, 47.199993800778394], [-121.65700781487762, 47.19981672624904], [-121.65687640806567, 47.199622845253], [-121.65680172962969, 47.19942428418844], [-121.65605073029403, 47.198130033816284], [-121.65590058224014, 47.197765820098326], [-121.65578566604096, 47.19756663233078], [-121.65562498280502, 47.197273646090274], [-121.6549223333819, 47.19598010354772], [-121.6545719149447, 47.19558567231608], [-121.65436058234353, 47.19536876600188], [-121.65406015552541, 47.19519456458821], [-121.653847878092, 47.19502719370435], [-121.65360156771777, 47.19491414692725], [-121.65334560243612, 47.19486666037914], [-121.6531533741195, 47.1948367034974], [-121.6528733831288, 47.194794424697605], [-121.65269698271675, 47.19477561984231], [-121.65195550214229, 47.19455148656729], [-121.6517792512682, 47.19451622694579], [-121.65162212774102, 47.19438789039246], [-121.65144323969588, 47.19418248082029], [-121.65123257824324, 47.193949109900025], [-121.65098126188838, 47.193742706917504], [-121.65071963711287, 47.19361832357927], [-121.65034469422677, 47.1935091216525], [-121.65006459688858, 47.193461354445404], [-121.64967895878979, 47.1934396564208], [-121.6491233605746, 47.19346506294548], [-121.64882663319715, 47.193439052351245], [-121.6485783444492, 47.193397304828245], [-121.6484279368557, 47.19332390916156], [-121.64831872541896, 47.193201775732646], [-121.64818629265102, 47.193051767867914], [-121.64784068501204, 47.192761636605745], [-121.64765123453954, 47.19264938198154], [-121.64734068386736, 47.19254090109292], [-121.64698065537983, 47.19247009866186], [-121.64666772198221, 47.19243841563928], [-121.6462738933911, 47.192433068886245], [-121.64589562063631, 47.19244984553933], [-121.64561341848282, 47.19246806866724], [-121.64530718728501, 47.192491326462466], [-121.6449591410216, 47.19255801372638], [-121.64482957016348, 47.192589116160164], [-121.64451340687714, 47.192689076379686], [-121.64444005268372, 47.19271550911699], [-121.64429373293986, 47.192762885777576], [-121.64417275024928, 47.19277231055498], [-121.64398869402133, 47.192747741965235], [-121.64377325681308, 47.19268989214098], [-121.64352682552685, 47.19259327764977], [-121.64335232190794, 47.19249766307187], [-121.64315351990022, 47.19241805593059], [-121.64297724594724, 47.192404719146744], [-121.64272788756936, 47.19240684272017], [-121.64245373252751, 47.19242514866179], [-121.64218719706462, 47.19247079904219], [-121.64192805633378, 47.19253317096726], [-121.64177449517896, 47.19254754154191], [-121.64157342020071, 47.19255021355988], [-121.64136468901961, 47.19254747752964], [-121.641220488379, 47.19252902250579], [-121.64044249611672, 47.19245255912541], [-121.64020923341275, 47.192454861582995], [-121.63999156137585, 47.19245735258238], [-121.6397896783646, 47.19249310434992], [-121.6395061198305, 47.192565993536434], [-121.63926279929723, 47.19263951311958], [-121.63908320337715, 47.192730399492866], [-121.63887907454895, 47.192826324971804], [-121.63879778645641, 47.192858145395995], [-121.63867560541593, 47.19290596314672], [-121.63845909198841, 47.1928919879901], [-121.63819630104811, 47.19280597632148], [-121.6378934274981, 47.19270305002958], [-121.63766403361178, 47.19257934785162], [-121.6374246129914, 47.19250458668305], [-121.63714534800586, 47.19242404808185], [-121.63690589405363, 47.19237139235494], [-121.63527534265656, 47.19201982652693], [-121.63495382893902, 47.19200996172999], [-121.63468098611736, 47.19199516144738], [-121.6345687104687, 47.1919882094258], [-121.6344011843001, 47.191936556206635], [-121.63430674344824, 47.19186927581679], [-121.63422991201872, 47.191731046125895], [-121.63420307112119, 47.191555136435724], [-121.63412941584565, 47.19132913092897], [-121.63399795693839, 47.19115167681538], [-121.63387269072946, 47.19102934495424], [-121.63370045207999, 47.190873199406916], [-121.63354326707896, 47.19073935540169], [-121.63150544517148, 47.1894767632046], [-121.63121146640677, 47.18934099946916], [-121.63087733083496, 47.189232191572536], [-121.63064007493409, 47.189091758525684], [-121.63049965433707, 47.188941637517765], [-121.63040926747634, 47.188731902411675], [-121.63041023240291, 47.18841913382206], [-121.6304405474757, 47.18821096059369], [-121.63046510870953, 47.187920411393755], [-121.63053768042016, 47.18764155984585], [-121.63064084437109, 47.18740696645064], [-121.63071878201161, 47.187215976648474], [-121.63075916551016, 47.18693675508526], [-121.63078088733101, 47.186750428537636], [-121.63076412688488, 47.186503298971964], [-121.63070619996418, 47.186282963981505], [-121.63058428649427, 47.186056227858344], [-121.63045164849568, 47.185917170270045], [-121.63030991756203, 47.18579996547887], [-121.63018276634294, 47.18575442445147], [-121.63004033577795, 47.1856756145192], [-121.62996873295647, 47.18564169628639], [-121.62859716614066, 47.18496977703497], [-121.62826710901079, 47.18471833834278], [-121.62806299516862, 47.18455084186801], [-121.62787513586674, 47.18436724795741], [-121.62767518870338, 47.18406261093961], [-121.62757129691191, 47.18375943488193], [-121.6274279492557, 47.18344464715686], [-121.62721261781219, 47.18310142787683], [-121.6270754538893, 47.18284159067479], [-121.6270271889421, 47.182577630204065], [-121.62688761365041, 47.18239459289793], [-121.62673097267798, 47.18226073420435], [-121.62661285221678, 47.182165744951774], [-121.62655839605175, 47.182110065591566], [-121.62646441529556, 47.182015525374254], [-121.62640902575075, 47.18198727460024], [-121.62631379514174, 47.181953072194894], [-121.62625763487176, 47.1819359675793], [-121.62548949992323, 47.18126515254685], [-121.6249900406238, 47.18089247941315], [-121.62474346194551, 47.18073653006769], [-121.6245378814662, 47.180569727653065], [-121.62437948466203, 47.180447537016676], [-121.62417258728205, 47.180313821126134], [-121.62401320788933, 47.1802408242857], [-121.6237575267147, 47.18017818985133], [-121.62358135736173, 47.180143571560045], [-121.623404255624, 47.18013655519963], [-121.62313939114925, 47.18013964481677], [-121.62296224236142, 47.180154391618316], [-121.62273710165582, 47.18015795072911], [-121.6219249079105, 47.18016704366183], [-121.62141103993768, 47.180162435995285], [-121.62097738919724, 47.18014745122925], [-121.62051894500804, 47.18014881554736], [-121.6201094315386, 47.18013410793645], [-121.61957924427993, 47.180118340760444], [-121.61928333877916, 47.180055058077926], [-121.61894753407311, 47.179958742375845], [-121.6187078797505, 47.17986869246035], [-121.61837152443073, 47.179794146003125], [-121.61798669632056, 47.17975759804205], [-121.61773812989674, 47.17972247374806], [-121.61736884400791, 47.179708051398606], [-121.6170633688891, 47.17971631995972], [-121.61687762808091, 47.17975307646177], [-121.61583275665284, 47.17976557467226], [-121.61556821310673, 47.17973556910701], [-121.61522239809526, 47.17973787985046], [-121.61493372611397, 47.1797079347133], [-121.61456563316564, 47.179605577447546], [-121.61431023850449, 47.17953177983701], [-121.6140536792039, 47.179474616353886], [-121.61374114504439, 47.179433244511], [-121.61338061973868, 47.17938051043112], [-121.61313293036461, 47.17929035498966], [-121.6129336239743, 47.17920607473999], [-121.61272753823543, 47.179061363523324], [-121.61261847428071, 47.178868075594856], [-121.61251718059067, 47.17868585223261], [-121.61232801495338, 47.17850841604335], [-121.61212915004306, 47.17839670932845], [-121.61189827033961, 47.178268173737216], [-121.61169251427593, 47.178090553237546], [-121.61157469767915, 47.177935565535314], [-121.61141787652166, 47.17774187904758], [-121.61124490299332, 47.1775205848353], [-121.61112621470758, 47.17742061495559], [-121.61096813016036, 47.17728726378137], [-121.61016272401724, 47.17652725045449], [-121.6095031334541, 47.17610926537191], [-121.6092085789258, 47.175963683902026], [-121.6089290123258, 47.17586217234247], [-121.60866631331584, 47.17574987475641], [-121.6083956219725, 47.17561554417568], [-121.60811693741925, 47.17545918325084], [-121.60794167435097, 47.17536969320348], [-121.60771076854408, 47.17526325739523], [-121.60719181833403, 47.175082634370945], [-121.60690389016696, 47.17501410283254], [-121.6066399782422, 47.17494019899902], [-121.6064415290297, 47.174822994693095], [-121.60625838965413, 47.17471695459479], [-121.60493089578478, 47.173935513849976], [-121.60462843847658, 47.17379548028962], [-121.60429297367301, 47.17368798111349], [-121.6039092478132, 47.173580085525515], [-121.60355686760927, 47.173505477086124], [-121.60322096369197, 47.173425398839186], [-121.60294918621155, 47.17333493781398], [-121.60263802646983, 47.17321126383428], [-121.60240758068004, 47.17307722222112], [-121.60217641897486, 47.17298174417974], [-121.60199296150084, 47.172908604569166], [-121.6017606375125, 47.172878945637954], [-121.60158406439048, 47.17287189073393], [-121.60133470815589, 47.17286964203102], [-121.60094982822125, 47.172827554553535], [-121.60065231851802, 47.172830219144], [-121.60028280816844, 47.17282688625774], [-121.5999136860641, 47.17281789099362], [-121.59964030979258, 47.17282083781204], [-121.59921382434625, 47.17283346701984], [-121.599045243435, 47.17284843935505], [-121.5986097125711, 47.17291033554636], [-121.5983528100421, 47.17290781031889], [-121.59805497058655, 47.17294354629346], [-121.59780455562442, 47.17301259209818], [-121.59766692417328, 47.173066340885924], [-121.59748074585661, 47.17313049043721], [-121.59708359734437, 47.17332466135742], [-121.59679223722742, 47.17343179546805], [-121.59651829952473, 47.173456676430014], [-121.5962529077366, 47.173481646464744], [-121.5957940728247, 47.173510336248945], [-121.59551203701973, 47.173557226291784], [-121.59452934174267, 47.17367982315823], [-121.59408681653497, 47.17371966265849], [-121.59394636357536, 47.17373384588603], [-121.5936671178476, 47.17384394210622], [-121.59347398535753, 47.17388775809824], [-121.59320087675316, 47.173953580683715], [-121.59291938419061, 47.1740026876325], [-121.59269469386376, 47.17405194146919], [-121.59223648643666, 47.17421085666862], [-121.59203570296096, 47.17424925829097], [-121.59188272448534, 47.17426561439718], [-121.59167361521801, 47.17426536381406], [-121.59139251821907, 47.17425979397771], [-121.59111896011512, 47.17425415303223], [-121.59046024815989, 47.17424255292548], [-121.59024299069497, 47.174237062813404], [-121.59000182203354, 47.17424225273091], [-121.58970435912383, 47.174247631452886], [-121.58943911735699, 47.17428029551237], [-121.58913388869495, 47.17432413274371], [-121.58883647588486, 47.174356756282364], [-121.58850716763122, 47.17442789701431], [-121.58817741634111, 47.17447710363247], [-121.58790435211844, 47.17452080693429], [-121.58759878558638, 47.174548020175685], [-121.58740592703835, 47.17458085495073], [-121.58559758949652, 47.17476615722756], [-121.5849785090628, 47.174875486031084], [-121.58484184427353, 47.17485346165947], [-121.58464905170447, 47.174815000734405], [-121.58444794196711, 47.174737886451986], [-121.58424722763934, 47.174655454258826], [-121.58405388063748, 47.1745894058918], [-121.58383707986421, 47.17450678226326], [-121.58369238188583, 47.1744353061991], [-121.5834430314107, 47.17430894419216], [-121.58313783675061, 47.174155000983966], [-121.58294455422333, 47.17406701331857], [-121.58275199609123, 47.17398998676521], [-121.58252687593958, 47.17391840643405], [-121.58234179870674, 47.173863417628745], [-121.58216476311007, 47.17380835177748], [-121.5812322440119, 47.17347810875218], [-121.58107157867798, 47.17341209239386], [-121.58092677904091, 47.1733351303885], [-121.5807663472697, 47.173230723002895], [-121.58069387997595, 47.17312634811902], [-121.580621364151, 47.172994555204255], [-121.58059755530043, 47.172835229204736], [-121.58056526393283, 47.17265404667109], [-121.5805167175393, 47.17248929609849], [-121.58046041214773, 47.17231365132322], [-121.58041230525106, 47.17217083209105], [-121.58034812916202, 47.17197863800216], [-121.5802350856354, 47.17178090193468], [-121.58010685525437, 47.17157765272046], [-121.5800180010886, 47.17135792463758], [-121.57996181849234, 47.17113823578421], [-121.57993785433268, 47.17094600660514], [-121.57988140473424, 47.170687931355715], [-121.57987400497777, 47.17066983456332], [-121.57980103746156, 47.17049023238196], [-121.57973652119595, 47.1703309434757], [-121.57966427924221, 47.170237535451264], [-121.57951956617805, 47.17008927801891], [-121.5794898355362, 47.170035402557666], [-121.57936612853565, 47.169957041737], [-121.57879958103715, 47.16945078470743], [-121.57858076562314, 47.16919114147774], [-121.57848909759582, 47.16905609722604], [-121.57828859689107, 47.16853150944025], [-121.5782111066313, 47.16820113876027], [-121.57802577519335, 47.1675554189276], [-121.5779675522511, 47.16743394412043], [-121.5777833976241, 47.167172775526915], [-121.57760866677927, 47.1668801577911], [-121.57750057665277, 47.16672795777085], [-121.5773711730454, 47.16646507826826], [-121.57733126426103, 47.166329378850364], [-121.57718834768917, 47.16596877095415], [-121.5768373187268, 47.16407442063169], [-121.5768060678935, 47.16374344503088], [-121.57681554646305, 47.163589292325334], [-121.57686586546586, 47.163316336844034], [-121.57695209616382, 47.16308006484317], [-121.57698221811704, 47.16295296767916], [-121.5770504506755, 47.162746509927665], [-121.57713028042886, 47.16176396227488], [-121.5771546344966, 47.16154968778679], [-121.57715428894572, 47.16140693665022], [-121.57709803434311, 47.16130806459991], [-121.57700963580199, 47.161159793745], [-121.57691313600537, 47.16103353385191], [-121.57679273124654, 47.160918123292326], [-121.57660778180093, 47.16079165981821], [-121.57649553186897, 47.16068182765215], [-121.5763347668092, 47.16053337363578], [-121.57618996312681, 47.160428985914855], [-121.57496848967425, 47.159758126068], [-121.57467134948257, 47.1595492454081], [-121.57448619183602, 47.15941181279053], [-121.57428510788598, 47.15930726080278], [-121.57410880615726, 47.15923572503638], [-121.57390759868159, 47.15917521706308], [-121.57372290940494, 47.15913666139429], [-121.57358619629971, 47.159059614867815], [-121.57340330208473, 47.15903543916336], [-121.57306234145709, 47.15899730655244], [-121.57288590894464, 47.158944278840934], [-121.57275095709468, 47.15887989675926], [-121.57263960282793, 47.15881443794291], [-121.57245844466965, 47.158600018061364], [-121.57240227259614, 47.15850457108005], [-121.57225930252777, 47.15834035143357], [-121.57219807752335, 47.15829396341103], [-121.57190379185525, 47.15815171409694], [-121.57123782335907, 47.15794213535185], [-121.57114338468682, 47.15791850625827], [-121.57091031359211, 47.157821956752194], [-121.57055648471511, 47.15771744419058], [-121.57032362813347, 47.1576568812628], [-121.5699940498762, 47.15750826993604], [-121.5697774082746, 47.15740385390193], [-121.56956829893002, 47.15729919761932], [-121.56935952104106, 47.157211160803655], [-121.56888542947435, 47.1569967068369], [-121.56870842227272, 47.15691420024132], [-121.56849968985546, 47.15685358157814], [-121.56828267611716, 47.156831426990095], [-121.56791297215476, 47.156787205053966], [-121.56757542701175, 47.156743028963795], [-121.56716569724205, 47.156682210113125], [-121.56691659324895, 47.15663807018131], [-121.5667158383401, 47.15659948078563], [-121.56641845334644, 47.15652785312655], [-121.56621759102117, 47.15648377954625], [-121.56596833572233, 47.15640656450997], [-121.5656713097145, 47.15630219855666], [-121.56497284578336, 47.15604781309038], [-121.56465855156814, 47.15601009754996], [-121.56453024054534, 47.15602653306032], [-121.56441772159896, 47.15605379091361], [-121.56425704685003, 47.15613598928842], [-121.56411249007449, 47.156245630750306], [-121.5639274898391, 47.1563936898808], [-121.5637590692568, 47.156541767285255], [-121.56350989693304, 47.15672280608453], [-121.5633571917058, 47.15682703779004], [-121.56319633425422, 47.15692568871647], [-121.56293129296179, 47.15711749736235], [-121.5628188140712, 47.15717234424052], [-121.56273030495944, 47.15719423817583], [-121.56259373234515, 47.15719960846638], [-121.56253733343227, 47.15711718324235], [-121.56251351928073, 47.156979961044065], [-121.56258588703733, 47.15677690101711], [-121.56265806384035, 47.15651334908978], [-121.56273060792017, 47.156293836735294], [-121.56277855739216, 47.15602485213707], [-121.56276261995285, 47.15577770571765], [-121.56271410424645, 47.15558552807225], [-121.56262595877729, 47.15537126495764], [-121.5625374499005, 47.155113133946], [-121.5624252188567, 47.154849566058516], [-121.56225660053404, 47.154580346849315], [-121.56211196507998, 47.15435512059156], [-121.56194299445964, 47.15411880810799], [-121.56174230354897, 47.15390455164479], [-121.56149309094565, 47.15370119466654], [-121.56130848810281, 47.15356373639207], [-121.56117176907702, 47.15345925604027], [-121.5609790992447, 47.153371226840214], [-121.55957293405156, 47.152310313662085], [-121.5592114390979, 47.15214517118256], [-121.55889815249274, 47.15202962751186], [-121.55849631987309, 47.15183160619252], [-121.5580704804815, 47.151638943763125], [-121.55764468475324, 47.15147387302869], [-121.55721910617258, 47.15131976460009], [-121.55694595071647, 47.151226126073716], [-121.55532290432284, 47.150730284208635], [-121.55455158867863, 47.150597836084366], [-121.55426229071051, 47.15052610346437], [-121.55402162363539, 47.15044895500435], [-121.55387713816455, 47.15038292512603], [-121.55381239922315, 47.15028411863102], [-121.55380475708925, 47.150124810646275], [-121.55384474253341, 47.14988332269199], [-121.55390130643625, 47.14971862879893], [-121.55393332321641, 47.1494551064572], [-121.55390925003132, 47.14909818214372], [-121.5538771397344, 47.14881827930201], [-121.55383695142098, 47.148587632846066], [-121.55378886788625, 47.14831301739623], [-121.55371666650852, 47.148115224762215], [-121.55357219691425, 47.14774174935172], [-121.55317861782393, 47.147115540659584], [-121.55310623880003, 47.147011149291565], [-121.55299370509375, 47.14685725434546], [-121.552800966667, 47.14668678123333], [-121.55256825267242, 47.14652729862466], [-121.55237551464819, 47.14643377150524], [-121.55205395122665, 47.1463292524377], [-121.55182109528594, 47.146213641106364], [-121.5516362551717, 47.14608713783538], [-121.55148357013731, 47.145960684091754], [-121.55128280289101, 47.14579028206058], [-121.55112229709285, 47.14567486717943], [-121.55098587327339, 47.145531984170574], [-121.5507848547304, 47.14539997077045], [-121.55061616617232, 47.14532850249539], [-121.55038356389387, 47.14525127273306], [-121.5502065478652, 47.14519067545018], [-121.55011841785495, 47.14517965234523], [-121.54870445864691, 47.14506295345039], [-121.548479493474, 47.1450680821966], [-121.5482624648566, 47.14506799731219], [-121.5479573641307, 47.14511155577873], [-121.5476839472951, 47.14518258811324], [-121.54748322666043, 47.14529768798566], [-121.5474188034543, 47.14536905123151], [-121.54726636119354, 47.145615842891495], [-121.54717769579814, 47.14583549171275], [-121.54708938944886, 47.146022062504336], [-121.54689664611155, 47.14626339263379], [-121.54670391513245, 47.14642794570155], [-121.54648648817877, 47.14661431707271], [-121.54631012135329, 47.14676792485374], [-121.54614093443256, 47.146877424441506], [-121.54583587592128, 47.147052934194036], [-121.54549826055562, 47.14723370900857], [-121.54528927439218, 47.14733774073632], [-121.54500811131251, 47.14750223557174], [-121.544919701618, 47.14760637556332], [-121.54483129519473, 47.1477106854611], [-121.54436519082283, 47.14828660663109], [-121.54412413549196, 47.148473016190856], [-121.54393131152392, 47.14865950187004], [-121.54364977017615, 47.1488568995466], [-121.54335269769936, 47.14900473981871], [-121.54308742920288, 47.14910876278555], [-121.54276594791017, 47.149267617803304], [-121.54244469665515, 47.14951626940621], [-121.54160755557743, 47.14979596984018], [-121.5413907353171, 47.14988549925521], [-121.540328940465, 47.1502141740493], [-121.54004802208117, 47.150314902341094], [-121.53982871791331, 47.150406164049606], [-121.53971531949871, 47.150439918406114], [-121.53941548288577, 47.15047175285459], [-121.5391153979906, 47.15049073573883], [-121.53851167573946, 47.15052684595167], [-121.5377458559663, 47.150598856940306], [-121.53744449137882, 47.150603622975], [-121.53722356023094, 47.150636799324026], [-121.53701367687576, 47.15064365482259], [-121.53680542022448, 47.15063061642928], [-121.53658421227468, 47.1505973010256], [-121.53647870795986, 47.15057151473441], [-121.53609698096226, 47.15068205029208], [-121.53581561302224, 47.15078602861032], [-121.53551832680411, 47.1508461075648], [-121.53525343164972, 47.1508402583069], [-121.53495596102965, 47.150812422388434], [-121.53474750397127, 47.15076287975876], [-121.53453827628016, 47.15075155937833], [-121.53428129364217, 47.15071290410518], [-121.53408047926756, 47.150668775148986], [-121.53321306415995, 47.15055247119072], [-121.53297987999828, 47.15049714862077], [-121.5326185807903, 47.15044194345385], [-121.53238552962902, 47.150419693586834], [-121.53208811926963, 47.1503424939822], [-121.53184751661429, 47.1501883532826], [-121.53163042616822, 47.150028860490806], [-121.53137330702829, 47.14982551114859], [-121.53117264523918, 47.14960554714921], [-121.53112487799753, 47.14944625423682], [-121.53100434169228, 47.149264988904335], [-121.53088377979624, 47.14905613374593], [-121.53077945115167, 47.148907800426024], [-121.53072352899969, 47.148847290894246], [-121.5304985597624, 47.14874819000507], [-121.53032980618433, 47.14869862776368], [-121.53024950047279, 47.14867655214011], [-121.52926951495, 47.148477763540214], [-121.52910892708091, 47.14846103045197], [-121.52893186774628, 47.14844992765541], [-121.52887599180626, 47.14844425665998], [-121.52870717202745, 47.14831226194572], [-121.52861107884864, 47.148147571506975], [-121.5284263705599, 47.147999095583764], [-121.52822552368563, 47.14789994680608], [-121.52804871264978, 47.14782286076129], [-121.52800056322296, 47.14780084094603], [-121.526546948374, 47.14723899565328], [-121.52634611153063, 47.147140014412344], [-121.52606469783248, 47.147057173699864], [-121.52593658564844, 47.14705711312958], [-121.52582385666346, 47.147073366706415], [-121.52528557111788, 47.14706169869161], [-121.52489197792296, 47.14705028609787], [-121.52463512209725, 47.14701692131624], [-121.52435377719854, 47.14701667724723], [-121.52412880488916, 47.14702193100067], [-121.52379147877596, 47.14701035794905], [-121.52345394631449, 47.14698798901288], [-121.5230522770683, 47.146921630436445], [-121.52274715311614, 47.14683333636506], [-121.52250604800794, 47.14675629826601], [-121.52220917517798, 47.1466790686814], [-121.52185570122053, 47.1465577823297], [-121.52152653301378, 47.146419999928156], [-121.52123720198985, 47.146342872002876], [-121.52087569055658, 47.146221484119934], [-121.52063467824044, 47.146122504735], [-121.52037002976901, 47.14599580196063], [-121.52009712288114, 47.14583078359235], [-121.51984009824321, 47.14568207573284], [-121.519535056367, 47.14554441688687], [-121.51773625539707, 47.14449349980377], [-121.51742308246115, 47.14435025140779], [-121.51709385455742, 47.14423456426499], [-121.51677247304873, 47.14413525892485], [-121.51633062417572, 47.14404129731499], [-121.51611398049165, 47.14400807360851], [-121.51429879624501, 47.14365422318715], [-121.51412203759168, 47.14360470683785], [-121.51391343252584, 47.143571408818275], [-121.51366424013756, 47.143543608938096], [-121.51348730332545, 47.14353796524539], [-121.51329459660079, 47.143548568705334], [-121.51305369206533, 47.143614093220435], [-121.5128124055397, 47.143712693266714], [-121.51261993466983, 47.14378927344536], [-121.51237071009311, 47.14389325589498], [-121.51125010388931, 47.144356706926565], [-121.51113024210562, 47.14442099423577], [-121.51095061024101, 47.14445924160069], [-121.51067450337618, 47.14449644906165], [-121.5102622920981, 47.14461590733344], [-121.5096703617817, 47.14484952815192], [-121.50867936640971, 47.14526143630858], [-121.50769460593344, 47.145846195500646], [-121.50684462872609, 47.14633225936232], [-121.50652258340162, 47.14657310498508], [-121.50620924652728, 47.14671567851393], [-121.50586480888907, 47.146807109398324], [-121.50572860044089, 47.146830745918905], [-121.50539141394285, 47.14682631535265], [-121.50513516647293, 47.146797872994455], [-121.50430069575738, 47.146663242348566], [-121.50364203584668, 47.14650017171867], [-121.50295245088438, 47.14632177162566], [-121.50258781951108, 47.14630026214024], [-121.50196427215475, 47.146187602641135], [-121.50153991560977, 47.14608812140237], [-121.50125484579397, 47.14596840731495], [-121.50104798905812, 47.14589393964126], [-121.50048557248783, 47.14563644122211], [-121.50014021476031, 47.145380660318736], [-121.50000061286103, 47.145221465128564], [-121.4997953135875, 47.145068147328], [-121.4996423715275, 47.14497487122729], [-121.49945469027604, 47.14490451751526], [-121.49907716070196, 47.14483648857485], [-121.49849580473955, 47.14472120447012], [-121.49820536848331, 47.14469012199974], [-121.49754443699209, 47.14469924993358], [-121.49695447404525, 47.14460716854896], [-121.49666509410568, 47.14449741357368], [-121.49644827008906, 47.14445352531165], [-121.49638396630279, 47.14445339335398], [-121.49623156759269, 47.144524797045214], [-121.49607104732513, 47.14467304511833], [-121.49593422596213, 47.14477190613845], [-121.49569321260722, 47.144859667149994], [-121.49554081616584, 47.14495848962866], [-121.49519512560059, 47.145117755154935], [-121.49489795215217, 47.145238558788684], [-121.49464929942243, 47.14532089909753], [-121.49451277106579, 47.145408616066454], [-121.49435203549886, 47.14551847618788], [-121.49428794532464, 47.14558432005012], [-121.4938697443456, 47.14597967041433], [-121.49367715383062, 47.14607849276322], [-121.49348455449196, 47.14614972419563], [-121.4933719275637, 47.14617177043238], [-121.49320333292864, 47.146182643618864], [-121.49303464598817, 47.14624304351937], [-121.49283371718445, 47.14635290446512], [-121.49253673077719, 47.14645724798648], [-121.49207853822065, 47.146673679154816], [-121.49189632297082, 47.14670883142753], [-121.49150066950935, 47.14672062006149], [-121.49106711653745, 47.146693145151445], [-121.49090332558436, 47.14669215011469], [-121.49083501365554, 47.146692735417616], [-121.48990519788504, 47.14658776117811], [-121.48962693421308, 47.14650856949313], [-121.4893958144801, 47.14642503112136], [-121.48927405819538, 47.14636043737671], [-121.48919493862526, 47.14631964148734], [-121.48887671360198, 47.14611603097206], [-121.48873178403693, 47.14599319613998], [-121.48855780190345, 47.145820225473585], [-121.48832151906062, 47.14564676006557], [-121.48821301633791, 47.145592505662265], [-121.48810092021235, 47.14556141575464], [-121.48801689816459, 47.14555442184741], [-121.48795142089655, 47.14551779401898], [-121.48767049246739, 47.14537503993639], [-121.48741347770842, 47.1452487053605], [-121.48704393341048, 47.14506746255222], [-121.48677908558011, 47.14497958114025], [-121.4866344043845, 47.14495202361361], [-121.48653825562792, 47.14496861045791], [-121.48635328872273, 47.145045419621894], [-121.48618624658958, 47.14516834653771], [-121.48577771794471, 47.14518965188431], [-121.48542434283026, 47.14528760278489], [-121.48522539791173, 47.145369328134606], [-121.48516976626723, 47.14540390517204], [-121.48506825475239, 47.14540202817041], [-121.48481938628335, 47.1454185424537], [-121.48465893112964, 47.145434988210276], [-121.48444190837337, 47.14548978990604], [-121.48433721636235, 47.14553369548317], [-121.48385554827722, 47.145676432352914], [-121.48374301577368, 47.1457037814585], [-121.48362275100084, 47.14569280722488], [-121.48348600978119, 47.14563244733652], [-121.4833655420904, 47.14558291731177], [-121.48319684999785, 47.145506033937274], [-121.48298033461565, 47.14539613895382], [-121.48282802318694, 47.14530831962888], [-121.48277949357546, 47.14529176677408], [-121.48193646276327, 47.14473716758221], [-121.48178415220639, 47.14467676747032], [-121.48160752459417, 47.14466027140554], [-121.4813663919065, 47.1446876808135], [-121.48132930452617, 47.14469245139534], [-121.48127276653211, 47.144622325961635], [-121.48086140354955, 47.14429506639803], [-121.48074259130024, 47.144225810889026], [-121.48055429464509, 47.14414771935521], [-121.48035219654865, 47.144139321315706], [-121.48015450460075, 47.14415213632904], [-121.48008185970755, 47.144162862381634], [-121.48006604025282, 47.144149286866245], [-121.47991333672095, 47.14403953196004], [-121.47979297903362, 47.14396806088555], [-121.47966447921317, 47.14394601337449], [-121.47949588433775, 47.14401187727347], [-121.47928679569023, 47.144143718929506], [-121.47898989184097, 47.144253340141866], [-121.47874071564928, 47.14436324063472], [-121.47856417828552, 47.14443448320703], [-121.47838240664416, 47.144521706256484], [-121.47820882652178, 47.14456224756766], [-121.47802156096729, 47.14462363959744], [-121.47756277240957, 47.144809514608724], [-121.47732105368607, 47.14488781759169], [-121.47682053179207, 47.144961107309015], [-121.47674146599405, 47.14497805603763], [-121.4764914889728, 47.144961144655845], [-121.47635534892014, 47.144961093366994], [-121.47629898488931, 47.144955571861956], [-121.47595368450978, 47.14483475508852], [-121.47588958367913, 47.14481815847842], [-121.47576118226505, 47.1448291813693], [-121.47562411880651, 47.14494447072005], [-121.47555175458086, 47.14508166367856], [-121.47547938863606, 47.145246448977964], [-121.475431130787, 47.14541103043567], [-121.47533484314746, 47.14561423144309], [-121.47521403696297, 47.14582278150418], [-121.47503726043091, 47.14607533158245], [-121.47485224166239, 47.14631681107644], [-121.47470762831706, 47.146487002296645], [-121.47448283161954, 47.14666815108953], [-121.47430585760998, 47.14685472389255], [-121.47406486822135, 47.147112782149215], [-121.47378348367442, 47.14735969842292], [-121.473333707932, 47.147573756571774], [-121.47310076989106, 47.14772189674196], [-121.47275529850877, 47.14787012483428], [-121.47235336421853, 47.14797975441058], [-121.47204027324346, 47.14800175086334], [-121.47190392866, 47.14799072924146], [-121.47166290830572, 47.14788633180166], [-121.47148630794321, 47.147732552189424], [-121.47132588731499, 47.14755670098155], [-121.4712133832077, 47.14744693898196], [-121.47063566125459, 47.14697417613764], [-121.47061437530098, 47.14696390057995], [-121.47041102579455, 47.14683073650067], [-121.47025987958307, 47.14675094646331], [-121.46860675358059, 47.14614700478968], [-121.46817461938168, 47.14597393843105], [-121.46814826502435, 47.14596113470995], [-121.46796798984823, 47.145825545540156], [-121.4679204444458, 47.145807607321174], [-121.46772116974772, 47.145732841870554], [-121.46753681793857, 47.1456778321827], [-121.46732786121952, 47.14559543560204], [-121.46703099956585, 47.14548549765683], [-121.46679010883699, 47.145359154399905], [-121.46658940128223, 47.14526040765382], [-121.46635662087147, 47.14522190836168], [-121.46609970695646, 47.14523827805757], [-121.46587453862247, 47.14526003762329], [-121.46563383060291, 47.145199668062666], [-121.4654331124393, 47.145128168094395], [-121.4652725827368, 47.14505667467597], [-121.46497563976402, 47.14491382824343], [-121.46478266857275, 47.14482598216513], [-121.46447765972665, 47.14476546102956], [-121.46427716241483, 47.14465008545305], [-121.46422874147991, 47.144639178871614], [-121.46284011486846, 47.14418290016826], [-121.46267132634239, 47.144182934535415], [-121.46253499232493, 47.1441719016016], [-121.46234200335141, 47.144138889875435], [-121.4621975566798, 47.144067429259195], [-121.46198895449488, 47.14389162413984], [-121.46169208618379, 47.14361150056857], [-121.46149153971511, 47.143408378451404], [-121.46133940032703, 47.143243583533625], [-121.46113876832341, 47.143007386833936], [-121.46100252460162, 47.142804244136975], [-121.4609140858847, 47.14263394932649], [-121.46085808142851, 47.142507599955216], [-121.46072971848606, 47.14221116477657], [-121.46069759431795, 47.14215624966401], [-121.46064968778062, 47.142117746381494], [-121.4604089862149, 47.14208478539988], [-121.46020795357047, 47.14207908512192], [-121.46003113186882, 47.142079010916085], [-121.45982266665722, 47.14207902675788], [-121.45909993574644, 47.14202932489921], [-121.45885924698385, 47.1419687709279], [-121.4585461416917, 47.14187539684597], [-121.45836142145292, 47.141798439559985], [-121.45817689816354, 47.141732447833114], [-121.4580481196476, 47.14169392735329], [-121.45786359711927, 47.141627935114705], [-121.45768721041857, 47.141567529872184], [-121.45753451743543, 47.141540003805225], [-121.45679583370844, 47.14146831391103], [-121.45662726328563, 47.14145188540716], [-121.45647437513249, 47.14141339114269], [-121.45641823913421, 47.14136381440064], [-121.45637822711349, 47.14123218923275], [-121.45642682759355, 47.141083893503215], [-121.45650735338451, 47.14097954818482], [-121.45666818338346, 47.140814900875895], [-121.4568932389159, 47.14058991330428], [-121.45702149933896, 47.14045826634009], [-121.4571019405902, 47.1403210184237], [-121.45713438114191, 47.1401397805067], [-121.45711868495874, 47.13999150369502], [-121.45704648198041, 47.13974446811467], [-121.45702253938266, 47.13961271025657], [-121.45693435978056, 47.13937112007196], [-121.45688622154042, 47.139206315415315], [-121.45678258674346, 47.13874515420146], [-121.45665446200809, 47.13843208892155], [-121.4564701129359, 47.138064136099416], [-121.45632573794902, 47.137712646911645], [-121.45618199472413, 47.13731179609482], [-121.45610177557478, 47.13703723629671], [-121.45606194836878, 47.136746232822894], [-121.45606230558126, 47.136455240417895], [-121.45608668875755, 47.13613131707005], [-121.45617523703329, 47.13585690462496], [-121.45626383664258, 47.13567023363797], [-121.45635225436492, 47.13544517615312], [-121.45643273179371, 47.13522549798404], [-121.45652142947428, 47.13504448106959], [-121.4566179785345, 47.13482483987912], [-121.45670655892803, 47.13466558734981], [-121.45682702336767, 47.1344351247711], [-121.45693962835685, 47.134242940950564], [-121.45705242939931, 47.134061895564365], [-121.45714891910929, 47.13395210441616], [-121.45768744251674, 47.13313962777844], [-121.45793661276382, 47.13283235016885], [-121.45800095371256, 47.132722481805814], [-121.45804171814623, 47.13255779780251], [-121.45804163338873, 47.132327302817686], [-121.45802582490997, 47.13220096166432], [-121.45796983568724, 47.131877017300305], [-121.45791392077062, 47.13181115932512], [-121.45781751645579, 47.13175608954231], [-121.45763269582939, 47.13175607765283], [-121.45735163995194, 47.131766974047366], [-121.45711879802336, 47.13177781261535], [-121.45679807945805, 47.13176127268547], [-121.45548893365968, 47.131799171581086], [-121.45504743884274, 47.13185388680287], [-121.45476625157362, 47.13191413181547], [-121.4544452093375, 47.1319359752859], [-121.45408400286613, 47.13193021641537], [-121.45379492768407, 47.131913749191504], [-121.4535702320052, 47.13190257835474], [-121.45343372010831, 47.13190798734594], [-121.45321664074477, 47.13192982761953], [-121.45298386256907, 47.132001152148206], [-121.45165879220922, 47.132275118215205], [-121.45136946755706, 47.13232993881766], [-121.45096825853702, 47.13236271452412], [-121.45057467674917, 47.1324009084798], [-121.45018945621995, 47.132400647239216], [-121.4498040651941, 47.13236216911602], [-121.44947482449871, 47.13231808786439], [-121.44908927707472, 47.132356212045174], [-121.44760430759851, 47.13227876023824], [-121.44727507060095, 47.132234673456864], [-121.44705823556068, 47.132185036980076], [-121.44672121655077, 47.13206972078027], [-121.44641614526054, 47.1319431739265], [-121.44599088939239, 47.131750775290726], [-121.44577429523432, 47.13165743556618], [-121.44541348188541, 47.131530998978434], [-121.44494749004744, 47.13142084415358], [-121.44461889997679, 47.13132738916827], [-121.44434582527397, 47.13127786528809], [-121.4440809979668, 47.13121182096747], [-121.4438240141878, 47.13113474416043], [-121.44357526008412, 47.13106874026129], [-121.44333433127856, 47.13101929272111], [-121.44327035294944, 47.13100816189513], [-121.44232332594727, 47.13078812714465], [-121.44196991994485, 47.1307109759062], [-121.44167298085414, 47.13061759699878], [-121.44136829397884, 47.130540560608715], [-121.44106293585402, 47.1304251423675], [-121.43975508292642, 47.12990280884351], [-121.43941797148311, 47.12980923624041], [-121.4389847710634, 47.12967719961195], [-121.43870400733773, 47.12958916590941], [-121.43834267482464, 47.129517550532896], [-121.43809372011006, 47.129467986524226], [-121.43788504118086, 47.12942409469544], [-121.43768460791853, 47.12936351229614], [-121.43751588830676, 47.12933591759033], [-121.43551755220479, 47.1290438007947], [-121.43522820943275, 47.12901066672334], [-121.43493929928653, 47.12894462528811], [-121.4346746434519, 47.12882920298535], [-121.43438578549122, 47.12870814994806], [-121.43405665851716, 47.128581764757776], [-121.43379998793141, 47.128521116215204], [-121.43351906539236, 47.12851001605602], [-121.43331039082281, 47.128465944889896], [-121.43298938771599, 47.12846030851681], [-121.43274053859409, 47.128416216089036], [-121.43249950816069, 47.12838868437743], [-121.43222681207214, 47.12838848350561], [-121.4319936661449, 47.128410241457054], [-121.43173701200438, 47.128437500552245], [-121.431503774849, 47.128453945865964], [-121.4312870119882, 47.1284647744625], [-121.42944864011206, 47.12856233615362], [-121.42902283856729, 47.128595062218764], [-121.42886251120801, 47.1286169137689], [-121.42864581301183, 47.12866064033414], [-121.42845300387597, 47.12872096912653], [-121.42829208887117, 47.12882525503926], [-121.42819538831903, 47.12889646497811], [-121.4279789149921, 47.1290116506464], [-121.42776171234476, 47.12905537906198], [-121.42758528537055, 47.12910477902244], [-121.42738440692077, 47.129192417787785], [-121.42723137139065, 47.129346165057456], [-121.42712722948622, 47.12942291875013], [-121.4269501716161, 47.12949408573205], [-121.42682166971989, 47.1295269909552], [-121.42667741125439, 47.12954888252594], [-121.42646038994374, 47.12951583288918], [-121.42621181791, 47.129400263022944], [-121.42605920607312, 47.12934527564274], [-121.42585068927801, 47.12925183297412], [-121.42565011440746, 47.12915284362206], [-121.42431842814925, 47.12854792633807], [-121.42406955449783, 47.12844349297865], [-121.42385300837847, 47.12834993942144], [-121.42370890634875, 47.128234558987764], [-121.42362874504249, 47.12815773821369], [-121.42357277905828, 47.12799846663867], [-121.42353304145836, 47.127877624188855], [-121.42353313387645, 47.127795193477695], [-121.42351709611279, 47.12767998879525], [-121.42341323445795, 47.12750961778491], [-121.42329299043124, 47.127350344265814], [-121.42315655124864, 47.12721296500136], [-121.42306031905952, 47.127048187878174], [-121.42300445175441, 47.12698231354521], [-121.42267615019452, 47.126520858112485], [-121.42256410333573, 47.12640007757946], [-121.42240378081189, 47.12624609354116], [-121.42208298507113, 47.126075736511496], [-121.42187420650824, 47.125965839016715], [-121.42164129099083, 47.12588320862199], [-121.42137679982203, 47.12583356124407], [-121.42115195169053, 47.12581153169508], [-121.42099128691649, 47.12578402059555], [-121.42021303910744, 47.125673511369676], [-121.42002858731355, 47.1256350496945], [-121.41985973441598, 47.125569043043114], [-121.41971558102762, 47.12550849681756], [-121.41953097393792, 47.12543147520625], [-121.41941877445308, 47.12536004923115], [-121.41932264528013, 47.125288665549256], [-121.41919418947879, 47.12520622833733], [-121.41913797772216, 47.12517857027494], [-121.4188971960258, 47.12504664169487], [-121.41876092997728, 47.1249478144735], [-121.41845123198964, 47.12480872163999], [-121.41759091578473, 47.124448643229684], [-121.41721344825628, 47.12433990353274], [-121.41697264266332, 47.12432398987439], [-121.41665906431811, 47.12428089066777], [-121.41637022023527, 47.12421583056992], [-121.41619325848613, 47.12414491349516], [-121.41587137869998, 47.12399751272533], [-121.41562180965761, 47.12385005332704], [-121.41538064933314, 47.123724462145724], [-121.41509066806923, 47.123533106146475], [-121.41468824648138, 47.123314533839995], [-121.41433397748835, 47.12306302003743], [-121.41409217149706, 47.1228990431635], [-121.41386687975873, 47.12270203155787], [-121.41368106940477, 47.12249391238254], [-121.41355962852452, 47.12229128194116], [-121.41346141008123, 47.12191829576454], [-121.41339605673677, 47.12167700554627], [-121.41327418678728, 47.121419368189535], [-121.4129978343237, 47.120668369198825], [-121.41278720963018, 47.120328659569765], [-121.41260078138237, 47.119994412574975], [-121.41226158691596, 47.11953421251964], [-121.4119872601296, 47.11922756459855], [-121.41171351420104, 47.11901430816704], [-121.41150420160872, 47.118899596952666], [-121.41114171970683, 47.118664587943485], [-121.41079591713702, 47.118495254874134], [-121.41050649793283, 47.11836420636788], [-121.41028158909002, 47.118277035348996], [-121.40999237124161, 47.118217274971244], [-121.40973501434216, 47.118141153856804], [-121.40833809367955, 47.1179579696874], [-121.40820184613524, 47.11794738736173], [-121.40807373754146, 47.11800254656003], [-121.40800218830825, 47.11807697022429], [-121.40804268092978, 47.118126007202434], [-121.40735422807994, 47.118926235220385], [-121.40619987437694, 47.12074583141954], [-121.40548871377372, 47.121244439253765], [-121.40540489370835, 47.12130627471594], [-121.40424544658664, 47.121573603615275], [-121.40266241172435, 47.12179453020715], [-121.40196677840567, 47.12274318854118], [-121.40109005369284, 47.123374329766264], [-121.40052695125247, 47.12411338637275], [-121.3996798251743, 47.12456486026303], [-121.3996542889462, 47.12598178703058], [-121.3991112129303, 47.126599691226396], [-121.39811996791869, 47.127175146291044], [-121.39696625367002, 47.127856561864526], [-121.39564357588495, 47.128314947727745], [-121.39483440230742, 47.12869942755818], [-121.39444548388465, 47.129683878608304], [-121.39415176445684, 47.13086758264819], [-121.39413030323308, 47.132266650544665], [-121.39392999330269, 47.13278573989735], [-121.3926087617624, 47.13303723389783], [-121.39121824114244, 47.133017623248655], [-121.38993637947371, 47.133251645227915], [-121.38854331263254, 47.13356482552884], [-121.38587273561046, 47.13486819118452], [-121.38295583662098, 47.13659511725066], [-121.3819712284035, 47.13707612490594], [-121.38127895503925, 47.13728241928616], [-121.3803078382734, 47.13730009703595], [-121.37930948665132, 47.13721857683961], [-121.3782002888553, 47.13723882693686], [-121.3764895994714, 47.137520511848436], [-121.37502385314107, 47.13782362347759], [-121.37348478839617, 47.138035757974315], [-121.36994409282305, 47.138993323499], [-121.36786457737172, 47.139926459288624], [-121.36503797284122, 47.141573417611035], [-121.36416899774244, 47.14170055755875], [-121.36178337064435, 47.1415673772083], [-121.35940577918232, 47.14039507145542], [-121.35824275095861, 47.14000492761865], [-121.35731270703057, 47.13992408282], [-121.35630543365808, 47.14000865952525], [-121.35508117036198, 47.14031504217708], [-121.35420135555817, 47.14039231852644], [-121.35275199492592, 47.139934999399074], [-121.35094714817103, 47.13859515383382], [-121.34983803512935, 47.13785939082917], [-121.3479786485775, 47.13795854981898], [-121.34607687042669, 47.13759803229137], [-121.34519314794794, 47.137360289915776], [-121.34445729183162, 47.137070735865265], [-121.34386155415162, 47.13645917978536], [-121.3424198487609, 47.13577238410399], [-121.34145007780702, 47.13568193287766], [-121.3405106998601, 47.13570435791983], [-121.3390944810881, 47.13535973236902], [-121.33799347932421, 47.134839894580146], [-121.335762152463, 47.13320111781883], [-121.33506353709821, 47.133006518079874], [-121.33434071484734, 47.13303195498324], [-121.33296660494305, 47.133259497720665], [-121.33051639801033, 47.13356570306775], [-121.32933528284241, 47.13357554800447], [-121.32790999213924, 47.13338371291602], [-121.32700957435998, 47.133357079349764], [-121.32567504016629, 47.13358048235137], [-121.32454293684252, 47.133937465939766], [-121.32320109087375, 47.13443971128174], [-121.32225430203665, 47.1348308276483], [-121.32102306733331, 47.13524469082844], [-121.32047626378555, 47.13525456803307], [-121.31969076816047, 47.13486067391075], [-121.31827765452637, 47.13441243654422], [-121.31794767287971, 47.13441202831004], [-121.31725033671003, 47.1342983689738], [-121.3146543100173, 47.13433673092482], [-121.31240690623095, 47.13564431978595], [-121.30857686827584, 47.136492185067276], [-121.30726470687912, 47.13717928573666], [-121.30349657550553, 47.13892315206496], [-121.30312404844905, 47.13943967490243], [-121.30300147941541, 47.140112635847956], [-121.30267610036093, 47.14069274958474], [-121.30261333735422, 47.14086283994583], [-121.30239127944544, 47.141466914665266], [-121.30193425496834, 47.14258500854879], [-121.30188211843655, 47.14417704350121], [-121.3008289702208, 47.14605122893714], [-121.30000664544066, 47.146965856741566], [-121.29915690079278, 47.14765960268272], [-121.29828788697249, 47.148105675275836], [-121.29782142529977, 47.14842712445976], [-121.29779745719627, 47.148674231952754], [-121.29815066127115, 47.148913595989356], [-121.29867950566702, 47.1491058210211], [-121.29943708605278, 47.14947708622261], [-121.29957479153381, 47.14985263076891], [-121.29972163484577, 47.151587062787826], [-121.29985790167497, 47.1521019399279], [-121.30018774707328, 47.15266037521089], [-121.30105479888557, 47.15369903667857], [-121.30150745182745, 47.154371607314545], [-121.30168267432632, 47.154801727215016], [-121.30187817746994, 47.156019484052564], [-121.30381704812433, 47.158302363489376], [-121.30449186888782, 47.15931114408817], [-121.30493474586872, 47.1602312222835], [-121.30543438951935, 47.16104842679245], [-121.30604579887574, 47.161912318447925], [-121.30704401846813, 47.16249863672159], [-121.30808129337318, 47.16280637145886], [-121.30922173563798, 47.162989648298996], [-121.3108392680813, 47.163319520267876], [-121.31171655386258, 47.16367889766612], [-121.31218407088001, 47.164023321692824], [-121.31315753463984, 47.165391883846596], [-121.31352014206155, 47.166274619805435], [-121.31406717720958, 47.16732211323074], [-121.3145440724928, 47.16801742298306], [-121.31512962828955, 47.168718992039686], [-121.31562059492921, 47.16954512258644], [-121.31561344094366, 47.16986888669842], [-121.31598507044822, 47.17051335015246], [-121.31646031263917, 47.17109624676543], [-121.31813218128798, 47.17289802042401], [-121.31821297569806, 47.173187231106], [-121.31779797051263, 47.17418906318997], [-121.31626760534964, 47.17615071044022], [-121.31573821091845, 47.176507458247904], [-121.31526363855653, 47.17673443602816], [-121.31449837702357, 47.17698402210923], [-121.31407551332138, 47.17720737452946], [-121.31383050184922, 47.17749168144874], [-121.31323196954779, 47.17803175364088], [-121.312275439275, 47.17916503485733], [-121.31153007845276, 47.180337271155686], [-121.3100832813693, 47.182300299578166], [-121.30985051398349, 47.18313374119247], [-121.30993177443706, 47.18422374921463], [-121.3102236938508, 47.18471404219896], [-121.31026926338232, 47.18500264671204], [-121.30956963350157, 47.185046270497764], [-121.30890433936025, 47.18516693687581], [-121.30835081349728, 47.18559973328626], [-121.30775456492889, 47.186301698822014], [-121.30739849439303, 47.186962401140285], [-121.3065009880189, 47.18775899906065], [-121.306154629631, 47.188230782786476], [-121.3061068507107, 47.188531520319195], [-121.30617145320534, 47.190426721801764], [-121.30613502512968, 47.190948099008544], [-121.30609880979598, 47.19124909938833], [-121.30622774528908, 47.19230381497309], [-121.30692012393898, 47.19317792660799], [-121.30798989705308, 47.195006993457994], [-121.30878279142844, 47.19610762346401], [-121.30990933108723, 47.19719049033106], [-121.31122341223656, 47.19896914796563], [-121.31136533482626, 47.19961025964835], [-121.31062845265168, 47.20036428863095], [-121.31022440356038, 47.201015220483775], [-121.30972150735771, 47.20154774297597], [-121.30874919160142, 47.202433129157505], [-121.30871342066287, 47.20272967036357], [-121.30921866311203, 47.203421026531124], [-121.30923761348721, 47.20414559666377], [-121.30937887441613, 47.20447620203119], [-121.3113715101446, 47.20558538260803], [-121.31175860389743, 47.20594202182998], [-121.31214151864712, 47.206487706574094], [-121.31285376040303, 47.20782552447293], [-121.31320404713625, 47.20814111903566], [-121.31459388643331, 47.20905243635603], [-121.31535529275865, 47.210143471346875], [-121.31594124880547, 47.21084039759997], [-121.3166305400794, 47.211485010689344], [-121.31721153551294, 47.21185345966315], [-121.31855274943345, 47.21217009475199], [-121.31958144871948, 47.21234275156264], [-121.32060770692624, 47.21261875000807], [-121.32156197719942, 47.21318622756067], [-121.32233935868314, 47.21379590857093], [-121.32292823542882, 47.21408356047479], [-121.3239096552023, 47.21464688299562], [-121.3241710381788, 47.21512758655524], [-121.32453873401684, 47.21548843439465], [-121.32506543135644, 47.215721165862945], [-121.32825480272048, 47.216883557560784], [-121.32914218845387, 47.21727888597621], [-121.33116769120653, 47.21769089414388], [-121.33280485254555, 47.21813324842245], [-121.3357748406585, 47.21868935247773], [-121.33627396330664, 47.2186965447082], [-121.33685771997257, 47.21845310266483], [-121.33777176858236, 47.21816494134428], [-121.33857072896802, 47.21807758989787], [-121.34025798031591, 47.2181153988973], [-121.34434422563199, 47.21850757922987], [-121.3462246986852, 47.21857970644195], [-121.347412100977, 47.21910534025782], [-121.35046789778445, 47.220175219909166], [-121.35215604952484, 47.220550436875776], [-121.35248231707743, 47.22056859966797], [-121.35296249788277, 47.22045864723066], [-121.35335877003399, 47.22054517962033], [-121.35394759701937, 47.220877743396755], [-121.35463847386652, 47.22155347965877], [-121.35501656129024, 47.22179282766832], [-121.35602570984105, 47.22223486295402], [-121.35674209188898, 47.22248798391135], [-121.35726324855793, 47.22261247960886], [-121.35766637489077, 47.22265422141606], [-121.35927593465298, 47.222636807088975], [-121.35993763532838, 47.22277241426347], [-121.36029440215677, 47.22290342951277], [-121.36078560214564, 47.22319846941879], [-121.36101033175385, 47.22362898106557], [-121.36173445001532, 47.223859907194175], [-121.36271993165876, 47.223824466438586], [-121.36291754980705, 47.22388125758775], [-121.36325048844338, 47.22428199858067], [-121.36362222697288, 47.224404323695175], [-121.36427963478778, 47.22445871209167], [-121.3646729181761, 47.22438774499145], [-121.36505549966101, 47.22440219511351], [-121.36540899358702, 47.224609820066554], [-121.36562619630024, 47.224851363028996], [-121.36573859171166, 47.22511391056407], [-121.36579577483889, 47.225884111143436], [-121.36562113811517, 47.226286580057334], [-121.36558922020201, 47.226835014893844], [-121.36534548319734, 47.22716448607717], [-121.36453147578773, 47.22785482342513], [-121.36425414598281, 47.2281297053832], [-121.3635713514081, 47.22922227742148], [-121.36317296197986, 47.229698042309074], [-121.362575920236, 47.2301485509697], [-121.3616715927144, 47.230702449721754], [-121.36100931406703, 47.231102369817], [-121.36075509982548, 47.23131469377711], [-121.36036436480349, 47.231799645741056], [-121.3602564533754, 47.232067946613434], [-121.36028673689457, 47.23245089124413], [-121.36042320758042, 47.23270932397858], [-121.36092371053543, 47.2332652805722], [-121.36113511351066, 47.23370925566103], [-121.36114807101427, 47.2339840273039], [-121.36100544078326, 47.234409385183824], [-121.36040991809968, 47.23511623181336], [-121.35967970622997, 47.23577163743017], [-121.35891927984605, 47.23658423209197], [-121.35864540163897, 47.237111149492755], [-121.35854186039005, 47.23765411224034], [-121.35861930114646, 47.23824902762256], [-121.3588808252029, 47.238711827997854], [-121.35938633079934, 47.239137517037314], [-121.36053419908436, 47.23989173580153], [-121.36067356222169, 47.24007817226695], [-121.36073102829344, 47.24036700701527], [-121.3606346111649, 47.240631110082816], [-121.3604759882824, 47.24078188872881], [-121.3601118444323, 47.240920484511264], [-121.35919105675984, 47.24099294955388], [-121.3575041348198, 47.2414950341963], [-121.35321371626685, 47.24233794793627], [-121.35163574260599, 47.24263916354956], [-121.35129248787732, 47.24279608529974], [-121.35104270344618, 47.24307158717424], [-121.35082656422611, 47.24388286690021], [-121.35049773205021, 47.244188422946635], [-121.34889593384578, 47.24502477173035], [-121.34749922306914, 47.24603952783149], [-121.34682104349248, 47.24643913765183], [-121.34616121139449, 47.24675806702183], [-121.34535950162737, 47.246984978045376], [-121.34416147727946, 47.24710252815843], [-121.34212809643604, 47.24710018983504], [-121.34131379018032, 47.24707046286], [-121.3401285682585, 47.24694522952885], [-121.3396939795491, 47.24692987313481], [-121.33930861245022, 47.24703685409692], [-121.33899373496189, 47.24750027276309], [-121.33867152344762, 47.24852581315785], [-121.33864660002645, 47.24921847008318], [-121.33863049043113, 47.24921824439334], [-121.33814428408213, 47.25060587157652], [-121.33788292737908, 47.25114653806004], [-121.33775666834671, 47.25160362897334], [-121.33724603969281, 47.25262215042304], [-121.33630716295514, 47.253422871096234], [-121.33581886679572, 47.25358233811917], [-121.33408929292857, 47.254002652926246], [-121.33184396657269, 47.2574613643432], [-121.33172613157691, 47.257914101165746], [-121.33174677451113, 47.258206988526126], [-121.33202376968221, 47.25866991612485], [-121.33255765478047, 47.25910957527196], [-121.3335471200315, 47.25951545382249], [-121.33406492540963, 47.259923348418795], [-121.33491583414461, 47.26025532585297], [-121.33532668008642, 47.2605176389827], [-121.33548570593484, 47.26090240849656], [-121.33549029339096, 47.261941878606294], [-121.33520956661731, 47.26250478206174], [-121.33567959190222, 47.26304256569822], [-121.33628337484132, 47.26389263942677], [-121.33678613765504, 47.26430045939453], [-121.33723972849313, 47.26481539204388], [-121.33755078752314, 47.26594021541688], [-121.33752704351862, 47.266677772643455], [-121.33762766194614, 47.267124822241], [-121.3387196493449, 47.268215891182145], [-121.33873815335015, 47.26875607234647], [-121.33800268011937, 47.26979832291556], [-121.33791782063258, 47.27007157873577], [-121.33829918122159, 47.270729432886995], [-121.33884197492327, 47.271277301983794], [-121.33952607977234, 47.271651751187186], [-121.33944486072224, 47.27322084429504], [-121.33889549632323, 47.274220622304824], [-121.33893269609112, 47.276376465901464], [-121.34144860672038, 47.27805062939761], [-121.34144625334584, 47.28111464605194], [-121.34230154752663, 47.28199096247142], [-121.34410561795292, 47.28273253085444], [-121.34658033820985, 47.282723227127626], [-121.34960518821345, 47.28294683855723], [-121.35090105711559, 47.2834558851429], [-121.35159659597947, 47.284599777667594], [-121.35508719911134, 47.283795064015095], [-121.35918078163225, 47.28523956687615], [-121.35994407380608, 47.28525498647869], [-121.35994551969145, 47.28550259750306], [-121.36033703116314, 47.28563867032854], [-121.36077155548163, 47.28704406328597], [-121.36047320117504, 47.29042781370428], [-121.36114354168744, 47.29126989148012], [-121.36205162615143, 47.29185880845271], [-121.36581089287776, 47.2912330825244], [-121.36751352104625, 47.29058236751882], [-121.37086189336644, 47.28842086549229], [-121.37083256136941, 47.287916588090916], [-121.36982281457124, 47.286930421861655], [-121.36982250723635, 47.28613391976358], [-121.37079918621264, 47.28542347779992], [-121.37336298240349, 47.285432813740044], [-121.3794797088133, 47.28600109422638], [-121.38136740857338, 47.28605924797968], [-121.3824875174707, 47.28602553860021], [-121.38417155774626, 47.285491415830975], [-121.38993770955443, 47.2862025092647], [-121.39187304846462, 47.28658058087683], [-121.39448424549572, 47.2887364671985], [-121.39719910677458, 47.28891393419523], [-121.4024681097677, 47.288573669586306], [-121.40469103979734, 47.28873062733909], [-121.406921354065, 47.289324123491674], [-121.40793241927275, 47.289779071473866], [-121.40914937008296, 47.289332552651935], [-121.4107700538937, 47.28961595441637], [-121.41205635377372, 47.29011068855859], [-121.41355399294218, 47.29144977791947], [-121.41403779535734, 47.292410411956766], [-121.41559770357362, 47.29337677631243], [-121.41732534493626, 47.29351324065936], [-121.41925422907791, 47.29113260146059], [-121.4194017102176, 47.29030236298038], [-121.41929216962122, 47.2886406368321], [-121.41962673802034, 47.28676443511789], [-121.4204269542748, 47.28687444377569], [-121.42210919892484, 47.28792800527484], [-121.4237240926058, 47.288341682662896], [-121.42670059586975, 47.28876057211251], [-121.42815261405237, 47.28974339846174], [-121.43049386477479, 47.291750700483576], [-121.43123101952446, 47.29269209575315], [-121.43207563553273, 47.293293146876415], [-121.43243556131432, 47.294265327840414], [-121.43195283968464, 47.295041726892826], [-121.43109199690903, 47.295830756924666], [-121.43084092496763, 47.29669131583709], [-121.43126138478284, 47.297232370727144], [-121.43187447677688, 47.29819017953928], [-121.43223421005052, 47.29894644073444], [-121.43237366889079, 47.30001481355603], [-121.43276752507968, 47.30206735177406], [-121.43279237651849, 47.30343996243072], [-121.43253902566971, 47.30443094998015], [-121.43289810623907, 47.30514676991235], [-121.43370007402433, 47.30536909050426], [-121.43509014623167, 47.30556815899436], [-121.43538624908092, 47.30636861875967], [-121.43605950874009, 47.30683667130102], [-121.43728028622843, 47.3070333093926], [-121.44140873901155, 47.30707613635321], [-121.4422493734672, 47.3076319043086], [-121.44320955965067, 47.30784996124402], [-121.44383400030355, 47.30771430205201], [-121.44399522638965, 47.307598859798894], [-121.44411619705738, 47.30754389568703], [-121.44432655519702, 47.30735710796636], [-121.44501376309847, 47.30663708720353], [-121.44621110740553, 47.30515906462955], [-121.44633224828421, 47.30499973386184], [-121.44644550007578, 47.304878853514914], [-121.446598978539, 47.30472491485828], [-121.44669616490066, 47.30466448583402], [-121.44688971679666, 47.304554431788354], [-121.44717142126758, 47.30447176079634], [-121.44759865993313, 47.304356197320885], [-121.44791272491096, 47.30425166820373], [-121.44811379284549, 47.304196558749894], [-121.44826730803528, 47.30413052803827], [-121.448380339522, 47.304026098932084], [-121.4484694969737, 47.30391072538153], [-121.44856655757285, 47.303729312765626], [-121.44864018932726, 47.303476630224495], [-121.44865717847681, 47.303240519747185], [-121.44867436250611, 47.303015376214795], [-121.44872390711738, 47.30276820340027], [-121.44879722875521, 47.302526662250195], [-121.44888705825491, 47.30230692226863], [-121.44900066361097, 47.302092641165736], [-121.44917836551245, 47.301856245031644], [-121.44935603417346, 47.30167502701173], [-121.44947787142429, 47.301499065224114], [-121.44965549985874, 47.30137268426805], [-121.44994505193705, 47.30127914662198], [-121.45036377007617, 47.301196373701075], [-121.4507990155955, 47.301108151837596], [-121.45112109944158, 47.30103096655669], [-121.45339257494628, 47.30033713312498], [-121.4537227104757, 47.30026004557217], [-121.4541981826629, 47.300111331564565], [-121.45456058776001, 47.29997913805248], [-121.45481840273229, 47.299858258459864], [-121.45502804339188, 47.299748229671714], [-121.45524606798246, 47.29959974478052], [-121.45549602506199, 47.29946213370598], [-121.45647924331783, 47.29905491712248], [-121.45671286590631, 47.29893389029945], [-121.45689056653994, 47.29881298147032], [-121.45708389699898, 47.29866452477606], [-121.45719751556864, 47.29853814658193], [-121.45731851193082, 47.29837332154926], [-121.45746431446864, 47.29815893781466], [-121.45756151793552, 47.29801607187487], [-121.45770697211663, 47.29789525693184], [-121.45788437214156, 47.29775772706297], [-121.4581103443426, 47.29760385800714], [-121.45832824027597, 47.29747730203508], [-121.45854584089037, 47.29733429795226], [-121.4587073267193, 47.29718044678898], [-121.45881259887018, 47.29701009443184], [-121.45887777653729, 47.296823279626366], [-121.45903163336129, 47.29660899860622], [-121.45921749161985, 47.2964660833358], [-121.45933835038113, 47.29635061022], [-121.45944382794585, 47.296163805010565], [-121.4594686768597, 47.296031989268315], [-121.4594449698005, 47.2958892656077], [-121.45931860986731, 47.29530183617816], [-121.45924770141148, 47.29505479802296], [-121.45916008525755, 47.294774823216365], [-121.45899312962212, 47.294396111919724], [-121.45888949263477, 47.2941215827261], [-121.45860298080932, 47.29347926724467], [-121.45852294343791, 47.29336956905063], [-121.45833933110718, 47.293073250374974], [-121.45811512807423, 47.292760472464124], [-121.4578993632448, 47.29249697928183], [-121.45766698032212, 47.29223362150767], [-121.45726646875076, 47.29194851817027], [-121.45691317951919, 47.291712548708695], [-121.45666506204269, 47.29149867307927], [-121.45631228554163, 47.291262868053025], [-121.45598383250825, 47.290950089964284], [-121.45570338520734, 47.29073065260163], [-121.45541426507644, 47.290533219852705], [-121.45502188595216, 47.29016578511315], [-121.45449248426543, 47.28982569595492], [-121.45375459256694, 47.2894309395061], [-121.45345779945156, 47.289282919728045], [-121.45310471096762, 47.28911308459622], [-121.45283975169708, 47.28897045732141], [-121.45251872547725, 47.28876214132098], [-121.45229452221055, 47.288531608645755], [-121.45215133675968, 47.28826819331866], [-121.45207996538987, 47.288021154468694], [-121.4520810110817, 47.287795969326446], [-121.45216235647511, 47.28755435787616], [-121.45228366609977, 47.28735097771208], [-121.45245364044575, 47.28713674260133], [-121.45265582866251, 47.28694983447204], [-121.45283375972966, 47.28673004962442], [-121.45309190367468, 47.28646076669911], [-121.45344707145446, 47.2861528114906], [-121.45393935111606, 47.28582299344548], [-121.454447411923, 47.28553142957946], [-121.45497108597145, 47.28524007620716], [-121.45589079108385, 47.28464607685489], [-121.45625368354332, 47.28434919019949], [-121.45668927938324, 47.284090772651496], [-121.45718946347914, 47.28378280843438], [-121.45773772498875, 47.28340332861936], [-121.45895630110168, 47.28245775954942], [-121.45918242851339, 47.28225984348934], [-121.45948853421653, 47.28205646698317], [-121.45973078566324, 47.28183099825794], [-121.4599168296573, 47.28161679046384], [-121.46012719130425, 47.28129801771667], [-121.46028952580042, 47.2809409132773], [-121.46034705458175, 47.28069383860254], [-121.46036441570055, 47.28039722767545], [-121.4603012243037, 47.280045761072], [-121.46017441270305, 47.27962867363552], [-121.46011148037755, 47.27937608390822], [-121.46005622582545, 47.27907407672205], [-121.46002553726319, 47.27879397280991], [-121.46001861815202, 47.278519498201575], [-121.46005220759662, 47.278200989167914], [-121.46019003976384, 47.27788230255883], [-121.46122633778843, 47.27629986779895], [-121.46137209249427, 47.276030638333474], [-121.46159885829684, 47.27567351143236], [-121.46173685873538, 47.27539320726732], [-121.46225735409125, 47.27397595449456], [-121.46239481919501, 47.273750663375445], [-121.46240289098792, 47.273723348686545], [-121.46244416684958, 47.2735255898687], [-121.46242829487299, 47.27342667029257], [-121.4623648084255, 47.273283932262835], [-121.46226898562072, 47.27316322821608], [-121.46221294327565, 47.273042536699556], [-121.46226979076441, 47.27292707633635], [-121.46247922725807, 47.27278412952638], [-121.46268080120983, 47.272652215670824], [-121.46286665466269, 47.27254219455169], [-121.46301162061293, 47.27242668747843], [-121.46317332598879, 47.27226185871168], [-121.46320570722928, 47.2721299778261], [-121.4632390212781, 47.271937767758615], [-121.46320760724815, 47.27167412083044], [-121.46320054182625, 47.27147659236243], [-121.46325773891466, 47.27124031340259], [-121.46346758148941, 47.271064458480474], [-121.46371780144572, 47.27089392320655], [-121.46460389091278, 47.27040980363582], [-121.46490233549218, 47.2702613129054], [-121.4651280630301, 47.270129365834855], [-121.4653053420242, 47.27001924105393], [-121.46547435772499, 47.2699258084714], [-121.46567578411278, 47.269870662406916], [-121.46586873860385, 47.269848490755756], [-121.46602130631366, 47.269848419617475], [-121.46663918976844, 47.26982373122691], [-121.46686499667497, 47.26983641495322], [-121.46708314029115, 47.26987092427401], [-121.46731759479718, 47.26991643743577], [-121.46753573905569, 47.26995094678291], [-121.46785097579196, 47.269980532287434], [-121.46808515429775, 47.269954756114146], [-121.46822305283776, 47.26989516802555], [-121.46848233670431, 47.26978161128221], [-121.46867747321474, 47.26962917554659], [-121.46885631150366, 47.269410556265676], [-121.46907625882677, 47.26912630140116], [-121.46937657197019, 47.26885919641686], [-121.46992862535203, 47.26839599366902], [-121.47020495409284, 47.2681395406703], [-121.47046434086349, 47.26797662454077], [-121.47064314352578, 47.267840431693166], [-121.47086202599256, 47.26772103751058], [-121.47136329578153, 47.26765308888985], [-121.47205182464943, 47.26744355778956], [-121.472554133456, 47.267210737963445], [-121.47305759548706, 47.2667636933101], [-121.47339080956495, 47.266480192088515], [-121.473739212352, 47.26628481647498], [-121.47406373719541, 47.26610558008189], [-121.47437133547461, 47.265964869913226], [-121.4747442987006, 47.26579156404401], [-121.47521373357931, 47.26566302847625], [-121.47568325832503, 47.265567222654276], [-121.47610332377208, 47.26554826255487], [-121.47645106985756, 47.26556709744392], [-121.47679841118817, 47.265619008483995], [-121.4772744360913, 47.26582543762574], [-121.47760464338678, 47.265987166145784], [-121.47787926703467, 47.26608235920779], [-121.47804070032612, 47.26612743796593], [-121.47829881398472, 47.26620066222809], [-121.47855753100737, 47.26627936466738], [-121.47873466930804, 47.26638497457903], [-121.47885530943711, 47.26651231126874], [-121.47898400021587, 47.266666999394836], [-121.47922517871024, 47.266915846919936], [-121.47940139960303, 47.26716438518574], [-121.47954620669591, 47.267346699246254], [-121.479674701495, 47.26749041972897], [-121.47993190188035, 47.267761579746484], [-121.48010913974194, 47.267955099287846], [-121.4802940380322, 47.26809920068047], [-121.4805278862406, 47.26822163691827], [-121.4806813711709, 47.2682720912611], [-121.48106105965954, 47.268357133608696], [-121.48154518915901, 47.268481389621215], [-121.48237546461698, 47.268948706006306], [-121.48250437630763, 47.26903192777903], [-121.48259300316022, 47.26911497510086], [-121.48269774432327, 47.26922564936357], [-121.48274547890125, 47.2693302945081], [-121.48279361722679, 47.269457042446916], [-121.48281718080852, 47.269589139416766], [-121.48284043836739, 47.26973203526136], [-121.4828155561432, 47.26988579340182], [-121.4827903687824, 47.27007794135079], [-121.48270847936935, 47.27025326137737], [-121.4826186283349, 47.270461379108994], [-121.4825204151257, 47.27070795533066], [-121.48247095475315, 47.2708944815391], [-121.48247024527643, 47.271020958710125], [-121.48255000456717, 47.271224725893504], [-121.48267066167847, 47.2713518876836], [-121.48278336629187, 47.27145718147951], [-121.48293655701268, 47.271601032687435], [-121.48319429460231, 47.27178958055986], [-121.48339542987136, 47.27196678280671], [-121.48362869753564, 47.27219375323312], [-121.48391806474902, 47.272514328365205], [-121.48414317751957, 47.27279072147284], [-121.4843276992102, 47.2730501501805], [-121.48448039337427, 47.27324901323253], [-121.48469010350689, 47.273398893126576], [-121.48484300141004, 47.273526292388766], [-121.48504444996874, 47.2736375136545], [-121.48517327959416, 47.273715418965644], [-121.48539940718196, 47.27379935340764], [-121.48676354312617, 47.27429208755497], [-121.48707791423334, 47.27440971337989], [-121.48746511339324, 47.274571614853], [-121.48763484080473, 47.274655168663344], [-121.48790087080882, 47.27482735532093], [-121.48811805073686, 47.275026691162445], [-121.488182120693, 47.27516992357665], [-121.48820550367043, 47.2753734828048], [-121.48820480582184, 47.27549978737221], [-121.4881636169121, 47.27566979469707], [-121.48806501633544, 47.275894443016206], [-121.48798333599424, 47.276080732911694], [-121.48781231233927, 47.27631045409481], [-121.48764954321324, 47.27652365272], [-121.4874219054013, 47.276796869626295], [-121.4871379544592, 47.27699276390566], [-121.48681340457736, 47.27719928536841], [-121.4866108386522, 47.27738471673046], [-121.48645642136457, 47.27753203740057], [-121.4863420978364, 47.27775116236339], [-121.48634109473008, 47.277943446847104], [-121.48641262162937, 47.27816373363405], [-121.48659767178462, 47.278340725653194], [-121.4873136232361, 47.27915343118905], [-121.48745818412117, 47.27929169404169], [-121.48756315613124, 47.27938590978155], [-121.48778861114774, 47.27954130573964], [-121.48798223327782, 47.27966355510852], [-121.48820758512528, 47.27978587765088], [-121.48848199962798, 47.27989218483343], [-121.48867612315739, 47.27995941996708], [-121.48900685183983, 47.280115458147726], [-121.48945051228226, 47.28027790096315], [-121.48975746590045, 47.28037330369752], [-121.49013695801546, 47.28049687640122], [-121.49043515693853, 47.28066364107896], [-121.49069336780005, 47.28084668563796], [-121.49121654981674, 47.2812514420358], [-121.49145068221158, 47.28138482088221], [-121.4918461105176, 47.28157988425124], [-121.49226551109125, 47.281736525478586], [-121.4925645211541, 47.28183747257599], [-121.49303277734558, 47.28193954004337], [-121.4934528729238, 47.28199729139224], [-121.4939460991854, 47.282006088024815], [-121.49430221793918, 47.28200851794234], [-121.49477145792969, 47.28197313196864], [-121.49512696777033, 47.28194266142072], [-121.49570137529668, 47.28187500850054], [-121.49598505074977, 47.281827501907834], [-121.49625161003192, 47.281834809231626], [-121.49640504138104, 47.281852340585715], [-121.49665559647164, 47.281919934617605], [-121.4972619571454, 47.281945908355084], [-121.4976010783666, 47.28206363532549], [-121.49800478270366, 47.282214735848584], [-121.499425085053, 47.28281206015241], [-121.49954629129566, 47.28285694264443], [-121.49976421673453, 47.28292977974459], [-121.49992571948353, 47.28297482821788], [-121.50008702355274, 47.283036328808365], [-121.50032856043318, 47.28324125924812], [-121.50105283113825, 47.2840263916597], [-121.50175800600957, 47.28470354039708], [-121.50190360616158, 47.28481349809405], [-121.50205757411807, 47.284940006620616], [-121.50219552679677, 47.28507196686545], [-121.50240623564751, 47.28526995787176], [-121.50273803675101, 47.28547889515525], [-121.50299697911382, 47.285616317556126], [-121.50319901019861, 47.28575389028805], [-121.50334513901697, 47.28591885152039], [-121.50356390432893, 47.286089350971444], [-121.50369274685507, 47.28608377881368], [-121.50398254274018, 47.28601203208627], [-121.50422387771277, 47.28593470759605], [-121.50444021541415, 47.28581355705653], [-121.50472967594798, 47.28567017892068], [-121.50496242662419, 47.28553791870071], [-121.50538020819488, 47.28536137807766], [-121.50587073700551, 47.28522344812318], [-121.50635362625198, 47.28513493754393], [-121.50677255961428, 47.28507405590242], [-121.50711878321016, 47.285057334242644], [-121.50753752109271, 47.28501290301392], [-121.50772224017582, 47.284952173510646], [-121.50788286373873, 47.28484195501747], [-121.508145785981, 47.28441244143586], [-121.50816940511037, 47.284302216934115], [-121.50819229378686, 47.28412619292162], [-121.50823933993827, 47.28392236713158], [-121.50826253539778, 47.283762792467485], [-121.50831806823072, 47.283608590677595], [-121.5084300086314, 47.283454240132855], [-121.50859859397902, 47.2833660576025], [-121.50879136903617, 47.28330542572734], [-121.50908147647976, 47.28330512455017], [-121.50957305265598, 47.28330477929253], [-121.50984715947958, 47.283337518289024], [-121.51035538459483, 47.283392205371726], [-121.51070976998534, 47.2834084754864], [-121.51117730302282, 47.283468655482395], [-121.51169360275564, 47.28355085674148], [-121.51227447676474, 47.283638488429006], [-121.51440960066363, 47.28361465308691], [-121.51456292198077, 47.28362547571933], [-121.5147966411299, 47.28365290263006], [-121.51498198897231, 47.28365264908442], [-121.51522333330779, 47.283630481258875], [-121.51537609988553, 47.283558709218255], [-121.51542369318669, 47.28346523676181], [-121.51547918624208, 47.28328344139971], [-121.51557466197684, 47.283085186567696], [-121.5157259225613, 47.28285388063326], [-121.51591764934801, 47.28257852093767], [-121.51604483162437, 47.282352567798654], [-121.51624515267109, 47.28213231350755], [-121.5164925701781, 47.28184583731577], [-121.5166767657932, 47.281625381936806], [-121.51685273224689, 47.28144920895324], [-121.51707713193893, 47.2812508480968], [-121.51719703191918, 47.281146116211296], [-121.51735739782353, 47.28099732831993], [-121.51751736264272, 47.28085402755809], [-121.51785457186199, 47.280655530327884], [-121.518167934463, 47.2805011117402], [-121.51865011848946, 47.28035206088488], [-121.51931815665313, 47.28023033253951], [-121.51992174694674, 47.28013624622728], [-121.52030789208935, 47.28007543405231], [-121.52065459937567, 47.28008608617881], [-121.52120277968686, 47.28012409237202], [-121.52136417228212, 47.28016259702375], [-121.52155800568225, 47.28021195483985], [-121.5217760338406, 47.28028886045367], [-121.52204253417739, 47.280398582451696], [-121.52221244520706, 47.28051412805849], [-121.52246379655571, 47.2807010992631], [-121.52265015888598, 47.28086054040101], [-121.52282073976784, 47.28106399114359], [-121.52290201339771, 47.28117963270404], [-121.52294240971139, 47.28118510336708], [-121.52312745670123, 47.281195977228165], [-121.5232805635078, 47.28119582303812], [-121.52385998113475, 47.28110158616713], [-121.52419843000543, 47.281101333211424], [-121.52445619017502, 47.28109562514272], [-121.52477067150848, 47.28110637889288], [-121.5250851520354, 47.281116960875885], [-121.52539965854832, 47.28115530292254], [-121.52571431238451, 47.281254137635024], [-121.52589216403585, 47.28133653154265], [-121.52621576129458, 47.28153433764339], [-121.52644297639617, 47.28174876298362], [-121.52774713715063, 47.282733018448376], [-121.52781196760468, 47.28280458838471], [-121.52801457532385, 47.28296953195585], [-121.5282337234223, 47.28315643473448], [-121.52835522331183, 47.283293993533555], [-121.52846112906931, 47.28345893875195], [-121.52855827929186, 47.28350845798958], [-121.52874344019988, 47.28352480606334], [-121.52891243657723, 47.283486116903944], [-121.52918630099862, 47.283452834778274], [-121.52945220923787, 47.283424935693844], [-121.53041108075064, 47.28341863084789], [-121.53069283909741, 47.28342931717326], [-121.53099959453664, 47.28345657595873], [-121.53181330277427, 47.283444697401826], [-121.53385070497043, 47.283316154108206], [-121.53403613206396, 47.28329393265061], [-121.53422094902898, 47.2832662333215], [-121.53457547354995, 47.28321079702262], [-121.53480058384541, 47.28318307894641], [-121.53525954967535, 47.28311094073943], [-121.53553290455602, 47.28307764817027], [-121.53598402456092, 47.283016716309255], [-121.53626583350774, 47.28297786380011], [-121.53649128738641, 47.28299418079385], [-121.53668525221627, 47.28304899607545], [-121.53700796580287, 47.28312013672666], [-121.53724980191825, 47.28309791876426], [-121.53755504481877, 47.28302063766874], [-121.53804578745132, 47.282899020147966], [-121.53831950705552, 47.282832643361075], [-121.538633363304, 47.28281029094629], [-121.53888339168815, 47.28282107199143], [-121.53900440402596, 47.28285391741952], [-121.53924709747855, 47.282980265560816], [-121.53944090822483, 47.28307911859297], [-121.53994991478899, 47.28327676237468], [-121.54091209356967, 47.283727213225156], [-121.54100960172806, 47.283820590213786], [-121.54117967153964, 47.28394158983867], [-121.5413337611623, 47.284095635841794], [-121.54144770855177, 47.28420548762587], [-121.54168255335968, 47.28441998618685], [-121.541837070818, 47.28459596235743], [-121.54199967872351, 47.28479945720111], [-121.54225107269669, 47.28503591125567], [-121.54257521353529, 47.2852833641918], [-121.5427533488475, 47.285404288447936], [-121.5429152002978, 47.2854646940927], [-121.54308446676103, 47.28549195976678], [-121.54324532372884, 47.28547525803866], [-121.54439598519828, 47.28525375357134], [-121.5457231939114, 47.284916509802535], [-121.54739684115667, 47.284600964127094], [-121.54923256941464, 47.284384178030635], [-121.54955499084248, 47.284361718625455], [-121.55030405876184, 47.28436640581432], [-121.55077927500982, 47.28432730359323], [-121.55116552210782, 47.28427187121458], [-121.55160022829429, 47.284221824280515], [-121.55199485424117, 47.28418276463219], [-121.55253450246359, 47.28411616525571], [-121.55297715587979, 47.28406055592648], [-121.55331533290608, 47.28399407256736], [-121.553508381212, 47.283949815498474], [-121.55380619248717, 47.28390546188644], [-121.55401575405747, 47.28393268654492], [-121.55436271359952, 47.284031492482626], [-121.554621816914, 47.28419621673209], [-121.55489736631631, 47.284377586274296], [-121.55528617552706, 47.28465783126066], [-121.55563509476042, 47.28500972775438], [-121.55609026568996, 47.28548815431012], [-121.55609825519474, 47.28551018790993], [-121.55626876104022, 47.285702623334046], [-121.55647215791896, 47.285928174431426], [-121.5566423040523, 47.286076570916386], [-121.55687002343458, 47.28633497357962], [-121.55708925641638, 47.28657151904643], [-121.55738984507327, 47.28692351003896], [-121.55762603309016, 47.287253466464854], [-121.5577810139477, 47.28750105114185], [-121.55803364987969, 47.287847480422826], [-121.55832162050359, 47.288632121797], [-121.55847904295133, 47.288900931807916], [-121.55867281576037, 47.28925046794261], [-121.55874593800004, 47.28938244044965], [-121.55894983196144, 47.28965750801463], [-121.55920161646225, 47.28995990049433], [-121.55950248526553, 47.290273325017694], [-121.55974628910525, 47.29055385289877], [-121.5599983031676, 47.29086737944139], [-121.5602676050921, 47.291290938905526], [-121.56086660757012, 47.29272135783554], [-121.56100608409382, 47.29302409017703], [-121.56116908711996, 47.29329353090787], [-121.5613161897016, 47.29357408506825], [-121.56144750098717, 47.29387123608588], [-121.56153019562478, 47.29412993100532], [-121.56157307317444, 47.29451512015838], [-121.56150368285553, 47.294878545338925], [-121.56137820713377, 47.295335710869146], [-121.56124313207073, 47.29563855927851], [-121.56108426862953, 47.29593597126504], [-121.56101304071667, 47.296079202391766], [-121.56098945428849, 47.29621137384897], [-121.56108624894172, 47.29618923672026], [-121.56127101845064, 47.29610648566985], [-121.5614558953568, 47.29602921679322], [-121.56160852804334, 47.29595190066414], [-121.56189732051176, 47.29583049237485], [-121.56215484568597, 47.29575855418662], [-121.56243596901865, 47.29563156053997], [-121.56278996080445, 47.29552103242174], [-121.5635869462856, 47.29539341182645], [-121.56400586845585, 47.29538185125768], [-121.56451308781784, 47.29532611928018], [-121.5647704332705, 47.29527079847704], [-121.5654218033017, 47.29506635977301], [-121.56582414784744, 47.294955721417324], [-121.56642745224683, 47.29481735471954], [-121.56696664256269, 47.29472310231956], [-121.56758676224234, 47.294645238374144], [-121.56824759615618, 47.294638799719245], [-121.56888455720332, 47.29469855429797], [-121.56956278694878, 47.29485731940667], [-121.57070257475587, 47.295323704061545], [-121.57185013365091, 47.295724029735396], [-121.57211699228448, 47.295817354056275], [-121.57239179640678, 47.29590495017731], [-121.57282790970956, 47.29604760202139], [-121.5732000387372, 47.296190158925775], [-121.57341831718419, 47.29627244931936], [-121.57368462868756, 47.29633818497048], [-121.57408796933451, 47.29640367665136], [-121.57444307426113, 47.296425230732], [-121.5750312747517, 47.29641342864449], [-121.57560259672898, 47.29631352575635], [-121.57609369262434, 47.2962578935006], [-121.57668941136941, 47.29616889829813], [-121.57722140771016, 47.29616823341009], [-121.57755994729636, 47.29616765349324], [-121.5806891625275, 47.296449690973375], [-121.58089889699788, 47.29648235010541], [-121.5810688350016, 47.29651520806093], [-121.5812144688083, 47.29659199298307], [-121.58127943616144, 47.296690952433615], [-121.58136990614629, 47.296905519701646], [-121.58148499519747, 47.29719165970968], [-121.58163287064146, 47.2975547826606], [-121.58179698135757, 47.29792340803138], [-121.58205036870163, 47.298346893913326], [-121.58232695401978, 47.29867128187924], [-121.58267614176904, 47.29902309443225], [-121.58305819398389, 47.299380425879455], [-121.58335879979174, 47.29972120972284], [-121.58356209031234, 47.29990815645404], [-121.58374025576214, 47.30002353473569], [-121.58428978296321, 47.30021546414404], [-121.58453183078278, 47.30027557624088], [-121.58489557603511, 47.30037413238098], [-121.58517832815666, 47.30042889244916], [-121.58555753007911, 47.30049439964509], [-121.58579152731497, 47.300505057392236], [-121.5868950156621, 47.30045940084995], [-121.58709648905932, 47.30043146116977], [-121.58740247865231, 47.30041453473852], [-121.58777324067742, 47.30038654644776], [-121.58809568734053, 47.30038608657886], [-121.5885951966234, 47.300396300659656], [-121.58920868096044, 47.3004614770261], [-121.58957182420286, 47.30050501581139], [-121.59005621807492, 47.30061441681305], [-121.59057318970748, 47.30078965864203], [-121.59093762163815, 47.30097079044132], [-121.59121315759343, 47.30114110504409], [-121.59146473454906, 47.30137196843418], [-121.59168406705656, 47.301553266053276], [-121.5919264666193, 47.30167950739035], [-121.5921449059617, 47.30176724504348], [-121.59227422248235, 47.30178350445855], [-121.59245146440955, 47.301777890747175], [-121.59266861402064, 47.301727858213496], [-121.59424743802332, 47.301369864807874], [-121.59450833318341, 47.30131564424624], [-121.59472718339488, 47.30125033941175], [-121.59502704443291, 47.30117981325861], [-121.59522109359285, 47.30115844106773], [-121.59549615252367, 47.30113184732149], [-121.59582014702697, 47.30108353987931], [-121.59638562127759, 47.301140735756256], [-121.59670099485479, 47.3011144428057], [-121.59691922917926, 47.301093182431806], [-121.59715437004775, 47.301060964319895], [-121.59737321590673, 47.300995655267265], [-121.59752755750017, 47.300880572877006], [-121.59761762496888, 47.300776040020985], [-121.59779710089828, 47.30063347220066], [-121.59807298408033, 47.30052409334108], [-121.59831644956166, 47.300381773891516], [-121.59854473399007, 47.30021166659057], [-121.59877262642749, 47.30004704467087], [-121.5990007387248, 47.29984403391548], [-121.59939887501696, 47.2996524316913], [-121.59977287994913, 47.29943895171837], [-121.60009811457027, 47.29923056019673], [-121.60030137330372, 47.29909359006547], [-121.60052997536818, 47.29889039925277], [-121.60074155966576, 47.29869268248849], [-121.60097009750696, 47.298461902512955], [-121.60110973978307, 47.29826949620342], [-121.60124010604906, 47.29816526254235], [-121.60140326431096, 47.297989427354715], [-121.60162279983037, 47.297835847018426], [-121.60189905424355, 47.297721142077016], [-121.60248159770272, 47.29762956835066], [-121.60317850072441, 47.29748874606899], [-121.6036074273802, 47.29742416442462], [-121.60399729472161, 47.297199550904985], [-121.60417553252432, 47.29714524043109], [-121.60451616943075, 47.29707481489027], [-121.6048558596793, 47.29703181527523], [-121.60506601483038, 47.29701061574468], [-121.6053005309783, 47.297022600317085], [-121.60562377092013, 47.297012659331216], [-121.6058667242066, 47.296969553430145], [-121.60611005121918, 47.296871088941685], [-121.60639424198953, 47.296750984821465], [-121.60708504702887, 47.296339947012164], [-121.60836287469272, 47.29544601979376], [-121.60873685852944, 47.295210230830456], [-121.60894813888694, 47.29507316656605], [-121.6093051861388, 47.294920140138224], [-121.60962998444006, 47.294766906649805], [-121.61002788398649, 47.294591893190805], [-121.61036030515203, 47.29446634596594], [-121.6106764398091, 47.29435723606501], [-121.61097635567108, 47.29429214918211], [-121.61140502011546, 47.2942165740343], [-121.61257830844778, 47.29409408470836], [-121.61308013459872, 47.29402413986022], [-121.61337742066809, 47.29397826672104], [-121.61421029645182, 47.293668812730026], [-121.61463829432724, 47.29356152783187], [-121.61538034794792, 47.29343990403058], [-121.61559307706428, 47.29322826769983], [-121.61599142748305, 47.2930037029865], [-121.61622824636532, 47.29293321455977], [-121.61627547163559, 47.29290276961236], [-121.61640077696104, 47.29284792190702], [-121.6169815610532, 47.29267540336342], [-121.6169960811142, 47.29267115078046], [-121.61701610624932, 47.292665131259746], [-121.61702911671574, 47.292660892729785], [-121.61704660555895, 47.29265404077175], [-121.61705959791574, 47.29264894606227], [-121.6172115039062, 47.292589385166906], [-121.61772825633862, 47.292293579923445], [-121.61846239534705, 47.291914099933194], [-121.61882147047349, 47.29169144738358], [-121.61920181914891, 47.29147441421086], [-121.61930393885369, 47.2914434363437], [-121.61931795607681, 47.29143918785305], [-121.61933597377107, 47.29143352996442], [-121.61935146945434, 47.29142772499522], [-121.6193649674773, 47.291422796504705], [-121.6193784629052, 47.29141769533109], [-121.6194554505448, 47.29138936014591], [-121.61967692905641, 47.29123606988811], [-121.62001759713381, 47.29112155420055], [-121.62034207040577, 47.290979431894556], [-121.62064215907, 47.2908757619134], [-121.620934386022, 47.29073343509652], [-121.62112980961071, 47.29056308491243], [-121.62126027775551, 47.29044237659171], [-121.62169213331656, 47.290063403995944], [-121.62190422517061, 47.289871297551734], [-121.62225385539924, 47.28960776730298], [-121.6225878243359, 47.28936632305995], [-121.62287186425151, 47.28921858756554], [-121.62335933238144, 47.28892252709379], [-121.62377346374284, 47.28870892029768], [-121.6246899840969, 47.288359333686316], [-121.62601919418901, 47.28789690386846], [-121.62648597008494, 47.287768461006564], [-121.62667930571948, 47.28774001722611], [-121.62680023302525, 47.287717590435165], [-121.62689670891771, 47.28770619716981], [-121.62692894366289, 47.28770605553682], [-121.62714740928264, 47.28777093437191], [-121.62741503965198, 47.287874235074035], [-121.62769068586134, 47.28799939371605], [-121.62807178809656, 47.288156941159485], [-121.62842089140705, 47.28832576687181], [-121.6288508905559, 47.28853270457667], [-121.62921603385242, 47.28874541479418], [-121.6295985261068, 47.289040382169986], [-121.62988324102537, 47.289236909125925], [-121.63033090871083, 47.28956465704969], [-121.63074515326967, 47.289788020637715], [-121.6312717680416, 47.28998903583255], [-121.63191155846445, 47.29020590700341], [-121.63235685800154, 47.290324769024664], [-121.63283516753015, 47.29050397042492], [-121.63313459375655, 47.29058501290633], [-121.63340972795515, 47.290660807086255], [-121.63370102271648, 47.290714507495814], [-121.63408061803283, 47.29075123313228], [-121.6346215562916, 47.29077078227471], [-121.6352109629214, 47.290795508013034], [-121.63605842728029, 47.29080278903612], [-121.6385275786046, 47.29079155589933], [-121.63862405629996, 47.29078015353685], [-121.63918862730307, 47.290750093417586], [-121.63939879005606, 47.2907547077911], [-121.6396890393836, 47.29075887766551], [-121.64001257376894, 47.29081224387017], [-121.64030387484947, 47.290865929083516], [-121.64087063501216, 47.291033772625376], [-121.64152542170508, 47.29112414188804], [-121.64334598996524, 47.29154985740637], [-121.64358887093816, 47.29164771080476], [-121.64381590200547, 47.29173458128619], [-121.64400287054686, 47.29183264375629], [-121.64419810195471, 47.29196369896283], [-121.64436105464682, 47.292116664555834], [-121.64455011338659, 47.2924071557216], [-121.64485211910736, 47.29270235639303], [-121.64628822022841, 47.29406408873978], [-121.64753760602349, 47.295360646403516], [-121.64869258070222, 47.29683344098951], [-121.64882469714158, 47.29707444884912], [-121.64891581519247, 47.29728296161213], [-121.6489825475326, 47.29745846921084], [-121.6490575100873, 47.29768890447065], [-121.64910053139262, 47.29788641158876], [-121.64908703411068, 47.29815028699901], [-121.64902547650136, 47.29838139100114], [-121.64897123807893, 47.29860145683971], [-121.64890932399325, 47.29881594184688], [-121.648879418126, 47.29901948594678], [-121.64884931015575, 47.29918995579572], [-121.64878668939896, 47.29937154462845], [-121.64870692557773, 47.29948184272801], [-121.64860435413267, 47.29968010884526], [-121.64838015195153, 47.29982165752995], [-121.64820761216454, 47.299975889591124], [-121.64804137784782, 47.30014239615773], [-121.64789281126566, 47.300263314610795], [-121.64776686487204, 47.30033465435151], [-121.64769156652213, 47.300512598283774], [-121.6476717125744, 47.300668058112194], [-121.64748078386646, 47.30090507108102], [-121.6473218650803, 47.30113114238513], [-121.64714670374293, 47.301351718447776], [-121.64698857025863, 47.301638275486724], [-121.64685397988494, 47.301847652172654], [-121.64677610007914, 47.302117305288036], [-121.6467384725422, 47.30233720380523], [-121.64668437333667, 47.30254081421099], [-121.64658961670753, 47.3027280333069], [-121.6464065389708, 47.30293223518417], [-121.64623034673879, 47.30308135796228], [-121.64578460422136, 47.30363278523197], [-121.64564910318161, 47.30377636458575], [-121.64553019093195, 47.3039417135388], [-121.64546743751629, 47.30411781909011], [-121.64541431618449, 47.304414814908036], [-121.64548226560956, 47.30469467723581], [-121.64555600256416, 47.30479711321878], [-121.64566589088375, 47.30486988646578], [-121.64592621528547, 47.30490843963057], [-121.64609662251823, 47.30496004923812], [-121.64644806245204, 47.30501809226249], [-121.64664258665452, 47.30509002688536], [-121.6468764743979, 47.305188305453825], [-121.64714396031695, 47.30530253072566], [-121.64738685286476, 47.305468410523446], [-121.64781861401103, 47.30570062250627], [-121.64819780685228, 47.30585435311215], [-121.64889243851532, 47.3064318374407], [-121.64916084438492, 47.30661202654143], [-121.64943663727264, 47.30673713147837], [-121.64981034748766, 47.30691661699252], [-121.6499733658108, 47.30706974644444], [-121.65022454071119, 47.30715105154603], [-121.65032961143092, 47.30713955395468], [-121.65044203713883, 47.307095080331685], [-121.6513833931855, 47.306815985870514], [-121.65164866664664, 47.306732289338825], [-121.65205928542281, 47.306658971988504], [-121.65256738208032, 47.306596162977954], [-121.65306670903452, 47.30650053646673], [-121.65344483851726, 47.306416226624236], [-121.65396075598052, 47.30634236656794], [-121.65452480827109, 47.30625739877583], [-121.65501653679303, 47.306183604214255], [-121.65729185258864, 47.3061235276959], [-121.6574699494157, 47.306133742975454], [-121.65777652255623, 47.30614318822877], [-121.6581641018356, 47.30614702478978], [-121.65843040010702, 47.30613476415383], [-121.65884918436102, 47.30606682326789], [-121.65930068646117, 47.30602066039679], [-121.65971212236964, 47.30598586550509], [-121.66008321727527, 47.30597306572724], [-121.66044684373988, 47.305987758944084], [-121.66133587145447, 47.30608800928089], [-121.66151382065677, 47.306114671717005], [-121.66184538556669, 47.30618452025167], [-121.66211213184124, 47.30621628903665], [-121.6625561411769, 47.30621971605833], [-121.66287934519387, 47.306229151527845], [-121.66329098460011, 47.306227073405665], [-121.66353339975737, 47.30627536453719], [-121.66382570585269, 47.30641689272852], [-121.66418402929483, 47.30665149600871], [-121.66454068600186, 47.30680917044444], [-121.66579919048606, 47.307424067947274], [-121.66606687467385, 47.307521795874955], [-121.66636725225017, 47.30766306571644], [-121.6666432148884, 47.30779378376233], [-121.66704114817666, 47.3079950762923], [-121.66743078988777, 47.308185654561875], [-121.66773995435442, 47.30835990666598], [-121.6682994694926, 47.3085989804066], [-121.66868098872797, 47.30874011040224], [-121.6698044434297, 47.308888484979285], [-121.66995030313558, 47.30889883627672], [-121.67026519818877, 47.30891930391393], [-121.67059621595628, 47.30893960729409], [-121.67095286159126, 47.30902579967554], [-121.67135770924159, 47.309150233491266], [-121.67170648773859, 47.309291514025524], [-121.67197500552362, 47.30944954227088], [-121.67201979197537, 47.30949278850642], [-121.67235695362687, 47.30958654347881], [-121.67268846538158, 47.309882914922376], [-121.67300083561875, 47.31034091100728], [-121.67315801886626, 47.31050023582304], [-121.6733065991402, 47.310726996578104], [-121.67333068463131, 47.31074526079916], [-121.67422907050826, 47.3116600160284], [-121.67459767609712, 47.31180811241005], [-121.67487065610332, 47.31186977947699], [-121.67521396795165, 47.312013331604255], [-121.67576944125243, 47.31215661474189], [-121.67601249823609, 47.312232463665765], [-121.67649066643753, 47.31238938131762], [-121.67666970620616, 47.31248747159992], [-121.67699476762363, 47.31269461218759], [-121.67735236706272, 47.31286868784978], [-121.6777497805632, 47.31304270185267], [-121.67841412630652, 47.31323182041353], [-121.67867379843877, 47.31332943037295], [-121.67899000766019, 47.3134542260243], [-121.67920130624165, 47.31355215402894], [-121.67950173436323, 47.313715495855014], [-121.67981961838986, 47.31393915353575], [-121.68016167409502, 47.31418484224673], [-121.68047194468106, 47.31447455217619], [-121.68061064286422, 47.3146167478031], [-121.68070064421332, 47.314698773463974], [-121.68072672416078, 47.31483046343863], [-121.68067468860116, 47.31535161840538], [-121.68063270413019, 47.31545915327362], [-121.6805844877134, 47.315764514590306], [-121.68066747203747, 47.31600855692564], [-121.6809016419704, 47.31636656241002], [-121.68103294927536, 47.316561957258315], [-121.68108049466636, 47.31672992904308], [-121.68109113859137, 47.31693872249346], [-121.68119164279996, 47.31724582122], [-121.68131660476656, 47.317542047108866], [-121.68157091834952, 47.317875853524114], [-121.68245661655241, 47.31900351603341], [-121.68267893602327, 47.319348614843314], [-121.6829019453511, 47.31977065101509], [-121.68317489368692, 47.32028574500833], [-121.68350322402223, 47.32072915336033], [-121.68387153687544, 47.321134107712076], [-121.68524216016665, 47.32228112631793], [-121.68534571322763, 47.32215428011315], [-121.68540133074224, 47.32209355979628], [-121.68563367793413, 47.321933006735584], [-121.68597853802801, 47.32177747020555], [-121.68679665098581, 47.32130090602495], [-121.68698069868486, 47.32119019965476], [-121.68727671356483, 47.32096883880715], [-121.6875019440976, 47.32087433359047], [-121.68765409764606, 47.32078023299484], [-121.68777666318812, 47.320715740028284], [-121.68790080797834, 47.3206087315478], [-121.6884064298851, 47.32042994589646], [-121.68924197177313, 47.32026405160379], [-121.68973565492998, 47.320229162948635], [-121.69028468845586, 47.320235517255675], [-121.69096156922048, 47.320279284809665], [-121.69183989998909, 47.320383697331216], [-121.69244468407551, 47.32044910582977], [-121.69294125955106, 47.320612278068545], [-121.69309933872037, 47.32076248435196], [-121.69333737679237, 47.32094973896607], [-121.69340000712276, 47.32097822740107], [-121.69376189882436, 47.3210684088571], [-121.69414234883693, 47.32115445787766], [-121.69444132288848, 47.32118050733279], [-121.69496575521815, 47.32112282975335], [-121.69537654695777, 47.321054841092405], [-121.69563412614345, 47.32098757590973], [-121.6959636958445, 47.320848619107174], [-121.69672232291833, 47.320353575362525], [-121.69676196309463, 47.320277762707114], [-121.69688549289278, 47.32016663645945], [-121.69731858710192, 47.319946576635864], [-121.69756341880637, 47.319850476791046], [-121.69837401458008, 47.319697626447116], [-121.69921304298944, 47.31955424380188], [-121.69927880400367, 47.31956487358202], [-121.69938845447652, 47.31955465641425], [-121.69959376771675, 47.319517398663606], [-121.70060262472508, 47.31957566521129], [-121.70085858510012, 47.319616882356435], [-121.70087478325394, 47.31961997025392], [-121.70090015451301, 47.31962759050792], [-121.70091848386922, 47.31963579814015], [-121.70108726565452, 47.31972281763111], [-121.70156477217095, 47.31988889400616], [-121.70184258332588, 47.31993793685362], [-121.702475082208, 47.32018260176555], [-121.70296905867374, 47.32045337941905], [-121.70341165972272, 47.32072554570069], [-121.70368681773293, 47.3208357913066], [-121.70399574858915, 47.320923578836485], [-121.70480257014671, 47.32107404977058], [-121.70531787898487, 47.32114923364449], [-121.70576929939143, 47.32116270084913], [-121.70610474781441, 47.32126391539214], [-121.70653817595988, 47.321284078272], [-121.70716804459583, 47.321253352572164], [-121.70870987534752, 47.32122904723766], [-121.70901691532067, 47.3212548042645], [-121.70949416712331, 47.321318369703604], [-121.71003703352824, 47.321452881224936], [-121.71045050520466, 47.32159371269176], [-121.71083917263343, 47.321685103840636], [-121.71128503231711, 47.3218091422316], [-121.71181995641437, 47.321993254407886], [-121.71183627135731, 47.32200148132652], [-121.71213385297504, 47.32221069681807], [-121.71250028965912, 47.322433242313664], [-121.7128015400326, 47.32258157977573], [-121.71322720128639, 47.32285954265038], [-121.71429013357292, 47.32347733693993], [-121.715240282714, 47.3239216763832], [-121.71575509810647, 47.324106667236116], [-121.71604986562616, 47.3242350151007], [-121.71625547028154, 47.32436584062686], [-121.71681784554524, 47.32464715274715], [-121.7170389456848, 47.324705494568214], [-121.71724452123063, 47.324746006068246], [-121.71752113537907, 47.32485157650583], [-121.71788659849459, 47.325073773420286], [-121.7181094040997, 47.3252959268657], [-121.71821549690755, 47.32552821855063], [-121.71823859580314, 47.3257019176902], [-121.718280900094, 47.325855535736274], [-121.71832407468067, 47.32604753095346], [-121.71836686835321, 47.326267121031236], [-121.71838622438695, 47.32649792574098], [-121.71834068720712, 47.326712447095176], [-121.71825493882204, 47.32697657495605], [-121.71810443041046, 47.327208137419326], [-121.71785999372347, 47.32765455855981], [-121.71717715970023, 47.32857565675056], [-121.7165559611395, 47.32985923782717], [-121.71646127409642, 47.3300410280337], [-121.71630366988865, 47.33036057583871], [-121.71616927770377, 47.33057003084584], [-121.71601130711987, 47.33082908850489], [-121.71586945996758, 47.3311100829425], [-121.7155465432165, 47.33176570817329], [-121.71545954920518, 47.331909029277], [-121.71531695413675, 47.332135021341536], [-121.71517510416115, 47.33239390810303], [-121.71498265311746, 47.332555644399925], [-121.71479712922242, 47.33275620872146], [-121.71470133280853, 47.33304528654561], [-121.71471813957545, 47.33327543260686], [-121.71465656810034, 47.33351753871904], [-121.7146912956886, 47.33371527871382], [-121.71473372014977, 47.33387437959454], [-121.71486560563513, 47.33408789563421], [-121.71506239393885, 47.33431769590373], [-121.71524255413603, 47.33452556357423], [-121.71539901910418, 47.334755614472236], [-121.71546564297621, 47.334914632682434], [-121.71555671192746, 47.335084362180936], [-121.7158261062913, 47.33529180782658], [-121.71646912981606, 47.335700630177016], [-121.71665588474875, 47.335776470848785], [-121.71681844627761, 47.33585256570278], [-121.71700632346241, 47.33600002805942], [-121.71709715343879, 47.33615896255076], [-121.71710744581951, 47.336323712237686], [-121.71710098267276, 47.3364610485051], [-121.7170951455804, 47.336625967293976], [-121.71707391072864, 47.336867821978394], [-121.71709226703506, 47.33705459483958], [-121.71713655715108, 47.337339975293496], [-121.71721273753896, 47.33763084730516], [-121.71727229991174, 47.33785591539394], [-121.71742840497498, 47.33806934478256], [-121.71765748722605, 47.33827686543461], [-121.71809281688783, 47.33884072489985], [-121.71814170918923, 47.338884424174374], [-121.71827312920881, 47.339054070133415], [-121.71833095682967, 47.33915816962646], [-121.7183738948394, 47.339339198513194], [-121.71836333958431, 47.339762421842075], [-121.71826900972428, 47.339982597506264], [-121.71819131797255, 47.340202767174496], [-121.71799534301317, 47.34067643849901], [-121.71798863883411, 47.340780873333514], [-121.71799061437271, 47.340956677996886], [-121.7180568898932, 47.34105520405026], [-121.71817093833454, 47.341148088370105], [-121.71834121113582, 47.34118554172562], [-121.71846196497009, 47.34117398908554], [-121.71860680373048, 47.34111282898908], [-121.719688630653, 47.34050284959941], [-121.71984098063243, 47.340439552165414], [-121.72010150035153, 47.3403214773305], [-121.72049183943942, 47.34014719539396], [-121.7207928187275, 47.33999030540853], [-121.72101224783512, 47.33988362780203], [-121.72134574681927, 47.33969349064849], [-121.7221509853526, 47.3392951321618], [-121.72314459627113, 47.33897686598066], [-121.72342929533204, 47.338880463592325], [-121.72389370709283, 47.33874925771149], [-121.72423574336001, 47.33864676418604], [-121.72467569996218, 47.33850467476435], [-121.72521282352933, 47.33831220211209], [-121.72560400587638, 47.33819821566713], [-121.72621458760284, 47.338043348071565], [-121.726760644827, 47.33788916181242], [-121.72720852735381, 47.3377855368782], [-121.72768098190727, 47.33765405931962], [-121.72803157253878, 47.3375514632483], [-121.72838190840213, 47.337481772456435], [-121.72885473676486, 47.33738884467973], [-121.72922145289573, 47.33730800919539], [-121.72981600851271, 47.33720264722499], [-121.73131712574536, 47.337098103514236], [-121.73157029593818, 47.33710089734938], [-121.73190537501262, 47.337135550878294], [-121.73231354319377, 47.33719136018451], [-121.73295081325612, 47.33727746312826], [-121.73329395763469, 47.3372900909243], [-121.73382411460507, 47.33727879144244], [-121.7342325376766, 47.33727975327677], [-121.73462432572111, 47.337280891956425], [-121.73499935411792, 47.33725478756911], [-121.73560297033204, 47.337171234619134], [-121.73608397438434, 47.33710561085657], [-121.73663857119769, 47.33706096230487], [-121.73732359085959, 47.33696556353859], [-121.73791825285272, 47.33686564312535], [-121.73835803631943, 47.336718190000774], [-121.73892785417868, 47.3365033689362], [-121.73931054681132, 47.33639473941504], [-121.73962040839476, 47.33631996220648], [-121.73997020866507, 47.336184434422464], [-121.74043365648907, 47.33597074450731], [-121.74081583001396, 47.33577454458563], [-121.7412713344139, 47.335566419777834], [-121.74164543843064, 47.33539223930468], [-121.74275109383008, 47.33482582807597], [-121.7428484822474, 47.33474235324825], [-121.74308422133893, 47.33460255550784], [-121.74335234519947, 47.334467893893496], [-121.74362865594146, 47.33431669244408], [-121.74394604653627, 47.33417601675419], [-121.74425525225732, 47.33407381447343], [-121.74451620178701, 47.33399955043221], [-121.74478471890866, 47.33394731015727], [-121.74523406876544, 47.3339531070238], [-121.74556030695211, 47.333954912006334], [-121.74590306159578, 47.33397316149673], [-121.74627883402908, 47.33402378725214], [-121.74681804359327, 47.334077965525346], [-121.74743008166898, 47.334098625311476], [-121.74771612546141, 47.334106341729196], [-121.74827965446141, 47.33414397007156], [-121.74865465596528, 47.334139586433494], [-121.74900586039473, 47.33417418751334], [-121.74935705398445, 47.33418668158345], [-121.74970018338138, 47.334199260536785], [-121.75001030781804, 47.33424509924773], [-121.75108712547777, 47.33460860974066], [-121.75144948268435, 47.33471078105861], [-121.75155438964339, 47.3347557486759], [-121.75182015811133, 47.334802067292095], [-121.75198997500253, 47.33481994388657], [-121.75223999379558, 47.33488271069991], [-121.75249732712051, 47.33495636804171], [-121.75281898647293, 47.335107474265506], [-121.75308416158683, 47.33523622551638], [-121.75324443262606, 47.3353201819602], [-121.75352599222302, 47.33543795831281], [-121.75374323629796, 47.33550039190131], [-121.7539696575892, 47.33550240231188], [-121.75418067161223, 47.33544922485708], [-121.75446504469059, 47.335363894842175], [-121.75570691610552, 47.33504508603013], [-121.75602319086845, 47.334987339639426], [-121.75622675761089, 47.33491778883122], [-121.75647028784368, 47.33485397436354], [-121.75672322643395, 47.33469683086966], [-121.75691123949066, 47.33454450355057], [-121.75710817912693, 47.33434289428114], [-121.75736318383704, 47.33403749085702], [-121.75749593845495, 47.3338077855251], [-121.75789893283424, 47.3327618237287], [-121.75867878470467, 47.33140570360931], [-121.75883439387948, 47.33126966062739], [-121.75908863416537, 47.33099716482254], [-121.75933580175521, 47.330702637341055], [-121.75958209605294, 47.33043553851863], [-121.75983683370386, 47.33016303601276], [-121.76007493881552, 47.32991230470571], [-121.7603697593877, 47.32965101781814], [-121.76076994987092, 47.32936887817057], [-121.7611125609318, 47.329146486841395], [-121.76170869051839, 47.32875065116498], [-121.76340559152476, 47.32770481991671], [-121.76373217877762, 47.32748790688371], [-121.7639525453215, 47.3273413839965], [-121.76421398611403, 47.32716236671536], [-121.76464555098912, 47.32692974132758], [-121.76504558443736, 47.326664039356025], [-121.76540443641584, 47.32646921910228], [-121.76565742591994, 47.32629560384001], [-121.7658774258448, 47.326176670446166], [-121.76634029653034, 47.32603229651618], [-121.76675452104288, 47.32589856266986], [-121.76724113163205, 47.32582041804749], [-121.76771880853846, 47.32576961785749], [-121.7681962562036, 47.32575172117775], [-121.76865742390717, 47.325706238088095], [-121.76898075007952, 47.32573646384106], [-121.76926301245626, 47.325799357126215], [-121.76956019087648, 47.325917438275624], [-121.76972891248028, 47.32601773164523], [-121.76992037517192, 47.32618426723474], [-121.77008041573463, 47.3263011062455], [-121.77032102930596, 47.326456993572876], [-121.77052249640231, 47.32651374072054], [-121.7708856783532, 47.32656631820047], [-121.77247060105319, 47.32656900646877], [-121.77276114958404, 47.32657713102323], [-121.77304388805624, 47.32659596704605], [-121.77336711349072, 47.32664280571172], [-121.77363334242877, 47.326666961200694], [-121.7739640194291, 47.32673033921404], [-121.77426254121804, 47.32677693359316], [-121.77456047920936, 47.32688385425056], [-121.77496196768023, 47.32706315708733], [-121.77683073579969, 47.32818927203161], [-121.77686313755952, 47.32819508434033], [-121.77709593627998, 47.328317968762505], [-121.77732005102781, 47.328457228572624], [-121.77752818516434, 47.32862391118155], [-121.77764802266346, 47.32872387395322], [-121.77781449944399, 47.32896162046461], [-121.77789256697928, 47.32914909934997], [-121.77785605340365, 47.32947853728614], [-121.77790030680833, 47.32977024003689], [-121.77791918189475, 47.33016041862217], [-121.77791456578467, 47.330495674611896], [-121.77799871435218, 47.33085360199917], [-121.77805209572058, 47.331062774102286], [-121.77817896647718, 47.331267195961445], [-121.77838698374262, 47.33142839476087], [-121.7786752173627, 47.33163429404471], [-121.77901209685412, 47.33182937629057], [-121.7792526333333, 47.33197993241568], [-121.78106184500868, 47.33330320028875], [-121.78122940644904, 47.33345850010096], [-121.78153357581844, 47.33369746393082], [-121.78182930773085, 47.33394183170823], [-121.78200484974525, 47.33413560084477], [-121.7822597624571, 47.33440166827341], [-121.78259503039314, 47.33471774639219], [-121.78320078620882, 47.33536038195412], [-121.78329644454205, 47.335460092145446], [-121.78342402623721, 47.3355875546778], [-121.7835686018262, 47.335687750872346], [-121.78379335478634, 47.335788432276814], [-121.78405111140466, 47.33585670139273], [-121.78426071890391, 47.33593544252612], [-121.78454993573939, 47.3360751670476], [-121.78474102253327, 47.33628572649967], [-121.7849646237905, 47.336485471061025], [-121.78518122939866, 47.336624626955434], [-121.78548635294075, 47.33677565614689], [-121.78592156017316, 47.33690570648301], [-121.78636446500191, 47.33704132483689], [-121.78662949177593, 47.33718096985711], [-121.78676491298263, 47.337319480560375], [-121.78693180550331, 47.33752979046197], [-121.78718514467778, 47.337938617641555], [-121.78727063147457, 47.338181189972225], [-121.78737951570525, 47.338495308410735], [-121.78757857893713, 47.33872222544846], [-121.78773941874826, 47.33880612792711], [-121.78812514137029, 47.33897424931165], [-121.7892395706986, 47.33969261179044], [-121.78958298169185, 47.34000875051373], [-121.78986277825659, 47.34025841734508], [-121.79022131575833, 47.340679093359235], [-121.7909862956058, 47.34149883207787], [-121.79179907530767, 47.3424179448059], [-121.79247788685805, 47.34302887328991], [-121.79256515946936, 47.34311410204866], [-121.7926281764896, 47.343218108297386], [-121.7927155158366, 47.34330607896386], [-121.79293945825923, 47.34343382727718], [-121.79320420922264, 47.343518279727974], [-121.79350970919737, 47.34361958537707], [-121.79376738333332, 47.343682350166716], [-121.794088409176, 47.34380010399785], [-121.79516534400918, 47.34412775730859], [-121.79538942408294, 47.344260813057744], [-121.7957171016306, 47.344465717134504], [-121.79601285097726, 47.34464304225606], [-121.79631005256205, 47.344755230241674], [-121.79652711960455, 47.34480661727668], [-121.79680129425627, 47.344842284852255], [-121.79710774957304, 47.344878278750556], [-121.79753504159159, 47.344948223597015], [-121.79782463749868, 47.34501679163761], [-121.79799186067244, 47.345154590316746], [-121.7982620985186, 47.345402458308975], [-121.79877139126334, 47.34585963935931], [-121.79894492053734, 47.346111842947856], [-121.79917398309308, 47.34640815377669], [-121.79933824023148, 47.346714614805876], [-121.79948564047726, 47.34705365286944], [-121.79963968823606, 47.34747967361763], [-121.79977901727028, 47.34781846000825], [-121.79981581219221, 47.3480257496264], [-121.79988869740887, 47.348494322180954], [-121.79994008457598, 47.348783366350766], [-121.79989566133752, 47.3489895097976], [-121.79986646681895, 47.349283053060724], [-121.79968151421507, 47.34968356347823], [-121.79958665254878, 47.35001434435045], [-121.79962237895313, 47.350281455696994], [-121.79968587560295, 47.350341925364326], [-121.80000246874108, 47.350274631412404], [-121.80044037094953, 47.35019792344371], [-121.80087765996, 47.35013750183437], [-121.80116824886913, 47.35016252253623], [-121.80202159857538, 47.35035140720069], [-121.80228703672277, 47.350441314571206], [-121.80249547401316, 47.35053066129914], [-121.80325208984512, 47.35070228466322], [-121.80575832181384, 47.35112706754741], [-121.80606481879597, 47.35116303722643], [-121.80652432911143, 47.35122796033185], [-121.8067737425672, 47.35130141444243], [-121.80718280507564, 47.351469039607174], [-121.80767818916777, 47.351784613283314], [-121.80813430969415, 47.35206172630193], [-121.81018513100193, 47.35310162943132], [-121.8103057541556, 47.353146367334205], [-121.81052205052328, 47.353246749596146], [-121.81088308113422, 47.35340839144005], [-121.81126819684918, 47.353564962324775], [-121.81167732195208, 47.35375450636205], [-121.81204346919465, 47.35406312461652], [-121.81233033057975, 47.35430563169645], [-121.81266422686909, 47.35463569131509], [-121.8129405388852, 47.35500324483788], [-121.81330530869751, 47.35539910340394], [-121.8136394532513, 47.355718189552455], [-121.81400528441061, 47.35605405229919], [-121.81430735979171, 47.35634025306782], [-121.81450603158197, 47.35654382175376], [-121.81563614253596, 47.35711112012423], [-121.81594125718185, 47.357212372427206], [-121.81631834048581, 47.357368675115524], [-121.81663190423484, 47.3574646881756], [-121.8170270343575, 47.35753423991085], [-121.8179067468759, 47.35759829380493], [-121.82400344029004, 47.35752295684788], [-121.82435781623809, 47.357575811918096], [-121.82477704359412, 47.35764026579003], [-121.82511564609979, 47.35768747185811], [-121.82551089065984, 47.35774071470603], [-121.8262405990377, 47.357612595044756], [-121.82701944301166, 47.35745237772087], [-121.82757915576993, 47.357344186211584], [-121.82831645719271, 47.35723790204737], [-121.82869692948124, 47.35720390238604], [-121.82915872788509, 47.35715440380017], [-121.8295979145905, 47.357006795839], [-121.8299235877543, 47.35685808661688], [-121.83022540557653, 47.35670347878043], [-121.83047809009459, 47.35658113908694], [-121.83067469700856, 47.35641453944716], [-121.83081597269211, 47.35619305038039], [-121.83092495394182, 47.355971073848444], [-121.83091305584108, 47.35571535023786], [-121.83085412899723, 47.355393674244354], [-121.83076090513956, 47.35515327860999], [-121.83061225126129, 47.35487427303308], [-121.83036706788421, 47.354566898486816], [-121.83013642936997, 47.35435772340189], [-121.82996962457392, 47.354159984615315], [-121.82965816628005, 47.353966129696175], [-121.829174590877, 47.35386849876869], [-121.82886796175472, 47.35384887182331], [-121.82848921933049, 47.35376854663589], [-121.82824047026175, 47.353662570136514], [-121.8280575654113, 47.35348643414669], [-121.82799564250232, 47.3533281087258], [-121.8280311795544, 47.3531542733134], [-121.82809746277634, 47.353040753276005], [-121.82858136977539, 47.3526434600899], [-121.8288027886814, 47.352460813330154], [-121.82903237663983, 47.35226196430822], [-121.82923684625449, 47.352128182192665], [-121.82949748230766, 47.35202220323183], [-121.82974090059282, 47.35195412394744], [-121.83081843120932, 47.35180245437548], [-121.83101285048048, 47.35177195007282], [-121.831474735147, 47.35172792516079], [-121.83206502952524, 47.351696306145875], [-121.8324461598286, 47.35162955458885], [-121.83367163349669, 47.35134351936603], [-121.83381738655902, 47.35132333654461], [-121.83411706253781, 47.35126676813027], [-121.83437721831405, 47.35118254928573], [-121.83461385706366, 47.35106535310016], [-121.83485702894721, 47.351008060812624], [-121.83503656815736, 47.350906772851985], [-121.83517644556531, 47.350772179487016], [-121.83534063197756, 47.35062153946632], [-121.83555972650178, 47.35056949326397], [-121.83575334286373, 47.35058800303104], [-121.83591490247224, 47.35059505591729], [-121.83676536621275, 47.350500953640775], [-121.83713850959815, 47.35041782560231], [-121.8374711615699, 47.35032899361873], [-121.83792524878473, 47.35023584868549], [-121.83818459407769, 47.35020047156722], [-121.83856501470106, 47.350166610520645], [-121.83884027193055, 47.35014235878905], [-121.83913246381859, 47.350069240304826], [-121.83953084373584, 47.349926690598004], [-121.83979961287098, 47.34980431446333], [-121.8400605828109, 47.349692823631585], [-121.84028032603885, 47.349586435648], [-121.8406074498722, 47.34937769745573], [-121.84091097490676, 47.349092627187005], [-121.8417148751891, 47.34838859403091], [-121.8419362302155, 47.34820592163769], [-121.84216579087322, 47.348028811119676], [-121.84241883083833, 47.34786290925649], [-121.84271216522303, 47.347735444381186], [-121.8431266606908, 47.34759303766487], [-121.84361336602542, 47.34749486528901], [-121.84402696909557, 47.347417587760646], [-121.84633163169548, 47.34733879243233], [-121.84649282117853, 47.34735149048341], [-121.84678350659358, 47.3473599448547], [-121.8470505796717, 47.347351876287945], [-121.84721269219816, 47.34732103411874], [-121.84748871496983, 47.34724773998897], [-121.8478055575537, 47.34715323417527], [-121.8482603859249, 47.34701119820875], [-121.84863511921823, 47.346892711851694], [-121.84894515394491, 47.34688859637382], [-121.84899444271852, 47.34688339672539], [-121.84918476812241, 47.346851537636745], [-121.84942544454475, 47.346776593135786], [-121.84961632758427, 47.34670685258955], [-121.84977516265438, 47.34662617532792], [-121.84989356448615, 47.34650175243868], [-121.8499961981238, 47.346372028968204], [-121.85008546041361, 47.34611187400205], [-121.85008969871623, 47.34595981582716], [-121.85011911383151, 47.34578621493357], [-121.85018084974993, 47.34563451650116], [-121.85026766691531, 47.34547755729239], [-121.85034438493568, 47.34538018151196], [-121.85043890130498, 47.34522861573852], [-121.85052442193705, 47.34512034053025], [-121.8505784123311, 47.34494148414821], [-121.85055807664803, 47.34479485311461], [-121.8504389895826, 47.344631547209815], [-121.85029592408011, 47.34445720998489], [-121.8501933451548, 47.344288571671434], [-121.85020519388328, 47.344158360842556], [-121.85025766035004, 47.34403915950589], [-121.85036683602526, 47.343969169217516], [-121.85051625879493, 47.34391550586389], [-121.8508632348547, 47.34361704869155], [-121.85164694628155, 47.34326072473471], [-121.85176811558988, 47.343226581360014], [-121.85195371181054, 47.343147815426526], [-121.85267228185275, 47.34288821282669], [-121.85320484421345, 47.34275124861742], [-121.85343090865229, 47.34267766475624], [-121.85394719857267, 47.34253540339295], [-121.85439841748344, 47.34243228681732], [-121.85467278843028, 47.34237476001185], [-121.85553664450555, 47.342058774509994], [-121.85585970254256, 47.34191276185209], [-121.85621510859303, 47.341749918463556], [-121.85645841076244, 47.341560792321694], [-121.85671846576193, 47.34131645866594], [-121.85714266640987, 47.34072420105619], [-121.85808739457752, 47.33962132750644], [-121.85826663884333, 47.339372278696196], [-121.85838969937888, 47.339134685401966], [-121.8585050587441, 47.338891697171334], [-121.85858734024214, 47.338676516380886], [-121.8586294863391, 47.338489224117886], [-121.85863229501284, 47.33824189757464], [-121.85859565449003, 47.33789032315022], [-121.85852720833232, 47.33751718402263], [-121.85762651891551, 47.33593684772714], [-121.85752394933306, 47.335728969388214], [-121.85733321417999, 47.335543715211976], [-121.85718185562519, 47.335380280248266], [-121.85703077607158, 47.33522780851792], [-121.85681566319461, 47.335015418912306], [-121.85667196934295, 47.33489576429744], [-121.85647309228978, 47.334727227806255], [-121.85633056763565, 47.3345141596111], [-121.8562117373672, 47.33430098688054], [-121.85608650864359, 47.333994317243224], [-121.85604935074002, 47.333681307204365], [-121.8560202586189, 47.333368201802465], [-121.85602401534547, 47.33303826119937], [-121.85583766467983, 47.33240772125268], [-121.85567210694383, 47.332041026856174], [-121.85525408788685, 47.331519272021296], [-121.85511586615903, 47.3314360548479], [-121.85497164782674, 47.331354965008906], [-121.85486766223053, 47.3312898551157], [-121.85477242581463, 47.33119191227171], [-121.8547093010513, 47.331087938909825], [-121.85468577515215, 47.33099481341386], [-121.85458395137907, 47.33077578549083], [-121.85443372905033, 47.33049682522381], [-121.85432236305937, 47.33039889890593], [-121.85417116748185, 47.330240940338165], [-121.85406821531772, 47.33007693536985], [-121.8539978408881, 47.32988530310423], [-121.85396025845814, 47.32965472671915], [-121.85393032503934, 47.32940761040985], [-121.85392445920289, 47.32921522461225], [-121.85389471438737, 47.328995525497824], [-121.853831501067, 47.32884785245599], [-121.85364035416376, 47.32868470437291], [-121.85331262309882, 47.32852280581872], [-121.85294384698503, 47.328372352675814], [-121.85255098111017, 47.328266050988525], [-121.85215816428904, 47.328181683878306], [-121.8518853072489, 47.32809643202601], [-121.851636684655, 47.3280326621813], [-121.85137193957463, 47.32796925089833], [-121.85105079635564, 47.327928260017735], [-121.85076213498952, 47.327875922160295], [-121.85043224845658, 47.32786810741517], [-121.85017498604202, 47.32788155403614], [-121.84981194215327, 47.327978318298996], [-121.84899646572259, 47.32814563408809], [-121.84864899702603, 47.32812019488959], [-121.84830258566843, 47.327996544730254], [-121.84802108593728, 47.3278680263375], [-121.84780430926565, 47.327767375950415], [-121.84768420456483, 47.327662004404075], [-121.84633587922316, 47.32686533202265], [-121.84595762388012, 47.32669748717631], [-121.8455727629487, 47.326447114394995], [-121.84527536809694, 47.326307291519804], [-121.84492952692324, 47.32614523686732], [-121.84461631967446, 47.32597783254542], [-121.84426387819902, 47.32573325002467], [-121.84380756966605, 47.32536681982801], [-121.84350285175422, 47.32515561426769], [-121.84335213884235, 47.32493457103546], [-121.84320889809963, 47.32473006498061], [-121.84308931353524, 47.324624682283506], [-121.84293695952219, 47.32451916363268], [-121.84276182006633, 47.32430885552212], [-121.8425957142814, 47.324016355817754], [-121.84254148606956, 47.32382349984668], [-121.84250261902558, 47.32368033697659], [-121.84246393174023, 47.32356459222423], [-121.84235988893589, 47.32347582357132], [-121.84227940759732, 47.32344230759349], [-121.84209423785171, 47.32337487058099], [-121.8418605767485, 47.32332341701818], [-121.84150564362231, 47.32326016870638], [-121.84087607985676, 47.323139769455324], [-121.84067491609228, 47.323077656406596], [-121.84049030444304, 47.32297182170635], [-121.84030647056379, 47.32281645105165], [-121.84017873574855, 47.32266694504842], [-121.84009161447287, 47.32252896552354], [-121.84004417803976, 47.32244605344159], [-121.83960677259505, 47.321865513162074], [-121.83947831105458, 47.32178764882491], [-121.83930854537087, 47.32179166406045], [-121.83913039393653, 47.32182319667002], [-121.83892680257858, 47.32192597123396], [-121.83878013839292, 47.32200735308947], [-121.83854542464825, 47.32205478866141], [-121.83823765985363, 47.322063306667694], [-121.83784212827575, 47.322049186907584], [-121.83760742246965, 47.32203629674276], [-121.8371799953554, 47.32195587702681], [-121.83689813495262, 47.32187120735409], [-121.83660009618768, 47.321764275470635], [-121.83639097519048, 47.321685794137], [-121.83598719667897, 47.32164399929889], [-121.83569616644675, 47.32163620968309], [-121.83543753457742, 47.32163404400175], [-121.83520310334771, 47.32163211413904], [-121.8339673956121, 47.32153972778742], [-121.83327453973051, 47.321325243223484], [-121.83304984746385, 47.32120803284695], [-121.83282422712394, 47.32113470549926], [-121.83240465044834, 47.32106531645744], [-121.83213031573325, 47.3210192806785], [-121.83192907574984, 47.32097360581566], [-121.83160718264558, 47.320839170194716], [-121.83139121070626, 47.32066701691957], [-121.83130378837471, 47.320556454110644], [-121.83121645814694, 47.320429267536085], [-121.83112964470689, 47.32024175180403], [-121.83110669700937, 47.32017003675114], [-121.83053787815203, 47.31914333866795], [-121.83025944699091, 47.318789384809214], [-121.83009240058247, 47.31855720134002], [-121.82995831829099, 47.31829241974347], [-121.82976846605004, 47.31799400361666], [-121.82961779113128, 47.317751006291246], [-121.82949047020931, 47.31759617072431], [-121.82927540420872, 47.317358023247685], [-121.82889111495663, 47.317063716747455], [-121.8287631969384, 47.31692533942826], [-121.82866850823817, 47.316765159794514], [-121.82863774915519, 47.31662207151058], [-121.8286317821319, 47.31646258843659], [-121.82868283812003, 47.31626526528214], [-121.82875006142399, 47.31608986477591], [-121.82882465688559, 47.31594762623863], [-121.82927241433238, 47.31506111565985], [-121.82937982711393, 47.31488062691961], [-121.82955324868176, 47.31461832071475], [-121.82974191177462, 47.31442199104517], [-121.82992190852823, 47.314242040935014], [-121.83016003808602, 47.31394728892024], [-121.83039000406848, 47.31366890917896], [-121.83057148215633, 47.31340668057999], [-121.83072773990679, 47.31320455144477], [-121.83087565709883, 47.31299137771681], [-121.83101592093713, 47.31279474303485], [-121.8311070571629, 47.312608612277685], [-121.83118321945511, 47.31236747014946], [-121.83125813184925, 47.31219780658567], [-121.8313814301234, 47.312028443880585], [-121.83155455630424, 47.31175499760331], [-121.83176782087916, 47.311515024609356], [-121.83194089348571, 47.31128013823926], [-121.83209765736574, 47.31101767636144], [-121.83218915273721, 47.31082605633226], [-121.83220746707397, 47.31065035773465], [-121.83242866026181, 47.309816817195575], [-121.83258508919201, 47.30958177902445], [-121.83276552265544, 47.30937988229309], [-121.83297834965268, 47.309183783323384], [-121.83319085446894, 47.30901527825608], [-121.83340307902373, 47.30883563756522], [-121.83358373883686, 47.30862276980298], [-121.83377111949046, 47.30849791031641], [-121.83421163706481, 47.30817717192744], [-121.83454560319338, 47.308009667549044], [-121.8347894266834, 47.30788518565865], [-121.83503375544181, 47.30776069876004], [-121.83525283130153, 47.307674546167185], [-121.83551254979989, 47.307621859095434], [-121.83688453456989, 47.30714934255443], [-121.83701513119891, 47.30705152392184], [-121.83723502565688, 47.30693776689682], [-121.83749533972468, 47.30680812070105], [-121.83771509517877, 47.30668888056445], [-121.83787757789707, 47.30659686300316], [-121.83806562846367, 47.30643891363854], [-121.83818916975603, 47.30628068060614], [-121.83824755168638, 47.30611617018356], [-121.83825824039472, 47.30591845080289], [-121.83826017404117, 47.30575356474691], [-121.83824690181932, 47.305544638961535], [-121.8382422974545, 47.30525900806845], [-121.83819727157211, 47.304989266211884], [-121.83817616527286, 47.30476929120932], [-121.83820284677644, 47.3045662450427], [-121.83829449662764, 47.30434171362094], [-121.83837001865813, 47.30411702496486], [-121.83845332216993, 47.30394177419423], [-121.83852773824323, 47.303794046290434], [-121.83861809551463, 47.30367938108734], [-121.83876595460863, 47.30352669263146], [-121.83887207238122, 47.3034176727766], [-121.83900357099898, 47.30327579757316], [-121.83911765800079, 47.30318330884126], [-121.83919948985286, 47.303090506817476], [-121.83932223755072, 47.302981637299666], [-121.83964126707461, 47.30268198677942], [-121.83982861203152, 47.30255711821234], [-121.84000060787115, 47.30238255501048], [-121.84015726088249, 47.30215864169796], [-121.8402971844565, 47.30195085952039], [-121.84041259744997, 47.30177043799968], [-121.84052902129316, 47.3015296792007], [-121.84064521024715, 47.30129972095322], [-121.84071187646532, 47.301124488862115], [-121.8407624575415, 47.30097103762646], [-121.84079727936677, 47.30075144382499], [-121.84085560234927, 47.300625493495616], [-121.84097018398214, 47.30053299662794]]]}, "properties": {"OBJECTID": 1, "Acreage": null, "GlobalID": "{9FAE5A15-DE12-4CAD-B2F5-3ECC6E598233}", "Shape.STArea()": 6417175019.980568, "Shape.STLength()": 512852.36199542694}}]}