{"type": "FeatureCollection", "crs": {"type": "name", "properties": {"name": "EPSG:4326"}}, "features": [{"type": "Feature", "geometry": {"type": "Point", "coordinates": [-121.628257639893, 46.056816245483]}, "properties": {"OBJECTID": 1, "Parking": "Sno-Park", "AreaCode": "Mt Adams South", "Elevation": "2600'", "ProperName": "Flattop", "Comments": " ", "Latitude": 46.05681625, "Longitude": -121.62825764, "Directions": "6.5 miles northwest of Trout Lake. State Route 14 to Highway 141 north to junction of USFS Road 88 & 8821", "GlobalID": "1c5e8db3-3f0a-49b2-8687-3d525ae4ffb0", "ImageLink": "https://biz.parks.wa.gov/gis/images/Flattop.JPG", "Permits": null, "Amenities": "Restrooms", "QRcode": "https://biz.parks.wa.gov/gis/images/SnoParkQRCodes/1108034-Flattop_Sno-Park.png", "SortSequence": 64, "Type": "Motorized", "ParkingSpaces": "70"}}, {"type": "Feature", "geometry": {"type": "Point", "coordinates": [-121.901540455681, 46.0094594050005]}, "properties": {"OBJECTID": 5, "Parking": "Sno-Park", "AreaCode": "Wind River", "Elevation": "2900'", "ProperName": "McClellan Meadows", "Comments": " ", "Latitude": 46.00945941, "Longitude": -121.90154046, "Directions": "Northeast of Carson. State Route 14 to Wind River Highway and USFS Road 3053.", "GlobalID": "8db5e93c-7060-400d-af7a-77965d0bd851", "ImageLink": "https://biz.parks.wa.gov/gis/images/McClellan Meadows.JPG", "Permits": "Sno-Park Permit required Nov. thru Apr. or as posted.", "Amenities": "Restrooms", "QRcode": "https://biz.parks.wa.gov/gis/images/SnoParkQRCodes/1108092-McClellan_Non-Motorized_Sno-Park.png", "SortSequence": 105, "Type": "NonMotorized", "ParkingSpaces": "30"}}, {"type": "Feature", "geometry": {"type": "Point", "coordinates": [-121.912980439704, 45.9977353989372]}, "properties": {"OBJECTID": 6, "Parking": "Sno-Park", "AreaCode": "Wind River", "Elevation": "2980'", "ProperName": "Koshko", "Comments": " ", "Latitude": 45.9977354, "Longitude": -121.91298044, "Directions": "Northeast of Carson. State Route 14 to Wind River Highway and USFS 3054.", "GlobalID": "2d1b7bbf-6ad5-41f1-ad49-b7ff3cb3c1cd", "ImageLink": "https://biz.parks.wa.gov/gis/images/koshko.JPG", "Permits": null, "Amenities": "Restrooms", "QRcode": "https://biz.parks.wa.gov/gis/images/SnoParkQRCodes/1108090-Koshko_Non-Motorized_Sno-Park.png", "SortSequence": 89, "Type": "NonMotorized", "ParkingSpaces": "60"}}, {"type": "Feature", "geometry": {"type": "Point", "coordinates": [-121.913308777311, 45.9901802787521]}, "properties": {"OBJECTID": 7, "Parking": "Sno-Park", "AreaCode": "Wind River", "Elevation": "3040'", "ProperName": "Oldman Pass", "Comments": " ", "Latitude": 45.99018028, "Longitude": -121.91330878, "Directions": "Northeast of Carson. State Route 14 to Wind River Highway and USFS Road 3055.", "GlobalID": "86e0b0d3-f62d-48aa-b0a6-b6f315ec91cc", "ImageLink": "https://biz.parks.wa.gov/gis/images/Oldman Pass.JPG", "Permits": "Sno-Park Permit required November thru April or as posted.", "Amenities": "Restrooms", "QRcode": "https://biz.parks.wa.gov/gis/images/SnoParkQRCodes/1108091-Oldman_Non-Motorized_Sno-Park.png", "SortSequence": 122, "Type": "NonMotorized", "ParkingSpaces": "40"}}, {"type": "Feature", "geometry": {"type": "Point", "coordinates": [-121.50075398677, 46.0488795400935]}, "properties": {"OBJECTID": 8, "Parking": "Sno-Park", "AreaCode": "Mt Adams South NM", "Elevation": "2800'", "ProperName": "Pineside", "Comments": " ", "Latitude": 46.04887954, "Longitude": -121.50075399, "Directions": "5 miles north of Trout Lake. State Route 14 to Highway 141 northeast to County Road 17 and USFS Road 82.", "GlobalID": "f5d80533-1e05-4581-b992-91fce8d4e5dc", "ImageLink": "https://biz.parks.wa.gov/gis/images/Pineside.JPG", "Permits": null, "Amenities": "Restrooms", "QRcode": "https://biz.parks.wa.gov/gis/images/winter-rec-qrcode-placeholder.jpg", "SortSequence": 130, "Type": "NonMotorized", "ParkingSpaces": "25"}}, {"type": "Feature", "geometry": {"type": "Point", "coordinates": [-121.472046365079, 46.0541466804132]}, "properties": {"OBJECTID": 9, "Parking": "Sno-Park", "AreaCode": "Mt Adams South", "Elevation": "3225'", "ProperName": "SnowKing", "Comments": " ", "Latitude": 46.05414668, "Longitude": -121.47204637, "Directions": "6 miles northeast of Trout Lake. Highway 141 north to Mount Adams Road and USFS Road 82.", "GlobalID": "48c3c9f4-d403-4337-9d10-27e6ef9dfc3e", "ImageLink": "https://biz.parks.wa.gov/gis/images/snowking.JPG", "Permits": "Sno-Park Permit Required November thru April or as posted.", "Amenities": "Restrooms", "QRcode": "https://biz.parks.wa.gov/gis/images/winter-rec-qrcode-placeholder.jpg", "SortSequence": 152, "Type": "NonMotorized", "ParkingSpaces": "25"}}, {"type": "Feature", "geometry": {"type": "Point", "coordinates": [-121.45388422293, 46.0799540600969]}, "properties": {"OBJECTID": 10, "Parking": "Sno-Park", "AreaCode": "Mt Adams South", "Elevation": "3850'", "ProperName": "Smith Butte", "Comments": " ", "Latitude": 46.07995406, "Longitude": -121.45388422, "Directions": "9 miles northeast of Trout Lake. Highway 141 north to Mount Adams Road and USFS Road 82.", "GlobalID": "6b8027a0-1a81-432b-b310-d6970cea236e", "ImageLink": "https://biz.parks.wa.gov/gis/images/WinterRecPhotoPlaceHolder.jpg", "Permits": "Sno-Park Permit Required November thru April or as posted.", "Amenities": "Restrooms", "QRcode": "https://biz.parks.wa.gov/gis/images/winter-rec-qrcode-placeholder.jpg", "SortSequence": 151, "Type": "NonMotorized", "ParkingSpaces": "25"}}, {"type": "Feature", "geometry": {"type": "Point", "coordinates": [-121.859709325995, 46.0437529746455]}, "properties": {"OBJECTID": 11, "Parking": "Sno-Park", "AreaCode": "Mt Adams South", "Elevation": "3160'", "ProperName": "Lone Butte", "Comments": " ", "Latitude": 46.04375298, "Longitude": -121.85970933, "Directions": "28 miles north of Carson. State Route 14 to junction of Wind River Highway and USFS Road 3032.", "GlobalID": "5393870a-9488-4407-af33-9ccb71d54979", "ImageLink": "https://biz.parks.wa.gov/gis/images/Lone Butte.JPG", "Permits": "Sno-Park Permit Required November thru April or as posted.", "Amenities": "Restrooms", "QRcode": "https://biz.parks.wa.gov/gis/images/SnoParkQRCodes/1108036-Lone_Butte_Sno-Park.png", "SortSequence": 99, "Type": "Motorized", "ParkingSpaces": "50"}}, {"type": "Feature", "geometry": {"type": "Point", "coordinates": [-121.598046409683, 46.3497581879986]}, "properties": {"OBJECTID": 14, "Parking": "Sno-Park", "AreaCode": "Mt Adams North", "Elevation": "3000'", "ProperName": "Orr Creek", "Comments": " ", "Latitude": 46.34975819, "Longitude": -121.59804641, "Directions": "27 miles S of Randle. HWY 12 - HWY 131 1 mi, come to a T, USFS Rd 23 goes to left follow south 17 mi. After mile marker 19 there will be a Y, stay left USFS Rd 21 for 4 miles. At Y turn right towards Adams Fork campground to junct of USFS Rd 56 & 5603.", "GlobalID": "32f6ba33-7d8b-44bf-95a6-1e1dd639bb91", "ImageLink": "https://biz.parks.wa.gov/gis/images/WinterRecPhotoPlaceHolder.jpg", "Permits": "Sno-Park Permit Required November thru April or as posted.", "Amenities": "Restrooms", "QRcode": "https://biz.parks.wa.gov/gis/images/SnoParkQRCodes/812305-Orr_Creek_Sno-Park.png", "SortSequence": 123, "Type": "Motorized", "ParkingSpaces": "35"}}, {"type": "Feature", "geometry": {"type": "Point", "coordinates": [-121.597845602908, 46.5170380226226]}, "properties": {"OBJECTID": 15, "Parking": "Sno-Park", "AreaCode": "Mt Adams North", "Elevation": "2450'", "ProperName": "Johnson Creek", "Comments": " ", "Latitude": 46.51703802, "Longitude": -121.5978456, "Directions": "7 miles southwest of Packwood. Highway 12 west for 2 miles to USFS Road 21 south to USFS Rd 2130.", "GlobalID": "3d632c59-51d6-4857-84f4-477ea1b08705", "ImageLink": "https://biz.parks.wa.gov/gis/images/WinterRecPhotoPlaceHolder.jpg", "Permits": null, "Amenities": "Restrooms", "QRcode": "https://biz.parks.wa.gov/gis/images/SnoParkQRCodes/812291-Johnson_Creek_Sno-Park.png", "SortSequence": 82, "Type": "Motorized", "ParkingSpaces": "40"}}, {"type": "Feature", "geometry": {"type": "Point", "coordinates": [-121.711919229666, 46.6388122259603]}, "properties": {"OBJECTID": 16, "Parking": "Sno-Park", "AreaCode": "Skate Creek", "Elevation": "1550'", "ProperName": "Skate Creek", "Comments": " ", "Latitude": 46.63881223, "Longitude": -121.71191923, "Directions": "4 miles north of Packwood. Highway 12 east to Skate Creek Road/USFS Road 52 north to USFS Rd 47.", "GlobalID": "46848e1d-aa8e-49b2-b205-3bd4a47eae54", "ImageLink": "https://biz.parks.wa.gov/gis/images/skate.jpg", "Permits": "Sno-Park Permit required November thru April or as posted.", "Amenities": "Restrooms", "QRcode": "https://biz.parks.wa.gov/gis/images/SnoParkQRCodes/1246195-Skate_Creek_Sno-Park.png", "SortSequence": 150, "Type": "Motorized", "ParkingSpaces": "20"}}, {"type": "Feature", "geometry": {"type": "Point", "coordinates": [-120.041716781335, 47.9396829629614]}, "properties": {"OBJECTID": 17, "Parking": "Sno-Park", "AreaCode": "Echo Ridge", "Elevation": "3000'", "ProperName": "Echo Ridge Nordic Area", "Comments": "not sno-park program funded", "Latitude": 47.93968296, "Longitude": -120.04171678, "Directions": "-", "GlobalID": "adf0f6df-5a04-4452-ba83-76d2a1a3c4e7", "ImageLink": "https://biz.parks.wa.gov/gis/images/WinterRecPhotoPlaceHolder.jpg", "Permits": null, "Amenities": "Restrooms", "QRcode": "https://biz.parks.wa.gov/gis/images/winter-rec-qrcode-placeholder.jpg", "SortSequence": 51, "Type": "NonMotorized", "ParkingSpaces": "Roadside"}}, {"type": "Feature", "geometry": {"type": "Point", "coordinates": [-120.021907269904, 48.0667404035504]}, "properties": {"OBJECTID": 18, "Parking": "Sno-Park", "AreaCode": "Chelan North", "Elevation": "1360'", "ProperName": "Black Canyon", "Comments": " ", "Latitude": 48.0667404, "Longitude": -120.02190727, "Directions": "Northwest of Pateros. Highway 153 northwest for 6.5 miles to USFS Road 4010. Turn left (west) to end of the plowed road.", "GlobalID": "d5c738b7-5ca1-4e3e-9e7f-99c6a446c954", "ImageLink": "https://biz.parks.wa.gov/gis/images/black canyon.jpg", "Permits": "Sno-Park Permit required November thru April or as posted.", "Amenities": "Restrooms", "QRcode": "https://biz.parks.wa.gov/gis/images/winter-rec-qrcode-placeholder.jpg", "SortSequence": 23, "Type": "Motorized", "ParkingSpaces": "15"}}, {"type": "Feature", "geometry": {"type": "Point", "coordinates": [-120.150474099279, 48.1563946620793]}, "properties": {"OBJECTID": 19, "Parking": "Sno-Park", "AreaCode": "Chelan North", "Elevation": "2140'", "ProperName": "South Fork Gold Creek", "Comments": " ", "Latitude": 48.15639466, "Longitude": -120.1504741, "Directions": "Northwest of Pateros. Highway 153 northwest for 17 miles to County Road 1029. Turn left for .75 mile to County Road 1034. Turn left to USFS Road 4330 and turn left again. Go across bridge to end of plowed road.", "GlobalID": "40c1d68e-8672-4e49-bb0e-f341bf8f15fc", "ImageLink": "https://biz.parks.wa.gov/gis/images/south fork gold creek.JPG", "Permits": "Sno-Park Permit required November thru April or as posted.", "Amenities": "Restrooms", "QRcode": "https://biz.parks.wa.gov/gis/images/winter-rec-qrcode-placeholder.jpg", "SortSequence": 154, "Type": "Motorized", "ParkingSpaces": "20"}}, {"type": "Feature", "geometry": {"type": "Point", "coordinates": [-120.289639062209, 47.9661007023444]}, "properties": {"OBJECTID": 20, "Parking": "Sno-Park", "AreaCode": "Chelan South", "Elevation": "2000'", "ProperName": "Twentyfive Mile Creek", "Comments": " ", "Latitude": 47.9661007, "Longitude": -120.28963906, "Directions": "From Chelan, take South Shore Road for 23 miles to USFS Road 5900/Shady Pass Road. Turn left for two miles; Sno-Park is on right side.", "GlobalID": "9f169f37-3233-46e8-bfb7-2dcbc0ce877a", "ImageLink": "https://biz.parks.wa.gov/gis/images/twenty five mile creek snopark.JPG", "Permits": "Sno-Park Permit required November thru April or as posted.", "Amenities": "Restrooms", "QRcode": "https://biz.parks.wa.gov/gis/images/SnoParkQRCodes/818262-Twentyfive_Mile_Creek_Sno-Park.png", "SortSequence": 167, "Type": "Motorized", "ParkingSpaces": "35"}}, {"type": "Feature", "geometry": {"type": "Point", "coordinates": [-120.4858675381, 47.9094847536857]}, "properties": {"OBJECTID": 21, "Parking": "Sno-Park", "AreaCode": "Chelan South", "Elevation": "1720'", "ProperName": "Entiat River", "Comments": " ", "Latitude": 47.90948475, "Longitude": -120.48586754, "Directions": "North of Wenatchee. Highway 97 ALT north to Entiat River Road/USFS Road 51 west (left) for 24 miles to end of plowed section.", "GlobalID": "3d27d631-5bec-4ee9-a4b2-6af3759f6f88", "ImageLink": "https://biz.parks.wa.gov/gis/images/entiat.JPG", "Permits": "Sno-Park Permit required November thru April or as posted.", "Amenities": "Restrooms", "QRcode": "https://biz.parks.wa.gov/gis/images/winter-rec-qrcode-placeholder.jpg", "SortSequence": 57, "Type": "Motorized", "ParkingSpaces": "15"}}, {"type": "Feature", "geometry": {"type": "Point", "coordinates": [-120.053653216358, 47.936950307576]}, "properties": {"OBJECTID": 22, "Parking": "Sno-Park", "AreaCode": "Chelan North", "Elevation": "2640'", "ProperName": "Echo Valley", "Comments": " ", "Latitude": 47.93695031, "Longitude": -120.05365322, "Directions": "About 10 miles from Chelan adjacent to Echo Valley Ski Area. Highway 150/Manson Highway north for 2 miles to Boyd Road. Turn right and follow signs to Sno-Park.", "GlobalID": "61e6539a-4276-450f-aa9a-b981b6efd3e0", "ImageLink": "https://biz.parks.wa.gov/gis/images/echo%20valley.jpg", "Permits": "Sno-Park Permit required November thru April or as posted.", "Amenities": "Restrooms", "QRcode": "https://biz.parks.wa.gov/gis/images/winter-rec-qrcode-placeholder.jpg", "SortSequence": 52, "Type": "Motorized", "ParkingSpaces": "30"}}, {"type": "Feature", "geometry": {"type": "Point", "coordinates": [-120.148496972538, 47.957577078508]}, "properties": {"OBJECTID": 23, "Parking": "Sno-Park", "AreaCode": "Chelan North", "Elevation": "2200'", "ProperName": "Antilon Lake", "Comments": " ", "Latitude": 47.95757708, "Longitude": -120.14849697, "Directions": "Highway 150/Manson Highway to Mill Bay Casino sign. Turn right onto Wapato Lake Road for approximately 2 miles and turn right onto Upper Joe Creek Road to Grade Creek Road. Go straight on it to the end of plowed road.", "GlobalID": "b692563f-fbf5-4854-aabc-77ae7877e0c8", "ImageLink": "https://biz.parks.wa.gov/gis/images/antilon.jpg", "Permits": "Sno-Park Permit required November thru April or as posted.", "Amenities": "Restrooms", "QRcode": "https://biz.parks.wa.gov/gis/images/SnoParkQRCodes/818266-Antilon_Lake_Sno-Park.png", "SortSequence": 16, "Type": "Motorized", "ParkingSpaces": "75"}}, {"type": "Feature", "geometry": {"type": "Point", "coordinates": [-122.171174483093, 46.1298224118544]}, "properties": {"OBJECTID": 24, "Parking": "Sno-Park", "AreaCode": "Mt St Helens", "Elevation": "2700'", "ProperName": "Marble Mountain", "Comments": " ", "Latitude": 46.12982241, "Longitude": -122.17117448, "Directions": "13 miles east of Cougar. Lewis River Road (SR 503/USFS Road 90) to junction of USFS roads 83 and 8312.", "GlobalID": "0e9d6bf6-fb37-4225-aeef-0acba2b2a376", "ImageLink": "https://biz.parks.wa.gov/gis/images/marble mtn shelter parking.jpg", "Permits": "Sno-Park Permit required Nov. thru Apr. or as posted.", "Amenities": "Restrooms", "QRcode": "https://biz.parks.wa.gov/gis/images/SnoParkQRCodes/1108076-Marble_Mountain_Sno-Park.png", "SortSequence": 104, "Type": "Motorized", "ParkingSpaces": "230"}}, {"type": "Feature", "geometry": {"type": "Point", "coordinates": [-122.204947299482, 46.1174267774606]}, "properties": {"OBJECTID": 25, "Parking": "Sno-Park", "AreaCode": "Mt St Helens", "Elevation": "2200'", "ProperName": "Cougar", "Comments": " ", "Latitude": 46.11742678, "Longitude": -122.2049473, "Directions": "8 miles east of Cougar. Lewis River Road (SR 503/USFS Road 90) to junction of USFS roads 83 and 8100.", "GlobalID": "ea6b5d21-ec28-48cc-957d-05585d77de0d", "ImageLink": "https://biz.parks.wa.gov/gis/images/WinterRecPhotoPlaceHolder.jpg", "Permits": "Sno-Park Permit Required November thru April or as posted.", "Amenities": "Restrooms", "QRcode": "https://biz.parks.wa.gov/gis/images/SnoParkQRCodes/1108075-Cougar_Sno-Park.png", "SortSequence": 38, "Type": "Motorized", "ParkingSpaces": "30"}}, {"type": "Feature", "geometry": {"type": "Point", "coordinates": [-121.975187348033, 46.3252752851053]}, "properties": {"OBJECTID": 26, "Parking": "Sno-Park", "AreaCode": "Wakepish", "Elevation": "2800'", "ProperName": "Wakepish", "Comments": " ", "Latitude": 46.32527529, "Longitude": -121.97518735, "Directions": "19 miles south of Randle. Highway 12 to Highway 131/Cispus Road south to USFS Road 25 south. Sno-Park is 1/8 mile up USFS Rd 99.", "GlobalID": "04a115e8-e0dd-43dc-8b73-8fb54fbda91a", "ImageLink": "https://biz.parks.wa.gov/gis/images/Wakepish.JPG", "Permits": "Sno-Park Permit Required November thru April or as posted.", "Amenities": "Restrooms", "QRcode": "https://biz.parks.wa.gov/gis/images/SnoParkQRCodes/1108112-Wakepish_Sno-Park.png", "SortSequence": 171, "Type": "Motorized", "ParkingSpaces": "30"}}, {"type": "Feature", "geometry": {"type": "Point", "coordinates": [-121.45738554004, 47.1134846561517]}, "properties": {"OBJECTID": 27, "Parking": "Sno-Park", "AreaCode": "SR 410, Greenwater", "Elevation": "2720'", "ProperName": "Pyramid Creek Main", "Comments": "main sno-park location", "Latitude": 47.11348466, "Longitude": -121.45738554, "Directions": "1 mile east of Greenwater. Highway 410 to USFS Road 70 east for 9.4 miles.", "GlobalID": "fd24558e-a9c9-4fb1-8862-1cabe394d8e0", "ImageLink": "https://biz.parks.wa.gov/gis/images/WinterRecPhotoPlaceHolder.jpg", "Permits": "Sno-Park Permit required during the season - Sno-Park Zone from 70 Road to trail head. Exception: From April 1 to 30, a Sno-Park Permit may or may not be required.", "Amenities": "Restrooms", "QRcode": "https://biz.parks.wa.gov/gis/images/SnoParkQRCodes/1108088-Pyramid_Creek_to_Little_Naches_Sno-Park.png", "SortSequence": 135, "Type": "Motorized", "ParkingSpaces": "100"}}, {"type": "Feature", "geometry": {"type": "Point", "coordinates": [-121.474480279629, 47.1059122705796]}, "properties": {"OBJECTID": 28, "Parking": "Sno-Park", "AreaCode": "SR 410, Greenwater", "Elevation": "2480'", "ProperName": "Greenwater 2", "Comments": "Horse Camp - over flow parking, patrolled for permit.", "Latitude": 47.10591227, "Longitude": -121.47448028, "Directions": "-", "GlobalID": "af71283b-f8b2-4846-adb2-4fd20c298ac9", "ImageLink": "https://biz.parks.wa.gov/gis/images/WinterRecPhotoPlaceHolder.jpg", "Permits": null, "Amenities": "-", "QRcode": "https://biz.parks.wa.gov/gis/images/winter-rec-qrcode-placeholder.jpg", "SortSequence": 75, "Type": "Motorized", "ParkingSpaces": "Roadside"}}, {"type": "Feature", "geometry": {"type": "Point", "coordinates": [-121.534677635957, 46.9783793469588]}, "properties": {"OBJECTID": 29, "Parking": "Sno-Park", "AreaCode": "NachesHwy410", "Elevation": "2800'", "ProperName": "Silver Springs", "Comments": "reopened as a sno-park for 2007-2008 season", "Latitude": 46.97837935, "Longitude": -121.53467764, "Directions": "30 mi east of Enumclaw. Hwy 410 east, turn left onto Crystal Mountain Boulevard, go 50 yards and turn right into Sno-Park.", "GlobalID": "e10590cf-0da5-48d4-9778-2f43b4139dea", "ImageLink": "https://biz.parks.wa.gov/gis/images/Silver Springs.JPG", "Permits": null, "Amenities": "Restrooms", "QRcode": "https://biz.parks.wa.gov/gis/images/winter-rec-qrcode-placeholder.jpg", "SortSequence": 148, "Type": "Motorized", "ParkingSpaces": "15"}}, {"type": "Feature", "geometry": {"type": "Point", "coordinates": [-121.32831383989, 46.9443751092765]}, "properties": {"OBJECTID": 30, "Parking": "Sno-Park", "AreaCode": "SR 410 NM", "Elevation": "3410'", "ProperName": "Pleasant Valley", "Comments": " ", "Latitude": 46.94437511, "Longitude": -121.32831384, "Directions": "40 miles northwest of Naches via Highway 410.", "GlobalID": "59777aee-072a-44f3-8991-eaa6a06dab0b", "ImageLink": "https://biz.parks.wa.gov/gis/images/PleasantValley.JPG", "Permits": null, "Amenities": "Restrooms", "QRcode": "https://biz.parks.wa.gov/gis/images/SnoParkQRCodes/1108079-Pleasant_Valley_Sno-Park.png", "SortSequence": 132, "Type": "NonMotorized", "ParkingSpaces": "10"}}, {"type": "Feature", "geometry": {"type": "Point", "coordinates": [-121.265656876907, 46.9643403122887]}, "properties": {"OBJECTID": 31, "Parking": "Sno-Park", "AreaCode": "SR 410 NM", "Elevation": "3250'", "ProperName": "Hells Crossing", "Comments": " ", "Latitude": 46.96434031, "Longitude": -121.26565688, "Directions": "38 miles northwest of Naches via Highway 410.", "GlobalID": "115cd968-d8aa-433b-bd81-229d6934e981", "ImageLink": "https://biz.parks.wa.gov/gis/images/HellsCrossing.JPG", "Permits": null, "Amenities": "Restrooms", "QRcode": "https://biz.parks.wa.gov/gis/images/SnoParkQRCodes/1108080-Hells_Crossing_Sno-Park.png", "SortSequence": 78, "Type": "NonMotorized", "ParkingSpaces": "18"}}, {"type": "Feature", "geometry": {"type": "Point", "coordinates": [-120.969924676088, 46.8920770796115]}, "properties": {"OBJECTID": 32, "Parking": "Sno-Park", "AreaCode": "SR 410 North", "Elevation": "2400'", "ProperName": "Lower Rock Creek", "Comments": "temporary closure per W. McLauglin, Sep 2011", "Latitude": 46.89207708, "Longitude": -120.96992468, "Directions": "19 miles northwest of Naches. Highway 410 northwest to Rock Creek Road/USFS Road 1702 for 1.2 miles.", "GlobalID": "c18ed6d0-eae4-4638-a8bc-71016fc7a905", "ImageLink": "https://biz.parks.wa.gov/gis/images/Lower%20Rock%20Creek%20Web.jpg", "Permits": "Sno-Park Permit required during the season. Exception: From April 1 to 30, a Sno-Park Permit may or may not be required.", "Amenities": "Restrooms", "QRcode": "https://biz.parks.wa.gov/gis/images/SnoParkQRCodes/1108039-Lower_Rock_Creek_Sno-Park.png", "SortSequence": 101, "Type": "Motorized", "ParkingSpaces": "20"}}, {"type": "Feature", "geometry": {"type": "Point", "coordinates": [-120.967157713396, 46.9067371434017]}, "properties": {"OBJECTID": 33, "Parking": "Sno-Park", "AreaCode": "SR 410 North", "Elevation": "3340'", "ProperName": "Upper Rock Creek", "Comments": "temporary closure per W. McLauglin, Sep 2011", "Latitude": 46.90673714, "Longitude": -120.96715771, "Directions": "19 miles northwest of Naches. Highway 410 northwest to Rock Creek Road/USFS Road 1702 for 3.8 miles.", "GlobalID": "8570e588-235a-4b7d-814e-44007383b5e0", "ImageLink": "https://biz.parks.wa.gov/gis/images/UpperRockCreek.JPG", "Permits": "Sno-Park Permit required during the season. Exception: From April 1 to 30, a Sno-Park Permit may or may not be required.", "Amenities": "Restrooms", "QRcode": "https://biz.parks.wa.gov/gis/images/SnoParkQRCodes/1108037-Upper_Rock_Creek_Sno-Park.png", "SortSequence": 170, "Type": "Motorized", "ParkingSpaces": "10"}}, {"type": "Feature", "geometry": {"type": "Point", "coordinates": [-121.062937295848, 46.9415260298027]}, "properties": {"OBJECTID": 35, "Parking": "Sno-Park", "AreaCode": "SR 410 North", "Elevation": "2500'", "ProperName": "Spring Creek", "Comments": " ", "Latitude": 46.94152603, "Longitude": -121.0629373, "Directions": "25 miles northwest of Naches next to Whistlin Jack Lodge. Highway 410 northwest to Spring Creek/USFS Road 1705.", "GlobalID": "33c18f95-2a52-441a-8dc9-9838090250ce", "ImageLink": "https://biz.parks.wa.gov/gis/images/SpringCreek.JPG", "Permits": "Sno-Park Permit required during the season. Exception: From April 1 to 30, a Sno-Park Permit may or may not be required.", "Amenities": "Restrooms", "QRcode": "https://biz.parks.wa.gov/gis/images/SnoParkQRCodes/1108042-Spring_Creek_Sno-Park.png", "SortSequence": 157, "Type": "Motorized", "ParkingSpaces": "10"}}, {"type": "Feature", "geometry": {"type": "Point", "coordinates": [-121.092745429021, 46.9821419971028]}, "properties": {"OBJECTID": 36, "Parking": "Sno-Park", "AreaCode": "SR 410 North", "Elevation": "2600'", "ProperName": "Milk Creek", "Comments": " ", "Latitude": 46.982142, "Longitude": -121.09274543, "Directions": "29 miles northwest of Naches. Highway 410 northwest to Milk Creek/USFS Road 1708.", "GlobalID": "7f9f221a-37b7-4316-9bfb-58e5f0d1a86d", "ImageLink": "https://biz.parks.wa.gov/gis/images/MilkCreek.JPG", "Permits": null, "Amenities": "Restrooms", "QRcode": "https://biz.parks.wa.gov/gis/images/SnoParkQRCodes/1108038-Milk_Creek_Sno-Park.png", "SortSequence": 106, "Type": "Motorized", "ParkingSpaces": "15"}}, {"type": "Feature", "geometry": {"type": "Point", "coordinates": [-121.132811479385, 47.0135949895506]}, "properties": {"OBJECTID": 37, "Parking": "Sno-Park", "AreaCode": "SR 410, Naches", "Elevation": "2720'", "ProperName": "Kaner Flats", "Comments": " ", "Latitude": 47.01359499, "Longitude": -121.13281148, "Directions": "30 miles northwest of Naches. Highway 410 northwest to Little Naches Road for 2.7 miles.", "GlobalID": "e7e710f6-07d8-4c0b-af24-355cb9188fc9", "ImageLink": "https://biz.parks.wa.gov/gis/images/kaner%20flats.JPG", "Permits": "Sno-Park Permit required during the season. Exception: From April 1 to 30, a Sno-Park Permit may or may not be required.", "Amenities": "Restrooms", "QRcode": "https://biz.parks.wa.gov/gis/images/SnoParkQRCodes/1108100-Kaner_Flats_Sno-Park.png", "SortSequence": 85, "Type": "Motorized", "ParkingSpaces": "5"}}, {"type": "Feature", "geometry": {"type": "Point", "coordinates": [-121.141414311929, 47.0154201881388]}, "properties": {"OBJECTID": 38, "Parking": "Sno-Park", "AreaCode": "SR 410, Naches", "Elevation": "2760'", "ProperName": "Crow Creek", "Comments": " ", "Latitude": 47.01542019, "Longitude": -121.14141431, "Directions": "30 miles northwest of Naches. Highway 410 northwest to Little Naches Road for 2.7 miles to Raven Roost/USFS Road 1902 for 2 miles.", "GlobalID": "cb11026b-5fdd-4c98-854a-c0d1b24d795e", "ImageLink": "https://biz.parks.wa.gov/gis/images/crow creek.JPG", "Permits": "Sno-Park Permit required during the season. Exception: From April 1 to 30, a Sno-Park Permit may or may not be required.", "Amenities": "Restrooms", "QRcode": "https://biz.parks.wa.gov/gis/images/SnoParkQRCodes/1108096-Crow_Creek_Sno-Park.png", "SortSequence": 40, "Type": "Motorized", "ParkingSpaces": "15"}}, {"type": "Feature", "geometry": {"type": "Point", "coordinates": [-121.143690969095, 47.0235533082225]}, "properties": {"OBJECTID": 39, "Parking": "Sno-Park", "AreaCode": "SR 410, Naches", "Elevation": "2760'", "ProperName": "Little Naches / 1904", "Comments": " ", "Latitude": 47.02355331, "Longitude": -121.14369097, "Directions": "30 miles northwest of Naches. Highway 410 northwest to Little Naches Road for 3.8 miles.", "GlobalID": "4ace3141-74f6-492a-8e25-8eb3a5a48a70", "ImageLink": "https://biz.parks.wa.gov/gis/images/little naches.JPG", "Permits": "Sno-Park Permit required during the season. Exception: From April 1 to 30, a Sno-Park Permit may or may not be required.", "Amenities": "Restrooms", "QRcode": "https://biz.parks.wa.gov/gis/images/SnoParkQRCodes/1108099-Little_Naches1904_Sno-Park.png", "SortSequence": 98, "Type": "Motorized", "ParkingSpaces": "75"}}, {"type": "Feature", "geometry": {"type": "Point", "coordinates": [-118.586997285066, 48.5748512256653]}, "properties": {"OBJECTID": 41, "Parking": "Sno-Park", "AreaCode": "SR 20, Hall Creek", "Elevation": "3600'", "ProperName": "Hall Creek", "Comments": "new sno-park for 2005-2006", "Latitude": 48.57485123, "Longitude": -118.58699729, "Directions": "East of Republic. Highway 20 to USFS Road 99 for about 3 miles.", "GlobalID": "ead82ebd-2e4b-4831-862d-156598f4d157", "ImageLink": "https://biz.parks.wa.gov/gis/images/WinterRecPhotoPlaceHolder.jpg", "Permits": "Sno-Park Permit Required November thru April or as posted.", "Amenities": "Restrooms", "QRcode": "https://biz.parks.wa.gov/gis/images/SnoParkQRCodes/1108089-Hall_Creek__Quartz_Ridge_Sno-Park.png", "SortSequence": 76, "Type": "Motorized", "ParkingSpaces": "20"}}, {"type": "Feature", "geometry": {"type": "Point", "coordinates": [-118.443680822322, 48.6316187545652]}, "properties": {"OBJECTID": 42, "Parking": "Sno-Park", "AreaCode": "SR 20, Albian Hill", "Elevation": "4160'", "ProperName": "Albian Hill", "Comments": " ", "Latitude": 48.63161876, "Longitude": -118.44368082, "Directions": "22 miles east of Republic at junction of Highway 20 & USFS Road 2030.", "GlobalID": "c7d80fb2-7ff5-4adf-ab2a-b7b0433f8ab5", "ImageLink": "https://biz.parks.wa.gov/gis/images/Albian%20Hill.JPG", "Permits": "Sno-Park Permit required November thru April or as posted.", "Amenities": "Restrooms", "QRcode": "https://biz.parks.wa.gov/gis/images/SnoParkQRCodes/818265-Albian_Hill_Sno-Park.png", "SortSequence": 14, "Type": "Motorized", "ParkingSpaces": "7"}}, {"type": "Feature", "geometry": {"type": "Point", "coordinates": [-118.751058460225, 48.7864410579961]}, "properties": {"OBJECTID": 44, "Parking": "Sno-Park", "AreaCode": "Empire Lake, Republi", "Elevation": "3200'", "ProperName": "Empire Lake", "Comments": "new 2005/2006 per Colleen, location moved 2007 per J Osterberg", "Latitude": 48.78644106, "Longitude": -118.75105846, "Directions": "12 miles from Republic. County Road 270, left on Co Rd 201, right on Co Rd 517 to parking area.", "GlobalID": "ef51be28-92f5-4134-bde9-3ea58bb018ea", "ImageLink": "https://biz.parks.wa.gov/gis/images/EmpireLake.JPG", "Permits": "Sno-Park Permit Required November thru April or as posted.", "Amenities": "Restrooms", "QRcode": "https://biz.parks.wa.gov/gis/images/winter-rec-qrcode-placeholder.jpg", "SortSequence": 56, "Type": "Motorized", "ParkingSpaces": "20"}}, {"type": "Feature", "geometry": {"type": "Point", "coordinates": [-117.779220765433, 48.5505681563454]}, "properties": {"OBJECTID": 45, "Parking": "Sno-Park", "AreaCode": "Gillette Rec Area", "Elevation": "2850'", "ProperName": "Old Dominion", "Comments": " ", "Latitude": 48.55056816, "Longitude": -117.77922077, "Directions": "19 mi east of Colville via Hwy 20 to County Road 4833 to USFS Road 9411.", "GlobalID": "c9926d40-9048-48b5-95a4-d5fa1c31f9ff", "ImageLink": "https://biz.parks.wa.gov/gis/images/WinterRecPhotoPlaceHolder.jpg", "Permits": "Sno-Park Permit required November thru April or as posted.", "Amenities": "-", "QRcode": "https://biz.parks.wa.gov/gis/images/winter-rec-qrcode-placeholder.jpg", "SortSequence": 121, "Type": "Motorized", "ParkingSpaces": "50"}}, {"type": "Feature", "geometry": {"type": "Point", "coordinates": [-117.577934306467, 48.5445446237613]}, "properties": {"OBJECTID": 46, "Parking": "Sno-Park", "AreaCode": "Gillette Rec Area", "Elevation": "3100'", "ProperName": "Radar Dome", "Comments": "Sno-park has been relocated to east side of Flodelle Creek Road still on the south side of highway 20. Old Flodelle/Tacoma parking location on Wildlife property is now closed.  Renamed Radar Dome, now on DNR ownership", "Latitude": 48.54454462, "Longitude": -117.57793431, "Directions": "19 miles east of Colville via Highway 20 at County Road 2389/Olson Creek Road.", "GlobalID": "145b6e0e-4e3b-42d1-881b-d6190c55104e", "ImageLink": "https://biz.parks.wa.gov/gis/images/WinterRecPhotoPlaceHolder.jpg", "Permits": "Sno-Park Permit required November thru April or as posted.", "Amenities": "Restrooms", "QRcode": "https://biz.parks.wa.gov/gis/images/SnoParkQRCodes/1108086-Flodelle__Tacoma_Sno-Park.png", "SortSequence": 137, "Type": "Motorized", "ParkingSpaces": "50"}}, {"type": "Feature", "geometry": {"type": "Point", "coordinates": [-117.551854757343, 48.6107948909661]}, "properties": {"OBJECTID": 47, "Parking": "Sno-Park", "AreaCode": "Gillette Rec Area", "Elevation": "3200'", "ProperName": "Mill Creek", "Comments": "new for 2005/2006", "Latitude": 48.61079489, "Longitude": -117.55185476, "Directions": "19 mi east of Colville via Hwy 20 at County Road 4954.", "GlobalID": "e6fc15cc-37af-4d85-badc-38706c89bec3", "ImageLink": "https://biz.parks.wa.gov/gis/images/mill creek.JPG", "Permits": "Sno-Park Permit required during the season. Exception: From April 1 to 30, a Sno-Park Permit may or may not be required.", "Amenities": "Restrooms", "QRcode": "https://biz.parks.wa.gov/gis/images/SnoParkQRCodes/1108085-Mill_Creek_Sno-Park.png", "SortSequence": 107, "Type": "Motorized", "ParkingSpaces": "50"}}, {"type": "Feature", "geometry": {"type": "Point", "coordinates": [-117.637597051837, 48.3831978573105]}, "properties": {"OBJECTID": 48, "Parking": "Sno-Park", "AreaCode": "Calispell Peak", "Elevation": "2590'", "ProperName": "Sand Canyon", "Comments": " ", "Latitude": 48.38319786, "Longitude": -117.63759705, "Directions": "North of Chewelah. County Road 2998/North Fork Chewelah Creek to end of plowed area.", "GlobalID": "a83ca46c-e996-49eb-90d0-04b4ba6f365a", "ImageLink": "https://biz.parks.wa.gov/gis/images/SandCanyon.JPG", "Permits": "No Sno-Park permit required. Staging area, available parking depends on conditions. ", "Amenities": "-", "QRcode": "https://biz.parks.wa.gov/gis/images/winter-rec-qrcode-placeholder.jpg", "SortSequence": 143, "Type": "Motorized", "ParkingSpaces": "20"}}, {"type": "Feature", "geometry": {"type": "Point", "coordinates": [-117.206516967089, 48.3866405509103]}, "properties": {"OBJECTID": 49, "Parking": "Sno-Park", "AreaCode": "Kings Lake", "Elevation": "3100'", "ProperName": "Kings Lake", "Comments": " ", "Latitude": 48.38664055, "Longitude": -117.20651697, "Directions": "North of Spokane. Highway 20 to Usk. Turn east at city and cross Pend Oreille River; road becomes Kings Lake Road/County Road 3389. North to Kings Lake.", "GlobalID": "6ab28dac-2820-4976-a94a-7ae549e7a85f", "ImageLink": "https://biz.parks.wa.gov/gis/images/Kings%20Lake.JPG", "Permits": "Sno-Park Permit required November thru April or as posted.", "Amenities": "Restrooms", "QRcode": "https://biz.parks.wa.gov/gis/images/SnoParkQRCodes/812293-Kings_Lake_Sno-Park.png", "SortSequence": 87, "Type": "Motorized", "ParkingSpaces": "60"}}, {"type": "Feature", "geometry": {"type": "Point", "coordinates": [-117.763505743763, 46.2733274885784]}, "properties": {"OBJECTID": 51, "Parking": "Sno-Park", "AreaCode": "Umatilla West", "Elevation": "3940'", "ProperName": "Eckler Mountain", "Comments": "new sno-park.  per Steve Anderson Dec. 2005", "Latitude": 46.27332749, "Longitude": -117.76350574, "Directions": "East of Dayton. Highway 12 to Skyline Drive south.", "GlobalID": "d148ae6d-af80-4286-ac8e-4631ad5dc1df", "ImageLink": "https://biz.parks.wa.gov/gis/images/WinterRecPhotoPlaceHolder.jpg", "Permits": "Sno-Park Permit required November thru April or as posted.", "Amenities": "Restrooms", "QRcode": "https://biz.parks.wa.gov/gis/images/winter-rec-qrcode-placeholder.jpg", "SortSequence": 53, "Type": "Motorized", "ParkingSpaces": "14"}}, {"type": "Feature", "geometry": {"type": "Point", "coordinates": [-117.845990504712, 46.0956039522755]}, "properties": {"OBJECTID": 52, "Parking": "Sno-Park", "AreaCode": "Umatilla West", "Elevation": "4230'", "ProperName": "Touchet Corral", "Comments": " ", "Latitude": 46.09560395, "Longitude": -117.8459905, "Directions": "20 miles southeast of Dayton. Highway 12 to North Fork Touchet River Road/USFS Road 64", "GlobalID": "2a2576ab-c959-4d1b-be4e-bb9aa573cfb4", "ImageLink": "https://biz.parks.wa.gov/gis/images/Touchet Corral.JPG", "Permits": "Sno-Park Permit required November thru April or as posted.", "Amenities": "Restrooms", "QRcode": "https://biz.parks.wa.gov/gis/images/SnoParkQRCodes/1108084-Touchet_Corral_Sno-Park.png", "SortSequence": 166, "Type": null, "ParkingSpaces": "40"}}, {"type": "Feature", "geometry": {"type": "Point", "coordinates": [-117.557007976721, 46.2744510224374]}, "properties": {"OBJECTID": 54, "Parking": "Sno-Park", "AreaCode": "Umatilla East", "Elevation": "4800'", "ProperName": "Rose Springs", "Comments": " ", "Latitude": 46.27445102, "Longitude": -117.55700798, "Directions": "16 miles south of Pomeroy. Peola Road south to Y-intersection (approx. 10 miles). Continue straight to Mountain Road for 5 miles to the Umatilla National Forest boundary. 1.5 miles on USFS Road 40.", "GlobalID": "8363f06d-5cf6-43ee-8fbd-84b5b6089c73", "ImageLink": "https://biz.parks.wa.gov/gis/images/Rose Springs.JPG", "Permits": "Sno-Park Permit required November thru April or as posted.", "Amenities": "Restrooms", "QRcode": "https://biz.parks.wa.gov/gis/images/SnoParkQRCodes/818275-Rose_Springs_Sno-Park.png", "SortSequence": 140, "Type": "Motorized", "ParkingSpaces": "60"}}, {"type": "Feature", "geometry": {"type": "Point", "coordinates": [-117.335265767153, 46.1474725429162]}, "properties": {"OBJECTID": 55, "Parking": "Sno-Park", "AreaCode": "Umatilla East", "Elevation": "4760'", "ProperName": "Cloverland", "Comments": " ", "Latitude": 46.14747254, "Longitude": -117.33526577, "Directions": "Southwest of Asotin. Cloverland Road to the Umatilla National Forest boundary.", "GlobalID": "2adadb12-f2f9-4bec-b06b-319fd863772b", "ImageLink": "https://biz.parks.wa.gov/gis/images/Cloverland.JPG", "Permits": "Sno-Park Permit required November thru April or as posted.", "Amenities": "Restrooms", "QRcode": "https://biz.parks.wa.gov/gis/images/winter-rec-qrcode-placeholder.jpg", "SortSequence": 36, "Type": "Motorized", "ParkingSpaces": "30"}}, {"type": "Feature", "geometry": {"type": "Point", "coordinates": [-117.102047278894, 47.9046900285676]}, "properties": {"OBJECTID": 56, "Parking": "Sno-Park", "AreaCode": "Mount Spokane", "Elevation": "4600'", "ProperName": "Mount Spokane (Motorized)", "Comments": " ", "Latitude": 47.90469003, "Longitude": -117.10204728, "Directions": "Northeast of Spokane (3.5 miles inside Mount Spokane State Park). Highway 2 north to Highway 206 for 15 miles to park entrance. Proceed up to Sno-Park.", "GlobalID": "ae8529b5-f28c-4f4f-9c94-e2d4584cada9", "ImageLink": "https://biz.parks.wa.gov/gis/images/WinterRecPhotoPlaceHolder.jpg", "Permits": null, "Amenities": "Restrooms, Warming Shelter", "QRcode": "https://biz.parks.wa.gov/gis/images/SnoParkQRCodes/1108114-Mount_Spokane_Sno-Park.png", "SortSequence": 109, "Type": "Motorized", "ParkingSpaces": "60"}}, {"type": "Feature", "geometry": {"type": "Point", "coordinates": [-121.644329214838, 48.3019876330992]}, "properties": {"OBJECTID": 57, "Parking": "Sno-Park", "AreaCode": "Mt Baker, SR 530", "Elevation": "1600'", "ProperName": "Segelsen Creek", "Comments": " ", "Latitude": 48.30198763, "Longitude": -121.64432921, "Directions": "From Concrete on Highway 20, southeast on Concrete-Sauk Valley Road to USFS Road 17.", "GlobalID": "00e2fe76-5a97-403b-a60b-89e9eb9cca02", "ImageLink": "https://biz.parks.wa.gov/gis/images/WinterRecPhotoPlaceHolder.jpg", "Permits": "Sno-Park Permit Required November thru April or as posted.", "Amenities": "-", "QRcode": "https://biz.parks.wa.gov/gis/images/winter-rec-qrcode-placeholder.jpg", "SortSequence": 145, "Type": "Motorized", "ParkingSpaces": "30"}}, {"type": "Feature", "geometry": {"type": "Point", "coordinates": [-121.705598392017, 48.4582338666132]}, "properties": {"OBJECTID": 58, "Parking": "Sno-Park", "AreaCode": "Mt Baker, Baker Lake", "Elevation": "770'", "ProperName": "Finney Creek", "Comments": " ", "Latitude": 48.45823387, "Longitude": -121.70559839, "Directions": "From Concrete on Highway 20, southeast on Concrete-Sauk Valley Road to USFS Road 17.", "GlobalID": "df037e7f-eb32-4956-853d-e5ec1304bd58", "ImageLink": "https://biz.parks.wa.gov/gis/images/WinterRecPhotoPlaceHolder.jpg", "Permits": "Sno-Park Permit required November thru April or as posted.", "Amenities": "-", "QRcode": "https://biz.parks.wa.gov/gis/images/winter-rec-qrcode-placeholder.jpg", "SortSequence": 61, "Type": "Motorized", "ParkingSpaces": "30"}}, {"type": "Feature", "geometry": {"type": "Point", "coordinates": [-121.914938480117, 48.8803355022255]}, "properties": {"OBJECTID": 59, "Parking": "Sno-Park", "AreaCode": "Mt Baker, SR542 Nort", "Elevation": "1150'", "ProperName": "Glacier Creek", "Comments": " ", "Latitude": 48.8803355, "Longitude": -121.91493848, "Directions": "1 mile east of Glacier off Highway 542, south on USFS Road 39.", "GlobalID": "e87f4a27-0669-49c2-a5e7-b1f173619ac9", "ImageLink": "https://biz.parks.wa.gov/gis/images/glacier.JPG", "Permits": "Sno-Park Permit required November thru April or as posted.", "Amenities": "Restrooms", "QRcode": "https://biz.parks.wa.gov/gis/images/winter-rec-qrcode-placeholder.jpg", "SortSequence": 69, "Type": "Motorized", "ParkingSpaces": "Roadside"}}, {"type": "Feature", "geometry": {"type": "Point", "coordinates": [-121.13575988139, 46.6233620802221]}, "properties": {"OBJECTID": 60, "Parking": "Sno-Park", "AreaCode": "US 12 South", "Elevation": "2960'", "ProperName": "South Fork Tieton", "Comments": " ", "Latitude": 46.62336208, "Longitude": -121.13575988, "Directions": " 23 miles west of Naches. Highway 12 to Tieton Road for 4.6 miles to USFS Road 1000 for .02 mile.", "GlobalID": "d6173761-a755-4b47-b1e7-f7957cfe0d53", "ImageLink": "https://biz.parks.wa.gov/gis/images/WinterRecPhotoPlaceHolder.jpg", "Permits": "Sno-Park Permit required during the season. Exception: From April 1 to 30, a Sno-Park Permit may or may not be required.", "Amenities": "Restrooms", "QRcode": "https://biz.parks.wa.gov/gis/images/winter-rec-qrcode-placeholder.jpg", "SortSequence": 155, "Type": "Motorized", "ParkingSpaces": "15"}}, {"type": "Feature", "geometry": {"type": "Point", "coordinates": [-121.258931292995, 46.6253102253298]}, "properties": {"OBJECTID": 61, "Parking": "Sno-Park", "AreaCode": "US 12 South", "Elevation": "2250'", "ProperName": "Pinegrass", "Comments": " ", "Latitude": 46.62531023, "Longitude": -121.25893129, "Directions": "32 miles west of Naches. Highway 12 west to Tieton Road for 5 miles.", "GlobalID": "c8706e4e-de29-47f1-8215-e7231851a82f", "ImageLink": "https://biz.parks.wa.gov/gis/images/WinterRecPhotoPlaceHolder.jpg", "Permits": "Sno-Park Permit required during the season. Exception: From April 1 to 30, a Sno-Park Permit may or may not be required.", "Amenities": "Restrooms", "QRcode": "https://biz.parks.wa.gov/gis/images/SnoParkQRCodes/1246200-Fish_Creek-Pine_Grass-Tieton_Sno-Park_Groomed_Trail_System.png", "SortSequence": 129, "Type": "Motorized", "ParkingSpaces": "5"}}, {"type": "Feature", "geometry": {"type": "Point", "coordinates": [-121.255599275056, 46.6267416671434]}, "properties": {"OBJECTID": 62, "Parking": "Sno-Park", "AreaCode": "US 12 South", "Elevation": "3320'", "ProperName": "Cold Creek", "Comments": " ", "Latitude": 46.62674167, "Longitude": -121.25559928, "Directions": "32 miles west of Naches. Highway 12 west to Tieton Road for 5 miles.", "GlobalID": "e409d72b-1104-4f47-9848-24625ca8dc3a", "ImageLink": "https://biz.parks.wa.gov/gis/images/cold creek.JPG", "Permits": "Sno-Park Permit required during the season. Exception: From April 1 to 30, a Sno-Park Permit may or may not be required.", "Amenities": "Restrooms", "QRcode": "https://biz.parks.wa.gov/gis/images/SnoParkQRCodes/1108074-Cold_Creek_Sno-Park.png", "SortSequence": 37, "Type": "Motorized", "ParkingSpaces": "85"}}, {"type": "Feature", "geometry": {"type": "Point", "coordinates": [-121.230139698187, 46.6283082516481]}, "properties": {"OBJECTID": 63, "Parking": "Sno-Park", "AreaCode": "US 12 South", "Elevation": "3260'", "ProperName": "Bear Creek", "Comments": " ", "Latitude": 46.62830825, "Longitude": -121.2301397, "Directions": "23 miles west of Naches. Highway 12 west to Tieton Road for 9.4 miles to USFS Road 1204 for .01 mile.", "GlobalID": "179414a0-be16-4e3d-9414-fc4ebf75e60e", "ImageLink": "https://biz.parks.wa.gov/gis/images/bear creek .JPG", "Permits": "Sno-Park Permit required during the season. Exception: From April 1 to 30, a Sno-Park Permit may or may not be required.", "Amenities": "Restrooms", "QRcode": "https://biz.parks.wa.gov/gis/images/winter-rec-qrcode-placeholder.jpg", "SortSequence": 21, "Type": "Motorized", "ParkingSpaces": "10"}}, {"type": "Feature", "geometry": {"type": "Point", "coordinates": [-121.124075099695, 46.6383953146596]}, "properties": {"OBJECTID": 64, "Parking": "Sno-Park", "AreaCode": "US 12 South", "Elevation": "2960'", "ProperName": "Tieton Airstrip", "Comments": " ", "Latitude": 46.63839532, "Longitude": -121.1240751, "Directions": "23 miles west of Naches. Highway 12 west to Tieton Road for 2.7 miles.", "GlobalID": "c305c35f-3574-413a-8f88-36a20d41c637", "ImageLink": "https://biz.parks.wa.gov/gis/images/tieton airstrip.JPG", "Permits": "Sno-Park Permit required during the season. Exception: From April 1 to 30, a Sno-Park Permit may or may not be required.", "Amenities": "Restrooms", "QRcode": "https://biz.parks.wa.gov/gis/images/SnoParkQRCodes/1246200-Fish_Creek-Pine_Grass-Tieton_Sno-Park_Groomed_Trail_System.png", "SortSequence": 164, "Type": "Motorized", "ParkingSpaces": "35"}}, {"type": "Feature", "geometry": {"type": "Point", "coordinates": [-121.131353308232, 46.6285336672668]}, "properties": {"OBJECTID": 65, "Parking": "Sno-Park", "AreaCode": "US 12 South", "Elevation": "2950'", "ProperName": "Fish Creek", "Comments": " ", "Latitude": 46.62853367, "Longitude": -121.13135331, "Directions": "23 miles west of Naches. Hwy 12 to Tieton Road for 4.1 miles.", "GlobalID": "e3627a5c-a284-436b-be19-e27d3e338d9c", "ImageLink": "https://biz.parks.wa.gov/gis/images/WinterRecPhotoPlaceHolder.jpg", "Permits": "Sno-Park Permit required during the season. Exception: From April 1 to 30, a Sno-Park Permit may or may not be required.", "Amenities": "Restrooms", "QRcode": "https://biz.parks.wa.gov/gis/images/SnoParkQRCodes/1246200-Fish_Creek-Pine_Grass-Tieton_Sno-Park_Groomed_Trail_System.png", "SortSequence": 62, "Type": "Motorized", "ParkingSpaces": "5"}}, {"type": "Feature", "geometry": {"type": "Point", "coordinates": [-121.088762035201, 46.6727231016759]}, "properties": {"OBJECTID": 66, "Parking": "Sno-Park", "AreaCode": "US 12 North", "Elevation": "2620'", "ProperName": "Bethel Ridge / Soup Creek", "Comments": " ", "Latitude": 46.6727231, "Longitude": -121.08876204, "Directions": "23 miles northwest of Naches. Highway 12 northwest to USFS Road 1305 for .01 mile.", "GlobalID": "d9f6d74d-41ea-41e4-addd-2dda900496a0", "ImageLink": "https://biz.parks.wa.gov/gis/images/soup creek.JPG", "Permits": "Sno-Park Permit required during the season. Exception: From April 1 to 30, a Sno-Park Permit may or may not be required.", "Amenities": "-", "QRcode": "https://biz.parks.wa.gov/gis/images/SnoParkQRCodes/1108110-Bethel_Ridge__Soup_Creek_Sno-Park.png", "SortSequence": 22, "Type": "Motorized", "ParkingSpaces": "25"}}, {"type": "Feature", "geometry": {"type": "Point", "coordinates": [-120.947566128092, 46.8113017997719]}, "properties": {"OBJECTID": 67, "Parking": "Sno-Park", "AreaCode": "US 12 North", "Elevation": "2115'", "ProperName": "Rattlesnake", "Comments": "formerly operated by DNR", "Latitude": 46.8113018, "Longitude": -120.94756613, "Directions": "16 miles northwest of Naches. Highway 410 northwest to Nile Road for 1.1 miles. to Bethel Ridge/USFS Road 1500 for 1 mile.", "GlobalID": "ec43d377-bd3d-4216-80b3-2af583ef6c0f", "ImageLink": "https://biz.parks.wa.gov/gis/images/Rattlesnake%20Web.jpg", "Permits": "Sno-Park Permit required during the season. Discover Pass required on all vehicles year around.", "Amenities": "-", "QRcode": "https://biz.parks.wa.gov/gis/images/winter-rec-qrcode-placeholder.jpg", "SortSequence": 138, "Type": "Motorized", "ParkingSpaces": "10"}}, {"type": "Feature", "geometry": {"type": "Point", "coordinates": [-121.010864889155, 46.8512500552992]}, "properties": {"OBJECTID": 68, "Parking": "Sno-Park", "AreaCode": "SR 410 South", "Elevation": "2400'", "ProperName": "Nile", "Comments": " ", "Latitude": 46.85125006, "Longitude": -121.01086489, "Directions": "14 miles northwest of Naches. Highway 410 northwest to Nile Road for 3 miles to Clover Springs/USFS Road 1600 for 3.3 miles.", "GlobalID": "d4df23f9-3d5b-411c-b635-b4ee217c86b8", "ImageLink": "https://biz.parks.wa.gov/gis/images/Nile%20Web.jpg", "Permits": "Sno-Park Permit required during the season. Exception: From April 1 to 30, a Sno-Park Permit may or may not be required.", "Amenities": "Restrooms", "QRcode": "https://biz.parks.wa.gov/gis/images/SnoParkQRCodes/1108040-Nile_Sno-Park.png", "SortSequence": 117, "Type": "Motorized", "ParkingSpaces": "20"}}, {"type": "Feature", "geometry": {"type": "Point", "coordinates": [-121.077939712501, 46.9512008652611]}, "properties": {"OBJECTID": 69, "Parking": "Sno-Park", "AreaCode": "SR 410 South", "Elevation": "2480'", "ProperName": "Boulder Cave", "Comments": " ", "Latitude": 46.95120087, "Longitude": -121.07793971, "Directions": "26 miles northwest of Naches. Highway 410 northwest to Boulder Cave Road/USFS Road 1706 for 4 miles.", "GlobalID": "18318a69-a285-4acc-8399-eda6af37744b", "ImageLink": "https://biz.parks.wa.gov/gis/images/Boulder%20Cave%20Web.jpg", "Permits": "Sno-Park Permit required during the season. Exception: From April 1 to 30, a Sno-Park Permit may or may not be required.", "Amenities": "Restrooms", "QRcode": "https://biz.parks.wa.gov/gis/images/SnoParkQRCodes/1108041-Boulder_Cave_Sno-Park.png", "SortSequence": 26, "Type": "Motorized", "ParkingSpaces": "15"}}, {"type": "Feature", "geometry": {"type": "Point", "coordinates": [-121.010216728863, 46.5229257797244]}, "properties": {"OBJECTID": 70, "Parking": "Sno-Park", "AreaCode": "Ahtanum", "Elevation": "3120'", "ProperName": "Ahtanum Meadows", "Comments": "formerly Ahtanum Meadows Sno-Park (motorized)", "Latitude": 46.52292578, "Longitude": -121.01021673, "Directions": "31 miles west of Yakima. I-82 Exit 36. Valley Mall Blvd west to Third Ave south. At Ahtanum Road, go west 25 miles to Tampico Food Store Y-intersection. Take right fork for 9.5 miles.", "GlobalID": "dcd4bc71-43ec-457e-b2b8-c8a77abbf33d", "ImageLink": "https://biz.parks.wa.gov/gis/images/Ahtamum%20Meadows%20Web.jpg", "Permits": null, "Amenities": "Restrooms", "QRcode": "https://biz.parks.wa.gov/gis/images/SnoParkQRCodes/818264-Ahtanum_State_Forest.png", "SortSequence": 11, "Type": "Motorized", "ParkingSpaces": "100"}}, {"type": "Feature", "geometry": {"type": "Point", "coordinates": [-121.019894854224, 46.5113070702082]}, "properties": {"OBJECTID": 71, "Parking": "Sno-Park", "AreaCode": "Ahtanum", "Elevation": "3240'", "ProperName": "Ahtanum Red Saddle", "Comments": "formerly Ahtanum Guard Station Sno-Park (motorized)", "Latitude": 46.51130707, "Longitude": -121.01989485, "Directions": "31 miles west of Yakima. I-82 Exit 36. Valley Mall Blvd west to Third Ave south. At Ahtanum Road, go west 25 miles to Tampico Food Store Y-intersection. Take right fork for 9.5 miles", "GlobalID": "683a3188-80e4-42c0-a0e8-d45ea8d6db47", "ImageLink": "https://biz.parks.wa.gov/gis/images/Red%20Saddle%20Ahtanum%20Web.jpg", "Permits": null, "Amenities": "Restrooms", "QRcode": "https://biz.parks.wa.gov/gis/images/SnoParkQRCodes/818264-Ahtanum_State_Forest.png", "SortSequence": 12, "Type": "Motorized", "ParkingSpaces": "100"}}, {"type": "Feature", "geometry": {"type": "Point", "coordinates": [-121.25793171457, 47.3348279888209]}, "properties": {"OBJECTID": 72, "Parking": "Sno-Park", "AreaCode": "I-90, North", "Elevation": "2350'", "ProperName": "Kachess", "Comments": " ", "Latitude": 47.33482799, "Longitude": -121.25793171, "Directions": "4 miles north of I-90 Exit 62 on Kachess Lake Road.", "GlobalID": "f9c5274d-0513-4a20-aefa-4fb222a7941c", "ImageLink": "https://biz.parks.wa.gov/gis/images/WinterRecPhotoPlaceHolder.jpg", "Permits": "Sno-Park Permit required Nov. thru Apr. or as posted", "Amenities": "Restrooms", "QRcode": "https://biz.parks.wa.gov/gis/images/winter-rec-qrcode-placeholder.jpg", "SortSequence": 83, "Type": "Motorized", "ParkingSpaces": "100"}}, {"type": "Feature", "geometry": {"type": "Point", "coordinates": [-121.394923594434, 47.3974604883312]}, "properties": {"OBJECTID": 73, "Parking": "Sno-Park", "AreaCode": "Price Kachess Gold", "Elevation": "2560'", "ProperName": "Gold Creek", "Comments": " ", "Latitude": 47.39746049, "Longitude": -121.39492359, "Directions": "1 mile north of the freeway. I-90 Exit 54 to frontage road", "GlobalID": "ae01717f-5512-4035-9b46-749566fca918", "ImageLink": "https://biz.parks.wa.gov/gis/images/WinterRecPhotoPlaceHolder.jpg", "Permits": "Sno-Park Permit required Nov. thru Apr. or as posted.", "Amenities": "Restrooms", "QRcode": "https://biz.parks.wa.gov/gis/images/winter-rec-qrcode-placeholder.jpg", "SortSequence": 71, "Type": "NonMotorized", "ParkingSpaces": "200"}}, {"type": "Feature", "geometry": {"type": "Point", "coordinates": [-121.321463017354, 47.3066804972646]}, "properties": {"OBJECTID": 75, "Parking": "Sno-Park", "AreaCode": "Crystal Springs", "Elevation": "2400'", "ProperName": "Crystal Springs (Motorized)", "Comments": " ", "Latitude": 47.30682629, "Longitude": -121.32098586, "Directions": "8 miles east of Snoqualmie Summit. I-90 Exit 62 then 1 mile south on USFS Road 54", "GlobalID": "8859f6a5-baf6-4b4c-89d0-74ca6ca6aba2", "ImageLink": "https://biz.parks.wa.gov/gis/images/crystal springs motorized.JPG", "Permits": "Sno-Park Permit, Special Groomed Trails Permit sticker (required with a Seasonal Sno-Park Permit or snowmobile Sno-Park Permit when engaging in a non-motorized sport--see permit information) Sno-Park Permit required Nov. thru Apr. or as posted.", "Amenities": "Restrooms", "QRcode": "https://biz.parks.wa.gov/gis/images/SnoParkQRCodes/812285-Crystal_Springs_Sno-Park.png", "SortSequence": 43, "Type": "Motorized", "ParkingSpaces": "150"}}, {"type": "Feature", "geometry": {"type": "Point", "coordinates": [-120.61353349532, 47.1588372908448]}, "properties": {"OBJECTID": 77, "Parking": "Sno-Park", "AreaCode": "US-97, Blewett Pass", "Elevation": "2760'", "ProperName": "Reecer Creek", "Comments": " ", "Latitude": 47.15883729, "Longitude": -120.6135335, "Directions": "13 miles north of Ellensburg via Reecer Creek Road and USFS Road 3500.", "GlobalID": "d2005e7d-3cb1-4103-a7cf-c36f503ee221", "ImageLink": "https://biz.parks.wa.gov/gis/images/reecer creek.JPG", "Permits": "Sno-Park Permit required Nov. thru Apr. or as posted.", "Amenities": "-", "QRcode": "https://biz.parks.wa.gov/gis/images/winter-rec-qrcode-placeholder.jpg", "SortSequence": 139, "Type": "Motorized", "ParkingSpaces": "75"}}, {"type": "Feature", "geometry": {"type": "Point", "coordinates": [-120.580985447134, 47.3351856050914]}, "properties": {"OBJECTID": 78, "Parking": "Sno-Park", "AreaCode": "Blewett Pass NM", "Elevation": "4100'", "ProperName": "Blewett Pass", "Comments": " ", "Latitude": 47.33518561, "Longitude": -120.58098545, "Directions": "25 miles south of Leavenworth. Highway 97 to top of Blewett Pass.", "GlobalID": "1b895fb0-808f-4329-b4b5-c97f0a1ed22e", "ImageLink": "https://biz.parks.wa.gov/gis/images/Blewett motorized south.JPG", "Permits": "Sno-Park Permit required during the season Exception: From April 1 to 30, a Sno-Park Permit may or may not be required.", "Amenities": "Restrooms", "QRcode": "https://biz.parks.wa.gov/gis/images/SnoParkQRCodes/818267-Blewett_Pass_Sno-Park.png", "SortSequence": 24, "Type": "Motorized", "ParkingSpaces": "30"}}, {"type": "Feature", "geometry": {"type": "Point", "coordinates": [-121.22368475683, 47.236687359304]}, "properties": {"OBJECTID": 79, "Parking": "Sno-Park", "AreaCode": "I-90, Crystal Spring", "Elevation": "2240'", "ProperName": "Easton Reload", "Comments": "new sno-park for 2005/2006", "Latitude": 47.23668736, "Longitude": -121.22368476, "Directions": "Two miles south of Lake Easton State Park. I-90 Exit 71. At stop sign, south over railroad tracks and right onto Cabin Creek Road to end of plowing.", "GlobalID": "017661b8-90aa-423f-8380-f74901945223", "ImageLink": "https://biz.parks.wa.gov/gis/images/easton reload.JPG", "Permits": "Sno-Park Permit required Nov. thru Apr. or as posted.", "Amenities": "Restrooms, Guided Snowshoe Tours", "QRcode": "https://biz.parks.wa.gov/gis/images/SnoParkQRCodes/1108083-Easton_Reload_Sno-Park.png", "SortSequence": 50, "Type": "Motorized", "ParkingSpaces": "50"}}, {"type": "Feature", "geometry": {"type": "Point", "coordinates": [-120.853833172902, 47.1053315923161]}, "properties": {"OBJECTID": 80, "Parking": "Sno-Park", "AreaCode": "Cle Elum South", "Elevation": "2400'", "ProperName": "Taneum", "Comments": " ", "Latitude": 47.10533159, "Longitude": -120.85383317, "Directions": "I-90 Exit 93. Elk Heights Road north for .1 mile to Thorp Prairie Road south for 3.5 miles. East on West Taneum Road for 6 miles.", "GlobalID": "d59c192b-4dc9-4e4c-a536-176ef9f0284b", "ImageLink": "https://biz.parks.wa.gov/gis/images/WinterRecPhotoPlaceHolder.jpg", "Permits": "Sno-Park Permit required Nov. thru Apr. or as posted.", "Amenities": "Restrooms", "QRcode": "https://biz.parks.wa.gov/gis/images/SnoParkQRCodes/812308-Taneum_Sno-Park.png", "SortSequence": 161, "Type": "Motorized", "ParkingSpaces": "25"}}, {"type": "Feature", "geometry": {"type": "Point", "coordinates": [-120.802269951207, 47.1217970981276]}, "properties": {"OBJECTID": 81, "Parking": "Sno-Park", "AreaCode": "Cle Elum South", "Elevation": "2350'", "ProperName": "Elk Heights", "Comments": " ", "Latitude": 47.1217971, "Longitude": -120.80226995, "Directions": "South of Cle Elum. I-90 Exit 93 to Elk Heights Road south for 1 mile.", "GlobalID": "64910c7f-407b-484f-8e52-fd5b39a3a175", "ImageLink": "https://biz.parks.wa.gov/gis/images/WinterRecPhotoPlaceHolder.jpg", "Permits": "Sno-Park Permit required during the season Exception: From April 1 to 30, a Sno-Park Permit may or may not be required.", "Amenities": "Restrooms", "QRcode": "https://biz.parks.wa.gov/gis/images/SnoParkQRCodes/812288-Elk_Heights_Sno-Park.png", "SortSequence": 55, "Type": "NonMotorized", "ParkingSpaces": "30"}}, {"type": "Feature", "geometry": {"type": "Point", "coordinates": [-120.787995541349, 46.9594884486472]}, "properties": {"OBJECTID": 82, "Parking": "Sno-Park", "AreaCode": "Manastash", "Elevation": "2950'", "ProperName": "Manastash", "Comments": " ", "Latitude": 46.95948845, "Longitude": -120.78799554, "Directions": "West of Ellensburg. I-90 Exit 101. Right onto South Thorp Highway for 2 miles to Cove Road. Right for 3.2 miles to Manastash Road. Right for 6.9 miles. Roadside parking on County Right of Way.", "GlobalID": "c9276741-54fe-45b6-858d-092f7250d2a1", "ImageLink": "https://biz.parks.wa.gov/gis/images/WinterRecPhotoPlaceHolder.jpg", "Permits": "Sno-Park Permit required Nov. thru Apr. or as posted.", "Amenities": "Restrooms", "QRcode": "https://biz.parks.wa.gov/gis/images/SnoParkQRCodes/1108108-Manastash__Taneum_Sno-Park.png", "SortSequence": 103, "Type": "Motorized", "ParkingSpaces": "15"}}, {"type": "Feature", "geometry": {"type": "Point", "coordinates": [-121.091446607698, 47.3918271312633]}, "properties": {"OBJECTID": 84, "Parking": "Sno-Park", "AreaCode": "Cle Elum", "Elevation": "2360'", "ProperName": "Salmon La Sac", "Comments": " ", "Latitude": 47.39182713, "Longitude": -121.09144661, "Directions": "North of Cle Elum. I-90 Exit 80 to State Route 903 north for 16 miles. Parking off USFS.", "GlobalID": "3ba27c36-07c5-4b8d-850d-e4d9b6469391", "ImageLink": "https://biz.parks.wa.gov/gis/images/WinterRecPhotoPlaceHolder.jpg", "Permits": "Sno-Park Permit required Nov. thru Apr. or as posted.", "Amenities": "Restrooms", "QRcode": "https://biz.parks.wa.gov/gis/images/winter-rec-qrcode-placeholder.jpg", "SortSequence": 141, "Type": "Motorized", "ParkingSpaces": "100"}}, {"type": "Feature", "geometry": {"type": "Point", "coordinates": [-121.105064429811, 47.3548812149431]}, "properties": {"OBJECTID": 85, "Parking": "Sno-Park", "AreaCode": "Cle Elum", "Elevation": "2250'", "ProperName": "French Cabin", "Comments": " ", "Latitude": 47.35488122, "Longitude": -121.10506443, "Directions": "North of Cle Elum. I-90 Exit 80 to State Route 903 north on way to Salmon La Sac Sno-Park.", "GlobalID": "e329ef08-11d0-4633-b631-4fb4d2cd7fab", "ImageLink": "https://biz.parks.wa.gov/gis/images/WinterRecPhotoPlaceHolder.jpg", "Permits": "Sno-Park Permit required during the season Exception: From April 1 to 30, a Sno-Park Permit may or may not be required.", "Amenities": "Restrooms", "QRcode": "https://biz.parks.wa.gov/gis/images/winter-rec-qrcode-placeholder.jpg", "SortSequence": 67, "Type": "Motorized", "ParkingSpaces": "25"}}, {"type": "Feature", "geometry": {"type": "Point", "coordinates": [-120.698349851167, 47.8318464914201]}, "properties": {"OBJECTID": 86, "Parking": "Sno-Park", "AreaCode": "Lake Wenatchee", "Elevation": "2000'", "ProperName": "Fish Lake", "Comments": " ", "Latitude": 47.83184649, "Longitude": -120.69834985, "Directions": "16 miles west of Leavenworth. Highway 2 to Highway 207 north for 4.4 miles. Right at Chiwawa Loop Road for 1.2 miles to Chiwawa River Road/USFS Road 62. Left 1.5 miles to Sno-Park", "GlobalID": "c8edfb0b-d585-485b-891e-b4550b1822ef", "ImageLink": "https://biz.parks.wa.gov/gis/images/WinterRecPhotoPlaceHolder.jpg", "Permits": "Sno-Park Permit required November thru April or as posted.", "Amenities": "Restrooms", "QRcode": "https://biz.parks.wa.gov/gis/images/winter-rec-qrcode-placeholder.jpg", "SortSequence": 63, "Type": "Motorized", "ParkingSpaces": "100"}}, {"type": "Feature", "geometry": {"type": "Point", "coordinates": [-120.393582226257, 47.7484186304027]}, "properties": {"OBJECTID": 87, "Parking": "Sno-Park", "AreaCode": "Lake Wenatchee", "Elevation": "2500'", "ProperName": "Mad River", "Comments": " ", "Latitude": 47.74841863, "Longitude": -120.39358223, "Directions": "22 miles north of Wenatchee. Highway 97 ALT north for to Entiat River Road/USFS Road 51 west to USFS Road 5800 west (about 2 miles from Ardenvoir)", "GlobalID": "c366a531-e4d1-4ef2-9c24-ad386e96f3d5", "ImageLink": "https://biz.parks.wa.gov/gis/images/mad river parking.JPG", "Permits": "Sno-Park Permit required November through April, or as posted.", "Amenities": "Restrooms", "QRcode": "https://biz.parks.wa.gov/gis/images/SnoParkQRCodes/812297-Mad_River_Sno-Park.png", "SortSequence": 102, "Type": "Motorized", "ParkingSpaces": "10"}}, {"type": "Feature", "geometry": {"type": "Point", "coordinates": [-120.543866629367, 47.6576349490085]}, "properties": {"OBJECTID": 88, "Parking": "Sno-Park", "AreaCode": "Lake Wenatchee", "Elevation": "2095'", "ProperName": "Eagle Creek", "Comments": " ", "Latitude": 47.65763495, "Longitude": -120.54386663, "Directions": "Via Chumstick Hwy/Eagle Creek Rd. From Leavenworth, head NE on US Hwy 2 for .4 mi. Left on Chumstick Hwy 2.1 mi. Turn right on Eagle Creek Rd. Sno-park is on left before junction of Eagle Creek Rd & USFS 7520 Van Creek Rd.", "GlobalID": "7462c468-eb90-4ce1-8775-b48a6bcda635", "ImageLink": "https://biz.parks.wa.gov/gis/images/WinterRecPhotoPlaceHolder.jpg", "Permits": null, "Amenities": "Restrooms", "QRcode": "https://biz.parks.wa.gov/gis/images/winter-rec-qrcode-placeholder.jpg", "SortSequence": 49, "Type": "Motorized", "ParkingSpaces": "Roadside"}}, {"type": "Feature", "geometry": {"type": "Point", "coordinates": [-120.725827991428, 47.8174828878152]}, "properties": {"OBJECTID": 89, "Parking": "Sno-Park", "AreaCode": "Lake Wenatchee", "Elevation": "1920'", "ProperName": "Lake Wenatchee Airstrip", "Comments": " ", "Latitude": 47.81748289, "Longitude": -120.72582799, "Directions": "16 miles west of Leavenworth. Highway 2 to Highway 207 north for 5 miles.", "GlobalID": "22b8ff26-6985-4d85-a364-4fa145e8d7d2", "ImageLink": "https://biz.parks.wa.gov/gis/images/WinterRecPhotoPlaceHolder.jpg", "Permits": "Sno-Park Permit required November thru April or as posted.", "Amenities": "Restrooms", "QRcode": "https://biz.parks.wa.gov/gis/images/SnoParkQRCodes/812292-Lake_Wenatchee_Airstrip_Sno-Park.png", "SortSequence": 93, "Type": "Motorized", "ParkingSpaces": "80"}}, {"type": "Feature", "geometry": {"type": "Point", "coordinates": [-121.022012877723, 47.1575737897006]}, "properties": {"OBJECTID": 92, "Parking": "Sno-Park", "AreaCode": "Cle Elum South", "Elevation": "2200'", "ProperName": "Evergreen", "Comments": "plowed by county", "Latitude": 47.15757379, "Longitude": -121.02201288, "Directions": "From I-90 East, take Exit 78. Go south on Golf Course Road for .8 miles to Westside Road. Turn left & go 1.7 miles to Woods & Steele Road. Turn right , go .8 miles to All Seasons Drive (FS #4510), turn left. Follow All Seasons Road almost to the end. ", "GlobalID": "30a5f5f3-e846-4ea1-8e2a-36883fdc8975", "ImageLink": "https://biz.parks.wa.gov/gis/images/evergreen.JPG", "Permits": "Sno-Park Permit required during the season.", "Amenities": "-", "QRcode": "https://biz.parks.wa.gov/gis/images/winter-rec-qrcode-placeholder.jpg", "SortSequence": 58, "Type": "Motorized", "ParkingSpaces": "Roadside"}}, {"type": "Feature", "geometry": {"type": "Point", "coordinates": [-117.500503099899, 48.2892496768433]}, "properties": {"OBJECTID": 93, "Parking": "Sno-Park", "AreaCode": "Chewelah", "Elevation": "3100'", "ProperName": "Ninebark", "Comments": " ", "Latitude": 48.28924968, "Longitude": -117.5005031, "Directions": "East of Chewelah. Highway 395 to Main Street east (becomes Flowery Trail Road) to Parking area (about 3 miles from Flowery Trail Sno-Park).", "GlobalID": "1fcf757f-e3aa-4143-b384-e447c9dba5b5", "ImageLink": "https://biz.parks.wa.gov/gis/images/Ninebark.JPG", "Permits": "Sno-Park Permit required November thru April or as posted.", "Amenities": "Restrooms", "QRcode": "https://biz.parks.wa.gov/gis/images/SnoParkQRCodes/1108106-Nine_Bark_Sno-Park.png", "SortSequence": 118, "Type": "Motorized", "ParkingSpaces": "35"}}, {"type": "Feature", "geometry": {"type": "Point", "coordinates": [-121.910982082768, 48.9049702711947]}, "properties": {"OBJECTID": 94, "Parking": "Sno-Park", "AreaCode": "Mt Baker, SR542 Nort", "Elevation": "1020'", "ProperName": "Canyon Creek", "Comments": " ", "Latitude": 48.90497027, "Longitude": -121.91098208, "Directions": "2 miles east of Glacier off Highway 542, north on USFS Road 31.", "GlobalID": "82e1b54c-7065-484b-9d4c-9b99430151b7", "ImageLink": "https://biz.parks.wa.gov/gis/images/canyon.jpg", "Permits": "Sno-Park Permit required November thru April or as posted.", "Amenities": "-", "QRcode": "https://biz.parks.wa.gov/gis/images/SnoParkQRCodes/1108070-Canyon_Creek_Sno-Park.png", "SortSequence": 33, "Type": "Motorized", "ParkingSpaces": "Roadside"}}, {"type": "Feature", "geometry": {"type": "Point", "coordinates": [-121.736839459927, 48.6506389912786]}, "properties": {"OBJECTID": 95, "Parking": "Sno-Park", "AreaCode": "Mt Baker, SR542 Nort", "Elevation": "1160'", "ProperName": "Mt Baker National Recreation Area", "Comments": " ", "Latitude": 48.65063899, "Longitude": -121.73683946, "Directions": "12 miles north of Highway 20 via Baker Lake Highway, west on USFS Road 12", "GlobalID": "78de02de-cede-4abe-a11d-59c128207c1b", "ImageLink": "https://biz.parks.wa.gov/gis/images/WinterRecPhotoPlaceHolder.jpg", "Permits": "Sno-Park Permit required November thru April or as posted.", "Amenities": "Restrooms", "QRcode": "https://biz.parks.wa.gov/gis/images/winter-rec-qrcode-placeholder.jpg", "SortSequence": 112, "Type": "Motorized", "ParkingSpaces": "75"}}, {"type": "Feature", "geometry": {"type": "Point", "coordinates": [-121.670892648089, 48.6469422374255]}, "properties": {"OBJECTID": 96, "Parking": "Sno-Park", "AreaCode": "Mt Baker, Baker Lake", "Elevation": "1000'", "ProperName": "Anderson Creek / Watson", "Comments": " ", "Latitude": 48.64694224, "Longitude": -121.67089265, "Directions": "2 miles east of Baker Lake Highway and Junction 1106 past dam.", "GlobalID": "bb9c6dac-8ec4-45bf-8fed-7d6fc76c1fa9", "ImageLink": "https://biz.parks.wa.gov/gis/images/WinterRecPhotoPlaceHolder.jpg", "Permits": "Sno-Park Permit required November thru April or as posted.", "Amenities": "Restrooms", "QRcode": "https://biz.parks.wa.gov/gis/images/winter-rec-qrcode-placeholder.jpg", "SortSequence": 15, "Type": "Motorized", "ParkingSpaces": "20"}}, {"type": "Feature", "geometry": {"type": "Point", "coordinates": [-119.030287954962, 48.8106133339646]}, "properties": {"OBJECTID": 97, "Parking": "Sno-Park", "AreaCode": "SR 20, Bonaparte", "Elevation": "3560'", "ProperName": "Bonaparte", "Comments": " ", "Latitude": 48.81061333, "Longitude": -119.03028795, "Directions": "20 miles east of Tonasket. Highway 20 east to Bonaparte Lake Road /County Road 4953 for 6 miles.", "GlobalID": "4ba054bc-69e9-4eea-b56e-190df6fdb2d4", "ImageLink": "https://biz.parks.wa.gov/gis/images/WinterRecPhotoPlaceHolder.jpg", "Permits": "Sno-Park Permit Required November thru April or as posted.", "Amenities": "Restrooms", "QRcode": "https://biz.parks.wa.gov/gis/images/SnoParkQRCodes/1108067-Bonaparte_Sno-Park.png", "SortSequence": 25, "Type": "Motorized", "ParkingSpaces": "25"}}, {"type": "Feature", "geometry": {"type": "Point", "coordinates": [-119.221238076971, 48.4891844727881]}, "properties": {"OBJECTID": 98, "Parking": "Sno-Park", "AreaCode": "SR 20, Crawfish", "Elevation": "4500'", "ProperName": "Crawfish", "Comments": " ", "Latitude": 48.48918447, "Longitude": -119.22123808, "Directions": "16 miles east of Riverside via County Road 9320.", "GlobalID": "c925ad48-1b4c-4851-b0ef-09d3ca081d9b", "ImageLink": "https://biz.parks.wa.gov/gis/images/WinterRecPhotoPlaceHolder.jpg", "Permits": "Sno-Park Permit Required November thru April or as posted.", "Amenities": "-", "QRcode": "https://biz.parks.wa.gov/gis/images/winter-rec-qrcode-placeholder.jpg", "SortSequence": 39, "Type": "Motorized", "ParkingSpaces": "15"}}, {"type": "Feature", "geometry": {"type": "Point", "coordinates": [-117.572023247634, 48.3093191563465]}, "properties": {"OBJECTID": 99, "Parking": "Sno-Park", "AreaCode": "Chewelah", "Elevation": "4046'", "ProperName": "Flowery Trail", "Comments": " ", "Latitude": 48.30931916, "Longitude": -117.57202325, "Directions": "East of Chewelah. Highway 395 to Main Street east (becomes Flowery Trail Road) to Parking area.", "GlobalID": "ddaf24f3-a6cd-40dc-a837-4f5db161a60c", "ImageLink": "https://biz.parks.wa.gov/gis/images/Flowery%20trail.JPG", "Permits": "Sno-Park Permit required November thru April or as posted.", "Amenities": "Restrooms", "QRcode": "https://biz.parks.wa.gov/gis/images/SnoParkQRCodes/1108107-Flowery_Trail_Sno-Park.png", "SortSequence": 65, "Type": "Motorized", "ParkingSpaces": "10"}}, {"type": "Feature", "geometry": {"type": "Point", "coordinates": [-120.167046387248, 48.5990849859185]}, "properties": {"OBJECTID": 100, "Parking": "Sno-Park", "AreaCode": "Winthrop", "Elevation": "2100'", "ProperName": "Eightmile", "Comments": " ", "Latitude": 48.59908499, "Longitude": -120.16704639, "Directions": "6 miles north of Winthrop. County Road 1213 north to Co Rd 9137 north for 2.5 miles. Sno-Park is at USFS Road 51.", "GlobalID": "9a094b62-a24a-421e-bf1e-d82a95db8435", "ImageLink": "https://biz.parks.wa.gov/gis/images/WinterRecPhotoPlaceHolder.jpg", "Permits": "Sno-Park Permit Required November thru April or as posted.", "Amenities": "Restrooms", "QRcode": "https://biz.parks.wa.gov/gis/images/winter-rec-qrcode-placeholder.jpg", "SortSequence": 54, "Type": "Motorized", "ParkingSpaces": "50"}}, {"type": "Feature", "geometry": {"type": "Point", "coordinates": [-120.171086295264, 48.5724452265323]}, "properties": {"OBJECTID": 101, "Parking": "Sno-Park", "AreaCode": "Winthrop", "Elevation": "2050'", "ProperName": "Boulder Creek", "Comments": " ", "Latitude": 48.57244523, "Longitude": -120.1710863, "Directions": "6 miles north of Winthrop. County Road 1213 north to Co Rd 9137 northeast for 1 mile. Sno-Park is at USFS Road 37.", "GlobalID": "200f3bf2-3348-4761-a06a-8157cc9d0423", "ImageLink": "https://biz.parks.wa.gov/gis/images/WinterRecPhotoPlaceHolder.jpg", "Permits": "Sno-Park Permit Required November thru April or as posted.", "Amenities": "Restrooms", "QRcode": "https://biz.parks.wa.gov/gis/images/winter-rec-qrcode-placeholder.jpg", "SortSequence": 27, "Type": "Motorized", "ParkingSpaces": "30"}}, {"type": "Feature", "geometry": {"type": "Point", "coordinates": [-120.49842014606, 48.6522537900144]}, "properties": {"OBJECTID": 102, "Parking": "Sno-Park", "AreaCode": "Winthrop", "Elevation": "2400'", "ProperName": "Yellowjacket", "Comments": " ", "Latitude": 48.65225379, "Longitude": -120.49842015, "Directions": "6.9 miles west of Mazama. Lost River Road/County Road 9140 west to Yellowjacket Road north for .5 mile", "GlobalID": "e67d8942-9ef9-4813-bd2a-f4666dcff506", "ImageLink": "https://biz.parks.wa.gov/gis/images/WinterRecPhotoPlaceHolder.jpg", "Permits": "Sno-Park Permit Required November thru April or as posted.", "Amenities": "-", "QRcode": "https://biz.parks.wa.gov/gis/images/SnoParkQRCodes/812314-Yellowjacket_Sno-Park.png", "SortSequence": 174, "Type": "Motorized", "ParkingSpaces": "50"}}, {"type": "Feature", "geometry": {"type": "Point", "coordinates": [-120.373709681005, 48.5817661786147]}, "properties": {"OBJECTID": 103, "Parking": "Sno-Park", "AreaCode": "Winthrop", "Elevation": "2200'", "ProperName": "Goat Creek", "Comments": " ", "Latitude": 48.58176618, "Longitude": -120.37370968, "Directions": "16 miles northwest of Winthrop. Cross Wyman Bridge, Goat Creek County Road south for 2 miles to USFS Road 52 for .25 mile", "GlobalID": "c5a128f9-d793-49c8-86c8-458af0cc6cf8", "ImageLink": "https://biz.parks.wa.gov/gis/images/WinterRecPhotoPlaceHolder.jpg", "Permits": "Sno-Park Permit Required November thru April or as posted.", "Amenities": "-", "QRcode": "https://biz.parks.wa.gov/gis/images/winter-rec-qrcode-placeholder.jpg", "SortSequence": 70, "Type": "Motorized", "ParkingSpaces": "20"}}, {"type": "Feature", "geometry": {"type": "Point", "coordinates": [-120.346846367917, 48.3546803102651]}, "properties": {"OBJECTID": 104, "Parking": "Sno-Park", "AreaCode": "Twisp River", "Elevation": "2350'", "ProperName": "Twisp River", "Comments": " ", "Latitude": 48.35468031, "Longitude": -120.34684637, "Directions": "10 miles west of Twisp .Twisp River/County Road 9114 to Buttermilk Creek Road south to USFS Road 4420 west.", "GlobalID": "2a222f22-3741-48f7-b2dd-e2f7271a41f0", "ImageLink": "https://biz.parks.wa.gov/gis/images/WinterRecPhotoPlaceHolder.jpg", "Permits": "Sno-Park Permit Required November thru April or as posted.", "Amenities": "-", "QRcode": "https://biz.parks.wa.gov/gis/images/winter-rec-qrcode-placeholder.jpg", "SortSequence": 168, "Type": "Motorized", "ParkingSpaces": "15"}}, {"type": "Feature", "geometry": {"type": "Point", "coordinates": [-119.888411992358, 48.3911310783043]}, "properties": {"OBJECTID": 105, "Parking": "Sno-Park", "AreaCode": "SR 20, North Summit", "Elevation": "4040'", "ProperName": "North Summit", "Comments": " ", "Latitude": 48.39113108, "Longitude": -119.88841199, "Directions": "12.5 miles east of Twisp. Highway 20 east to USFS Road 42 north for .5 mile.", "GlobalID": "9644b2c9-cc77-4d2a-ba54-3d0d647afb2c", "ImageLink": "https://biz.parks.wa.gov/gis/images/WinterRecPhotoPlaceHolder.jpg", "Permits": "Sno-Park Permit Required November thru April or as posted.", "Amenities": "Restrooms", "QRcode": "https://biz.parks.wa.gov/gis/images/SnoParkQRCodes/812303-North_Summit_Sno-Park.png", "SortSequence": 120, "Type": "Motorized", "ParkingSpaces": "50"}}, {"type": "Feature", "geometry": {"type": "Point", "coordinates": [-119.894333258194, 48.3842323187842]}, "properties": {"OBJECTID": 106, "Parking": "Sno-Park", "AreaCode": "South Summit", "Elevation": "4010'", "ProperName": "South Summit", "Comments": " ", "Latitude": 48.38423232, "Longitude": -119.89433326, "Directions": "12 miles east of Twisp. Highway 20 to USFS Road 41 south for .3 mile.", "GlobalID": "5b141bfd-cc5c-4515-afdd-3f62de6ad815", "ImageLink": "https://biz.parks.wa.gov/gis/images/WinterRecPhotoPlaceHolder.jpg", "Permits": null, "Amenities": "Restrooms", "QRcode": "https://biz.parks.wa.gov/gis/images/SnoParkQRCodes/818277-South_Summit_Sno-Park.png", "SortSequence": 156, "Type": "Motorized", "ParkingSpaces": "30"}}, {"type": "Feature", "geometry": {"type": "Point", "coordinates": [-119.788869292949, 48.6115644392662]}, "properties": {"OBJECTID": 107, "Parking": "Sno-Park", "AreaCode": "Okanogan", "Elevation": "3050'", "ProperName": "Kerr", "Comments": " ", "Latitude": 48.61156444, "Longitude": -119.78886929, "Directions": "4 miles north of Conconully. County Road 2361 north to USFS Road 38.", "GlobalID": "16f8ff5f-757a-4f2c-9183-c6704bc358fe", "ImageLink": "https://biz.parks.wa.gov/gis/images/WinterRecPhotoPlaceHolder.jpg", "Permits": "Sno-Park Permit Required November thru April or as posted.", "Amenities": "Restrooms", "QRcode": "https://biz.parks.wa.gov/gis/images/winter-rec-qrcode-placeholder.jpg", "SortSequence": 86, "Type": "Motorized", "ParkingSpaces": "25"}}, {"type": "Feature", "geometry": {"type": "Point", "coordinates": [-119.788509204981, 48.5284917310715]}, "properties": {"OBJECTID": 108, "Parking": "Sno-Park", "AreaCode": "Okanogan", "Elevation": "2550'", "ProperName": "Peacock Meadows", "Comments": " ", "Latitude": 48.52849173, "Longitude": -119.7885092, "Directions": "3 miles south of Conconully via County Road 2017, then 1 mile south on USFS Road 42.", "GlobalID": "705d63ec-7d5f-43e1-9519-c58c29c22d4d", "ImageLink": "https://biz.parks.wa.gov/gis/images/WinterRecPhotoPlaceHolder.jpg", "Permits": "Sno-Park Permit Required November thru April or as posted.", "Amenities": "Restrooms", "QRcode": "https://biz.parks.wa.gov/gis/images/SnoParkQRCodes/812304-Peacock_Meadows_Sno-Park.png", "SortSequence": 125, "Type": "Motorized", "ParkingSpaces": "50"}}, {"type": "Feature", "geometry": {"type": "Point", "coordinates": [-121.201120723806, 47.2557177281317]}, "properties": {"OBJECTID": 117, "Parking": "Sno-Park", "AreaCode": "Lake Easton NM", "Elevation": "2200'", "ProperName": "Lake Easton (Non Motorized)", "Comments": " ", "Latitude": 47.25571773, "Longitude": -121.20112072, "Directions": "I-90 Exit 70 in day-use area", "GlobalID": "3f729bac-a89e-4304-97bc-5c3596b5af76", "ImageLink": "https://biz.parks.wa.gov/gis/images/lake easton non motorized.JPG", "Permits": "Sno-Park Permit, Special Groomed Trails Permit sticker (required with a Seasonal Sno-Park Permit or snowmobile Sno-Park Permit when engaging in a non-motorized sport--see permit information) Sno-Park Permit required Nov. thru Apr. or as posted.", "Amenities": "Restrooms, Shelter", "QRcode": "https://biz.parks.wa.gov/gis/images/SnoParkQRCodes/1108097-Lake_Easton_Sno-Park.png", "SortSequence": 91, "Type": "Motorized", "ParkingSpaces": "30"}}, {"type": "Feature", "geometry": {"type": "Point", "coordinates": [-121.195137375756, 47.2535144465866]}, "properties": {"OBJECTID": 119, "Parking": "Sno-Park", "AreaCode": "I-90, Kachess Lake", "Elevation": "2200'", "ProperName": "Lake Easton (Motorized)", "Comments": " ", "Latitude": 47.25351445, "Longitude": -121.19513738, "Directions": "I-90 Exit 70 in day-use area", "GlobalID": "af16154b-4a5f-4cf7-8e63-2128c27012d8", "ImageLink": "https://biz.parks.wa.gov/gis/images/lake easton motorized.JPG", "Permits": "Sno-Park Permit, Special Groomed Trails Permit sticker (required with a Seasonal Sno-Park Permit or snowmobile Sno-Park Permit when engaging in a non-motorized sport--see permit information) Sno-Park Permit required Nov. thru Apr. or as posted.", "Amenities": "Restrooms, Shelter", "QRcode": "https://biz.parks.wa.gov/gis/images/SnoParkQRCodes/1108097-Lake_Easton_Sno-Park.png", "SortSequence": 90, "Type": "Motorized", "ParkingSpaces": "30"}}, {"type": "Feature", "geometry": {"type": "Point", "coordinates": [-120.287329793934, 47.3024801173589]}, "properties": {"OBJECTID": 123, "Parking": "Sno-Park", "AreaCode": "Wenatchee", "Elevation": "2700'", "ProperName": "Clear Lake", "Comments": "4 lots", "Latitude": 47.30248012, "Longitude": -120.28732979, "Directions": "South of Wenatchee on Malaga Highway. Right on Stemilt Creek Road, right on Stemilt Loop Road for 3 miles to Clear Lake Road", "GlobalID": "1520ce0a-161b-43a4-811a-17e7d01ae1d3", "ImageLink": "https://biz.parks.wa.gov/gis/images/clear lake.JPG", "Permits": "Sno-Park Permit required during the season. Exception: From April 1 to 30, a Sno-Park Permit may or may not be required.", "Amenities": "-", "QRcode": "https://biz.parks.wa.gov/gis/images/SnoParkQRCodes/1108071-Clear_Lake_Sno-Park.png", "SortSequence": 35, "Type": "Motorized", "ParkingSpaces": "Roadside"}}, {"type": "Feature", "geometry": {"type": "Point", "coordinates": [-120.31507580266, 47.3020406509873]}, "properties": {"OBJECTID": 124, "Parking": "Sno-Park", "AreaCode": "Wenatchee", "Elevation": "2920'", "ProperName": "Lily Lake", "Comments": " ", "Latitude": 47.30204065, "Longitude": -120.3150758, "Directions": "South of Wenatchee on Malaga Highway. Right on Stemilt Creek Road, right on Stemilt Loop Road for 4.5 mi to Lily Lake Road. Lot entrance is about 200 feet east of the junction on the left side.", "GlobalID": "0424c4a8-bc54-4443-9004-3b6676ab4e0e", "ImageLink": "https://biz.parks.wa.gov/gis/images/lily lake.JPG", "Permits": "Sno-Park Permit required during the season. Exception: From April 1 to 30, a Sno-Park Permit may or may not be required.", "Amenities": "Restrooms", "QRcode": "https://biz.parks.wa.gov/gis/images/SnoParkQRCodes/1108072-Lily_Lake_Sno-Park.png", "SortSequence": 97, "Type": "Motorized", "ParkingSpaces": "40"}}, {"type": "Feature", "geometry": {"type": "Point", "coordinates": [-120.612165230264, 47.3311792250436]}, "properties": {"OBJECTID": 125, "Parking": "Sno-Park", "AreaCode": "Blewett Pass NM", "Elevation": "3600'", "ProperName": "Pipe Creek", "Comments": " ", "Latitude": 47.33117923, "Longitude": -120.61216523, "Directions": "29 miles east of Cle Elum via Highway 97.", "GlobalID": "0f0bf061-6e56-4cd3-ae23-0cc3d56aabfa", "ImageLink": "https://biz.parks.wa.gov/gis/images/pipe.JPG", "Permits": "Sno-Park Permit required Nov. thru Apr. or as posted.", "Amenities": "Restrooms", "QRcode": "https://biz.parks.wa.gov/gis/images/winter-rec-qrcode-placeholder.jpg", "SortSequence": 131, "Type": "NonMotorized", "ParkingSpaces": "20"}}, {"type": "Feature", "geometry": {"type": "Point", "coordinates": [-120.663015069281, 47.3276775558686]}, "properties": {"OBJECTID": 126, "Parking": "Sno-Park", "AreaCode": "Blewett Pass NM", "Elevation": "3120'", "ProperName": "Swauk Campground", "Comments": " ", "Latitude": 47.32767756, "Longitude": -120.66301507, "Directions": "27 miles east of Cle Elum via Highway 97.", "GlobalID": "8fbb86cb-7c06-4dbf-a3fa-ced11a064e1b", "ImageLink": "https://biz.parks.wa.gov/gis/images/swauk.JPG", "Permits": "Sno-Park Permit required during the season. Exception: From April 1 to 30, a Sno-Park Permit may or may not be required.", "Amenities": "-", "QRcode": "https://biz.parks.wa.gov/gis/images/SnoParkQRCodes/818278-Swauk_Campground_Sno-Park.png", "SortSequence": 159, "Type": "NonMotorized", "ParkingSpaces": "25"}}, {"type": "Feature", "geometry": {"type": "Point", "coordinates": [-120.692383652304, 47.3199859112275]}, "properties": {"OBJECTID": 129, "Parking": "Sno-Park", "AreaCode": " ", "Elevation": "2960'", "ProperName": "Iron Creek", "Comments": "not sno-park program funded and is just available parking", "Latitude": 47.31998591, "Longitude": -120.69238365, "Directions": "-", "GlobalID": "b6acb610-efe2-446a-99c6-3b22cc4b12b7", "ImageLink": "https://biz.parks.wa.gov/gis/images/WinterRecPhotoPlaceHolder.jpg", "Permits": null, "Amenities": "Restrooms", "QRcode": "https://biz.parks.wa.gov/gis/images/winter-rec-qrcode-placeholder.jpg", "SortSequence": 81, "Type": "NonMotorized", "ParkingSpaces": "Roadside"}}, {"type": "Feature", "geometry": {"type": "Point", "coordinates": [-121.288623035089, 47.2965470585815]}, "properties": {"OBJECTID": 130, "Parking": "Sno-Park", "AreaCode": "I-90, Cabin Creek NM", "Elevation": "2462'", "ProperName": "Cabin Creek", "Comments": " ", "Latitude": 47.29654706, "Longitude": -121.28862304, "Directions": "10 miles east of Snoqualmie Summit, I-90, exit 63.", "GlobalID": "deb7686f-4434-4ab0-9e4b-795c15cc37ec", "ImageLink": "https://biz.parks.wa.gov/gis/images/cabin creek.jpg", "Permits": null, "Amenities": "Restrooms, Shelter", "QRcode": "https://biz.parks.wa.gov/gis/images/SnoParkQRCodes/812284-Cabin_Creek_Sno-Park.png", "SortSequence": 32, "Type": "NonMotorized", "ParkingSpaces": "200"}}, {"type": "Feature", "geometry": {"type": "Point", "coordinates": [-121.392251953883, 47.3913810216405]}, "properties": {"OBJECTID": 131, "Parking": "Sno-Park", "AreaCode": " ", "Elevation": "2560'", "ProperName": "Hyak", "Comments": " ", "Latitude": 47.39138102, "Longitude": -121.39225195, "Directions": "I-90 Exit 54. Turn south at off-ramp (from Seattle, make a right turn off the freeway. From Cle Elum, make a left turn) to the intersection. Turn left, go about 1/8 mile and turn right. Sno-park is on first right.", "GlobalID": "9d06d1d6-628e-4176-ad23-1679f51b8209", "ImageLink": "https://biz.parks.wa.gov/gis/images/WinterRecPhotoPlaceHolder.jpg", "Permits": "Permit Requirements: Seasonal Sno Park Permit plus Special Groomed Trails Permit sticker, without Discover Pass.", "Amenities": "Restrooms", "QRcode": "https://biz.parks.wa.gov/gis/images/winter-rec-qrcode-placeholder.jpg", "SortSequence": 80, "Type": "NonMotorized", "ParkingSpaces": "150"}}, {"type": "Feature", "geometry": {"type": "Point", "coordinates": [-121.69487931934, 48.9035284997801]}, "properties": {"OBJECTID": 132, "Parking": "Sno-Park", "AreaCode": "Mt Baker NM", "Elevation": "2000'", "ProperName": "Salmon Ridge", "Comments": " ", "Latitude": 48.9035285, "Longitude": -121.69487932, "Directions": "East of Bellingham. I-5 Exit 255 to Mount Baker Highway 542 east for 46 miles.", "GlobalID": "81bcabda-1b7a-4cdd-bd74-02b7c6f854ff", "ImageLink": "https://biz.parks.wa.gov/gis/images/salmon ridge.JPG", "Permits": null, "Amenities": "Restrooms", "QRcode": "https://biz.parks.wa.gov/gis/images/SnoParkQRCodes/818276-Salmon_Ridge_Sno-Park.png", "SortSequence": 142, "Type": "NonMotorized", "ParkingSpaces": "40"}}, {"type": "Feature", "geometry": {"type": "Point", "coordinates": [-121.716121924779, 48.6692662325989]}, "properties": {"OBJECTID": 133, "Parking": "Sno-Park", "AreaCode": "Mt Baker, SR542 Nort", "Elevation": "1000'", "ProperName": "Shadow of the Sentinels", "Comments": " ", "Latitude": 48.66926623, "Longitude": -121.71612192, "Directions": "East of Hamilton. State Route 20 to Baker Lake Highway/USFS Road 11 north for 15 miles.", "GlobalID": "a2a28a25-f2d5-4afe-be6b-263116602fac", "ImageLink": "https://biz.parks.wa.gov/gis/images/WinterRecPhotoPlaceHolder.jpg", "Permits": null, "Amenities": "Restrooms", "QRcode": "https://biz.parks.wa.gov/gis/images/winter-rec-qrcode-placeholder.jpg", "SortSequence": 146, "Type": "Motorized", "ParkingSpaces": "15"}}, {"type": "Feature", "geometry": {"type": "Point", "coordinates": [-119.205035913926, 48.8035024159326]}, "properties": {"OBJECTID": 134, "Parking": "Sno-Park", "AreaCode": " ", "Elevation": "3830'", "ProperName": "Highlands", "Comments": " ", "Latitude": 48.80350242, "Longitude": -119.20503591, "Directions": "15 miles northeast of Tonasket. Havillah Road (County Road 9467) for 15 miles to Mill. ", "GlobalID": "2852430c-217c-45c8-9161-90784472ec14", "ImageLink": "https://biz.parks.wa.gov/gis/images/WinterRecPhotoPlaceHolder.jpg", "Permits": null, "Amenities": "Restrooms", "QRcode": "https://biz.parks.wa.gov/gis/images/winter-rec-qrcode-placeholder.jpg", "SortSequence": 79, "Type": "Motorized", "ParkingSpaces": "15"}}, {"type": "Feature", "geometry": {"type": "Point", "coordinates": [-120.72109040131, 47.8125566758489]}, "properties": {"OBJECTID": 135, "Parking": "Sno-Park", "AreaCode": "Lake Wenatchee NM", "Elevation": "1875'", "ProperName": "Lake Wenatchee North", "Comments": " ", "Latitude": 47.81255668, "Longitude": -120.7210904, "Directions": "North of Leavenworth. Highway 2 west to State Route 207. South lot: Left on Cedar Brae Road to park entrance. North lot: 1 mile beyond south lot on SR 207", "GlobalID": "cd7f02ba-b0d6-45e0-81bd-f1dd7a6a61f1", "ImageLink": "https://biz.parks.wa.gov/gis/images/LakeWenatcheeNorth.JPG", "Permits": null, "Amenities": "Restrooms, Shelter", "QRcode": "https://biz.parks.wa.gov/gis/images/winter-rec-qrcode-placeholder.jpg", "SortSequence": 94, "Type": "NonMotorized", "ParkingSpaces": "50"}}, {"type": "Feature", "geometry": {"type": "Point", "coordinates": [-120.726524229608, 47.8065405945044]}, "properties": {"OBJECTID": 136, "Parking": "Sno-Park", "AreaCode": "Lake Wenatchee NM", "Elevation": "1875'", "ProperName": "Lake Wenatchee South", "Comments": " ", "Latitude": 47.8065406, "Longitude": -120.72652423, "Directions": "North of Leavenworth. Highway 2 west to State Route 207. South lot: Left on Cedar Brae Road to park entrance. North lot: 1 mile beyond south lot on SR 207", "GlobalID": "4b93063c-02f2-4fde-9ce1-12745fda7cbb", "ImageLink": "https://biz.parks.wa.gov/gis/images/LakeWenatcheeSouth.JPG", "Permits": null, "Amenities": "Restrooms, Shelter", "QRcode": "https://biz.parks.wa.gov/gis/images/winter-rec-qrcode-placeholder.jpg", "SortSequence": 95, "Type": "NonMotorized", "ParkingSpaces": "50"}}, {"type": "Feature", "geometry": {"type": "Point", "coordinates": [-120.695292368749, 47.8180980400432]}, "properties": {"OBJECTID": 137, "Parking": "Sno-Park", "AreaCode": "Lake Wenatchee NM", "Elevation": "1920'", "ProperName": "Chiwawa", "Comments": " ", "Latitude": 47.81809804, "Longitude": -120.69529237, "Directions": "1.5 miles east of Highway 207 on Chiwawa Loop Road.", "GlobalID": "66b54918-74c1-4301-ac7c-b00ad01bd2ba", "ImageLink": "https://biz.parks.wa.gov/gis/images/WinterRecPhotoPlaceHolder.jpg", "Permits": null, "Amenities": "Portable Toilets, Dog Waste Stations, Dogs are Allows after 10AM.", "QRcode": "https://biz.parks.wa.gov/gis/images/SnoParkQRCodes/1246193-Chiwawa_Sno-Park_Groomed_Trail_System.png", "SortSequence": 34, "Type": "NonMotorized", "ParkingSpaces": "50"}}, {"type": "Feature", "geometry": {"type": "Point", "coordinates": [-121.594698162961, 47.06669737436]}, "properties": {"OBJECTID": 138, "Parking": "Sno-Park", "AreaCode": " ", "Elevation": "2250'", "ProperName": "Sun Top", "Comments": " ", "Latitude": 47.06669738, "Longitude": -121.59469816, "Directions": "24.8 miles east of Enumclaw. Highway 410 to USFS Road 73 south for 1.4 miles.", "GlobalID": "da0fe77f-e4f7-401a-ac16-0d19a39ce0af", "ImageLink": "https://biz.parks.wa.gov/gis/images/Sun Top.JPG", "Permits": null, "Amenities": "Restrooms", "QRcode": "https://biz.parks.wa.gov/gis/images/winter-rec-qrcode-placeholder.jpg", "SortSequence": 158, "Type": "NonMotorized", "ParkingSpaces": "20"}}, {"type": "Feature", "geometry": {"type": "Point", "coordinates": [-121.306472687245, 46.9523222189082]}, "properties": {"OBJECTID": 139, "Parking": "Sno-Park", "AreaCode": "SR 410 NM", "Elevation": "3400'", "ProperName": "Crow Lake Way", "Comments": " ", "Latitude": 46.95232222, "Longitude": -121.30647269, "Directions": "40 miles northwest of Naches via Highway 410", "GlobalID": "0ecee124-e0ad-46fa-b091-95d38bb6f6b7", "ImageLink": "https://biz.parks.wa.gov/gis/images/CrowLakeWay.JPG", "Permits": null, "Amenities": "Restrooms", "QRcode": "https://biz.parks.wa.gov/gis/images/SnoParkQRCodes/1108077-Crow_Lake_Sno-Park.png", "SortSequence": 41, "Type": "NonMotorized", "ParkingSpaces": "14"}}, {"type": "Feature", "geometry": {"type": "Point", "coordinates": [-121.358248809771, 46.9329018704216]}, "properties": {"OBJECTID": 140, "Parking": "Sno-Park", "AreaCode": "SR 410 NM", "Elevation": "3410'", "ProperName": "Union Creek", "Comments": " ", "Latitude": 46.93290187, "Longitude": -121.35824881, "Directions": "46 miles northwest of Naches via Highway 410.", "GlobalID": "4defca4e-b8e8-446e-92ca-3bf4e5dc93cb", "ImageLink": "https://biz.parks.wa.gov/gis/images/UnionCreek.JPG", "Permits": null, "Amenities": "Restrooms", "QRcode": "https://biz.parks.wa.gov/gis/images/SnoParkQRCodes/1108078-Union_Creek_Sno-Park.png", "SortSequence": 169, "Type": "NonMotorized", "ParkingSpaces": "8"}}, {"type": "Feature", "geometry": {"type": "Point", "coordinates": [-121.300762013613, 46.6222838234661]}, "properties": {"OBJECTID": 141, "Parking": "Sno-Park", "AreaCode": "Tieton NM", "Elevation": "3100'", "ProperName": "North Fork Tieton", "Comments": " ", "Latitude": 46.62228382, "Longitude": -121.30076201, "Directions": "36 miles northwest of Naches. Highway 12 to USFS Road 1200 and 1207.", "GlobalID": "2aa15dd0-fb51-4469-a233-c127427bfac0", "ImageLink": "https://biz.parks.wa.gov/gis/images/WinterRecPhotoPlaceHolder.jpg", "Permits": null, "Amenities": "Restrooms", "QRcode": "https://biz.parks.wa.gov/gis/images/SnoParkQRCodes/1108105-North_Fork_Tieton__Sno-Park.png", "SortSequence": 119, "Type": "NonMotorized", "ParkingSpaces": "15"}}, {"type": "Feature", "geometry": {"type": "Point", "coordinates": [-118.476853254671, 48.608711959478]}, "properties": {"OBJECTID": 142, "Parking": "Sno-Park", "AreaCode": "SR 20, Sherman Pass", "Elevation": "5575'", "ProperName": "Sherman Pass", "Comments": " ", "Latitude": 48.60871196, "Longitude": -118.47685325, "Directions": "Northwest of Colville. Highway 395 to Highway 20 west for 23 miles to Sherman Pass.", "GlobalID": "b1b8bd99-3c82-4402-9b69-ae3e2d103440", "ImageLink": "https://biz.parks.wa.gov/gis/images/Shermin%20Pass.jpg", "Permits": null, "Amenities": "-", "QRcode": "https://biz.parks.wa.gov/gis/images/winter-rec-qrcode-placeholder.jpg", "SortSequence": 147, "Type": "NonMotorized", "ParkingSpaces": "25"}}, {"type": "Feature", "geometry": {"type": "Point", "coordinates": [-118.397412307512, 48.864874176647]}, "properties": {"OBJECTID": 143, "Parking": "Sno-Park", "AreaCode": "Deer Creek NM", "Elevation": "4600'", "ProperName": "Deer Creek Nordic North", "Comments": " ", "Latitude": 48.86487418, "Longitude": -118.39741231, "Directions": "East of Curlew. State Route 21 to County Road 602 east to Boulder-Deer Creek Summit.", "GlobalID": "b11ea63c-bb81-481c-9e75-72b17d961ff5", "ImageLink": "https://biz.parks.wa.gov/gis/images/Deer%20Creek%20Nordic%20North.JPG", "Permits": null, "Amenities": "Restrooms", "QRcode": "https://biz.parks.wa.gov/gis/images/SnoParkQRCodes/812286-Deer_Creek_Nordic_Sno-Park.png", "SortSequence": 46, "Type": "NonMotorized", "ParkingSpaces": "20"}}, {"type": "Feature", "geometry": {"type": "Point", "coordinates": [-117.121183033192, 48.2538887028369]}, "properties": {"OBJECTID": 144, "Parking": "Sno-Park", "AreaCode": "Geophysical", "Elevation": "2480'", "ProperName": "Geophysical", "Comments": " ", "Latitude": 48.2538887, "Longitude": -117.12118303, "Directions": "North of Newport. Highway 2 east across the Pend Oreille River. Immediately turn north at the end of the bridge onto Le Clerc Road (County Road 9305) and follow 7.5 miles to Indian Creek Road (Co Rd 3029) east. Go 1.5 miles to trail head.", "GlobalID": "eb0762ca-b4df-439d-952b-f732f9a05957", "ImageLink": "https://biz.parks.wa.gov/gis/images/WinterRecPhotoPlaceHolder.jpg", "Permits": null, "Amenities": "Restrooms", "QRcode": "https://biz.parks.wa.gov/gis/images/winter-rec-qrcode-placeholder.jpg", "SortSequence": 68, "Type": "NonMotorized", "ParkingSpaces": "20"}}, {"type": "Feature", "geometry": {"type": "Point", "coordinates": [-121.088892926472, 46.6673994834459]}, "properties": {"OBJECTID": 145, "Parking": "Sno-Park", "AreaCode": "Tieton Goose Egg", "Elevation": "2575'", "ProperName": "Goose Egg", "Comments": " ", "Latitude": 46.66739948, "Longitude": -121.08889293, "Directions": "24 miles west of Naches. Highway 12 to USFS Road 1200 (Tieton Road) south for .5 mile. Sno-park is on right side.", "GlobalID": "6fb937b6-4de8-41fa-ab90-680d56fa9ee9", "ImageLink": "https://biz.parks.wa.gov/gis/images/Goose Egg.JPG", "Permits": null, "Amenities": "-", "QRcode": "https://biz.parks.wa.gov/gis/images/winter-rec-qrcode-placeholder.jpg", "SortSequence": 73, "Type": "NonMotorized", "ParkingSpaces": "10"}}, {"type": "Feature", "geometry": {"type": "Point", "coordinates": [-121.993454801894, 46.7059514816307]}, "properties": {"OBJECTID": 147, "Parking": "Sno-Park", "AreaCode": "Mt Tahoma South NM", "Elevation": "2360'", "ProperName": "1 Road (Lower)", "Comments": " ", "Latitude": 46.70595148, "Longitude": -121.9934548, "Directions": "Take Hwy 706 east from Elbe 6.5 miles. Turn right to enter Tahoma State Forest on DNR 1 Rd. Follow forest road for 2.7 miles, turning left to continue on 1 Rd.  Follow .4 miles &  turn right.  Follow remaining 2.9 miles to 1 Rd Sno-Park.", "GlobalID": "4cf1cda3-794c-40e5-9838-d491eb712b94", "ImageLink": "https://biz.parks.wa.gov/gis/images/WinterRecPhotoPlaceHolder.jpg", "Permits": null, "Amenities": "Restrooms", "QRcode": "https://biz.parks.wa.gov/gis/images/winter-rec-qrcode-placeholder.jpg", "SortSequence": 175, "Type": "NonMotorized", "ParkingSpaces": "20"}}, {"type": "Feature", "geometry": {"type": "Point", "coordinates": [-122.050218114348, 46.7829126929501]}, "properties": {"OBJECTID": 148, "Parking": "Sno-Park", "AreaCode": "Mt Tahoma North NM", "Elevation": "3300'", "ProperName": "92 Road", "Comments": " ", "Latitude": 46.78291269, "Longitude": -122.05021811, "Directions": "6 miles east of Elbe. Highway 706 east to 278 Street East north for .5 mile. Continue 5 miles north on Roads 8, 9 and 92 to parking area.", "GlobalID": "24d27a2c-e0df-4be7-ad93-8395d996143d", "ImageLink": "https://biz.parks.wa.gov/gis/images/WinterRecPhotoPlaceHolder.jpg", "Permits": null, "Amenities": "Restrooms", "QRcode": "https://biz.parks.wa.gov/gis/images/winter-rec-qrcode-placeholder.jpg", "SortSequence": 178, "Type": "NonMotorized", "ParkingSpaces": "30"}}, {"type": "Feature", "geometry": {"type": "Point", "coordinates": [-117.167034865051, 46.0748897966415]}, "properties": {"OBJECTID": 151, "Parking": "Sno-Park", "AreaCode": "Fields Spring", "Elevation": "4000'", "ProperName": "Fields Spring - South", "Comments": " ", "Latitude": 46.0748898, "Longitude": -117.16703487, "Directions": "4.5 miles south of Anatone via Highway 129", "GlobalID": "96faf255-fc8e-4367-aacf-9ddc4f9f950c", "ImageLink": "https://biz.parks.wa.gov/gis/images/fieldsspring.JPG", "Permits": null, "Amenities": "Restrooms", "QRcode": "https://biz.parks.wa.gov/gis/images/winter-rec-qrcode-placeholder.jpg", "SortSequence": 60, "Type": "NonMotorized", "ParkingSpaces": "50"}}, {"type": "Feature", "geometry": {"type": "Point", "coordinates": [-117.168815870954, 46.0802858656422]}, "properties": {"OBJECTID": 152, "Parking": "Sno-Park", "AreaCode": "Fields Spring", "Elevation": "4000'", "ProperName": "Fields Spring - North", "Comments": " ", "Latitude": 46.08028587, "Longitude": -117.16881587, "Directions": "4.5 miles south of Anatone via Highway 129", "GlobalID": "349f0519-be35-456b-9479-722fcab7b203", "ImageLink": "https://biz.parks.wa.gov/gis/images/fieldsspring.JPG", "Permits": null, "Amenities": "Restrooms", "QRcode": "https://biz.parks.wa.gov/gis/images/winter-rec-qrcode-placeholder.jpg", "SortSequence": 59, "Type": "NonMotorized", "ParkingSpaces": "50"}}, {"type": "Feature", "geometry": {"type": "Point", "coordinates": [-117.124461985078, 47.9040593201698]}, "properties": {"OBJECTID": 153, "Parking": "Sno-Park", "AreaCode": "Mount Spokane", "Elevation": "3900'", "ProperName": "Snowshoe Parking Lot", "Comments": "this is at the switchback to Mt Spokane - do not want to advertise due to road safety", "Latitude": 47.90405932, "Longitude": -117.12446199, "Directions": "Northeast of Spokane (1.7 miles inside Mount Spokane State Park). Highway 2 north to Highway 206, enter at Mount Spokane Park Drive on Linders Ridge", "GlobalID": "52a3a5dd-452e-4188-b7a8-2b6fa418457d", "ImageLink": "https://biz.parks.wa.gov/gis/images/WinterRecPhotoPlaceHolder.jpg", "Permits": null, "Amenities": "Restrooms", "QRcode": "https://biz.parks.wa.gov/gis/images/winter-rec-qrcode-placeholder.jpg", "SortSequence": 153, "Type": "NonMotorized", "ParkingSpaces": "Roadside"}}, {"type": "Feature", "geometry": {"type": "Point", "coordinates": [-117.100283706972, 47.9036870591922]}, "properties": {"OBJECTID": 154, "Parking": "Sno-Park", "AreaCode": "Mount Spokane NM", "Elevation": "4600'", "ProperName": "Mount Spokane (Non-Motorized)", "Comments": " ", "Latitude": 47.90368706, "Longitude": -117.10028371, "Directions": "Northeast of Spokane (3.5 miles inside Mount Spokane State Park). Highway 2 north to Highway 206 for 15 miles to park entrance. Proceed up to Sno-Park.", "GlobalID": "fcedac41-e454-4e88-9945-b96da71b5342", "ImageLink": "https://biz.parks.wa.gov/gis/images/mt spokane ski.jpg", "Permits": null, "Amenities": "Restrooms, Warming Shelter", "QRcode": "https://biz.parks.wa.gov/gis/images/SnoParkQRCodes/818273-Mount_Spokane_Non-Motorized_Sno-Park.png", "SortSequence": 110, "Type": "Motorized", "ParkingSpaces": "180"}}, {"type": "Feature", "geometry": {"type": "Point", "coordinates": [-121.319828203244, 47.3064158225409]}, "properties": {"OBJECTID": 156, "Parking": "Sno-Park", "AreaCode": "Crystal Springs", "Elevation": "2400'", "ProperName": "Crystal Springs (Non-Motorized)", "Comments": " ", "Latitude": 47.30636671, "Longitude": -121.31868229, "Directions": "8 miles east of Snoqualmie Summit. I-90 Exit 62 then 1 mile south on USFS Road 54", "GlobalID": "53dfb408-7e56-42b2-9502-7c0ee1a84da0", "ImageLink": "https://biz.parks.wa.gov/gis/images/crystal%20springs%20non-motorized.JPG", "Permits": "Sno-Park Permit, Special Groomed Trails Permit sticker (required with a Seasonal Sno-Park Permit or snowmobile Sno-Park Permit when engaging in a non-motorized sport--see permit information) Sno-Park Permit required Nov. thru Apr. or as posted.", "Amenities": "Restrooms", "QRcode": "https://biz.parks.wa.gov/gis/images/SnoParkQRCodes/1108081-Crystal_Springs_Non-Motorized_Sno-Park.png", "SortSequence": 44, "Type": "Motorized", "ParkingSpaces": "150"}}, {"type": "Feature", "geometry": {"type": "Point", "coordinates": [-117.485039348305, 48.6544483820232]}, "properties": {"OBJECTID": 157, "Parking": "Sno-Park", "AreaCode": "Frater Lake", "Elevation": "3180'", "ProperName": "Frater Lake", "Comments": "new sno-park for 2005/2006", "Latitude": 48.65444838, "Longitude": -117.48503935, "Directions": "East of Colville. Highway 20 east to Frater Lake trailhead.", "GlobalID": "60e05aac-1e93-4ae0-b285-9c77f61fa96e", "ImageLink": "https://biz.parks.wa.gov/gis/images/frater lake.JPG", "Permits": null, "Amenities": "Restrooms, Warming Huts", "QRcode": "https://biz.parks.wa.gov/gis/images/winter-rec-qrcode-placeholder.jpg", "SortSequence": 66, "Type": "NonMotorized", "ParkingSpaces": "15"}}, {"type": "Feature", "geometry": {"type": "Point", "coordinates": [-117.820995147259, 46.2948413806516]}, "properties": {"OBJECTID": 159, "Parking": "Sno-Park", "AreaCode": "Umatilla West", "Elevation": "3400'", "ProperName": "Hatley Gulch", "Comments": "just an educated guess on proper location.", "Latitude": 46.29484138, "Longitude": -117.82099515, "Directions": "8 miles east of Dayton. Highway 12 to Skyline Drive south, 3.2 miles north of Eckler Mountain Sno-Park.", "GlobalID": "a66a8f68-3a1a-47a7-aa48-1cfe012d0ae7", "ImageLink": "https://biz.parks.wa.gov/gis/images/WinterRecPhotoPlaceHolder.jpg", "Permits": "Sno-Park Permit required November thru April or as posted.", "Amenities": "Restrooms", "QRcode": "https://biz.parks.wa.gov/gis/images/winter-rec-qrcode-placeholder.jpg", "SortSequence": 77, "Type": "Motorized", "ParkingSpaces": "Roadside"}}, {"type": "Feature", "geometry": {"type": "Point", "coordinates": [-120.715506565566, 47.7953727259812]}, "properties": {"OBJECTID": 161, "Parking": "Sno-Park", "AreaCode": "Lake Wenatchee NM", "Elevation": "1960'", "ProperName": "Nason Ridge", "Comments": "private access: Kahler Glen Golf Course", "Latitude": 47.79537273, "Longitude": -120.71550657, "Directions": "Hwy 2 W to SR 207 for 3.5 miles. Left at Cedar Brae road.  Turn left at entrance but do not enter Lake Wenatchee State Park. Travel 1/2 mile for another left, turn until road forks. Stay left to Kahler Glen Golf Course. Sno-Park is at entrance.", "GlobalID": "f4e70b05-8c4f-4e38-9693-5ba1f9ab02ae", "ImageLink": "https://biz.parks.wa.gov/gis/images/NasonRidge.jpg", "Permits": null, "Amenities": "Restrooms", "QRcode": "https://biz.parks.wa.gov/gis/images/SnoParkQRCodes/1246194-Nason_Ridge_Sno-Park_Groomed_Trail_System.png", "SortSequence": 116, "Type": "NonMotorized", "ParkingSpaces": "20"}}, {"type": "Feature", "geometry": {"type": "Point", "coordinates": [-122.213447215942, 46.0996482472967]}, "properties": {"OBJECTID": 162, "Parking": "Sno-Park", "AreaCode": "Mt St Helens", "Elevation": "1900'", "ProperName": "Ape Cave", "Comments": "added for 2007/2008 season per Mike Baker", "Latitude": 46.09964825, "Longitude": -122.21344722, "Directions": "East of Cougar. Lewis River Road (SR 503/USFS Road 90) to junction of USFS roads 83 & 8303, turn west (left) onto Road 8303 and go .2 mi toward the Trail of Two Forests.", "GlobalID": "40f25610-c5b2-41b7-b79d-9fb692ebd878", "ImageLink": "https://biz.parks.wa.gov/gis/images/WinterRecPhotoPlaceHolder.jpg", "Permits": "Sno-Park Permit required Nov. thru Apr. or as posted.", "Amenities": "-", "QRcode": "https://biz.parks.wa.gov/gis/images/SnoParkQRCodes/1108075-Cougar_Sno-Park.png", "SortSequence": 17, "Type": "Motorized", "ParkingSpaces": "15"}}, {"type": "Feature", "geometry": {"type": "Point", "coordinates": [-121.989372914799, 45.8787045180111]}, "properties": {"OBJECTID": 163, "Parking": "Sno-Park", "AreaCode": "Wind River", "Elevation": "1190'", "ProperName": "Government Mineral Springs", "Comments": "added for 2007/2008 season per Jon Nakae", "Latitude": 45.87870452, "Longitude": -121.98937291, "Directions": "Northeast of Carson. Wind River Highway/USFS Road 30 to the end of USFS Rd 3065 (1 mile).", "GlobalID": "bca4d380-53e2-4da4-9e1f-c658954bcaba", "ImageLink": "https://biz.parks.wa.gov/gis/images/WinterRecPhotoPlaceHolder.jpg", "Permits": null, "Amenities": "-", "QRcode": "https://biz.parks.wa.gov/gis/images/SnoParkQRCodes/812290-Government_Mineral_Springs_Sno-Park.png", "SortSequence": 74, "Type": "Motorized", "ParkingSpaces": "2"}}, {"type": "Feature", "geometry": {"type": "Point", "coordinates": [-120.214199903622, 48.3489442915862]}, "properties": {"OBJECTID": 166, "Parking": "Sno-Park", "AreaCode": " ", "Elevation": "2200'", "ProperName": "Poorman Creek", "Comments": " ", "Latitude": 48.34894429, "Longitude": -120.2141999, "Directions": "-", "GlobalID": "7ceae527-8ac7-415e-928a-b92048a9c64a", "ImageLink": "https://biz.parks.wa.gov/gis/images/WinterRecPhotoPlaceHolder.jpg", "Permits": null, "Amenities": "Restrooms", "QRcode": "https://biz.parks.wa.gov/gis/images/winter-rec-qrcode-placeholder.jpg", "SortSequence": 133, "Type": "Motorized", "ParkingSpaces": "Roadside"}}, {"type": "Feature", "geometry": {"type": "Point", "coordinates": [-121.295463881613, 46.8648634744593]}, "properties": {"OBJECTID": 167, "Parking": "Sno-Park", "AreaCode": "SR 410 NM", "Elevation": "3426'", "ProperName": "Bumping Lake", "Comments": " ", "Latitude": 46.86486348, "Longitude": -121.29546388, "Directions": "From Yakima, travel 25 miles on Highway 12 to the junction with Highway 410. Travel 29 miles on Highway 410 (Chinook Pass Highway) to milepost 88.4. ", "GlobalID": "b5111511-f9d1-4261-8363-99c463188440", "ImageLink": "https://biz.parks.wa.gov/gis/images/WinterRecPhotoPlaceHolder.jpg", "Permits": null, "Amenities": "Restrooms", "QRcode": "https://biz.parks.wa.gov/gis/images/SnoParkQRCodes/1108068-Bumping_Lake_Sno-Park.png", "SortSequence": 30, "Type": "NonMotorized", "ParkingSpaces": "Roadside"}}, {"type": "Feature", "geometry": {"type": "Point", "coordinates": [-120.149730921436, 48.4899377972034]}, "properties": {"OBJECTID": 170, "Parking": "Sno-Park", "AreaCode": " ", "Elevation": "2500'", "ProperName": "Pearrygin Lake", "Comments": " ", "Latitude": 48.4899378, "Longitude": -120.14973092, "Directions": "SR20 South-Heading through Winthrop, continue through intersection and follow the main street uphill, past ambulance garage/maintenance shop. Proceed north 1.5 miles, road turns into East Chewuch Rd. Turn right on Bear Creek Rd. Drive 3/4 mile to park. ", "GlobalID": "6de1b041-d263-4042-8ae9-16259b8a1d5e", "ImageLink": "https://biz.parks.wa.gov/gis/images/PearryginLakeMain.JPG", "Permits": null, "Amenities": "Restrooms", "QRcode": "https://biz.parks.wa.gov/gis/images/SnoParkQRCodes/1108111-Pearrygin_Lake_Sno-Park.png", "SortSequence": 126, "Type": "NonMotorized", "ParkingSpaces": "Roadside"}}, {"type": "Feature", "geometry": {"type": "Point", "coordinates": [-120.171278415323, 48.4944837452607]}, "properties": {"OBJECTID": 171, "Parking": "Sno-Park", "AreaCode": " ", "Elevation": "2500'", "ProperName": "Pearrygin Lake (West Entrance)", "Comments": " ", "Latitude": 48.49448375, "Longitude": -120.17127842, "Directions": "SR20 South-Heading through Winthrop, continue through intersection and follow the main street uphill, past ambulance garage/maintenance shop. Proceed north 1.5 miles, road turns into East Chewuch Rd. Turn right on Bear Creek Rd. Drive 3/4 mile to park. ", "GlobalID": "c94c3eb8-bc98-4baf-a0d1-7c61aee2d2d1", "ImageLink": "https://biz.parks.wa.gov/gis/images/PearryginLakeWest.jpg", "Permits": null, "Amenities": "Restrooms", "QRcode": "https://biz.parks.wa.gov/gis/images/SnoParkQRCodes/1108111-Pearrygin_Lake_Sno-Park.png", "SortSequence": 128, "Type": "NonMotorized", "ParkingSpaces": "Roadside"}}, {"type": "Feature", "geometry": {"type": "Point", "coordinates": [-120.142668476332, 48.4905380066342]}, "properties": {"OBJECTID": 172, "Parking": "Sno-Park", "AreaCode": " ", "Elevation": "2500'", "ProperName": "Pearrygin Lake (East Entrance)", "Comments": " ", "Latitude": 48.49053801, "Longitude": -120.14266848, "Directions": "SR20 South-Heading through Winthrop, continue through intersection and follow the main street uphill, past ambulance garage/maintenance shop. Proceed north 1.5 miles, road turns into East Chewuch Rd. Turn right on Bear Creek Rd. Drive 3/4 mile to park. ", "GlobalID": "bac25659-dbb7-4487-bffc-97f21bcfa858", "ImageLink": "https://biz.parks.wa.gov/gis/images/PearryginLakeEast.JPG", "Permits": null, "Amenities": "Restrooms", "QRcode": "https://biz.parks.wa.gov/gis/images/SnoParkQRCodes/1108111-Pearrygin_Lake_Sno-Park.png", "SortSequence": 127, "Type": "NonMotorized", "ParkingSpaces": "Roadside"}}, {"type": "Feature", "geometry": {"type": "Point", "coordinates": [-121.324853321735, 47.3071683996235]}, "properties": {"OBJECTID": 173, "Parking": "Sno-Park", "AreaCode": "Crystal Springs", "Elevation": "2400'", "ProperName": "Crystal Springs (Dog Sledding)", "Comments": null, "Latitude": 47.30724421, "Longitude": -121.32507571, "Directions": "8 miles east of Snoqualmie Summit. I-90 Exit 62 then 1 mile south on USFS Road 54", "GlobalID": "d7972829-480e-47ff-bb79-db5f0f6b996a", "ImageLink": "https://biz.parks.wa.gov/gis/images/crystal springs dog lot.JPG", "Permits": "Sno-Park Permit, Special Groomed Trails Permit sticker (required with a Seasonal Sno-Park Permit or snowmobile Sno-Park Permit when engaging in a non-motorized sport--see permit information) Sno-Park Permit required Nov. thru Apr. or as posted.", "Amenities": "Restrooms", "QRcode": "https://biz.parks.wa.gov/gis/images/SnoParkQRCodes/1108082-Crystal_Springs_Sno-Park_Sled_Dog_Trails.png", "SortSequence": 42, "Type": "NonMotorized", "ParkingSpaces": "150"}}, {"type": "Feature", "geometry": {"type": "Point", "coordinates": [-121.12300000004, 47.004319998637]}, "properties": {"OBJECTID": 174, "Parking": "Sno-Park", "AreaCode": "1901", "Elevation": "5460", "ProperName": "1901", "Comments": null, "Latitude": 47.00432, "Longitude": -121.123, "Directions": "-", "GlobalID": "0164d672-800b-4771-8688-143deafc3e07", "ImageLink": "https://biz.parks.wa.gov/gis/images/1901.JPG", "Permits": null, "Amenities": "Restrooms", "QRcode": "https://biz.parks.wa.gov/gis/images/winter-rec-qrcode-placeholder.jpg", "SortSequence": 177, "Type": "Motorized", "ParkingSpaces": "Roadside"}}, {"type": "Feature", "geometry": {"type": "Point", "coordinates": [-122.004363211043, 46.6961760882237]}, "properties": {"OBJECTID": 175, "Parking": "Sno-Park", "AreaCode": "Mt Tahoma South NM", "Elevation": "2360'", "ProperName": "1 Road (Upper)", "Comments": null, "Latitude": 46.69617609, "Longitude": -122.00436321, "Directions": "Take Hwy 706 east from Elbe 6.5 miles. Turn right to enter Tahoma State Forest on DNR 1 Rd. Follow forest road for 2.7 miles, turning left to continue on 1 Rd.  Follow .4 miles &  turn right.  Follow remaining 2.9 miles to 1 Rd Sno-Park.", "GlobalID": "44cc1e1a-23a2-45c6-a965-1f2e89d2af96", "ImageLink": "https://biz.parks.wa.gov/gis/images/1 rd upper snopark.jpg", "Permits": null, "Amenities": "Restrooms", "QRcode": "https://biz.parks.wa.gov/gis/images/winter-rec-qrcode-placeholder.jpg", "SortSequence": 176, "Type": "NonMotorized", "ParkingSpaces": "20"}}, {"type": "Feature", "geometry": {"type": "Point", "coordinates": [-121.019114665905, 46.5146360168016]}, "properties": {"OBJECTID": 176, "Parking": "Sno-Park", "AreaCode": "Ahtanum", "Elevation": "3240'", "ProperName": "Ahtanum Whites Ridge", "Comments": null, "Latitude": 46.51463602, "Longitude": -121.01911467, "Directions": "31 miles west of Yakima. I-82 Exit 36. Valley Mall Blvd west to Third Ave south. At Ahtanum Road, go west 25 miles to Tampico Food Store Y-intersection. Take right fork for 9.5 miles", "GlobalID": "f892dca3-844c-49e6-9206-7ce5c835de48", "ImageLink": "https://biz.parks.wa.gov/gis/images/Whites%20Ridge%20Ahtanum%20Web.jpg", "Permits": null, "Amenities": "Restrooms", "QRcode": "https://biz.parks.wa.gov/gis/images/SnoParkQRCodes/818264-Ahtanum_State_Forest.png", "SortSequence": 13, "Type": "Motorized", "ParkingSpaces": "100"}}, {"type": "Feature", "geometry": {"type": "Point", "coordinates": [-118.394885024523, 48.8637662266989]}, "properties": {"OBJECTID": 177, "Parking": "Sno-Park", "AreaCode": null, "Elevation": "4600'", "ProperName": "Deer Creek Nordic South", "Comments": null, "Latitude": 48.86376623, "Longitude": -118.39488502, "Directions": "East of Curlew. State Route 21 to County Road 602 east to Boulder-Deer Creek Summit.", "GlobalID": "e499ce4b-4336-4420-84d7-e8b23cccad22", "ImageLink": "https://biz.parks.wa.gov/gis/images/Deer%20Creek%20Nordic%20South.JPG", "Permits": null, "Amenities": "Restrooms", "QRcode": "https://biz.parks.wa.gov/gis/images/SnoParkQRCodes/812286-Deer_Creek_Nordic_Sno-Park.png", "SortSequence": 47, "Type": "NonMotorized", "ParkingSpaces": "20"}}, {"type": "Feature", "geometry": {"type": "Point", "coordinates": [-121.613297663307, 45.9610649684323]}, "properties": {"OBJECTID": 178, "Parking": "Sno-Park", "AreaCode": "Mt Adams South", "Elevation": "2760'", "ProperName": "Atkisson", "Comments": "", "Latitude": 45.96106497, "Longitude": -121.61329766, "Directions": "", "GlobalID": "8556f413-62ee-4a59-a1ea-f5d1a2dfec4a", "ImageLink": "", "Permits": "", "Amenities": "Restrooms", "QRcode": "https://biz.parks.wa.gov/gis/images/SnoParkQRCodes/1108035-Atkisson_Sno-Park.png", "SortSequence": 19, "Type": "Motorized", "ParkingSpaces": "30"}}, {"type": "Feature", "geometry": {"type": "Point", "coordinates": [-121.545500684178, 47.1215357767413]}, "properties": {"OBJECTID": 179, "Parking": "Sno-Park", "AreaCode": "SR 410, Greenwater", "Elevation": "2102'", "ProperName": "Pyramid Creek Lower", "Comments": "25 Mile Creek location. Often used later in the season when road conditions prevent access at higher sno-park.", "Latitude": 47.12153578, "Longitude": -121.54550068, "Directions": "1 mile east of Greenwater. Highway 410 to USFS Road 70 east for 9.4 miles.", "GlobalID": "b3868ced-c390-402a-b91f-84dc48002067", "ImageLink": "https://biz.parks.wa.gov/gis/images/Pyramid Creek.JPG", "Permits": "Sno-Park Permit required during the season - Sno-Park Zone from 70 Road to trail head. Exception: From April 1 to 30, a Sno-Park Permit may or may not be required.", "Amenities": "Restrooms", "QRcode": "https://biz.parks.wa.gov/gis/images/SnoParkQRCodes/1108088-Pyramid_Creek_to_Little_Naches_Sno-Park.png", "SortSequence": 134, "Type": "Motorized", "ParkingSpaces": "15"}}, {"type": "Feature", "geometry": {"type": "Point", "coordinates": [-120.586191999677, 48.5995809992109]}, "properties": {"OBJECTID": 180, "Parking": "Sno-Park", "AreaCode": "Winthrop", "Elevation": "3500'", "ProperName": "Silver Star", "Comments": null, "Latitude": 48.599581, "Longitude": -120.586192, "Directions": "15 miles NW of Winthrop on Highway 20 at end of plowed road. 1 upper lot and 1 lower lot, parallel and angle parking on side of highway.", "GlobalID": "2ed0a689-00bd-444d-a88d-e48f3d2c8522", "ImageLink": "https://biz.parks.wa.gov/gis/images/SilverStar.jpg", "Permits": "Sno-Park Permit Required November thru April or as posted.", "Amenities": "1 Toilet, 1 Kiosk", "QRcode": "https://biz.parks.wa.gov/gis/images/winter-rec-qrcode-placeholder.jpg", "SortSequence": 149, "Type": "Motorized", "ParkingSpaces": "100"}}, {"type": "Feature", "geometry": {"type": "Point", "coordinates": [-121.468737827722, 47.3943153041007]}, "properties": {"OBJECTID": 181, "Parking": "Sno-Park", "AreaCode": null, "Elevation": "1940'", "ProperName": "Asahel Curtis", "Comments": "New sno-park winter 2021-22", "Latitude": 47.39431531, "Longitude": -121.46873783, "Directions": "exit 47 I-90 north side of highway parking along forest road 9035", "GlobalID": "0fd08822-dd1d-471e-8c17-98820a1b829f", "ImageLink": "https://biz.parks.wa.gov/gis/images/asahel_curtis.jpg", "Permits": "daily or seasonal sno-park permits", "Amenities": "Outhouses at the end of Plowing Road", "QRcode": "https://biz.parks.wa.gov/gis/images/winter-rec-qrcode-placeholder.jpg", "SortSequence": 18, "Type": "NonMotorized", "ParkingSpaces": "30"}}, {"type": "Feature", "geometry": {"type": "Point", "coordinates": [-120.72711596405, 47.805445890017]}, "properties": {"OBJECTID": 182, "Parking": "Sno-Park", "AreaCode": "Lake Wenatchee NM", "Elevation": "1875'", "ProperName": "Lake Wenatchee South (Additional Parking)", "Comments": null, "Latitude": 47.80557735, "Longitude": -120.72727184, "Directions": "North of Leavenworth. Highway 2 west to State Route 207. South lot: Left on Cedar Brae Road to park entrance. North lot: 1 mile beyond south lot on SR 207", "GlobalID": "f6658831-c807-4693-a5e3-2562b0bda336", "ImageLink": "", "Permits": null, "Amenities": "Restrooms, Shelter", "QRcode": "https://biz.parks.wa.gov/gis/images/winter-rec-qrcode-placeholder.jpg", "SortSequence": 96, "Type": "NonMotorized", "ParkingSpaces": "Roadside"}}, {"type": "Feature", "geometry": {"type": "Point", "coordinates": [-117.441904026133, 48.7106658873809]}, "properties": {"OBJECTID": 183, "Parking": "Sno-Park", "AreaCode": null, "Elevation": "2400'", "ProperName": "Hank's Butte", "Comments": null, "Latitude": 48.71066589, "Longitude": -117.44190403, "Directions": "-", "GlobalID": "26faf139-0df2-47b3-9291-e25ff0c9e6bd", "ImageLink": "https://biz.parks.wa.gov/gis/images/WinterRecPhotoPlaceHolder.jpg", "Permits": null, "Amenities": "Restrooms", "QRcode": "https://biz.parks.wa.gov/gis/images/winter-rec-qrcode-placeholder.jpg", "SortSequence": 77, "Type": "Motorized", "ParkingSpaces": "Roadside"}}, {"type": "Feature", "geometry": {"type": "Point", "coordinates": [-118.747170529136, 48.7497109492306]}, "properties": {"OBJECTID": 186, "Parking": "Regular Parking", "AreaCode": null, "Elevation": null, "ProperName": "West Fork Trout Creek", "Comments": null, "Latitude": null, "Longitude": null, "Directions": null, "GlobalID": "75575566-fef4-4764-b7c8-b10826b27d5f", "ImageLink": null, "Permits": null, "Amenities": null, "QRcode": null, "SortSequence": null, "Type": null, "ParkingSpaces": null}}]}