{"type": "FeatureCollection", "crs": {"type": "name", "properties": {"name": "EPSG:4326"}}, "features": [{"type": "Feature", "geometry": {"type": "Point", "coordinates": [-120.6744, 47.3559]}, "properties": {"code": "W7W/CH-209", "name": "Roughhouse Mountain", "title": "CH-209 Roughhouse Mountain"}}, {"type": "Feature", "geometry": {"type": "Point", "coordinates": [-120.6086, 47.4403]}, "properties": {"code": "W7W/CH-210", "name": "Tiptop", "title": "CH-210 Tiptop"}}, {"type": "Feature", "geometry": {"type": "Point", "coordinates": [-120.5097, 47.6019]}, "properties": {"code": "W7W/CH-211", "name": "Blag Mountain", "title": "CH-211 Blag Mountain"}}, {"type": "Feature", "geometry": {"type": "Point", "coordinates": [-120.4438, 47.4195]}, "properties": {"code": "W7W/CH-212", "name": "Horse Lake Mountain", "title": "CH-212 Horse Lake Mountain"}}, {"type": "Feature", "geometry": {"type": "Point", "coordinates": [-120.3047, 48.0467]}, "properties": {"code": "W7W/CH-213", "name": "4523 Pant-Leg Peak", "title": "CH-213 4523 Pant-Leg Peak"}}, {"type": "Feature", "geometry": {"type": "Point", "coordinates": [-120.7013, 47.6164]}, "properties": {"code": "W7W/CH-214", "name": "Tumwater Mountain", "title": "CH-214 Tumwater Mountain"}}, {"type": "Feature", "geometry": {"type": "Point", "coordinates": [-120.5724, 48.229]}, "properties": {"code": "W7W/CH-215", "name": "Round Mountain", "title": "CH-215 Round Mountain"}}, {"type": "Feature", "geometry": {"type": "Point", "coordinates": [-120.5217, 47.6229]}, "properties": {"code": "W7W/CH-216", "name": "Humility Hill", "title": "CH-216 Humility Hill"}}, {"type": "Feature", "geometry": {"type": "Point", "coordinates": [-120.7935, 47.7254]}, "properties": {"code": "W7W/CH-217", "name": "4218 Sideband Mtn", "title": "CH-217 4218 Sideband Mtn"}}, {"type": "Feature", "geometry": {"type": "Point", "coordinates": [-120.7095, 47.7442]}, "properties": {"code": "W7W/CH-218", "name": "Natapoc Mountain", "title": "CH-218 Natapoc Mountain"}}, {"type": "Feature", "geometry": {"type": "Point", "coordinates": [-120.4424, 47.8072]}, "properties": {"code": "W7W/CH-219", "name": "4133 Windy Hill", "title": "CH-219 4133 Windy Hill"}}, {"type": "Feature", "geometry": {"type": "Point", "coordinates": [-120.5636, 48.1761]}, "properties": {"code": "W7W/CH-220", "name": "Domke Mountain", "title": "CH-220 Domke Mountain"}}, {"type": "Feature", "geometry": {"type": "Point", "coordinates": [-120.4887, 47.5729]}, "properties": {"code": "W7W/CH-221", "name": "Tibbetts Mountain", "title": "CH-221 Tibbetts Mountain"}}, {"type": "Feature", "geometry": {"type": "Point", "coordinates": [-120.5609, 47.6728]}, "properties": {"code": "W7W/CH-222", "name": "3855 Spectrum Mtn", "title": "CH-222 3855 Spectrum Mtn"}}, {"type": "Feature", "geometry": {"type": "Point", "coordinates": [-120.034, 47.807]}, "properties": {"code": "W7W/CH-223", "name": "Chelan Butte", "title": "CH-223 Chelan Butte"}}, {"type": "Feature", "geometry": {"type": "Point", "coordinates": [-120.2691, 47.7644]}, "properties": {"code": "W7W/CH-224", "name": "3755 Frequency Mtn", "title": "CH-224 3755 Frequency Mtn"}}, {"type": "Feature", "geometry": {"type": "Point", "coordinates": [-120.1662, 47.8323]}, "properties": {"code": "W7W/CH-225", "name": "Bear Mountain", "title": "CH-225 Bear Mountain"}}, {"type": "Feature", "geometry": {"type": "Point", "coordinates": [-120.4806, 47.4029]}, "properties": {"code": "W7W/CH-226", "name": "Sheep Rock", "title": "CH-226 Sheep Rock"}}, {"type": "Feature", "geometry": {"type": "Point", "coordinates": [-120.1634, 47.9622]}, "properties": {"code": "W7W/CH-227", "name": "Fourth of July Mountain", "title": "CH-227 Fourth of July Mountain"}}, {"type": "Feature", "geometry": {"type": "Point", "coordinates": [-120.5956, 47.4892]}, "properties": {"code": "W7W/CH-228", "name": "3500 Camas Mountain", "title": "CH-228 3500 Camas Mountain"}}, {"type": "Feature", "geometry": {"type": "Point", "coordinates": [-120.7474, 47.6805]}, "properties": {"code": "W7W/CH-229", "name": "3380 Full Wave Mtn", "title": "CH-229 3380 Full Wave Mtn"}}, {"type": "Feature", "geometry": {"type": "Point", "coordinates": [-120.1317, 47.938]}, "properties": {"code": "W7W/CH-230", "name": "3380 Half Wave Mtn", "title": "CH-230 3380 Half Wave Mtn"}}, {"type": "Feature", "geometry": {"type": "Point", "coordinates": [-120.2703, 47.691]}, "properties": {"code": "W7W/CH-231", "name": "Dick Mesa", "title": "CH-231 Dick Mesa"}}, {"type": "Feature", "geometry": {"type": "Point", "coordinates": [-121.3703, 47.1099]}, "properties": {"code": "W7W/CW-068", "name": "4907 Counterpoise Peak", "title": "CW-068 4907 Counterpoise Peak"}}, {"type": "Feature", "geometry": {"type": "Point", "coordinates": [-121.3098, 47.1852]}, "properties": {"code": "W7W/CW-069", "name": "Sleepover Peak", "title": "CW-069 Sleepover Peak"}}, {"type": "Feature", "geometry": {"type": "Point", "coordinates": [-121.3395, 47.2471]}, "properties": {"code": "W7W/CW-070", "name": "Snaggle Tree Peak", "title": "CW-070 Snaggle Tree Peak"}}, {"type": "Feature", "geometry": {"type": "Point", "coordinates": [-120.6447, 47.343]}, "properties": {"code": "W7W/CW-071", "name": "Old Pass Hill", "title": "CW-071 Old Pass Hill"}}, {"type": "Feature", "geometry": {"type": "Point", "coordinates": [-120.7552, 47.3593]}, "properties": {"code": "W7W/CW-072", "name": "Bearjack Ridge East", "title": "CW-072 Bearjack Ridge East"}}, {"type": "Feature", "geometry": {"type": "Point", "coordinates": [-120.9374, 47.3316]}, "properties": {"code": "W7W/CW-073", "name": "Teanaway Butte", "title": "CW-073 Teanaway Butte"}}, {"type": "Feature", "geometry": {"type": "Point", "coordinates": [-121.4027, 47.3225]}, "properties": {"code": "W7W/CW-074", "name": "Loser Ridge", "title": "CW-074 Loser Ridge"}}, {"type": "Feature", "geometry": {"type": "Point", "coordinates": [-121.4193, 47.2867]}, "properties": {"code": "W7W/CW-075", "name": "Big Muffin", "title": "CW-075 Big Muffin"}}, {"type": "Feature", "geometry": {"type": "Point", "coordinates": [-121.2613, 47.2935]}, "properties": {"code": "W7W/CW-076", "name": "Amabilis Mountain", "title": "CW-076 Amabilis Mountain"}}, {"type": "Feature", "geometry": {"type": "Point", "coordinates": [-121.1404, 47.2517]}, "properties": {"code": "W7W/CW-077", "name": "Easton Ridge", "title": "CW-077 Easton Ridge"}}, {"type": "Feature", "geometry": {"type": "Point", "coordinates": [-121.2389, 47.4653]}, "properties": {"code": "W7W/CW-078", "name": "Island Mountain", "title": "CW-078 Island Mountain"}}, {"type": "Feature", "geometry": {"type": "Point", "coordinates": [-120.896, 47.3331]}, "properties": {"code": "W7W/CW-079", "name": "Tarzan Butte", "title": "CW-079 Tarzan Butte"}}, {"type": "Feature", "geometry": {"type": "Point", "coordinates": [-121.3943, 47.2888]}, "properties": {"code": "W7W/CW-080", "name": "Little Muffin", "title": "CW-080 Little Muffin"}}, {"type": "Feature", "geometry": {"type": "Point", "coordinates": [-120.9653, 47.1363]}, "properties": {"code": "W7W/CW-081", "name": "4340 South Cle Elum Ridge-East Peak #1", "title": "CW-081 4340 South Cle Elum Ridge-East Peak #1"}}, {"type": "Feature", "geometry": {"type": "Point", "coordinates": [-120.1794, 47.5837]}, "properties": {"code": "W7W/CW-082", "name": "Badger Mountain", "title": "CW-082 Badger Mountain"}}, {"type": "Feature", "geometry": {"type": "Point", "coordinates": [-121.1567, 47.1914]}, "properties": {"code": "W7W/CW-083", "name": "4235 Inductance Mtn", "title": "CW-083 4235 Inductance Mtn"}}, {"type": "Feature", "geometry": {"type": "Point", "coordinates": [-121.4337, 47.3991]}, "properties": {"code": "W7W/CW-084", "name": "Ski Acres Hill", "title": "CW-084 Ski Acres Hill"}}, {"type": "Feature", "geometry": {"type": "Point", "coordinates": [-121.2788, 47.3711]}, "properties": {"code": "W7W/CW-085", "name": "4100 Snooze Peak", "title": "CW-085 4100 Snooze Peak"}}, {"type": "Feature", "geometry": {"type": "Point", "coordinates": [-120.6747, 47.191]}, "properties": {"code": "W7W/CW-086", "name": "3942 Mt Transistor", "title": "CW-086 3942 Mt Transistor"}}, {"type": "Feature", "geometry": {"type": "Point", "coordinates": [-120.9906, 47.2532]}, "properties": {"code": "W7W/CW-087", "name": "Cle Elum Ridge", "title": "CW-087 Cle Elum Ridge"}}, {"type": "Feature", "geometry": {"type": "Point", "coordinates": [-121.2012, 47.2285]}, "properties": {"code": "W7W/CW-088", "name": "Monahan Mountain", "title": "CW-088 Monahan Mountain"}}, {"type": "Feature", "geometry": {"type": "Point", "coordinates": [-120.1848, 46.8601]}, "properties": {"code": "W7W/CW-089", "name": "Saddle Mountains (HP)", "title": "CW-089 Saddle Mountains (HP)"}}, {"type": "Feature", "geometry": {"type": "Point", "coordinates": [-121.1306, 47.1874]}, "properties": {"code": "W7W/CW-090", "name": "3460 Little Peak", "title": "CW-090 3460 Little Peak"}}, {"type": "Feature", "geometry": {"type": "Point", "coordinates": [-120.243, 46.8877]}, "properties": {"code": "W7W/CW-091", "name": "Boylston Mountains (HP)", "title": "CW-091 Boylston Mountains (HP)"}}, {"type": "Feature", "geometry": {"type": "Point", "coordinates": [-120.7819, 47.1768]}, "properties": {"code": "W7W/CW-092", "name": "Lookout Mountain", "title": "CW-092 Lookout Mountain"}}, {"type": "Feature", "geometry": {"type": "Point", "coordinates": [-121.1545, 47.2055]}, "properties": {"code": "W7W/CW-093", "name": "3366 Radial Peak", "title": "CW-093 3366 Radial Peak"}}, {"type": "Feature", "geometry": {"type": "Point", "coordinates": [-118.4047, 48.5298]}, "properties": {"code": "W7W/FR-053", "name": "4900 Sensitivity Summit", "title": "FR-053 4900 Sensitivity Summit"}}, {"type": "Feature", "geometry": {"type": "Point", "coordinates": [-118.3777, 48.5295]}, "properties": {"code": "W7W/FR-054", "name": "Cedar Ridge", "title": "FR-054 Cedar Ridge"}}, {"type": "Feature", "geometry": {"type": "Point", "coordinates": [-118.2906, 48.8485]}, "properties": {"code": "W7W/FR-055", "name": "North Boulder Ridge", "title": "FR-055 North Boulder Ridge"}}, {"type": "Feature", "geometry": {"type": "Point", "coordinates": [-118.6423, 48.5088]}, "properties": {"code": "W7W/FR-056", "name": "Thirteenmile Mountain", "title": "FR-056 Thirteenmile Mountain"}}, {"type": "Feature", "geometry": {"type": "Point", "coordinates": [-118.3203, 48.7266]}, "properties": {"code": "W7W/FR-057", "name": "Alligator Ridge", "title": "FR-057 Alligator Ridge"}}, {"type": "Feature", "geometry": {"type": "Point", "coordinates": [-118.5983, 48.5559]}, "properties": {"code": "W7W/FR-058", "name": "Iron Mountain", "title": "FR-058 Iron Mountain"}}, {"type": "Feature", "geometry": {"type": "Point", "coordinates": [-118.7955, 48.0615]}, "properties": {"code": "W7W/FR-059", "name": "Keller Butte", "title": "FR-059 Keller Butte"}}, {"type": "Feature", "geometry": {"type": "Point", "coordinates": [-118.67, 48.5696]}, "properties": {"code": "W7W/FR-060", "name": "Quartz Mountain", "title": "FR-060 Quartz Mountain"}}, {"type": "Feature", "geometry": {"type": "Point", "coordinates": [-118.4063, 48.4217]}, "properties": {"code": "W7W/FR-061", "name": "Sitdown Mountain", "title": "FR-061 Sitdown Mountain"}}, {"type": "Feature", "geometry": {"type": "Point", "coordinates": [-118.8447, 48.369]}, "properties": {"code": "W7W/FR-062", "name": "Central Peak", "title": "FR-062 Central Peak"}}, {"type": "Feature", "geometry": {"type": "Point", "coordinates": [-118.5093, 48.0218]}, "properties": {"code": "W7W/FR-063", "name": "Whitestone Ridge", "title": "FR-063 Whitestone Ridge"}}, {"type": "Feature", "geometry": {"type": "Point", "coordinates": [-118.6623, 48.3414]}, "properties": {"code": "W7W/FR-064", "name": "Cody Butte", "title": "FR-064 Cody Butte"}}, {"type": "Feature", "geometry": {"type": "Point", "coordinates": [-118.6081, 48.5907]}, "properties": {"code": "W7W/FR-065", "name": "Murphy Hill", "title": "FR-065 Murphy Hill"}}, {"type": "Feature", "geometry": {"type": "Point", "coordinates": [-118.2883, 48.8922]}, "properties": {"code": "W7W/FR-066", "name": "Jasper Mountain", "title": "FR-066 Jasper Mountain"}}, {"type": "Feature", "geometry": {"type": "Point", "coordinates": [-118.3558, 48.493]}, "properties": {"code": "W7W/FR-067", "name": "Dollar Mountain", "title": "FR-067 Dollar Mountain"}}, {"type": "Feature", "geometry": {"type": "Point", "coordinates": [-118.467, 48.1805]}, "properties": {"code": "W7W/FR-068", "name": "Gold Mountain", "title": "FR-068 Gold Mountain"}}, {"type": "Feature", "geometry": {"type": "Point", "coordinates": [-118.6396, 48.3826]}, "properties": {"code": "W7W/FR-069", "name": "4639 Rotator Mtn", "title": "FR-069 4639 Rotator Mtn"}}, {"type": "Feature", "geometry": {"type": "Point", "coordinates": [-118.4926, 47.9868]}, "properties": {"code": "W7W/FR-070", "name": "4622 Preamplifier Pk", "title": "FR-070 4622 Preamplifier Pk"}}, {"type": "Feature", "geometry": {"type": "Point", "coordinates": [-118.7046, 48.8073]}, "properties": {"code": "W7W/FR-071", "name": "4464 Modulator Mtn", "title": "FR-071 4464 Modulator Mtn"}}, {"type": "Feature", "geometry": {"type": "Point", "coordinates": [-118.2063, 48.6688]}, "properties": {"code": "W7W/FR-072", "name": "4455 Mt J-Pole", "title": "FR-072 4455 Mt J-Pole"}}, {"type": "Feature", "geometry": {"type": "Point", "coordinates": [-118.7909, 48.6223]}, "properties": {"code": "W7W/FR-073", "name": "Copper Mountain", "title": "FR-073 Copper Mountain"}}, {"type": "Feature", "geometry": {"type": "Point", "coordinates": [-118.7945, 48.1454]}, "properties": {"code": "W7W/FR-074", "name": "4393 Lower Sideband Mtn", "title": "FR-074 4393 Lower Sideband Mtn"}}, {"type": "Feature", "geometry": {"type": "Point", "coordinates": [-118.5228, 48.8139]}, "properties": {"code": "W7W/FR-075", "name": "4353 Meteor Scatter Pk", "title": "FR-075 4353 Meteor Scatter Pk"}}, {"type": "Feature", "geometry": {"type": "Point", "coordinates": [-118.8345, 48.9742]}, "properties": {"code": "W7W/FR-076", "name": "Graphite Mountain", "title": "FR-076 Graphite Mountain"}}, {"type": "Feature", "geometry": {"type": "Point", "coordinates": [-118.6009, 48.2872]}, "properties": {"code": "W7W/FR-077", "name": "4339 Keyer Summit", "title": "FR-077 4339 Keyer Summit"}}, {"type": "Feature", "geometry": {"type": "Point", "coordinates": [-118.4769, 48.2283]}, "properties": {"code": "W7W/FR-078", "name": "4337 Mt Inductance", "title": "FR-078 4337 Mt Inductance"}}, {"type": "Feature", "geometry": {"type": "Point", "coordinates": [-118.4485, 47.9652]}, "properties": {"code": "W7W/FR-079", "name": "4288 Multiband Mtn", "title": "FR-079 4288 Multiband Mtn"}}, {"type": "Feature", "geometry": {"type": "Point", "coordinates": [-118.7949, 48.9641]}, "properties": {"code": "W7W/FR-080", "name": "4180 Transponder Mtn", "title": "FR-080 4180 Transponder Mtn"}}, {"type": "Feature", "geometry": {"type": "Point", "coordinates": [-118.3501, 48.3261]}, "properties": {"code": "W7W/FR-081", "name": "4180 Mt Telescope", "title": "FR-081 4180 Mt Telescope"}}, {"type": "Feature", "geometry": {"type": "Point", "coordinates": [-118.6069, 48.1704]}, "properties": {"code": "W7W/FR-082", "name": "4180 Steam Peak", "title": "FR-082 4180 Steam Peak"}}, {"type": "Feature", "geometry": {"type": "Point", "coordinates": [-118.6278, 48.208]}, "properties": {"code": "W7W/FR-083", "name": "Louie Benchmark", "title": "FR-083 Louie Benchmark"}}, {"type": "Feature", "geometry": {"type": "Point", "coordinates": [-118.6591, 48.1777]}, "properties": {"code": "W7W/FR-084", "name": "4156 Mt Conversion", "title": "FR-084 4156 Mt Conversion"}}, {"type": "Feature", "geometry": {"type": "Point", "coordinates": [-118.7839, 48.4975]}, "properties": {"code": "W7W/FR-085", "name": "4140 Bug Mtn", "title": "FR-085 4140 Bug Mtn"}}, {"type": "Feature", "geometry": {"type": "Point", "coordinates": [-118.6702, 48.4183]}, "properties": {"code": "W7W/FR-086", "name": "4125 Mt Backscatter", "title": "FR-086 4125 Mt Backscatter"}}, {"type": "Feature", "geometry": {"type": "Point", "coordinates": [-118.6577, 48.8396]}, "properties": {"code": "W7W/FR-087", "name": "4123 Amateur Radio Pk", "title": "FR-087 4123 Amateur Radio Pk"}}, {"type": "Feature", "geometry": {"type": "Point", "coordinates": [-118.7729, 48.21]}, "properties": {"code": "W7W/FR-088", "name": "4116 Mt Clarifier", "title": "FR-088 4116 Mt Clarifier"}}, {"type": "Feature", "geometry": {"type": "Point", "coordinates": [-118.3486, 48.184]}, "properties": {"code": "W7W/FR-089", "name": "4105 Bear Hide Peak", "title": "FR-089 4105 Bear Hide Peak"}}, {"type": "Feature", "geometry": {"type": "Point", "coordinates": [-118.7249, 48.6875]}, "properties": {"code": "W7W/FR-090", "name": "Klondike Mountain", "title": "FR-090 Klondike Mountain"}}, {"type": "Feature", "geometry": {"type": "Point", "coordinates": [-118.6939, 48.412]}, "properties": {"code": "W7W/FR-091", "name": "4099 Coaxial Summit", "title": "FR-091 4099 Coaxial Summit"}}, {"type": "Feature", "geometry": {"type": "Point", "coordinates": [-118.4436, 47.9111]}, "properties": {"code": "W7W/FR-092", "name": "Johnny George Mountain", "title": "FR-092 Johnny George Mountain"}}, {"type": "Feature", "geometry": {"type": "Point", "coordinates": [-118.3538, 48.2239]}, "properties": {"code": "W7W/FR-093", "name": "4083 Mt Bandwidth", "title": "FR-093 4083 Mt Bandwidth"}}, {"type": "Feature", "geometry": {"type": "Point", "coordinates": [-118.6811, 48.5134]}, "properties": {"code": "W7W/FR-094", "name": "Cougar Mountain", "title": "FR-094 Cougar Mountain"}}, {"type": "Feature", "geometry": {"type": "Point", "coordinates": [-118.6948, 48.4674]}, "properties": {"code": "W7W/FR-095", "name": "4074 Capacitance Pk", "title": "FR-095 4074 Capacitance Pk"}}, {"type": "Feature", "geometry": {"type": "Point", "coordinates": [-118.7635, 47.9976]}, "properties": {"code": "W7W/FR-096", "name": "Mica Mountain", "title": "FR-096 Mica Mountain"}}, {"type": "Feature", "geometry": {"type": "Point", "coordinates": [-118.2211, 48.5668]}, "properties": {"code": "W7W/FR-097", "name": "Bangs Mountain", "title": "FR-097 Bangs Mountain"}}, {"type": "Feature", "geometry": {"type": "Point", "coordinates": [-118.7871, 48.3073]}, "properties": {"code": "W7W/FR-098", "name": "4012 Nanamkin Peak", "title": "FR-098 4012 Nanamkin Peak"}}, {"type": "Feature", "geometry": {"type": "Point", "coordinates": [-118.3896, 48.2176]}, "properties": {"code": "W7W/FR-099", "name": "4008 Near Vertical Incidence Pk", "title": "FR-099 4008 Near Vertical Incidence Pk"}}, {"type": "Feature", "geometry": {"type": "Point", "coordinates": [-118.6759, 48.3936]}, "properties": {"code": "W7W/FR-100", "name": "4003 Monoband Mtn", "title": "FR-100 4003 Monoband Mtn"}}, {"type": "Feature", "geometry": {"type": "Point", "coordinates": [-118.6422, 48.2479]}, "properties": {"code": "W7W/FR-101", "name": "3978 Intermediate Frequency Pk", "title": "FR-101 3978 Intermediate Frequency Pk"}}, {"type": "Feature", "geometry": {"type": "Point", "coordinates": [-118.3192, 48.1805]}, "properties": {"code": "W7W/FR-102", "name": "3962 Megahertz Mtn", "title": "FR-102 3962 Megahertz Mtn"}}, {"type": "Feature", "geometry": {"type": "Point", "coordinates": [-118.4278, 48.2493]}, "properties": {"code": "W7W/FR-103", "name": "3953 Mt Rhombic", "title": "FR-103 3953 Mt Rhombic"}}, {"type": "Feature", "geometry": {"type": "Point", "coordinates": [-118.7294, 48.2607]}, "properties": {"code": "W7W/FR-104", "name": "Cub Benchmark", "title": "FR-104 Cub Benchmark"}}, {"type": "Feature", "geometry": {"type": "Point", "coordinates": [-118.7085, 48.3874]}, "properties": {"code": "W7W/FR-105", "name": "3926 Scanner Summit", "title": "FR-105 3926 Scanner Summit"}}, {"type": "Feature", "geometry": {"type": "Point", "coordinates": [-118.726, 48.7246]}, "properties": {"code": "W7W/FR-106", "name": "Bald Peak", "title": "FR-106 Bald Peak"}}, {"type": "Feature", "geometry": {"type": "Point", "coordinates": [-118.5773, 48.2194]}, "properties": {"code": "W7W/FR-107", "name": "3892 Quarter Wave Pk", "title": "FR-107 3892 Quarter Wave Pk"}}, {"type": "Feature", "geometry": {"type": "Point", "coordinates": [-118.3214, 48.2791]}, "properties": {"code": "W7W/FR-108", "name": "Moon Mountain", "title": "FR-108 Moon Mountain"}}, {"type": "Feature", "geometry": {"type": "Point", "coordinates": [-118.8191, 48.2293]}, "properties": {"code": "W7W/FR-109", "name": "3860 Pentode Pk", "title": "FR-109 3860 Pentode Pk"}}, {"type": "Feature", "geometry": {"type": "Point", "coordinates": [-118.3189, 48.1189]}, "properties": {"code": "W7W/FR-110", "name": "3820 Middle Mountain South", "title": "FR-110 3820 Middle Mountain South"}}, {"type": "Feature", "geometry": {"type": "Point", "coordinates": [-118.5894, 47.9843]}, "properties": {"code": "W7W/FR-111", "name": "3820 Aurora Mtn", "title": "FR-111 3820 Aurora Mtn"}}, {"type": "Feature", "geometry": {"type": "Point", "coordinates": [-118.5934, 48.767]}, "properties": {"code": "W7W/FR-112", "name": "3794 CW Ops Pk", "title": "FR-112 3794 CW Ops Pk"}}, {"type": "Feature", "geometry": {"type": "Point", "coordinates": [-118.7838, 48.571]}, "properties": {"code": "W7W/FR-113", "name": "3780 Mt Deviation", "title": "FR-113 3780 Mt Deviation"}}, {"type": "Feature", "geometry": {"type": "Point", "coordinates": [-118.7078, 48.0557]}, "properties": {"code": "W7W/FR-114", "name": "Mount Tolman", "title": "FR-114 Mount Tolman"}}, {"type": "Feature", "geometry": {"type": "Point", "coordinates": [-118.3226, 48.4814]}, "properties": {"code": "W7W/FR-115", "name": "3540 D-Layer Pk", "title": "FR-115 3540 D-Layer Pk"}}, {"type": "Feature", "geometry": {"type": "Point", "coordinates": [-118.2885, 48.4334]}, "properties": {"code": "W7W/FR-116", "name": "Brush Mountain", "title": "FR-116 Brush Mountain"}}, {"type": "Feature", "geometry": {"type": "Point", "coordinates": [-118.534, 48.0885]}, "properties": {"code": "W7W/FR-117", "name": "Sclome Mountain", "title": "FR-117 Sclome Mountain"}}, {"type": "Feature", "geometry": {"type": "Point", "coordinates": [-118.2554, 48.381]}, "properties": {"code": "W7W/FR-118", "name": "Rainy Ridge", "title": "FR-118 Rainy Ridge"}}, {"type": "Feature", "geometry": {"type": "Point", "coordinates": [-118.2496, 48.4831]}, "properties": {"code": "W7W/FR-119", "name": "Staehly Mountain", "title": "FR-119 Staehly Mountain"}}, {"type": "Feature", "geometry": {"type": "Point", "coordinates": [-118.3184, 48.3395]}, "properties": {"code": "W7W/FR-120", "name": "3354 Break In Butte", "title": "FR-120 3354 Break In Butte"}}, {"type": "Feature", "geometry": {"type": "Point", "coordinates": [-118.2708, 48.2265]}, "properties": {"code": "W7W/FR-121", "name": "3311 Critical Frequency Pk", "title": "FR-121 3311 Critical Frequency Pk"}}, {"type": "Feature", "geometry": {"type": "Point", "coordinates": [-118.2972, 48.4735]}, "properties": {"code": "W7W/FR-122", "name": "Ant Mountain", "title": "FR-122 Ant Mountain"}}, {"type": "Feature", "geometry": {"type": "Point", "coordinates": [-118.7016, 48.5981]}, "properties": {"code": "W7W/FR-134", "name": "4192", "title": "FR-134 4192"}}, {"type": "Feature", "geometry": {"type": "Point", "coordinates": [-118.7146, 48.5543]}, "properties": {"code": "W7W/FR-135", "name": "Brown Mountain", "title": "FR-135 Brown Mountain"}}, {"type": "Feature", "geometry": {"type": "Point", "coordinates": [-118.7799, 48.5259]}, "properties": {"code": "W7W/FR-136", "name": "3872", "title": "FR-136 3872"}}, {"type": "Feature", "geometry": {"type": "Point", "coordinates": [-118.6442, 48.1175]}, "properties": {"code": "W7W/FR-137", "name": "3598", "title": "FR-137 3598"}}, {"type": "Feature", "geometry": {"type": "Point", "coordinates": [-121.5624, 47.1573]}, "properties": {"code": "W7W/KG-093", "name": "Huckleberry Mountain", "title": "KG-093 Huckleberry Mountain"}}, {"type": "Feature", "geometry": {"type": "Point", "coordinates": [-121.5285, 47.1485]}, "properties": {"code": "W7W/KG-094", "name": "Divide Ridge", "title": "KG-094 Divide Ridge"}}, {"type": "Feature", "geometry": {"type": "Point", "coordinates": [-121.6951, 47.509]}, "properties": {"code": "W7W/KG-095", "name": "Mount Teneriffe", "title": "KG-095 Mount Teneriffe"}}, {"type": "Feature", "geometry": {"type": "Point", "coordinates": [-121.6483, 47.578]}, "properties": {"code": "W7W/KG-096", "name": "Hancocks Comb", "title": "KG-096 Hancocks Comb"}}, {"type": "Feature", "geometry": {"type": "Point", "coordinates": [-121.562, 47.6384]}, "properties": {"code": "W7W/KG-097", "name": "Big Kid", "title": "KG-097 Big Kid"}}, {"type": "Feature", "geometry": {"type": "Point", "coordinates": [-121.5796, 47.5636]}, "properties": {"code": "W7W/KG-098", "name": "Quartz Mountain", "title": "KG-098 Quartz Mountain"}}, {"type": "Feature", "geometry": {"type": "Point", "coordinates": [-121.5403, 47.367]}, "properties": {"code": "W7W/KG-099", "name": "Little St. Helens", "title": "KG-099 Little St. Helens"}}, {"type": "Feature", "geometry": {"type": "Point", "coordinates": [-121.4765, 47.2617]}, "properties": {"code": "W7W/KG-100", "name": "Rumble Mountain", "title": "KG-100 Rumble Mountain"}}, {"type": "Feature", "geometry": {"type": "Point", "coordinates": [-121.5518, 47.5214]}, "properties": {"code": "W7W/KG-101", "name": "The Pulpit", "title": "KG-101 The Pulpit"}}, {"type": "Feature", "geometry": {"type": "Point", "coordinates": [-121.3637, 47.7502]}, "properties": {"code": "W7W/KG-102", "name": "Skyhomelyish Mountain", "title": "KG-102 Skyhomelyish Mountain"}}, {"type": "Feature", "geometry": {"type": "Point", "coordinates": [-121.5914, 47.5638]}, "properties": {"code": "W7W/KG-103", "name": "Bessequartz", "title": "KG-103 Bessequartz"}}, {"type": "Feature", "geometry": {"type": "Point", "coordinates": [-121.6066, 47.7363]}, "properties": {"code": "W7W/KG-104", "name": "Appomattox Spire", "title": "KG-104 Appomattox Spire"}}, {"type": "Feature", "geometry": {"type": "Point", "coordinates": [-121.569, 47.368]}, "properties": {"code": "W7W/KG-105", "name": "Mount Gardner", "title": "KG-105 Mount Gardner"}}, {"type": "Feature", "geometry": {"type": "Point", "coordinates": [-121.364, 47.2799]}, "properties": {"code": "W7W/KG-106", "name": "Dandy Peak", "title": "KG-106 Dandy Peak"}}, {"type": "Feature", "geometry": {"type": "Point", "coordinates": [-121.7956, 47.2038]}, "properties": {"code": "W7W/KG-107", "name": "Grass Mountain", "title": "KG-107 Grass Mountain"}}, {"type": "Feature", "geometry": {"type": "Point", "coordinates": [-121.7119, 47.1913]}, "properties": {"code": "W7W/KG-108", "name": "East Grass Mountain", "title": "KG-108 East Grass Mountain"}}, {"type": "Feature", "geometry": {"type": "Point", "coordinates": [-121.4485, 47.2482]}, "properties": {"code": "W7W/KG-109", "name": "Deconstruction Hill", "title": "KG-109 Deconstruction Hill"}}, {"type": "Feature", "geometry": {"type": "Point", "coordinates": [-121.8497, 47.2504]}, "properties": {"code": "W7W/KG-110", "name": "Grass Mountain North", "title": "KG-110 Grass Mountain North"}}, {"type": "Feature", "geometry": {"type": "Point", "coordinates": [-121.8354, 47.2753]}, "properties": {"code": "W7W/KG-111", "name": "Hudson Mountain", "title": "KG-111 Hudson Mountain"}}, {"type": "Feature", "geometry": {"type": "Point", "coordinates": [-121.8286, 47.3167]}, "properties": {"code": "W7W/KG-112", "name": "McDonald Mountain", "title": "KG-112 McDonald Mountain"}}, {"type": "Feature", "geometry": {"type": "Point", "coordinates": [-121.8037, 47.4512]}, "properties": {"code": "W7W/KG-113", "name": "Rattlesnake Mountain", "title": "KG-113 Rattlesnake Mountain"}}, {"type": "Feature", "geometry": {"type": "Point", "coordinates": [-121.5855, 47.3101]}, "properties": {"code": "W7W/KG-150", "name": "4759", "title": "KG-150 4759"}}, {"type": "Feature", "geometry": {"type": "Point", "coordinates": [-121.641, 47.2654]}, "properties": {"code": "W7W/KG-151", "name": "Cougar Mountain", "title": "KG-151 Cougar Mountain"}}, {"type": "Feature", "geometry": {"type": "Point", "coordinates": [-121.6268, 47.2878]}, "properties": {"code": "W7W/KG-152", "name": "4500", "title": "KG-152 4500"}}, {"type": "Feature", "geometry": {"type": "Point", "coordinates": [-121.6823, 47.3336]}, "properties": {"code": "W7W/KG-153", "name": "Mount Lindsay", "title": "KG-153 Mount Lindsay"}}, {"type": "Feature", "geometry": {"type": "Point", "coordinates": [-121.6314, 47.6863]}, "properties": {"code": "W7W/KG-154", "name": "High Devil", "title": "KG-154 High Devil"}}, {"type": "Feature", "geometry": {"type": "Point", "coordinates": [-121.752, 47.3859]}, "properties": {"code": "W7W/KG-155", "name": "4140", "title": "KG-155 4140"}}, {"type": "Feature", "geometry": {"type": "Point", "coordinates": [-121.5731, 47.2501]}, "properties": {"code": "W7W/KG-156", "name": "Rooster Comb Mountain", "title": "KG-156 Rooster Comb Mountain"}}, {"type": "Feature", "geometry": {"type": "Point", "coordinates": [-121.7341, 47.3681]}, "properties": {"code": "W7W/KG-157", "name": "4060", "title": "KG-157 4060"}}, {"type": "Feature", "geometry": {"type": "Point", "coordinates": [-122.2238, 46.3363]}, "properties": {"code": "W7W/LC-038", "name": "4900 CW Ops Pk", "title": "LC-038 4900 CW Ops Pk"}}, {"type": "Feature", "geometry": {"type": "Point", "coordinates": [-121.7346, 46.3447]}, "properties": {"code": "W7W/LC-039", "name": "Spud Hill", "title": "LC-039 Spud Hill"}}, {"type": "Feature", "geometry": {"type": "Point", "coordinates": [-121.8397, 46.0546]}, "properties": {"code": "W7W/LC-040", "name": "Lone Butte", "title": "LC-040 Lone Butte"}}, {"type": "Feature", "geometry": {"type": "Point", "coordinates": [-121.7047, 45.8853]}, "properties": {"code": "W7W/LC-041", "name": "Little Huckleberry Mountain", "title": "LC-041 Little Huckleberry Mountain"}}, {"type": "Feature", "geometry": {"type": "Point", "coordinates": [-122.3193, 46.2523]}, "properties": {"code": "W7W/LC-042", "name": "Spud Mountain", "title": "LC-042 Spud Mountain"}}, {"type": "Feature", "geometry": {"type": "Point", "coordinates": [-121.7712, 46.1173]}, "properties": {"code": "W7W/LC-043", "name": "West Twin Butte", "title": "LC-043 West Twin Butte"}}, {"type": "Feature", "geometry": {"type": "Point", "coordinates": [-122.2177, 46.3512]}, "properties": {"code": "W7W/LC-044", "name": "4657 Mt Duplex", "title": "LC-044 4657 Mt Duplex"}}, {"type": "Feature", "geometry": {"type": "Point", "coordinates": [-122.074, 46.3053]}, "properties": {"code": "W7W/LC-045", "name": "Bismark Mountain", "title": "LC-045 Bismark Mountain"}}, {"type": "Feature", "geometry": {"type": "Point", "coordinates": [-122.2974, 46.2469]}, "properties": {"code": "W7W/LC-046", "name": "Castle Peak", "title": "LC-046 Castle Peak"}}, {"type": "Feature", "geometry": {"type": "Point", "coordinates": [-122.2648, 46.1893]}, "properties": {"code": "W7W/LC-047", "name": "4620 Extra Class Mtn", "title": "LC-047 4620 Extra Class Mtn"}}, {"type": "Feature", "geometry": {"type": "Point", "coordinates": [-122.1239, 46.2569]}, "properties": {"code": "W7W/LC-048", "name": "Windy Ridge", "title": "LC-048 Windy Ridge"}}, {"type": "Feature", "geometry": {"type": "Point", "coordinates": [-122.3583, 46.1891]}, "properties": {"code": "W7W/LC-049", "name": "4598 Mt Full Wave", "title": "LC-049 4598 Mt Full Wave"}}, {"type": "Feature", "geometry": {"type": "Point", "coordinates": [-121.8025, 46.1172]}, "properties": {"code": "W7W/LC-050", "name": "Squaw Butte", "title": "LC-050 Squaw Butte"}}, {"type": "Feature", "geometry": {"type": "Point", "coordinates": [-122.273, 46.2224]}, "properties": {"code": "W7W/LC-051", "name": "4562 Mt Ground Wave", "title": "LC-051 4562 Mt Ground Wave"}}, {"type": "Feature", "geometry": {"type": "Point", "coordinates": [-122.0563, 45.8831]}, "properties": {"code": "W7W/LC-052", "name": "West Soda Peaks", "title": "LC-052 West Soda Peaks"}}, {"type": "Feature", "geometry": {"type": "Point", "coordinates": [-122.4622, 46.132]}, "properties": {"code": "W7W/LC-053", "name": "Elk Mountain", "title": "LC-053 Elk Mountain"}}, {"type": "Feature", "geometry": {"type": "Point", "coordinates": [-122.0317, 46.2522]}, "properties": {"code": "W7W/LC-054", "name": "4500 High Power Mtn", "title": "LC-054 4500 High Power Mtn"}}, {"type": "Feature", "geometry": {"type": "Point", "coordinates": [-122.1244, 45.8611]}, "properties": {"code": "W7W/LC-055", "name": "Green Lookout Mountain", "title": "LC-055 Green Lookout Mountain"}}, {"type": "Feature", "geometry": {"type": "Point", "coordinates": [-121.6146, 46.0271]}, "properties": {"code": "W7W/LC-056", "name": "Flattop Mountain", "title": "LC-056 Flattop Mountain"}}, {"type": "Feature", "geometry": {"type": "Point", "coordinates": [-122.1007, 45.8726]}, "properties": {"code": "W7W/LC-057", "name": "West Twin Rocks", "title": "LC-057 West Twin Rocks"}}, {"type": "Feature", "geometry": {"type": "Point", "coordinates": [-122.2389, 45.7478]}, "properties": {"code": "W7W/LC-058", "name": "Silver Star Mountain", "title": "LC-058 Silver Star Mountain"}}, {"type": "Feature", "geometry": {"type": "Point", "coordinates": [-122.0518, 45.9672]}, "properties": {"code": "W7W/LC-059", "name": "Timbered Peak", "title": "LC-059 Timbered Peak"}}, {"type": "Feature", "geometry": {"type": "Point", "coordinates": [-122.3466, 46.2971]}, "properties": {"code": "W7W/LC-060", "name": "Elk Rock", "title": "LC-060 Elk Rock"}}, {"type": "Feature", "geometry": {"type": "Point", "coordinates": [-122.0717, 45.9101]}, "properties": {"code": "W7W/LC-061", "name": "Bare Mountain", "title": "LC-061 Bare Mountain"}}, {"type": "Feature", "geometry": {"type": "Point", "coordinates": [-122.1096, 45.8432]}, "properties": {"code": "W7W/LC-062", "name": "4340 Mt Continuity", "title": "LC-062 4340 Mt Continuity"}}, {"type": "Feature", "geometry": {"type": "Point", "coordinates": [-122.1271, 45.9162]}, "properties": {"code": "W7W/LC-063", "name": "Calamity Peak", "title": "LC-063 Calamity Peak"}}, {"type": "Feature", "geometry": {"type": "Point", "coordinates": [-122.044, 45.9352]}, "properties": {"code": "W7W/LC-064", "name": "Sister Rocks", "title": "LC-064 Sister Rocks"}}, {"type": "Feature", "geometry": {"type": "Point", "coordinates": [-121.9416, 46.1607]}, "properties": {"code": "W7W/LC-065", "name": "Spencer Butte", "title": "LC-065 Spencer Butte"}}, {"type": "Feature", "geometry": {"type": "Point", "coordinates": [-122.1043, 45.7997]}, "properties": {"code": "W7W/LC-066", "name": "Lookout Mountain", "title": "LC-066 Lookout Mountain"}}, {"type": "Feature", "geometry": {"type": "Point", "coordinates": [-122.0857, 45.8173]}, "properties": {"code": "W7W/LC-067", "name": "4220 D-Layer Mtn", "title": "LC-067 4220 D-Layer Mtn"}}, {"type": "Feature", "geometry": {"type": "Point", "coordinates": [-122.4056, 46.1774]}, "properties": {"code": "W7W/LC-068", "name": "Big Bull", "title": "LC-068 Big Bull"}}, {"type": "Feature", "geometry": {"type": "Point", "coordinates": [-121.7836, 45.8472]}, "properties": {"code": "W7W/LC-069", "name": "Big Huckleberry Mountain", "title": "LC-069 Big Huckleberry Mountain"}}, {"type": "Feature", "geometry": {"type": "Point", "coordinates": [-121.751, 45.9109]}, "properties": {"code": "W7W/LC-070", "name": "Crater Benchmark", "title": "LC-070 Crater Benchmark"}}, {"type": "Feature", "geometry": {"type": "Point", "coordinates": [-121.788, 45.8881]}, "properties": {"code": "W7W/LC-071", "name": "4180 Capacitor Pk", "title": "LC-071 4180 Capacitor Pk"}}, {"type": "Feature", "geometry": {"type": "Point", "coordinates": [-121.6408, 46.0119]}, "properties": {"code": "W7W/LC-072", "name": "Peterson Ridge", "title": "LC-072 Peterson Ridge"}}, {"type": "Feature", "geometry": {"type": "Point", "coordinates": [-122.1305, 45.9925]}, "properties": {"code": "W7W/LC-073", "name": "Siouxon Peak", "title": "LC-073 Siouxon Peak"}}, {"type": "Feature", "geometry": {"type": "Point", "coordinates": [-121.858, 46.0786]}, "properties": {"code": "W7W/LC-074", "name": "Crazy Hills", "title": "LC-074 Crazy Hills"}}, {"type": "Feature", "geometry": {"type": "Point", "coordinates": [-122.1291, 46.1089]}, "properties": {"code": "W7W/LC-075", "name": "Marble Mountain", "title": "LC-075 Marble Mountain"}}, {"type": "Feature", "geometry": {"type": "Point", "coordinates": [-122.1627, 45.9798]}, "properties": {"code": "W7W/LC-076", "name": "Huffman Peak", "title": "LC-076 Huffman Peak"}}, {"type": "Feature", "geometry": {"type": "Point", "coordinates": [-121.979, 46.2271]}, "properties": {"code": "W7W/LC-077", "name": "4100 Mt Bug", "title": "LC-077 4100 Mt Bug"}}, {"type": "Feature", "geometry": {"type": "Point", "coordinates": [-122.075, 46.256]}, "properties": {"code": "W7W/LC-078", "name": "4100 Display Pk", "title": "LC-078 4100 Display Pk"}}, {"type": "Feature", "geometry": {"type": "Point", "coordinates": [-122.0873, 45.8587]}, "properties": {"code": "W7W/LC-079", "name": "4100 Circuitboard Mtn", "title": "LC-079 4100 Circuitboard Mtn"}}, {"type": "Feature", "geometry": {"type": "Point", "coordinates": [-122.2875, 46.132]}, "properties": {"code": "W7W/LC-080", "name": "4020 Break In Pk", "title": "LC-080 4020 Break In Pk"}}, {"type": "Feature", "geometry": {"type": "Point", "coordinates": [-121.6138, 46.0841]}, "properties": {"code": "W7W/LC-081", "name": "Haystack Butte", "title": "LC-081 Haystack Butte"}}, {"type": "Feature", "geometry": {"type": "Point", "coordinates": [-121.6609, 45.9241]}, "properties": {"code": "W7W/LC-082", "name": "Wo-Mann Butte", "title": "LC-082 Wo-Mann Butte"}}, {"type": "Feature", "geometry": {"type": "Point", "coordinates": [-122.1932, 46.0309]}, "properties": {"code": "W7W/LC-083", "name": "Mount Mitchell", "title": "LC-083 Mount Mitchell"}}, {"type": "Feature", "geometry": {"type": "Point", "coordinates": [-121.9627, 45.9921]}, "properties": {"code": "W7W/LC-084", "name": "Termination Point", "title": "LC-084 Termination Point"}}, {"type": "Feature", "geometry": {"type": "Point", "coordinates": [-122.2226, 45.7609]}, "properties": {"code": "W7W/LC-085", "name": "3977 Discriminator Pk", "title": "LC-085 3977 Discriminator Pk"}}, {"type": "Feature", "geometry": {"type": "Point", "coordinates": [-121.6432, 45.9415]}, "properties": {"code": "W7W/LC-086", "name": "Mann Butte", "title": "LC-086 Mann Butte"}}, {"type": "Feature", "geometry": {"type": "Point", "coordinates": [-122.1715, 46.0283]}, "properties": {"code": "W7W/LC-087", "name": "3970 Contest Pk", "title": "LC-087 3970 Contest Pk"}}, {"type": "Feature", "geometry": {"type": "Point", "coordinates": [-122.1702, 45.7919]}, "properties": {"code": "W7W/LC-088", "name": "McKinley Ridge", "title": "LC-088 McKinley Ridge"}}, {"type": "Feature", "geometry": {"type": "Point", "coordinates": [-122.163, 45.8512]}, "properties": {"code": "W7W/LC-089", "name": "Saturday Rock", "title": "LC-089 Saturday Rock"}}, {"type": "Feature", "geometry": {"type": "Point", "coordinates": [-122.4028, 46.0676]}, "properties": {"code": "W7W/LC-090", "name": "Lakeview Peak", "title": "LC-090 Lakeview Peak"}}, {"type": "Feature", "geometry": {"type": "Point", "coordinates": [-122.4316, 46.1681]}, "properties": {"code": "W7W/LC-091", "name": "3860 Mt Binary", "title": "LC-091 3860 Mt Binary"}}, {"type": "Feature", "geometry": {"type": "Point", "coordinates": [-122.2391, 46.1341]}, "properties": {"code": "W7W/LC-092", "name": "3844 Aurora Mtn", "title": "LC-092 3844 Aurora Mtn"}}, {"type": "Feature", "geometry": {"type": "Point", "coordinates": [-121.9854, 45.9669]}, "properties": {"code": "W7W/LC-093", "name": "Rock Point", "title": "LC-093 Rock Point"}}, {"type": "Feature", "geometry": {"type": "Point", "coordinates": [-122.0026, 45.7161]}, "properties": {"code": "W7W/LC-094", "name": "Birkenfeld Mountain", "title": "LC-094 Birkenfeld Mountain"}}, {"type": "Feature", "geometry": {"type": "Point", "coordinates": [-121.7929, 46.1981]}, "properties": {"code": "W7W/LC-095", "name": "Quartz Creek Butte", "title": "LC-095 Quartz Creek Butte"}}, {"type": "Feature", "geometry": {"type": "Point", "coordinates": [-122.1385, 45.9006]}, "properties": {"code": "W7W/LC-096", "name": "3685 Condenser Mtn", "title": "LC-096 3685 Condenser Mtn"}}, {"type": "Feature", "geometry": {"type": "Point", "coordinates": [-121.7098, 45.7532]}, "properties": {"code": "W7W/LC-097", "name": "Augspurger Mountain", "title": "LC-097 Augspurger Mountain"}}, {"type": "Feature", "geometry": {"type": "Point", "coordinates": [-122.1497, 46.0081]}, "properties": {"code": "W7W/LC-098", "name": "3660 Attenuator Pk", "title": "LC-098 3660 Attenuator Pk"}}, {"type": "Feature", "geometry": {"type": "Point", "coordinates": [-122.4934, 46.126]}, "properties": {"code": "W7W/LC-099", "name": "Butler Butte", "title": "LC-099 Butler Butte"}}, {"type": "Feature", "geometry": {"type": "Point", "coordinates": [-122.4705, 46.1844]}, "properties": {"code": "W7W/LC-100", "name": "3566 Mt Diode", "title": "LC-100 3566 Mt Diode"}}, {"type": "Feature", "geometry": {"type": "Point", "coordinates": [-122.0496, 45.7324]}, "properties": {"code": "W7W/LC-101", "name": "Three Corner Rock", "title": "LC-101 Three Corner Rock"}}, {"type": "Feature", "geometry": {"type": "Point", "coordinates": [-122.1622, 46.1193]}, "properties": {"code": "W7W/LC-102", "name": "3537 Coaxial Mtn", "title": "LC-102 3537 Coaxial Mtn"}}, {"type": "Feature", "geometry": {"type": "Point", "coordinates": [-122.2959, 45.7166]}, "properties": {"code": "W7W/LC-103", "name": "Larch Mountain", "title": "LC-103 Larch Mountain"}}, {"type": "Feature", "geometry": {"type": "Point", "coordinates": [-121.9669, 45.714]}, "properties": {"code": "W7W/LC-104", "name": "Greenleaf Peak", "title": "LC-104 Greenleaf Peak"}}, {"type": "Feature", "geometry": {"type": "Point", "coordinates": [-122.3975, 46.135]}, "properties": {"code": "W7W/LC-105", "name": "3420 Mt Beacon", "title": "LC-105 3420 Mt Beacon"}}, {"type": "Feature", "geometry": {"type": "Point", "coordinates": [-121.9401, 45.8761]}, "properties": {"code": "W7W/LC-106", "name": "Big Butte", "title": "LC-106 Big Butte"}}, {"type": "Feature", "geometry": {"type": "Point", "coordinates": [-121.9292, 45.9217]}, "properties": {"code": "W7W/LC-107", "name": "Middle Butte", "title": "LC-107 Middle Butte"}}, {"type": "Feature", "geometry": {"type": "Point", "coordinates": [-122.4615, 46.1066]}, "properties": {"code": "W7W/LC-108", "name": "3387 Mt Astronaut", "title": "LC-108 3387 Mt Astronaut"}}, {"type": "Feature", "geometry": {"type": "Point", "coordinates": [-122.0617, 46.1427]}, "properties": {"code": "W7W/LC-109", "name": "3321 Mt Digital", "title": "LC-109 3321 Mt Digital"}}, {"type": "Feature", "geometry": {"type": "Point", "coordinates": [-122.5515, 46.2857]}, "properties": {"code": "W7W/LC-110", "name": "Signal Peak", "title": "LC-110 Signal Peak"}}, {"type": "Feature", "geometry": {"type": "Point", "coordinates": [-120.7042, 46.0006]}, "properties": {"code": "W7W/MC-051", "name": "Simcoe Butte", "title": "MC-051 Simcoe Butte"}}, {"type": "Feature", "geometry": {"type": "Point", "coordinates": [-120.5593, 45.99]}, "properties": {"code": "W7W/MC-052", "name": "Lone Pine Butte", "title": "MC-052 Lone Pine Butte"}}, {"type": "Feature", "geometry": {"type": "Point", "coordinates": [-121.1138, 46.652]}, "properties": {"code": "W7W/MC-053", "name": "Goose Egg Mountain", "title": "MC-053 Goose Egg Mountain"}}, {"type": "Feature", "geometry": {"type": "Point", "coordinates": [-121.0922, 46.6308]}, "properties": {"code": "W7W/MC-054", "name": "Kloochman Rock", "title": "MC-054 Kloochman Rock"}}, {"type": "Feature", "geometry": {"type": "Point", "coordinates": [-121.1432, 46.6613]}, "properties": {"code": "W7W/MC-055", "name": "4500 Relay Point", "title": "MC-055 4500 Relay Point"}}, {"type": "Feature", "geometry": {"type": "Point", "coordinates": [-121.5903, 45.9246]}, "properties": {"code": "W7W/MC-056", "name": "4420 Monte Cristo Range High Point", "title": "MC-056 4420 Monte Cristo Range High Point"}}, {"type": "Feature", "geometry": {"type": "Point", "coordinates": [-120.9025, 46.5856]}, "properties": {"code": "W7W/MC-057", "name": "Pine Mountain", "title": "MC-057 Pine Mountain"}}, {"type": "Feature", "geometry": {"type": "Point", "coordinates": [-120.6635, 46.8661]}, "properties": {"code": "W7W/MC-058", "name": "Rattler Benchmark", "title": "MC-058 Rattler Benchmark"}}, {"type": "Feature", "geometry": {"type": "Point", "coordinates": [-121.1886, 46.6322]}, "properties": {"code": "W7W/MC-060", "name": "4128 Fancy Peak", "title": "MC-060 4128 Fancy Peak"}}, {"type": "Feature", "geometry": {"type": "Point", "coordinates": [-121.5712, 45.872]}, "properties": {"code": "W7W/MC-061", "name": "Monte Carlo", "title": "MC-061 Monte Carlo"}}, {"type": "Feature", "geometry": {"type": "Point", "coordinates": [-121.0796, 45.9914]}, "properties": {"code": "W7W/MC-062", "name": "Grayback Mountain", "title": "MC-062 Grayback Mountain"}}, {"type": "Feature", "geometry": {"type": "Point", "coordinates": [-121.4247, 46.0631]}, "properties": {"code": "W7W/MC-090", "name": "King Mountain", "title": "MC-090 King Mountain"}}, {"type": "Feature", "geometry": {"type": "Point", "coordinates": [-120.1137, 46.6647]}, "properties": {"code": "W7W/MC-091", "name": "Hog Ranch Buttes", "title": "MC-091 Hog Ranch Buttes"}}, {"type": "Feature", "geometry": {"type": "Point", "coordinates": [-120.0775, 46.59]}, "properties": {"code": "W7W/MC-092", "name": "Yakima Ridge", "title": "MC-092 Yakima Ridge"}}, {"type": "Feature", "geometry": {"type": "Point", "coordinates": [-120.7533, 46.2572]}, "properties": {"code": "W7W/MC-093", "name": "Satus Peak", "title": "MC-093 Satus Peak"}}, {"type": "Feature", "geometry": {"type": "Point", "coordinates": [-120.8715, 46.227]}, "properties": {"code": "W7W/MC-094", "name": "West Toppenish Ridge", "title": "MC-094 West Toppenish Ridge"}}, {"type": "Feature", "geometry": {"type": "Point", "coordinates": [-120.1654, 46.6699]}, "properties": {"code": "W7W/MC-095", "name": "West Hog Ranch Buttes", "title": "MC-095 West Hog Ranch Buttes"}}, {"type": "Feature", "geometry": {"type": "Point", "coordinates": [-121.062, 46.2094]}, "properties": {"code": "W7W/MC-096", "name": "Mike Coon Hillside", "title": "MC-096 Mike Coon Hillside"}}, {"type": "Feature", "geometry": {"type": "Point", "coordinates": [-120.239, 46.6196]}, "properties": {"code": "W7W/MC-097", "name": "4050 Yakima Ridge-West Peak", "title": "MC-097 4050 Yakima Ridge-West Peak"}}, {"type": "Feature", "geometry": {"type": "Point", "coordinates": [-120.9406, 46.1486]}, "properties": {"code": "W7W/MC-098", "name": "McKays Butte", "title": "MC-098 McKays Butte"}}, {"type": "Feature", "geometry": {"type": "Point", "coordinates": [-120.6675, 46.2725]}, "properties": {"code": "W7W/MC-099", "name": "Toppenish Mountain", "title": "MC-099 Toppenish Mountain"}}, {"type": "Feature", "geometry": {"type": "Point", "coordinates": [-123.8363, 47.7435]}, "properties": {"code": "W7W/NO-121", "name": "4921 Sunspot Summit", "title": "NO-121 4921 Sunspot Summit"}}, {"type": "Feature", "geometry": {"type": "Point", "coordinates": [-123.5398, 47.5509]}, "properties": {"code": "W7W/NO-122", "name": "4855 Mt Tuner", "title": "NO-122 4855 Mt Tuner"}}, {"type": "Feature", "geometry": {"type": "Point", "coordinates": [-123.8071, 48.0263]}, "properties": {"code": "W7W/NO-123", "name": "Aurora Peak", "title": "NO-123 Aurora Peak"}}, {"type": "Feature", "geometry": {"type": "Point", "coordinates": [-123.0765, 47.6627]}, "properties": {"code": "W7W/NO-124", "name": "4729 Solder Summit", "title": "NO-124 4729 Solder Summit"}}, {"type": "Feature", "geometry": {"type": "Point", "coordinates": [-123.0282, 47.8972]}, "properties": {"code": "W7W/NO-125", "name": "4660 Bon Jon Peak", "title": "NO-125 4660 Bon Jon Peak"}}, {"type": "Feature", "geometry": {"type": "Point", "coordinates": [-123.5236, 47.8025]}, "properties": {"code": "W7W/NO-126", "name": "4654 Shortwave Summit", "title": "NO-126 4654 Shortwave Summit"}}, {"type": "Feature", "geometry": {"type": "Point", "coordinates": [-123.8616, 48.0261]}, "properties": {"code": "W7W/NO-127", "name": "Sourdough Mountain", "title": "NO-127 Sourdough Mountain"}}, {"type": "Feature", "geometry": {"type": "Point", "coordinates": [-123.7299, 47.6476]}, "properties": {"code": "W7W/NO-128", "name": "Tshletshy Ridge", "title": "NO-128 Tshletshy Ridge"}}, {"type": "Feature", "geometry": {"type": "Point", "coordinates": [-123.741, 48.0554]}, "properties": {"code": "W7W/NO-129", "name": "Mount Storm King", "title": "NO-129 Mount Storm King"}}, {"type": "Feature", "geometry": {"type": "Point", "coordinates": [-123.8828, 47.9362]}, "properties": {"code": "W7W/NO-130", "name": "4425 Blackwood Peak", "title": "NO-130 4425 Blackwood Peak"}}, {"type": "Feature", "geometry": {"type": "Point", "coordinates": [-123.8444, 47.722]}, "properties": {"code": "W7W/NO-131", "name": "4420 Harlow Peak", "title": "NO-131 4420 Harlow Peak"}}, {"type": "Feature", "geometry": {"type": "Point", "coordinates": [-122.9727, 47.8597]}, "properties": {"code": "W7W/NO-132", "name": "Green Mountain", "title": "NO-132 Green Mountain"}}, {"type": "Feature", "geometry": {"type": "Point", "coordinates": [-123.6862, 47.6141]}, "properties": {"code": "W7W/NO-133", "name": "4401 VOX Mtn", "title": "NO-133 4401 VOX Mtn"}}, {"type": "Feature", "geometry": {"type": "Point", "coordinates": [-123.0106, 47.9233]}, "properties": {"code": "W7W/NO-134", "name": "Mount Zion", "title": "NO-134 Mount Zion"}}, {"type": "Feature", "geometry": {"type": "Point", "coordinates": [-123.1446, 47.6175]}, "properties": {"code": "W7W/NO-135", "name": "4110 Transverter Pk", "title": "NO-135 4110 Transverter Pk"}}, {"type": "Feature", "geometry": {"type": "Point", "coordinates": [-123.9825, 47.99]}, "properties": {"code": "W7W/NO-136", "name": "3875 Superhetrodyne Mtn", "title": "NO-136 3875 Superhetrodyne Mtn"}}, {"type": "Feature", "geometry": {"type": "Point", "coordinates": [-123.8983, 47.7313]}, "properties": {"code": "W7W/NO-137", "name": "3844 Skywave Summit", "title": "NO-137 3844 Skywave Summit"}}, {"type": "Feature", "geometry": {"type": "Point", "coordinates": [-123.8727, 47.7515]}, "properties": {"code": "W7W/NO-138", "name": "3780 Mt Sensitivity", "title": "NO-138 3780 Mt Sensitivity"}}, {"type": "Feature", "geometry": {"type": "Point", "coordinates": [-122.9463, 47.7532]}, "properties": {"code": "W7W/NO-139", "name": "Buck Mountain", "title": "NO-139 Buck Mountain"}}, {"type": "Feature", "geometry": {"type": "Point", "coordinates": [-123.9798, 48.0898]}, "properties": {"code": "W7W/NO-140", "name": "Mount Muller", "title": "NO-140 Mount Muller"}}, {"type": "Feature", "geometry": {"type": "Point", "coordinates": [-123.9257, 48.0868]}, "properties": {"code": "W7W/NO-141", "name": "3725 Mt Rotator", "title": "NO-141 3725 Mt Rotator"}}, {"type": "Feature", "geometry": {"type": "Point", "coordinates": [-123.7963, 47.6225]}, "properties": {"code": "W7W/NO-142", "name": "East Sams Ridge", "title": "NO-142 East Sams Ridge"}}, {"type": "Feature", "geometry": {"type": "Point", "coordinates": [-123.8734, 47.6215]}, "properties": {"code": "W7W/NO-143", "name": "West Sams Ridge", "title": "NO-143 West Sams Ridge"}}, {"type": "Feature", "geometry": {"type": "Point", "coordinates": [-123.9168, 47.7494]}, "properties": {"code": "W7W/NO-144", "name": "3660 Product Detector Pk", "title": "NO-144 3660 Product Detector Pk"}}, {"type": "Feature", "geometry": {"type": "Point", "coordinates": [-123.0428, 47.6541]}, "properties": {"code": "W7W/NO-145", "name": "3652 Rubber Duckie Hill", "title": "NO-145 3652 Rubber Duckie Hill"}}, {"type": "Feature", "geometry": {"type": "Point", "coordinates": [-124.0241, 48.0068]}, "properties": {"code": "W7W/NO-146", "name": "3620 PSK-31 Hill", "title": "NO-146 3620 PSK-31 Hill"}}, {"type": "Feature", "geometry": {"type": "Point", "coordinates": [-123.3504, 48.0009]}, "properties": {"code": "W7W/NO-147", "name": "Round Mountain", "title": "NO-147 Round Mountain"}}, {"type": "Feature", "geometry": {"type": "Point", "coordinates": [-124.0828, 47.9766]}, "properties": {"code": "W7W/NO-148", "name": "3500 Regenerative Hill", "title": "NO-148 3500 Regenerative Hill"}}, {"type": "Feature", "geometry": {"type": "Point", "coordinates": [-123.1725, 47.9639]}, "properties": {"code": "W7W/NO-149", "name": "Ned Hill", "title": "NO-149 Ned Hill"}}, {"type": "Feature", "geometry": {"type": "Point", "coordinates": [-123.066, 47.9609]}, "properties": {"code": "W7W/NO-150", "name": "Bear Mountain", "title": "NO-150 Bear Mountain"}}, {"type": "Feature", "geometry": {"type": "Point", "coordinates": [-122.9907, 47.7386]}, "properties": {"code": "W7W/NO-151", "name": "Pluto Peak", "title": "NO-151 Pluto Peak"}}, {"type": "Feature", "geometry": {"type": "Point", "coordinates": [-122.9242, 47.7357]}, "properties": {"code": "W7W/NO-152", "name": "Mount Turner", "title": "NO-152 Mount Turner"}}, {"type": "Feature", "geometry": {"type": "Point", "coordinates": [-124.0723, 48.0844]}, "properties": {"code": "W7W/NO-153", "name": "North Point", "title": "NO-153 North Point"}}, {"type": "Feature", "geometry": {"type": "Point", "coordinates": [-123.9678, 47.6695]}, "properties": {"code": "W7W/NO-154", "name": "Kloochman Rock", "title": "NO-154 Kloochman Rock"}}, {"type": "Feature", "geometry": {"type": "Point", "coordinates": [-124.0357, 47.8564]}, "properties": {"code": "W7W/NO-157", "name": "3300 Multipath Hill", "title": "NO-157 3300 Multipath Hill"}}, {"type": "Feature", "geometry": {"type": "Point", "coordinates": [-122.9848, 47.6957]}, "properties": {"code": "W7W/NO-265", "name": "Rhodie Mountain", "title": "NO-265 Rhodie Mountain"}}, {"type": "Feature", "geometry": {"type": "Point", "coordinates": [-123.7981, 47.5849]}, "properties": {"code": "W7W/NO-266", "name": "3380", "title": "NO-266 3380"}}, {"type": "Feature", "geometry": {"type": "Point", "coordinates": [-119.0408, 48.7848]}, "properties": {"code": "W7W/OK-192", "name": "4869 Capacitance Pk", "title": "OK-192 4869 Capacitance Pk"}}, {"type": "Feature", "geometry": {"type": "Point", "coordinates": [-118.9154, 48.6225]}, "properties": {"code": "W7W/OK-193", "name": "4859 Mt Bandpass", "title": "OK-193 4859 Mt Bandpass"}}, {"type": "Feature", "geometry": {"type": "Point", "coordinates": [-119.1439, 48.3873]}, "properties": {"code": "W7W/OK-194", "name": "4842 Amplifier Pk", "title": "OK-194 4842 Amplifier Pk"}}, {"type": "Feature", "geometry": {"type": "Point", "coordinates": [-119.1627, 48.9964]}, "properties": {"code": "W7W/OK-195", "name": "Block Hill", "title": "OK-195 Block Hill"}}, {"type": "Feature", "geometry": {"type": "Point", "coordinates": [-120.2226, 48.2405]}, "properties": {"code": "W7W/OK-196", "name": "Gold Ridge", "title": "OK-196 Gold Ridge"}}, {"type": "Feature", "geometry": {"type": "Point", "coordinates": [-119.765, 48.6289]}, "properties": {"code": "W7W/OK-197", "name": "Middle Mountain", "title": "OK-197 Middle Mountain"}}, {"type": "Feature", "geometry": {"type": "Point", "coordinates": [-118.9336, 48.7948]}, "properties": {"code": "W7W/OK-198", "name": "Irene Mountain", "title": "OK-198 Irene Mountain"}}, {"type": "Feature", "geometry": {"type": "Point", "coordinates": [-119.9353, 48.3508]}, "properties": {"code": "W7W/OK-199", "name": "Pole Pick Mountain", "title": "OK-199 Pole Pick Mountain"}}, {"type": "Feature", "geometry": {"type": "Point", "coordinates": [-119.1911, 48.943]}, "properties": {"code": "W7W/OK-200", "name": "4767 Whisper Mtn", "title": "OK-200 4767 Whisper Mtn"}}, {"type": "Feature", "geometry": {"type": "Point", "coordinates": [-119.0356, 48.8409]}, "properties": {"code": "W7W/OK-201", "name": "Strawberry Mountain", "title": "OK-201 Strawberry Mountain"}}, {"type": "Feature", "geometry": {"type": "Point", "coordinates": [-119.731, 48.4371]}, "properties": {"code": "W7W/OK-202", "name": "Neville Ridge", "title": "OK-202 Neville Ridge"}}, {"type": "Feature", "geometry": {"type": "Point", "coordinates": [-120.1303, 48.5633]}, "properties": {"code": "W7W/OK-203", "name": "4714 Sunspot Mtn", "title": "OK-203 4714 Sunspot Mtn"}}, {"type": "Feature", "geometry": {"type": "Point", "coordinates": [-120.2747, 48.3226]}, "properties": {"code": "W7W/OK-204", "name": "4709 Newby Ridge-South Peak", "title": "OK-204 4709 Newby Ridge-South Peak"}}, {"type": "Feature", "geometry": {"type": "Point", "coordinates": [-118.9929, 48.61]}, "properties": {"code": "W7W/OK-205", "name": "4689 Rotator Mtn", "title": "OK-205 4689 Rotator Mtn"}}, {"type": "Feature", "geometry": {"type": "Point", "coordinates": [-118.9645, 48.7528]}, "properties": {"code": "W7W/OK-206", "name": "4660 Skywave Mtn", "title": "OK-206 4660 Skywave Mtn"}}, {"type": "Feature", "geometry": {"type": "Point", "coordinates": [-118.9384, 48.7635]}, "properties": {"code": "W7W/OK-207", "name": "Toroda Mountain", "title": "OK-207 Toroda Mountain"}}, {"type": "Feature", "geometry": {"type": "Point", "coordinates": [-119.8759, 48.3836]}, "properties": {"code": "W7W/OK-208", "name": "4658 Loop Loop Mountain", "title": "OK-208 4658 Loop Loop Mountain"}}, {"type": "Feature", "geometry": {"type": "Point", "coordinates": [-119.6189, 48.931]}, "properties": {"code": "W7W/OK-209", "name": "Ellemeham Mountain", "title": "OK-209 Ellemeham Mountain"}}, {"type": "Feature", "geometry": {"type": "Point", "coordinates": [-119.0859, 48.2669]}, "properties": {"code": "W7W/OK-210", "name": "Armstrong Mountain", "title": "OK-210 Armstrong Mountain"}}, {"type": "Feature", "geometry": {"type": "Point", "coordinates": [-120.1316, 48.3199]}, "properties": {"code": "W7W/OK-211", "name": "4616 Near Vertical Incidence Pk", "title": "OK-211 4616 Near Vertical Incidence Pk"}}, {"type": "Feature", "geometry": {"type": "Point", "coordinates": [-120.1469, 48.1414]}, "properties": {"code": "W7W/OK-212", "name": "Hungry Mountain", "title": "OK-212 Hungry Mountain"}}, {"type": "Feature", "geometry": {"type": "Point", "coordinates": [-120.2722, 48.5446]}, "properties": {"code": "W7W/OK-213", "name": "4614 Sow Peak", "title": "OK-213 4614 Sow Peak"}}, {"type": "Feature", "geometry": {"type": "Point", "coordinates": [-119.9633, 48.3159]}, "properties": {"code": "W7W/OK-214", "name": "Finley Mountain", "title": "OK-214 Finley Mountain"}}, {"type": "Feature", "geometry": {"type": "Point", "coordinates": [-119.6509, 48.7114]}, "properties": {"code": "W7W/OK-215", "name": "4589 Groundrod Mtn", "title": "OK-215 4589 Groundrod Mtn"}}, {"type": "Feature", "geometry": {"type": "Point", "coordinates": [-120.1811, 48.2282]}, "properties": {"code": "W7W/OK-216", "name": "East Gold Ridge", "title": "OK-216 East Gold Ridge"}}, {"type": "Feature", "geometry": {"type": "Point", "coordinates": [-119.8427, 48.3632]}, "properties": {"code": "W7W/OK-217", "name": "Woody Mountain", "title": "OK-217 Woody Mountain"}}, {"type": "Feature", "geometry": {"type": "Point", "coordinates": [-119.1983, 48.8945]}, "properties": {"code": "W7W/OK-218", "name": "4562 High Power Mtn", "title": "OK-218 4562 High Power Mtn"}}, {"type": "Feature", "geometry": {"type": "Point", "coordinates": [-119.0714, 48.7018]}, "properties": {"code": "W7W/OK-219", "name": "Little Bonaparte Mountain", "title": "OK-219 Little Bonaparte Mountain"}}, {"type": "Feature", "geometry": {"type": "Point", "coordinates": [-119.359, 48.4723]}, "properties": {"code": "W7W/OK-220", "name": "4537 Ionosphere Mtn", "title": "OK-220 4537 Ionosphere Mtn"}}, {"type": "Feature", "geometry": {"type": "Point", "coordinates": [-119.2942, 48.3014]}, "properties": {"code": "W7W/OK-221", "name": "Fussy Mountain", "title": "OK-221 Fussy Mountain"}}, {"type": "Feature", "geometry": {"type": "Point", "coordinates": [-119.2363, 48.974]}, "properties": {"code": "W7W/OK-222", "name": "4500 Mt Keyer", "title": "OK-222 4500 Mt Keyer"}}, {"type": "Feature", "geometry": {"type": "Point", "coordinates": [-119.7582, 48.5149]}, "properties": {"code": "W7W/OK-223", "name": "Peacock Mountain", "title": "OK-223 Peacock Mountain"}}, {"type": "Feature", "geometry": {"type": "Point", "coordinates": [-119.6645, 48.6878]}, "properties": {"code": "W7W/OK-224", "name": "4482 Lower Sideband Pk", "title": "OK-224 4482 Lower Sideband Pk"}}, {"type": "Feature", "geometry": {"type": "Point", "coordinates": [-118.9695, 48.5733]}, "properties": {"code": "W7W/OK-225", "name": "4472 Mt Autopatch", "title": "OK-225 4472 Mt Autopatch"}}, {"type": "Feature", "geometry": {"type": "Point", "coordinates": [-119.7646, 48.4481]}, "properties": {"code": "W7W/OK-226", "name": "Ritchie Ridge", "title": "OK-226 Ritchie Ridge"}}, {"type": "Feature", "geometry": {"type": "Point", "coordinates": [-119.0861, 48.9725]}, "properties": {"code": "W7W/OK-227", "name": "Strawberry Mountain", "title": "OK-227 Strawberry Mountain"}}, {"type": "Feature", "geometry": {"type": "Point", "coordinates": [-119.2397, 48.8627]}, "properties": {"code": "W7W/OK-228", "name": "4415 Brasspounder Mtn", "title": "OK-228 4415 Brasspounder Mtn"}}, {"type": "Feature", "geometry": {"type": "Point", "coordinates": [-119.121, 48.2647]}, "properties": {"code": "W7W/OK-229", "name": "4402 Critical Frequency Pk", "title": "OK-229 4402 Critical Frequency Pk"}}, {"type": "Feature", "geometry": {"type": "Point", "coordinates": [-120.308, 48.5501]}, "properties": {"code": "W7W/OK-230", "name": "Grizzly Mountain", "title": "OK-230 Grizzly Mountain"}}, {"type": "Feature", "geometry": {"type": "Point", "coordinates": [-119.6975, 48.4026]}, "properties": {"code": "W7W/OK-231", "name": "4368 Dummy Load Pk", "title": "OK-231 4368 Dummy Load Pk"}}, {"type": "Feature", "geometry": {"type": "Point", "coordinates": [-119.0109, 48.8486]}, "properties": {"code": "W7W/OK-232", "name": "4340 Encoder Pk", "title": "OK-232 4340 Encoder Pk"}}, {"type": "Feature", "geometry": {"type": "Point", "coordinates": [-119.5852, 48.8708]}, "properties": {"code": "W7W/OK-233", "name": "Palmer Mountain", "title": "OK-233 Palmer Mountain"}}, {"type": "Feature", "geometry": {"type": "Point", "coordinates": [-119.5708, 48.913]}, "properties": {"code": "W7W/OK-234", "name": "Mulcahy Mountain", "title": "OK-234 Mulcahy Mountain"}}, {"type": "Feature", "geometry": {"type": "Point", "coordinates": [-119.3558, 48.5908]}, "properties": {"code": "W7W/OK-235", "name": "Meader Mountain", "title": "OK-235 Meader Mountain"}}, {"type": "Feature", "geometry": {"type": "Point", "coordinates": [-119.6949, 48.4325]}, "properties": {"code": "W7W/OK-236", "name": "Wright Mountain", "title": "OK-236 Wright Mountain"}}, {"type": "Feature", "geometry": {"type": "Point", "coordinates": [-120.2907, 48.3546]}, "properties": {"code": "W7W/OK-237", "name": "4283 Newby Ridge-North Peak", "title": "OK-237 4283 Newby Ridge-North Peak"}}, {"type": "Feature", "geometry": {"type": "Point", "coordinates": [-119.8916, 48.3078]}, "properties": {"code": "W7W/OK-238", "name": "Thrapp Mountain", "title": "OK-238 Thrapp Mountain"}}, {"type": "Feature", "geometry": {"type": "Point", "coordinates": [-119.9334, 48.256]}, "properties": {"code": "W7W/OK-239", "name": "4260 Ginpole Pk", "title": "OK-239 4260 Ginpole Pk"}}, {"type": "Feature", "geometry": {"type": "Point", "coordinates": [-119.6133, 48.8482]}, "properties": {"code": "W7W/OK-240", "name": "Palmer Benchmark", "title": "OK-240 Palmer Benchmark"}}, {"type": "Feature", "geometry": {"type": "Point", "coordinates": [-119.7628, 48.4903]}, "properties": {"code": "W7W/OK-241", "name": "4203 Callsign Mtn", "title": "OK-241 4203 Callsign Mtn"}}, {"type": "Feature", "geometry": {"type": "Point", "coordinates": [-119.5977, 48.9228]}, "properties": {"code": "W7W/OK-242", "name": "Bullfrog Mountain", "title": "OK-242 Bullfrog Mountain"}}, {"type": "Feature", "geometry": {"type": "Point", "coordinates": [-118.925, 48.3438]}, "properties": {"code": "W7W/OK-243", "name": "4180 Gold Strawberry Peak", "title": "OK-243 4180 Gold Strawberry Peak"}}, {"type": "Feature", "geometry": {"type": "Point", "coordinates": [-118.875, 48.3085]}, "properties": {"code": "W7W/OK-244", "name": "4167 Amateur Radio Summit", "title": "OK-244 4167 Amateur Radio Summit"}}, {"type": "Feature", "geometry": {"type": "Point", "coordinates": [-119.1536, 48.259]}, "properties": {"code": "W7W/OK-245", "name": "4140 Wireless Mtn", "title": "OK-245 4140 Wireless Mtn"}}, {"type": "Feature", "geometry": {"type": "Point", "coordinates": [-120.3364, 48.391]}, "properties": {"code": "W7W/OK-246", "name": "4122 Fenceline Peak", "title": "OK-246 4122 Fenceline Peak"}}, {"type": "Feature", "geometry": {"type": "Point", "coordinates": [-119.4075, 48.4924]}, "properties": {"code": "W7W/OK-247", "name": "4119 Twin Lead Mtn", "title": "OK-247 4119 Twin Lead Mtn"}}, {"type": "Feature", "geometry": {"type": "Point", "coordinates": [-118.9055, 48.964]}, "properties": {"code": "W7W/OK-248", "name": "4119 Vee Beam Pk", "title": "OK-248 4119 Vee Beam Pk"}}, {"type": "Feature", "geometry": {"type": "Point", "coordinates": [-119.3293, 48.3048]}, "properties": {"code": "W7W/OK-249", "name": "4112 RTTY Pk", "title": "OK-249 4112 RTTY Pk"}}, {"type": "Feature", "geometry": {"type": "Point", "coordinates": [-119.6159, 48.7034]}, "properties": {"code": "W7W/OK-250", "name": "4096 Software Summit", "title": "OK-250 4096 Software Summit"}}, {"type": "Feature", "geometry": {"type": "Point", "coordinates": [-119.1612, 48.2813]}, "properties": {"code": "W7W/OK-251", "name": "4060 Mt Multipath", "title": "OK-251 4060 Mt Multipath"}}, {"type": "Feature", "geometry": {"type": "Point", "coordinates": [-119.2539, 48.6999]}, "properties": {"code": "W7W/OK-252", "name": "Island Mountain", "title": "OK-252 Island Mountain"}}, {"type": "Feature", "geometry": {"type": "Point", "coordinates": [-120.0877, 48.4344]}, "properties": {"code": "W7W/OK-253", "name": "4039 Noise Blanker Summit", "title": "OK-253 4039 Noise Blanker Summit"}}, {"type": "Feature", "geometry": {"type": "Point", "coordinates": [-118.9596, 48.3529]}, "properties": {"code": "W7W/OK-254", "name": "4020 Propogation Pk", "title": "OK-254 4020 Propogation Pk"}}, {"type": "Feature", "geometry": {"type": "Point", "coordinates": [-120.0311, 48.184]}, "properties": {"code": "W7W/OK-255", "name": "4015 Longpath Mtn", "title": "OK-255 4015 Longpath Mtn"}}, {"type": "Feature", "geometry": {"type": "Point", "coordinates": [-120.3851, 48.5989]}, "properties": {"code": "W7W/OK-256", "name": "Flagg Mountain", "title": "OK-256 Flagg Mountain"}}, {"type": "Feature", "geometry": {"type": "Point", "coordinates": [-120.2533, 48.4127]}, "properties": {"code": "W7W/OK-257", "name": "3987 Snowtrax Peak", "title": "OK-257 3987 Snowtrax Peak"}}, {"type": "Feature", "geometry": {"type": "Point", "coordinates": [-119.2996, 48.6785]}, "properties": {"code": "W7W/OK-258", "name": "Barker Mountain", "title": "OK-258 Barker Mountain"}}, {"type": "Feature", "geometry": {"type": "Point", "coordinates": [-119.6559, 48.8893]}, "properties": {"code": "W7W/OK-259", "name": "Grandview Mountain", "title": "OK-259 Grandview Mountain"}}, {"type": "Feature", "geometry": {"type": "Point", "coordinates": [-119.2499, 48.1782]}, "properties": {"code": "W7W/OK-260", "name": "Whitmore Mountain", "title": "OK-260 Whitmore Mountain"}}, {"type": "Feature", "geometry": {"type": "Point", "coordinates": [-120.1183, 48.1149]}, "properties": {"code": "W7W/OK-261", "name": "3938 Impedance Mtn", "title": "OK-261 3938 Impedance Mtn"}}, {"type": "Feature", "geometry": {"type": "Point", "coordinates": [-119.6866, 48.9118]}, "properties": {"code": "W7W/OK-262", "name": "3909 Half Square Mtn", "title": "OK-262 3909 Half Square Mtn"}}, {"type": "Feature", "geometry": {"type": "Point", "coordinates": [-119.7868, 48.3563]}, "properties": {"code": "W7W/OK-263", "name": "Cook Mountain", "title": "OK-263 Cook Mountain"}}, {"type": "Feature", "geometry": {"type": "Point", "coordinates": [-120.241, 48.3617]}, "properties": {"code": "W7W/OK-264", "name": "3896 GPS Pk", "title": "OK-264 3896 GPS Pk"}}, {"type": "Feature", "geometry": {"type": "Point", "coordinates": [-120.1434, 48.5315]}, "properties": {"code": "W7W/OK-265", "name": "3888 Mt Duplex", "title": "OK-265 3888 Mt Duplex"}}, {"type": "Feature", "geometry": {"type": "Point", "coordinates": [-119.9017, 48.1639]}, "properties": {"code": "W7W/OK-266", "name": "Knowlton Knob", "title": "OK-266 Knowlton Knob"}}, {"type": "Feature", "geometry": {"type": "Point", "coordinates": [-119.6856, 48.5833]}, "properties": {"code": "W7W/OK-267", "name": "Schalow Mountain", "title": "OK-267 Schalow Mountain"}}, {"type": "Feature", "geometry": {"type": "Point", "coordinates": [-120.2458, 48.5311]}, "properties": {"code": "W7W/OK-268", "name": "3842 Endfed Summit", "title": "OK-268 3842 Endfed Summit"}}, {"type": "Feature", "geometry": {"type": "Point", "coordinates": [-120.06, 48.0793]}, "properties": {"code": "W7W/OK-269", "name": "3820 Full Quieting Pk", "title": "OK-269 3820 Full Quieting Pk"}}, {"type": "Feature", "geometry": {"type": "Point", "coordinates": [-120.105, 48.4676]}, "properties": {"code": "W7W/OK-270", "name": "Bowen Mountain", "title": "OK-270 Bowen Mountain"}}, {"type": "Feature", "geometry": {"type": "Point", "coordinates": [-119.6829, 48.8093]}, "properties": {"code": "W7W/OK-271", "name": "Gold Hill", "title": "OK-271 Gold Hill"}}, {"type": "Feature", "geometry": {"type": "Point", "coordinates": [-119.3943, 48.5918]}, "properties": {"code": "W7W/OK-272", "name": "Baker Mountain", "title": "OK-272 Baker Mountain"}}, {"type": "Feature", "geometry": {"type": "Point", "coordinates": [-120.2068, 48.4026]}, "properties": {"code": "W7W/OK-273", "name": "3578 Global Positioning Pk", "title": "OK-273 3578 Global Positioning Pk"}}, {"type": "Feature", "geometry": {"type": "Point", "coordinates": [-119.0041, 48.5233]}, "properties": {"code": "W7W/OK-274", "name": "3537 Autotuner Pk", "title": "OK-274 3537 Autotuner Pk"}}, {"type": "Feature", "geometry": {"type": "Point", "coordinates": [-120.2269, 48.4531]}, "properties": {"code": "W7W/OK-275", "name": "Patterson Mountain", "title": "OK-275 Patterson Mountain"}}, {"type": "Feature", "geometry": {"type": "Point", "coordinates": [-119.6466, 48.5648]}, "properties": {"code": "W7W/OK-276", "name": "Dunn Mountain", "title": "OK-276 Dunn Mountain"}}, {"type": "Feature", "geometry": {"type": "Point", "coordinates": [-119.8552, 48.1527]}, "properties": {"code": "W7W/OK-277", "name": "Bald Knob", "title": "OK-277 Bald Knob"}}, {"type": "Feature", "geometry": {"type": "Point", "coordinates": [-120.0554, 48.1102]}, "properties": {"code": "W7W/OK-278", "name": "Hunter Mountain", "title": "OK-278 Hunter Mountain"}}, {"type": "Feature", "geometry": {"type": "Point", "coordinates": [-119.0646, 48.1831]}, "properties": {"code": "W7W/OK-279", "name": "Squaw Mountain", "title": "OK-279 Squaw Mountain"}}, {"type": "Feature", "geometry": {"type": "Point", "coordinates": [-120.2257, 48.5431]}, "properties": {"code": "W7W/OK-280", "name": "3457 Sage Hill West", "title": "OK-280 3457 Sage Hill West"}}, {"type": "Feature", "geometry": {"type": "Point", "coordinates": [-119.4033, 48.6553]}, "properties": {"code": "W7W/OK-281", "name": "Tonasket Benchmark", "title": "OK-281 Tonasket Benchmark"}}, {"type": "Feature", "geometry": {"type": "Point", "coordinates": [-120.0139, 48.3276]}, "properties": {"code": "W7W/OK-282", "name": "3430 Crystal Mtn", "title": "OK-282 3430 Crystal Mtn"}}, {"type": "Feature", "geometry": {"type": "Point", "coordinates": [-118.9171, 48.2699]}, "properties": {"code": "W7W/OK-283", "name": "3420 Mt Vox", "title": "OK-283 3420 Mt Vox"}}, {"type": "Feature", "geometry": {"type": "Point", "coordinates": [-119.4268, 48.6027]}, "properties": {"code": "W7W/OK-285", "name": "Stowe Mountain", "title": "OK-285 Stowe Mountain"}}, {"type": "Feature", "geometry": {"type": "Point", "coordinates": [-119.5969, 48.6699]}, "properties": {"code": "W7W/OK-286", "name": "Pine Benchmark", "title": "OK-286 Pine Benchmark"}}, {"type": "Feature", "geometry": {"type": "Point", "coordinates": [-121.8434, 46.662]}, "properties": {"code": "W7W/PL-054", "name": "4900 Remote Base Pk", "title": "PL-054 4900 Remote Base Pk"}}, {"type": "Feature", "geometry": {"type": "Point", "coordinates": [-122.0174, 46.567]}, "properties": {"code": "W7W/PL-055", "name": "Kiona Peak", "title": "PL-055 Kiona Peak"}}, {"type": "Feature", "geometry": {"type": "Point", "coordinates": [-121.8098, 46.593]}, "properties": {"code": "W7W/PL-056", "name": "4845 Knife Edge Pk", "title": "PL-056 4845 Knife Edge Pk"}}, {"type": "Feature", "geometry": {"type": "Point", "coordinates": [-121.771, 46.413]}, "properties": {"code": "W7W/PL-057", "name": "Tongue Mountain", "title": "PL-057 Tongue Mountain"}}, {"type": "Feature", "geometry": {"type": "Point", "coordinates": [-121.7452, 46.648]}, "properties": {"code": "W7W/PL-058", "name": "East Skate Mountain", "title": "PL-058 East Skate Mountain"}}, {"type": "Feature", "geometry": {"type": "Point", "coordinates": [-121.9751, 46.5686]}, "properties": {"code": "W7W/PL-059", "name": "Watch Mountain", "title": "PL-059 Watch Mountain"}}, {"type": "Feature", "geometry": {"type": "Point", "coordinates": [-121.8017, 46.581]}, "properties": {"code": "W7W/PL-060", "name": "Davis Mountain", "title": "PL-060 Davis Mountain"}}, {"type": "Feature", "geometry": {"type": "Point", "coordinates": [-121.81, 46.6222]}, "properties": {"code": "W7W/PL-061", "name": "4780 Regenerative Pk", "title": "PL-061 4780 Regenerative Pk"}}, {"type": "Feature", "geometry": {"type": "Point", "coordinates": [-122.1584, 46.6484]}, "properties": {"code": "W7W/PL-062", "name": "Storm King Mountain", "title": "PL-062 Storm King Mountain"}}, {"type": "Feature", "geometry": {"type": "Point", "coordinates": [-122.0255, 46.6967]}, "properties": {"code": "W7W/PL-063", "name": "High Hut", "title": "PL-063 High Hut"}}, {"type": "Feature", "geometry": {"type": "Point", "coordinates": [-121.523, 46.6957]}, "properties": {"code": "W7W/PL-064", "name": "4700 Radioteletype Mtn", "title": "PL-064 4700 Radioteletype Mtn"}}, {"type": "Feature", "geometry": {"type": "Point", "coordinates": [-121.8247, 46.4824]}, "properties": {"code": "W7W/PL-065", "name": "Lone Tree Mountain", "title": "PL-065 Lone Tree Mountain"}}, {"type": "Feature", "geometry": {"type": "Point", "coordinates": [-121.7849, 46.6032]}, "properties": {"code": "W7W/PL-066", "name": "4647 Mt Prominence", "title": "PL-066 4647 Mt Prominence"}}, {"type": "Feature", "geometry": {"type": "Point", "coordinates": [-121.7828, 46.6272]}, "properties": {"code": "W7W/PL-067", "name": "4580 Phase Shift Pk", "title": "PL-067 4580 Phase Shift Pk"}}, {"type": "Feature", "geometry": {"type": "Point", "coordinates": [-121.5746, 46.6186]}, "properties": {"code": "W7W/PL-068", "name": "4561 Olivia Summit", "title": "PL-068 4561 Olivia Summit"}}, {"type": "Feature", "geometry": {"type": "Point", "coordinates": [-122.0814, 46.6022]}, "properties": {"code": "W7W/PL-069", "name": "Colman Benchmark", "title": "PL-069 Colman Benchmark"}}, {"type": "Feature", "geometry": {"type": "Point", "coordinates": [-122.0096, 46.6831]}, "properties": {"code": "W7W/PL-070", "name": "4477 Re-Transmission Pk", "title": "PL-070 4477 Re-Transmission Pk"}}, {"type": "Feature", "geometry": {"type": "Point", "coordinates": [-122.0454, 46.6441]}, "properties": {"code": "W7W/PL-071", "name": "4413 Mt Sensitivity", "title": "PL-071 4413 Mt Sensitivity"}}, {"type": "Feature", "geometry": {"type": "Point", "coordinates": [-122.0411, 46.5932]}, "properties": {"code": "W7W/PL-072", "name": "4384 Relay Summit", "title": "PL-072 4384 Relay Summit"}}, {"type": "Feature", "geometry": {"type": "Point", "coordinates": [-122.1228, 46.5804]}, "properties": {"code": "W7W/PL-073", "name": "4380 Quarter Wave Mtn", "title": "PL-073 4380 Quarter Wave Mtn"}}, {"type": "Feature", "geometry": {"type": "Point", "coordinates": [-122.1101, 46.6298]}, "properties": {"code": "W7W/PL-074", "name": "4380 Precedence Pk", "title": "PL-074 4380 Precedence Pk"}}, {"type": "Feature", "geometry": {"type": "Point", "coordinates": [-122.3661, 46.6564]}, "properties": {"code": "W7W/PL-075", "name": "The Rockies", "title": "PL-075 The Rockies"}}, {"type": "Feature", "geometry": {"type": "Point", "coordinates": [-122.3278, 46.6544]}, "properties": {"code": "W7W/PL-076", "name": "Mount Elbert", "title": "PL-076 Mount Elbert"}}, {"type": "Feature", "geometry": {"type": "Point", "coordinates": [-121.952, 46.3968]}, "properties": {"code": "W7W/PL-077", "name": "Iron Creek Butte", "title": "PL-077 Iron Creek Butte"}}, {"type": "Feature", "geometry": {"type": "Point", "coordinates": [-121.9257, 46.6184]}, "properties": {"code": "W7W/PL-078", "name": "4260 Mt Pentode", "title": "PL-078 4260 Mt Pentode"}}, {"type": "Feature", "geometry": {"type": "Point", "coordinates": [-121.998, 46.6222]}, "properties": {"code": "W7W/PL-079", "name": "Harrington Rock", "title": "PL-079 Harrington Rock"}}, {"type": "Feature", "geometry": {"type": "Point", "coordinates": [-121.9768, 46.6063]}, "properties": {"code": "W7W/PL-080", "name": "4100 Signal Mtn", "title": "PL-080 4100 Signal Mtn"}}, {"type": "Feature", "geometry": {"type": "Point", "coordinates": [-122.2565, 46.6791]}, "properties": {"code": "W7W/PL-081", "name": "4097 Troposphere Pk", "title": "PL-081 4097 Troposphere Pk"}}, {"type": "Feature", "geometry": {"type": "Point", "coordinates": [-122.2229, 46.6796]}, "properties": {"code": "W7W/PL-082", "name": "Mt. Goodie", "title": "PL-082 Mt. Goodie"}}, {"type": "Feature", "geometry": {"type": "Point", "coordinates": [-122.2632, 46.7251]}, "properties": {"code": "W7W/PL-083", "name": "Ladd Mountain", "title": "PL-083 Ladd Mountain"}}, {"type": "Feature", "geometry": {"type": "Point", "coordinates": [-122.3665, 46.6943]}, "properties": {"code": "W7W/PL-084", "name": "3900 Columbia-Nisqually-Deschutes Triple Divide", "title": "PL-084 3900 Columbia-Nisqually-Deschutes Triple Divide"}}, {"type": "Feature", "geometry": {"type": "Point", "coordinates": [-121.8476, 46.716]}, "properties": {"code": "W7W/PL-085", "name": "3874 Skip Mtn", "title": "PL-085 3874 Skip Mtn"}}, {"type": "Feature", "geometry": {"type": "Point", "coordinates": [-122.474, 46.6749]}, "properties": {"code": "W7W/PL-086", "name": "3820 Mt Transponder", "title": "PL-086 3820 Mt Transponder"}}, {"type": "Feature", "geometry": {"type": "Point", "coordinates": [-122.1166, 46.6931]}, "properties": {"code": "W7W/PL-087", "name": "3820 Telescope Butte", "title": "PL-087 3820 Telescope Butte"}}, {"type": "Feature", "geometry": {"type": "Point", "coordinates": [-122.4351, 46.7121]}, "properties": {"code": "W7W/PL-088", "name": "Huckleberry Mountain", "title": "PL-088 Huckleberry Mountain"}}, {"type": "Feature", "geometry": {"type": "Point", "coordinates": [-122.4708, 46.6567]}, "properties": {"code": "W7W/PL-089", "name": "3780 Top Loaded Mtn", "title": "PL-089 3780 Top Loaded Mtn"}}, {"type": "Feature", "geometry": {"type": "Point", "coordinates": [-122.2696, 46.7429]}, "properties": {"code": "W7W/PL-090", "name": "Stahl Mountain", "title": "PL-090 Stahl Mountain"}}, {"type": "Feature", "geometry": {"type": "Point", "coordinates": [-122.3134, 46.4497]}, "properties": {"code": "W7W/PL-091", "name": "Winters Mountain", "title": "PL-091 Winters Mountain"}}, {"type": "Feature", "geometry": {"type": "Point", "coordinates": [-122.0025, 46.4751]}, "properties": {"code": "W7W/PL-092", "name": "Huffaker Mountain", "title": "PL-092 Huffaker Mountain"}}, {"type": "Feature", "geometry": {"type": "Point", "coordinates": [-122.0829, 46.7243]}, "properties": {"code": "W7W/PL-093", "name": "National Lookout", "title": "PL-093 National Lookout"}}, {"type": "Feature", "geometry": {"type": "Point", "coordinates": [-122.1929, 46.5556]}, "properties": {"code": "W7W/PL-094", "name": "Kosmos Lookout", "title": "PL-094 Kosmos Lookout"}}, {"type": "Feature", "geometry": {"type": "Point", "coordinates": [-122.4048, 46.6046]}, "properties": {"code": "W7W/PL-095", "name": "3570 D-Star Pk", "title": "PL-095 3570 D-Star Pk"}}, {"type": "Feature", "geometry": {"type": "Point", "coordinates": [-122.469, 46.6348]}, "properties": {"code": "W7W/PL-096", "name": "Rooster Rock", "title": "PL-096 Rooster Rock"}}, {"type": "Feature", "geometry": {"type": "Point", "coordinates": [-122.3195, 46.5958]}, "properties": {"code": "W7W/PL-097", "name": "3460 Mt Fax", "title": "PL-097 3460 Mt Fax"}}, {"type": "Feature", "geometry": {"type": "Point", "coordinates": [-117.1525, 48.3562]}, "properties": {"code": "W7W/PO-037", "name": "Bear Paw Ridge", "title": "PO-037 Bear Paw Ridge"}}, {"type": "Feature", "geometry": {"type": "Point", "coordinates": [-117.5645, 48.6578]}, "properties": {"code": "W7W/PO-038", "name": "Thomas Mountain", "title": "PO-038 Thomas Mountain"}}, {"type": "Feature", "geometry": {"type": "Point", "coordinates": [-117.0651, 48.2961]}, "properties": {"code": "W7W/PO-039", "name": "Bead Lake Peak", "title": "PO-039 Bead Lake Peak"}}, {"type": "Feature", "geometry": {"type": "Point", "coordinates": [-117.0436, 48.7288]}, "properties": {"code": "W7W/PO-040", "name": "4837 Phase Shift Peak", "title": "PO-040 4837 Phase Shift Peak"}}, {"type": "Feature", "geometry": {"type": "Point", "coordinates": [-117.447, 48.5868]}, "properties": {"code": "W7W/PO-041", "name": "4820 Rockbound Mtn", "title": "PO-041 4820 Rockbound Mtn"}}, {"type": "Feature", "geometry": {"type": "Point", "coordinates": [-117.2641, 48.9137]}, "properties": {"code": "W7W/PO-042", "name": "Crowell Mountain", "title": "PO-042 Crowell Mountain"}}, {"type": "Feature", "geometry": {"type": "Point", "coordinates": [-117.0789, 48.6325]}, "properties": {"code": "W7W/PO-043", "name": "Diamond Peak", "title": "PO-043 Diamond Peak"}}, {"type": "Feature", "geometry": {"type": "Point", "coordinates": [-117.3176, 48.819]}, "properties": {"code": "W7W/PO-044", "name": "Sand Creek Mountain", "title": "PO-044 Sand Creek Mountain"}}, {"type": "Feature", "geometry": {"type": "Point", "coordinates": [-117.2333, 48.4513]}, "properties": {"code": "W7W/PO-045", "name": "4620 Mt Resistance", "title": "PO-045 4620 Mt Resistance"}}, {"type": "Feature", "geometry": {"type": "Point", "coordinates": [-117.2209, 48.4364]}, "properties": {"code": "W7W/PO-046", "name": "4420 Propagation Peak", "title": "PO-046 4420 Propagation Peak"}}, {"type": "Feature", "geometry": {"type": "Point", "coordinates": [-117.1897, 48.3849]}, "properties": {"code": "W7W/PO-047", "name": "Kings Mountain", "title": "PO-047 Kings Mountain"}}, {"type": "Feature", "geometry": {"type": "Point", "coordinates": [-117.1751, 48.352]}, "properties": {"code": "W7W/PO-048", "name": "Cooks Mountain", "title": "PO-048 Cooks Mountain"}}, {"type": "Feature", "geometry": {"type": "Point", "coordinates": [-117.3711, 48.1693]}, "properties": {"code": "W7W/PO-049", "name": "Little Blue Grouse Mountain", "title": "PO-049 Little Blue Grouse Mountain"}}, {"type": "Feature", "geometry": {"type": "Point", "coordinates": [-117.1688, 48.3324]}, "properties": {"code": "W7W/PO-050", "name": "4171 Long Path Mtn", "title": "PO-050 4171 Long Path Mtn"}}, {"type": "Feature", "geometry": {"type": "Point", "coordinates": [-117.0431, 48.4661]}, "properties": {"code": "W7W/PO-051", "name": "Pelke Divide", "title": "PO-051 Pelke Divide"}}, {"type": "Feature", "geometry": {"type": "Point", "coordinates": [-117.2676, 48.624]}, "properties": {"code": "W7W/PO-052", "name": "Hanlon Mountain", "title": "PO-052 Hanlon Mountain"}}, {"type": "Feature", "geometry": {"type": "Point", "coordinates": [-117.3556, 48.7257]}, "properties": {"code": "W7W/PO-053", "name": "Dry Canyon Ridge", "title": "PO-053 Dry Canyon Ridge"}}, {"type": "Feature", "geometry": {"type": "Point", "coordinates": [-117.3158, 48.4971]}, "properties": {"code": "W7W/PO-054", "name": "Ruby Mountain West", "title": "PO-054 Ruby Mountain West"}}, {"type": "Feature", "geometry": {"type": "Point", "coordinates": [-117.2211, 48.4029]}, "properties": {"code": "W7W/PO-055", "name": "4078", "title": "PO-055 4078"}}, {"type": "Feature", "geometry": {"type": "Point", "coordinates": [-117.4034, 48.5903]}, "properties": {"code": "W7W/PO-056", "name": "4009", "title": "PO-056 4009"}}, {"type": "Feature", "geometry": {"type": "Point", "coordinates": [-117.2386, 48.3857]}, "properties": {"code": "W7W/PO-057", "name": "Moon Hill", "title": "PO-057 Moon Hill"}}, {"type": "Feature", "geometry": {"type": "Point", "coordinates": [-117.2228, 48.4124]}, "properties": {"code": "W7W/PO-058", "name": "3860 Integrated Circuit Peak", "title": "PO-058 3860 Integrated Circuit Peak"}}, {"type": "Feature", "geometry": {"type": "Point", "coordinates": [-117.3671, 48.5102]}, "properties": {"code": "W7W/PO-059", "name": "3656 Mt Novice", "title": "PO-059 3656 Mt Novice"}}, {"type": "Feature", "geometry": {"type": "Point", "coordinates": [-117.3769, 48.2226]}, "properties": {"code": "W7W/PO-060", "name": "3645 Low Power Peak", "title": "PO-060 3645 Low Power Peak"}}, {"type": "Feature", "geometry": {"type": "Point", "coordinates": [-117.1446, 48.0859]}, "properties": {"code": "W7W/PO-061", "name": "Mount Pisgah", "title": "PO-061 Mount Pisgah"}}, {"type": "Feature", "geometry": {"type": "Point", "coordinates": [-117.2595, 48.0874]}, "properties": {"code": "W7W/PO-062", "name": "Bare Mountain", "title": "PO-062 Bare Mountain"}}, {"type": "Feature", "geometry": {"type": "Point", "coordinates": [-117.303, 48.64]}, "properties": {"code": "W7W/PO-063", "name": "3525 Mt Kilohertz", "title": "PO-063 3525 Mt Kilohertz"}}, {"type": "Feature", "geometry": {"type": "Point", "coordinates": [-117.3305, 48.6256]}, "properties": {"code": "W7W/PO-064", "name": "3521 Mixer Mtn", "title": "PO-064 3521 Mixer Mtn"}}, {"type": "Feature", "geometry": {"type": "Point", "coordinates": [-117.313, 48.1199]}, "properties": {"code": "W7W/PO-065", "name": "3517 Artemis Peak", "title": "PO-065 3517 Artemis Peak"}}, {"type": "Feature", "geometry": {"type": "Point", "coordinates": [-117.2048, 48.3331]}, "properties": {"code": "W7W/PO-066", "name": "3500 Mt Meteor", "title": "PO-066 3500 Mt Meteor"}}, {"type": "Feature", "geometry": {"type": "Point", "coordinates": [-117.1254, 48.2015]}, "properties": {"code": "W7W/PO-067", "name": "Saddle Mountain", "title": "PO-067 Saddle Mountain"}}, {"type": "Feature", "geometry": {"type": "Point", "coordinates": [-117.2545, 48.2]}, "properties": {"code": "W7W/PO-068", "name": "3403 Binary Mtn", "title": "PO-068 3403 Binary Mtn"}}, {"type": "Feature", "geometry": {"type": "Point", "coordinates": [-117.084, 48.2117]}, "properties": {"code": "W7W/PO-069", "name": "Cooks Mountain", "title": "PO-069 Cooks Mountain"}}, {"type": "Feature", "geometry": {"type": "Point", "coordinates": [-117.1812, 48.0818]}, "properties": {"code": "W7W/PO-070", "name": "Lone Mountain", "title": "PO-070 Lone Mountain"}}, {"type": "Feature", "geometry": {"type": "Point", "coordinates": [-117.0596, 48.4126]}, "properties": {"code": "W7W/PO-082", "name": "Goose Creek Point", "title": "PO-082 Goose Creek Point"}}, {"type": "Feature", "geometry": {"type": "Point", "coordinates": [-122.0172, 46.8341]}, "properties": {"code": "W7W/RS-057", "name": "Puyallup Lookout", "title": "RS-057 Puyallup Lookout"}}, {"type": "Feature", "geometry": {"type": "Point", "coordinates": [-121.7302, 47.1037]}, "properties": {"code": "W7W/RS-058", "name": "4855 Ground Wave Mtn", "title": "RS-058 4855 Ground Wave Mtn"}}, {"type": "Feature", "geometry": {"type": "Point", "coordinates": [-121.8673, 46.7494]}, "properties": {"code": "W7W/RS-059", "name": "Tumtum Peak", "title": "RS-059 Tumtum Peak"}}, {"type": "Feature", "geometry": {"type": "Point", "coordinates": [-122.0676, 46.8895]}, "properties": {"code": "W7W/RS-060", "name": "The Divide", "title": "RS-060 The Divide"}}, {"type": "Feature", "geometry": {"type": "Point", "coordinates": [-122.067, 46.8219]}, "properties": {"code": "W7W/RS-061", "name": "Wild Benchmark", "title": "RS-061 Wild Benchmark"}}, {"type": "Feature", "geometry": {"type": "Point", "coordinates": [-122.0736, 46.8559]}, "properties": {"code": "W7W/RS-062", "name": "3460 F-Layer Pk", "title": "RS-062 3460 F-Layer Pk"}}, {"type": "Feature", "geometry": {"type": "Point", "coordinates": [-121.487, 48.4319]}, "properties": {"code": "W7W/SK-112", "name": "The Occiput", "title": "SK-112 The Occiput"}}, {"type": "Feature", "geometry": {"type": "Point", "coordinates": [-121.6283, 48.5757]}, "properties": {"code": "W7W/SK-113", "name": "4830 Second Hop Summit", "title": "SK-113 4830 Second Hop Summit"}}, {"type": "Feature", "geometry": {"type": "Point", "coordinates": [-121.8315, 48.6285]}, "properties": {"code": "W7W/SK-114", "name": "Washington Monument", "title": "SK-114 Washington Monument"}}, {"type": "Feature", "geometry": {"type": "Point", "coordinates": [-121.6344, 48.5918]}, "properties": {"code": "W7W/SK-115", "name": "4795 Moonbounce Mtn", "title": "SK-115 4795 Moonbounce Mtn"}}, {"type": "Feature", "geometry": {"type": "Point", "coordinates": [-121.942, 48.4786]}, "properties": {"code": "W7W/SK-116", "name": "Iron Mountain", "title": "SK-116 Iron Mountain"}}, {"type": "Feature", "geometry": {"type": "Point", "coordinates": [-121.8415, 48.5998]}, "properties": {"code": "W7W/SK-117", "name": "Goat Mountain", "title": "SK-117 Goat Mountain"}}, {"type": "Feature", "geometry": {"type": "Point", "coordinates": [-121.6602, 48.5624]}, "properties": {"code": "W7W/SK-118", "name": "Cement Mountain", "title": "SK-118 Cement Mountain"}}, {"type": "Feature", "geometry": {"type": "Point", "coordinates": [-121.8999, 48.4696]}, "properties": {"code": "W7W/SK-119", "name": "Lumber Mill Mountain", "title": "SK-119 Lumber Mill Mountain"}}, {"type": "Feature", "geometry": {"type": "Point", "coordinates": [-121.841, 48.6425]}, "properties": {"code": "W7W/SK-120", "name": "4708 Transponder Mtn", "title": "SK-120 4708 Transponder Mtn"}}, {"type": "Feature", "geometry": {"type": "Point", "coordinates": [-121.8393, 48.4404]}, "properties": {"code": "W7W/SK-121", "name": "Aw Peak", "title": "SK-121 Aw Peak"}}, {"type": "Feature", "geometry": {"type": "Point", "coordinates": [-121.4884, 48.3919]}, "properties": {"code": "W7W/SK-122", "name": "4700 Field Effect Summit", "title": "SK-122 4700 Field Effect Summit"}}, {"type": "Feature", "geometry": {"type": "Point", "coordinates": [-121.7318, 48.3695]}, "properties": {"code": "W7W/SK-123", "name": "Branches Mountain", "title": "SK-123 Branches Mountain"}}, {"type": "Feature", "geometry": {"type": "Point", "coordinates": [-121.8885, 48.4363]}, "properties": {"code": "W7W/SK-124", "name": "Lumberjack Mountain", "title": "SK-124 Lumberjack Mountain"}}, {"type": "Feature", "geometry": {"type": "Point", "coordinates": [-121.7211, 48.4036]}, "properties": {"code": "W7W/SK-125", "name": "Anxious Groom Mountain", "title": "SK-125 Anxious Groom Mountain"}}, {"type": "Feature", "geometry": {"type": "Point", "coordinates": [-121.785, 48.4295]}, "properties": {"code": "W7W/SK-126", "name": "Willickers Point", "title": "SK-126 Willickers Point"}}, {"type": "Feature", "geometry": {"type": "Point", "coordinates": [-121.9062, 48.3952]}, "properties": {"code": "W7W/SK-127", "name": "Little Deer Peak", "title": "SK-127 Little Deer Peak"}}, {"type": "Feature", "geometry": {"type": "Point", "coordinates": [-121.8547, 48.4236]}, "properties": {"code": "W7W/SK-128", "name": "4460 Reforest Mountain", "title": "SK-128 4460 Reforest Mountain"}}, {"type": "Feature", "geometry": {"type": "Point", "coordinates": [-121.6818, 48.3612]}, "properties": {"code": "W7W/SK-129", "name": "4380 Lucky Logger", "title": "SK-129 4380 Lucky Logger"}}, {"type": "Feature", "geometry": {"type": "Point", "coordinates": [-121.916, 48.3798]}, "properties": {"code": "W7W/SK-130", "name": "Big Deer Peak", "title": "SK-130 Big Deer Peak"}}, {"type": "Feature", "geometry": {"type": "Point", "coordinates": [-121.805, 48.5982]}, "properties": {"code": "W7W/SK-131", "name": "4340 Red Rock Mountain", "title": "SK-131 4340 Red Rock Mountain"}}, {"type": "Feature", "geometry": {"type": "Point", "coordinates": [-121.9423, 48.4219]}, "properties": {"code": "W7W/SK-132", "name": "South Coal Mountain", "title": "SK-132 South Coal Mountain"}}, {"type": "Feature", "geometry": {"type": "Point", "coordinates": [-121.7007, 48.3779]}, "properties": {"code": "W7W/SK-133", "name": "4300 Throughtput Mtn", "title": "SK-133 4300 Throughtput Mtn"}}, {"type": "Feature", "geometry": {"type": "Point", "coordinates": [-122.1589, 48.5947]}, "properties": {"code": "W7W/SK-134", "name": "Lyman Hill", "title": "SK-134 Lyman Hill"}}, {"type": "Feature", "geometry": {"type": "Point", "coordinates": [-121.8713, 48.4608]}, "properties": {"code": "W7W/SK-135", "name": "4260 Continuity Pk", "title": "SK-135 4260 Continuity Pk"}}, {"type": "Feature", "geometry": {"type": "Point", "coordinates": [-121.9991, 48.6303]}, "properties": {"code": "W7W/SK-136", "name": "Miner Mountain", "title": "SK-136 Miner Mountain"}}, {"type": "Feature", "geometry": {"type": "Point", "coordinates": [-121.8437, 48.3432]}, "properties": {"code": "W7W/SK-137", "name": "McGillicuddys Peak", "title": "SK-137 McGillicuddys Peak"}}, {"type": "Feature", "geometry": {"type": "Point", "coordinates": [-122.0775, 48.4345]}, "properties": {"code": "W7W/SK-138", "name": "Silo Mountain", "title": "SK-138 Silo Mountain"}}, {"type": "Feature", "geometry": {"type": "Point", "coordinates": [-122.1156, 48.4209]}, "properties": {"code": "W7W/SK-139", "name": "4100 Big Cultus Mountain", "title": "SK-139 4100 Big Cultus Mountain"}}, {"type": "Feature", "geometry": {"type": "Point", "coordinates": [-122.0703, 48.4005]}, "properties": {"code": "W7W/SK-140", "name": "Teepee Peak", "title": "SK-140 Teepee Peak"}}, {"type": "Feature", "geometry": {"type": "Point", "coordinates": [-121.9617, 48.5885]}, "properties": {"code": "W7W/SK-141", "name": "Mount Josephine", "title": "SK-141 Mount Josephine"}}, {"type": "Feature", "geometry": {"type": "Point", "coordinates": [-121.6036, 48.3125]}, "properties": {"code": "W7W/SK-142", "name": "North Mountain", "title": "SK-142 North Mountain"}}, {"type": "Feature", "geometry": {"type": "Point", "coordinates": [-121.2979, 48.5178]}, "properties": {"code": "W7W/SK-143", "name": "Tsiatko Peak", "title": "SK-143 Tsiatko Peak"}}, {"type": "Feature", "geometry": {"type": "Point", "coordinates": [-121.6637, 48.4426]}, "properties": {"code": "W7W/SK-144", "name": "Rinker Ridge", "title": "SK-144 Rinker Ridge"}}, {"type": "Feature", "geometry": {"type": "Point", "coordinates": [-121.8402, 48.319]}, "properties": {"code": "W7W/SK-145", "name": "3775 Lowband Mtn", "title": "SK-145 3775 Lowband Mtn"}}, {"type": "Feature", "geometry": {"type": "Point", "coordinates": [-122.0409, 48.414]}, "properties": {"code": "W7W/SK-146", "name": "3740 Propagation Pk", "title": "SK-146 3740 Propagation Pk"}}, {"type": "Feature", "geometry": {"type": "Point", "coordinates": [-121.9035, 48.3319]}, "properties": {"code": "W7W/SK-147", "name": "3652 Relay Mtn", "title": "SK-147 3652 Relay Mtn"}}, {"type": "Feature", "geometry": {"type": "Point", "coordinates": [-121.9685, 48.3835]}, "properties": {"code": "W7W/SK-148", "name": "3397 Night Mountain", "title": "SK-148 3397 Night Mountain"}}, {"type": "Feature", "geometry": {"type": "Point", "coordinates": [-122.2569, 48.6404]}, "properties": {"code": "W7W/SK-149", "name": "Anderson Mountain", "title": "SK-149 Anderson Mountain"}}, {"type": "Feature", "geometry": {"type": "Point", "coordinates": [-121.5023, 47.8855]}, "properties": {"code": "W7W/SN-129", "name": "Slahal", "title": "SN-129 Slahal"}}, {"type": "Feature", "geometry": {"type": "Point", "coordinates": [-121.5888, 47.9437]}, "properties": {"code": "W7W/SN-130", "name": "Static Peak", "title": "SN-130 Static Peak"}}, {"type": "Feature", "geometry": {"type": "Point", "coordinates": [-121.3416, 47.8599]}, "properties": {"code": "W7W/SN-131", "name": "San Juan Hill", "title": "SN-131 San Juan Hill"}}, {"type": "Feature", "geometry": {"type": "Point", "coordinates": [-121.6366, 48.1555]}, "properties": {"code": "W7W/SN-132", "name": "Higher Squire", "title": "SN-132 Higher Squire"}}, {"type": "Feature", "geometry": {"type": "Point", "coordinates": [-121.6126, 47.8721]}, "properties": {"code": "W7W/SN-133", "name": "Zekes Peak", "title": "SN-133 Zekes Peak"}}, {"type": "Feature", "geometry": {"type": "Point", "coordinates": [-121.6554, 47.9985]}, "properties": {"code": "W7W/SN-134", "name": "Bald Mountain", "title": "SN-134 Bald Mountain"}}, {"type": "Feature", "geometry": {"type": "Point", "coordinates": [-121.29, 47.9109]}, "properties": {"code": "W7W/SN-135", "name": "Excelsior Mountain", "title": "SN-135 Excelsior Mountain"}}, {"type": "Feature", "geometry": {"type": "Point", "coordinates": [-121.5978, 47.9533]}, "properties": {"code": "W7W/SN-136", "name": "Greider Peak", "title": "SN-136 Greider Peak"}}, {"type": "Feature", "geometry": {"type": "Point", "coordinates": [-121.6023, 48.106]}, "properties": {"code": "W7W/SN-137", "name": "Bald Mountain", "title": "SN-137 Bald Mountain"}}, {"type": "Feature", "geometry": {"type": "Point", "coordinates": [-121.3528, 48.1603]}, "properties": {"code": "W7W/SN-138", "name": "4642 Dead Duck Mountain", "title": "SN-138 4642 Dead Duck Mountain"}}, {"type": "Feature", "geometry": {"type": "Point", "coordinates": [-121.7787, 48.1801]}, "properties": {"code": "W7W/SN-139", "name": "Meadow Mountain", "title": "SN-139 Meadow Mountain"}}, {"type": "Feature", "geometry": {"type": "Point", "coordinates": [-121.571, 47.9625]}, "properties": {"code": "W7W/SN-140", "name": "Little Greider Peak", "title": "SN-140 Little Greider Peak"}}, {"type": "Feature", "geometry": {"type": "Point", "coordinates": [-121.5432, 48.1617]}, "properties": {"code": "W7W/SN-141", "name": "Iron Mountain", "title": "SN-141 Iron Mountain"}}, {"type": "Feature", "geometry": {"type": "Point", "coordinates": [-121.406, 47.7874]}, "properties": {"code": "W7W/SN-142", "name": "4534 Mt Resistor", "title": "SN-142 4534 Mt Resistor"}}, {"type": "Feature", "geometry": {"type": "Point", "coordinates": [-121.5839, 48.0444]}, "properties": {"code": "W7W/SN-143", "name": "4500 Radioteletype Mtn", "title": "SN-143 4500 Radioteletype Mtn"}}, {"type": "Feature", "geometry": {"type": "Point", "coordinates": [-121.5896, 48.0344]}, "properties": {"code": "W7W/SN-144", "name": "4500 Relay Pk", "title": "SN-144 4500 Relay Pk"}}, {"type": "Feature", "geometry": {"type": "Point", "coordinates": [-121.6105, 48.0347]}, "properties": {"code": "W7W/SN-145", "name": "4485 Blackjack Peak", "title": "SN-145 4485 Blackjack Peak"}}, {"type": "Feature", "geometry": {"type": "Point", "coordinates": [-121.815, 48.2092]}, "properties": {"code": "W7W/SN-146", "name": "Mount Ditney", "title": "SN-146 Mount Ditney"}}, {"type": "Feature", "geometry": {"type": "Point", "coordinates": [-121.7222, 48.1187]}, "properties": {"code": "W7W/SN-147", "name": "Green Mountain", "title": "SN-147 Green Mountain"}}, {"type": "Feature", "geometry": {"type": "Point", "coordinates": [-121.7091, 47.8047]}, "properties": {"code": "W7W/SN-148", "name": "Ten-Four Mountain", "title": "SN-148 Ten-Four Mountain"}}, {"type": "Feature", "geometry": {"type": "Point", "coordinates": [-121.5431, 47.7795]}, "properties": {"code": "W7W/SN-149", "name": "Philadelphia Mountain", "title": "SN-149 Philadelphia Mountain"}}, {"type": "Feature", "geometry": {"type": "Point", "coordinates": [-121.671, 48.0965]}, "properties": {"code": "W7W/SN-150", "name": "Wiley Ridge", "title": "SN-150 Wiley Ridge"}}, {"type": "Feature", "geometry": {"type": "Point", "coordinates": [-121.622, 48.1317]}, "properties": {"code": "W7W/SN-151", "name": "3940 Bornite Mountain", "title": "SN-151 3940 Bornite Mountain"}}, {"type": "Feature", "geometry": {"type": "Point", "coordinates": [-121.771, 48.0681]}, "properties": {"code": "W7W/SN-152", "name": "The Eaglet", "title": "SN-152 The Eaglet"}}, {"type": "Feature", "geometry": {"type": "Point", "coordinates": [-121.9025, 48.2374]}, "properties": {"code": "W7W/SN-153", "name": "Wheeler Mountain", "title": "SN-153 Wheeler Mountain"}}, {"type": "Feature", "geometry": {"type": "Point", "coordinates": [-121.8825, 48.2197]}, "properties": {"code": "W7W/SN-154", "name": "3571 Multipath Mtn", "title": "SN-154 3571 Multipath Mtn"}}, {"type": "Feature", "geometry": {"type": "Point", "coordinates": [-121.8613, 48.161]}, "properties": {"code": "W7W/SN-155", "name": "Olo Mountain", "title": "SN-155 Olo Mountain"}}, {"type": "Feature", "geometry": {"type": "Point", "coordinates": [-121.7188, 48.0356]}, "properties": {"code": "W7W/SN-156", "name": "3460 Mt Microphone", "title": "SN-156 3460 Mt Microphone"}}, {"type": "Feature", "geometry": {"type": "Point", "coordinates": [-121.545, 48.2444]}, "properties": {"code": "W7W/SN-157", "name": "Gold Mountain", "title": "SN-157 Gold Mountain"}}, {"type": "Feature", "geometry": {"type": "Point", "coordinates": [-121.4633, 48.0313]}, "properties": {"code": "W7W/SN-188", "name": "Stauk Mountain", "title": "SN-188 Stauk Mountain"}}, {"type": "Feature", "geometry": {"type": "Point", "coordinates": [-123.4694, 47.5184]}, "properties": {"code": "W7W/SO-015", "name": "4851 Meteor Scatter Mtn", "title": "SO-015 4851 Meteor Scatter Mtn"}}, {"type": "Feature", "geometry": {"type": "Point", "coordinates": [-123.4314, 47.499]}, "properties": {"code": "W7W/SO-016", "name": "Wonder Mountain", "title": "SO-016 Wonder Mountain"}}, {"type": "Feature", "geometry": {"type": "Point", "coordinates": [-123.499, 47.4699]}, "properties": {"code": "W7W/SO-017", "name": "Mount Church", "title": "SO-017 Mount Church"}}, {"type": "Feature", "geometry": {"type": "Point", "coordinates": [-123.2931, 47.5378]}, "properties": {"code": "W7W/SO-018", "name": "4755 Cub Peak", "title": "SO-018 4755 Cub Peak"}}, {"type": "Feature", "geometry": {"type": "Point", "coordinates": [-123.3904, 47.4825]}, "properties": {"code": "W7W/SO-019", "name": "Picket Fence", "title": "SO-019 Picket Fence"}}, {"type": "Feature", "geometry": {"type": "Point", "coordinates": [-123.5604, 47.4808]}, "properties": {"code": "W7W/SO-020", "name": "West Three Peaks", "title": "SO-020 West Three Peaks"}}, {"type": "Feature", "geometry": {"type": "Point", "coordinates": [-123.351, 47.4913]}, "properties": {"code": "W7W/SO-021", "name": "Lightning Peak", "title": "SO-021 Lightning Peak"}}, {"type": "Feature", "geometry": {"type": "Point", "coordinates": [-123.4076, 47.4752]}, "properties": {"code": "W7W/SO-022", "name": "Mount Tebo", "title": "SO-022 Mount Tebo"}}, {"type": "Feature", "geometry": {"type": "Point", "coordinates": [-123.7323, 47.4793]}, "properties": {"code": "W7W/SO-023", "name": "North Gibson Peak", "title": "SO-023 North Gibson Peak"}}, {"type": "Feature", "geometry": {"type": "Point", "coordinates": [-123.7417, 47.4889]}, "properties": {"code": "W7W/SO-024", "name": "Colonel Bob", "title": "SO-024 Colonel Bob"}}, {"type": "Feature", "geometry": {"type": "Point", "coordinates": [-123.4058, 47.5032]}, "properties": {"code": "W7W/SO-025", "name": "4510 Multimode Summit", "title": "SO-025 4510 Multimode Summit"}}, {"type": "Feature", "geometry": {"type": "Point", "coordinates": [-123.6962, 47.4947]}, "properties": {"code": "W7W/SO-026", "name": "4496 Near Vertical Incidence Pk", "title": "SO-026 4496 Near Vertical Incidence Pk"}}, {"type": "Feature", "geometry": {"type": "Point", "coordinates": [-123.2112, 47.5306]}, "properties": {"code": "W7W/SO-027", "name": "4434 Longwire Mtn", "title": "SO-027 4434 Longwire Mtn"}}, {"type": "Feature", "geometry": {"type": "Point", "coordinates": [-123.5179, 47.5162]}, "properties": {"code": "W7W/SO-028", "name": "4375 Mt J-Pole", "title": "SO-028 4375 Mt J-Pole"}}, {"type": "Feature", "geometry": {"type": "Point", "coordinates": [-123.6439, 47.4706]}, "properties": {"code": "W7W/SO-029", "name": "4192 Incremental Pk", "title": "SO-029 4192 Incremental Pk"}}, {"type": "Feature", "geometry": {"type": "Point", "coordinates": [-123.6698, 47.4598]}, "properties": {"code": "W7W/SO-030", "name": "Moonlight Dome", "title": "SO-030 Moonlight Dome"}}, {"type": "Feature", "geometry": {"type": "Point", "coordinates": [-123.7574, 47.4712]}, "properties": {"code": "W7W/SO-031", "name": "4072m Mobile Mtn", "title": "SO-031 4072m Mobile Mtn"}}, {"type": "Feature", "geometry": {"type": "Point", "coordinates": [-123.4998, 47.4346]}, "properties": {"code": "W7W/SO-032", "name": "Chapel Peak", "title": "SO-032 Chapel Peak"}}, {"type": "Feature", "geometry": {"type": "Point", "coordinates": [-123.5236, 47.4373]}, "properties": {"code": "W7W/SO-033", "name": "3940 Multipath Peak", "title": "SO-033 3940 Multipath Peak"}}, {"type": "Feature", "geometry": {"type": "Point", "coordinates": [-123.1767, 47.5759]}, "properties": {"code": "W7W/SO-034", "name": "Jefferson Ridge", "title": "SO-034 Jefferson Ridge"}}, {"type": "Feature", "geometry": {"type": "Point", "coordinates": [-123.7721, 47.4843]}, "properties": {"code": "W7W/SO-035", "name": "Wooded Peak", "title": "SO-035 Wooded Peak"}}, {"type": "Feature", "geometry": {"type": "Point", "coordinates": [-123.3003, 47.4638]}, "properties": {"code": "W7W/SO-036", "name": "Prospect Ridge", "title": "SO-036 Prospect Ridge"}}, {"type": "Feature", "geometry": {"type": "Point", "coordinates": [-123.589, 47.4537]}, "properties": {"code": "W7W/SO-037", "name": "3729 Keyer Mtn", "title": "SO-037 3729 Keyer Mtn"}}, {"type": "Feature", "geometry": {"type": "Point", "coordinates": [-123.7719, 47.4603]}, "properties": {"code": "W7W/SO-038", "name": "3620 Integrated Circuit Mtn", "title": "SO-038 3620 Integrated Circuit Mtn"}}, {"type": "Feature", "geometry": {"type": "Point", "coordinates": [-123.7134, 47.4393]}, "properties": {"code": "W7W/SO-039", "name": "Stovepipe Mountain", "title": "SO-039 Stovepipe Mountain"}}, {"type": "Feature", "geometry": {"type": "Point", "coordinates": [-123.5584, 47.3861]}, "properties": {"code": "W7W/SO-040", "name": "Anderson Butte", "title": "SO-040 Anderson Butte"}}, {"type": "Feature", "geometry": {"type": "Point", "coordinates": [-123.382, 47.4048]}, "properties": {"code": "W7W/SO-041", "name": "Rock Peak", "title": "SO-041 Rock Peak"}}, {"type": "Feature", "geometry": {"type": "Point", "coordinates": [-123.5616, 47.5164]}, "properties": {"code": "W7W/SO-120", "name": "Discovery Peak", "title": "SO-120 Discovery Peak"}}, {"type": "Feature", "geometry": {"type": "Point", "coordinates": [-117.7564, 48.4119]}, "properties": {"code": "W7W/ST-021", "name": "Addy Mountain", "title": "ST-021 Addy Mountain"}}, {"type": "Feature", "geometry": {"type": "Point", "coordinates": [-118.0511, 48.3786]}, "properties": {"code": "W7W/ST-022", "name": "Deadman Hill", "title": "ST-022 Deadman Hill"}}, {"type": "Feature", "geometry": {"type": "Point", "coordinates": [-117.9736, 48.3809]}, "properties": {"code": "W7W/ST-023", "name": "North Dunn Mountain", "title": "ST-023 North Dunn Mountain"}}, {"type": "Feature", "geometry": {"type": "Point", "coordinates": [-117.5089, 48.9946]}, "properties": {"code": "W7W/ST-024", "name": "4739 Mt Modulator", "title": "ST-024 4739 Mt Modulator"}}, {"type": "Feature", "geometry": {"type": "Point", "coordinates": [-117.66, 48.8825]}, "properties": {"code": "W7W/ST-025", "name": "Lime Creek Mountain", "title": "ST-025 Lime Creek Mountain"}}, {"type": "Feature", "geometry": {"type": "Point", "coordinates": [-118.121, 48.991]}, "properties": {"code": "W7W/ST-026", "name": "Hope Mountain", "title": "ST-026 Hope Mountain"}}, {"type": "Feature", "geometry": {"type": "Point", "coordinates": [-118.0769, 48.0322]}, "properties": {"code": "W7W/ST-027", "name": "Huckleberry Mountain South", "title": "ST-027 Huckleberry Mountain South"}}, {"type": "Feature", "geometry": {"type": "Point", "coordinates": [-117.6678, 48.9139]}, "properties": {"code": "W7W/ST-028", "name": "Stone Mountain", "title": "ST-028 Stone Mountain"}}, {"type": "Feature", "geometry": {"type": "Point", "coordinates": [-118.0926, 48.0905]}, "properties": {"code": "W7W/ST-029", "name": "Adams Mountain", "title": "ST-029 Adams Mountain"}}, {"type": "Feature", "geometry": {"type": "Point", "coordinates": [-117.5571, 48.9613]}, "properties": {"code": "W7W/ST-030", "name": "Red Top Mountain", "title": "ST-030 Red Top Mountain"}}, {"type": "Feature", "geometry": {"type": "Point", "coordinates": [-118.0834, 48.0727]}, "properties": {"code": "W7W/ST-031", "name": "4635 Precedence Pk", "title": "ST-031 4635 Precedence Pk"}}, {"type": "Feature", "geometry": {"type": "Point", "coordinates": [-117.6439, 48.3203]}, "properties": {"code": "W7W/ST-032", "name": "Eagle Mountain", "title": "ST-032 Eagle Mountain"}}, {"type": "Feature", "geometry": {"type": "Point", "coordinates": [-117.8653, 48.1697]}, "properties": {"code": "W7W/ST-033", "name": "Lane Mountain", "title": "ST-033 Lane Mountain"}}, {"type": "Feature", "geometry": {"type": "Point", "coordinates": [-118.025, 48.8828]}, "properties": {"code": "W7W/ST-034", "name": "Mineral Mountain", "title": "ST-034 Mineral Mountain"}}, {"type": "Feature", "geometry": {"type": "Point", "coordinates": [-117.5389, 48.3719]}, "properties": {"code": "W7W/ST-035", "name": "4540 Re-Transmission Pk", "title": "ST-035 4540 Re-Transmission Pk"}}, {"type": "Feature", "geometry": {"type": "Point", "coordinates": [-118.0816, 48.8634]}, "properties": {"code": "W7W/ST-036", "name": "Jumbo Mountain", "title": "ST-036 Jumbo Mountain"}}, {"type": "Feature", "geometry": {"type": "Point", "coordinates": [-117.6, 48.5987]}, "properties": {"code": "W7W/ST-037", "name": "4534 Straight Key Summit", "title": "ST-037 4534 Straight Key Summit"}}, {"type": "Feature", "geometry": {"type": "Point", "coordinates": [-117.59, 48.3691]}, "properties": {"code": "W7W/ST-038", "name": "Wilson Mountain", "title": "ST-038 Wilson Mountain"}}, {"type": "Feature", "geometry": {"type": "Point", "coordinates": [-118.0767, 48.2591]}, "properties": {"code": "W7W/ST-039", "name": "Wellington Peak", "title": "ST-039 Wellington Peak"}}, {"type": "Feature", "geometry": {"type": "Point", "coordinates": [-117.6685, 48.6371]}, "properties": {"code": "W7W/ST-040", "name": "4475 Transverter Peak", "title": "ST-040 4475 Transverter Peak"}}, {"type": "Feature", "geometry": {"type": "Point", "coordinates": [-118.0413, 48.0991]}, "properties": {"code": "W7W/ST-041", "name": "Divide Benchmark", "title": "ST-041 Divide Benchmark"}}, {"type": "Feature", "geometry": {"type": "Point", "coordinates": [-117.68, 48.5731]}, "properties": {"code": "W7W/ST-042", "name": "4418 Fading Mtn", "title": "ST-042 4418 Fading Mtn"}}, {"type": "Feature", "geometry": {"type": "Point", "coordinates": [-117.8547, 48.7001]}, "properties": {"code": "W7W/ST-043", "name": "Comstock", "title": "ST-043 Comstock"}}, {"type": "Feature", "geometry": {"type": "Point", "coordinates": [-117.7558, 48.7958]}, "properties": {"code": "W7W/ST-044", "name": "4355 Half Square Mtn", "title": "ST-044 4355 Half Square Mtn"}}, {"type": "Feature", "geometry": {"type": "Point", "coordinates": [-117.7411, 48.6576]}, "properties": {"code": "W7W/ST-045", "name": "Irish Mountain", "title": "ST-045 Irish Mountain"}}, {"type": "Feature", "geometry": {"type": "Point", "coordinates": [-117.8693, 48.9086]}, "properties": {"code": "W7W/ST-046", "name": "Flagstaff Mountain", "title": "ST-046 Flagstaff Mountain"}}, {"type": "Feature", "geometry": {"type": "Point", "coordinates": [-118.0852, 48.9611]}, "properties": {"code": "W7W/ST-047", "name": "4250 Integrated Circuit Mtn", "title": "ST-047 4250 Integrated Circuit Mtn"}}, {"type": "Feature", "geometry": {"type": "Point", "coordinates": [-117.6052, 48.5547]}, "properties": {"code": "W7W/ST-048", "name": "4243 Low Earth Orbit Pk", "title": "ST-048 4243 Low Earth Orbit Pk"}}, {"type": "Feature", "geometry": {"type": "Point", "coordinates": [-117.6246, 48.5478]}, "properties": {"code": "W7W/ST-049", "name": "4202 Mt Monoband", "title": "ST-049 4202 Mt Monoband"}}, {"type": "Feature", "geometry": {"type": "Point", "coordinates": [-117.5919, 48.1519]}, "properties": {"code": "W7W/ST-050", "name": "Bald Mountain", "title": "ST-050 Bald Mountain"}}, {"type": "Feature", "geometry": {"type": "Point", "coordinates": [-117.8801, 48.7756]}, "properties": {"code": "W7W/ST-051", "name": "Grande Mountain", "title": "ST-051 Grande Mountain"}}, {"type": "Feature", "geometry": {"type": "Point", "coordinates": [-118.0498, 48.2354]}, "properties": {"code": "W7W/ST-052", "name": "4135 Product Detector Pk", "title": "ST-052 4135 Product Detector Pk"}}, {"type": "Feature", "geometry": {"type": "Point", "coordinates": [-118.0476, 48.209]}, "properties": {"code": "W7W/ST-053", "name": "4124 Rhombic Ridge", "title": "ST-053 4124 Rhombic Ridge"}}, {"type": "Feature", "geometry": {"type": "Point", "coordinates": [-117.8839, 48.8089]}, "properties": {"code": "W7W/ST-054", "name": "OToole Mountain", "title": "ST-054 OToole Mountain"}}, {"type": "Feature", "geometry": {"type": "Point", "coordinates": [-117.7622, 48.3517]}, "properties": {"code": "W7W/ST-055", "name": "Deer Mountain", "title": "ST-055 Deer Mountain"}}, {"type": "Feature", "geometry": {"type": "Point", "coordinates": [-117.6133, 48.7936]}, "properties": {"code": "W7W/ST-056", "name": "4049 Sub-Audible", "title": "ST-056 4049 Sub-Audible"}}, {"type": "Feature", "geometry": {"type": "Point", "coordinates": [-117.6669, 47.9581]}, "properties": {"code": "W7W/ST-057", "name": "Five Sisters", "title": "ST-057 Five Sisters"}}, {"type": "Feature", "geometry": {"type": "Point", "coordinates": [-117.5096, 48.0978]}, "properties": {"code": "W7W/ST-058", "name": "Blue Grouse Mountain", "title": "ST-058 Blue Grouse Mountain"}}, {"type": "Feature", "geometry": {"type": "Point", "coordinates": [-117.9675, 48.5144]}, "properties": {"code": "W7W/ST-059", "name": "Paradis Peak", "title": "ST-059 Paradis Peak"}}, {"type": "Feature", "geometry": {"type": "Point", "coordinates": [-117.654, 48.3643]}, "properties": {"code": "W7W/ST-060", "name": "3977 Tribander Mtn", "title": "ST-060 3977 Tribander Mtn"}}, {"type": "Feature", "geometry": {"type": "Point", "coordinates": [-118.1665, 48.897]}, "properties": {"code": "W7W/ST-061", "name": "First Thought Mountain", "title": "ST-061 First Thought Mountain"}}, {"type": "Feature", "geometry": {"type": "Point", "coordinates": [-118.0722, 48.8187]}, "properties": {"code": "W7W/ST-062", "name": "3940 Fax Summit", "title": "ST-062 3940 Fax Summit"}}, {"type": "Feature", "geometry": {"type": "Point", "coordinates": [-117.8961, 48.7156]}, "properties": {"code": "W7W/ST-063", "name": "Queen of Sheba", "title": "ST-063 Queen of Sheba"}}, {"type": "Feature", "geometry": {"type": "Point", "coordinates": [-117.9223, 48.9277]}, "properties": {"code": "W7W/ST-064", "name": "Belshazzar Mountain", "title": "ST-064 Belshazzar Mountain"}}, {"type": "Feature", "geometry": {"type": "Point", "coordinates": [-118.0425, 48.285]}, "properties": {"code": "W7W/ST-065", "name": "3902 Halfwave Pk", "title": "ST-065 3902 Halfwave Pk"}}, {"type": "Feature", "geometry": {"type": "Point", "coordinates": [-117.994, 48.9336]}, "properties": {"code": "W7W/ST-066", "name": "3900 Intermediate Frequency Mtn", "title": "ST-066 3900 Intermediate Frequency Mtn"}}, {"type": "Feature", "geometry": {"type": "Point", "coordinates": [-117.8887, 48.6637]}, "properties": {"code": "W7W/ST-067", "name": "3900 Keyboard Butte", "title": "ST-067 3900 Keyboard Butte"}}, {"type": "Feature", "geometry": {"type": "Point", "coordinates": [-117.895, 48.9262]}, "properties": {"code": "W7W/ST-068", "name": "3888 Low Power Mtn", "title": "ST-068 3888 Low Power Mtn"}}, {"type": "Feature", "geometry": {"type": "Point", "coordinates": [-117.5468, 48.1191]}, "properties": {"code": "W7W/ST-069", "name": "3871 Mt Moonbounce", "title": "ST-069 3871 Mt Moonbounce"}}, {"type": "Feature", "geometry": {"type": "Point", "coordinates": [-117.897, 48.0884]}, "properties": {"code": "W7W/ST-071", "name": "Empey Mountain", "title": "ST-071 Empey Mountain"}}, {"type": "Feature", "geometry": {"type": "Point", "coordinates": [-117.5107, 48.1672]}, "properties": {"code": "W7W/ST-072", "name": "3855 Near Vertical Incidence Pk", "title": "ST-072 3855 Near Vertical Incidence Pk"}}, {"type": "Feature", "geometry": {"type": "Point", "coordinates": [-117.9258, 48.7786]}, "properties": {"code": "W7W/ST-073", "name": "Lookout Mountain", "title": "ST-073 Lookout Mountain"}}, {"type": "Feature", "geometry": {"type": "Point", "coordinates": [-117.764, 48.6304]}, "properties": {"code": "W7W/ST-074", "name": "Little Roundtop", "title": "ST-074 Little Roundtop"}}, {"type": "Feature", "geometry": {"type": "Point", "coordinates": [-117.7175, 48.6958]}, "properties": {"code": "W7W/ST-075", "name": "Rabbit Mountain", "title": "ST-075 Rabbit Mountain"}}, {"type": "Feature", "geometry": {"type": "Point", "coordinates": [-117.7795, 48.8753]}, "properties": {"code": "W7W/ST-076", "name": "Bodie Mountain", "title": "ST-076 Bodie Mountain"}}, {"type": "Feature", "geometry": {"type": "Point", "coordinates": [-117.6049, 48.0829]}, "properties": {"code": "W7W/ST-077", "name": "Deer Lake Mountain", "title": "ST-077 Deer Lake Mountain"}}, {"type": "Feature", "geometry": {"type": "Point", "coordinates": [-117.9079, 48.6986]}, "properties": {"code": "W7W/ST-078", "name": "Moberg Hill", "title": "ST-078 Moberg Hill"}}, {"type": "Feature", "geometry": {"type": "Point", "coordinates": [-118.1262, 48.412]}, "properties": {"code": "W7W/ST-079", "name": "Old Copper Hill", "title": "ST-079 Old Copper Hill"}}, {"type": "Feature", "geometry": {"type": "Point", "coordinates": [-117.9141, 48.7631]}, "properties": {"code": "W7W/ST-080", "name": "3735 Prominence Summit", "title": "ST-080 3735 Prominence Summit"}}, {"type": "Feature", "geometry": {"type": "Point", "coordinates": [-118.0699, 48.1642]}, "properties": {"code": "W7W/ST-081", "name": "3731 Rockbound Mtn", "title": "ST-081 3731 Rockbound Mtn"}}, {"type": "Feature", "geometry": {"type": "Point", "coordinates": [-117.6645, 48.2758]}, "properties": {"code": "W7W/ST-082", "name": "Quartzite Mountain", "title": "ST-082 Quartzite Mountain"}}, {"type": "Feature", "geometry": {"type": "Point", "coordinates": [-118.0685, 48.2071]}, "properties": {"code": "W7W/ST-083", "name": "3709 Sunspot Summit", "title": "ST-083 3709 Sunspot Summit"}}, {"type": "Feature", "geometry": {"type": "Point", "coordinates": [-118.0944, 48.3538]}, "properties": {"code": "W7W/ST-084", "name": "Gold Hill", "title": "ST-084 Gold Hill"}}, {"type": "Feature", "geometry": {"type": "Point", "coordinates": [-118.1103, 48.8903]}, "properties": {"code": "W7W/ST-085", "name": "Hungry Hill", "title": "ST-085 Hungry Hill"}}, {"type": "Feature", "geometry": {"type": "Point", "coordinates": [-117.6486, 48.4172]}, "properties": {"code": "W7W/ST-086", "name": "McDonald Mountain", "title": "ST-086 McDonald Mountain"}}, {"type": "Feature", "geometry": {"type": "Point", "coordinates": [-117.6456, 48.3971]}, "properties": {"code": "W7W/ST-087", "name": "Brewer Mountain", "title": "ST-087 Brewer Mountain"}}, {"type": "Feature", "geometry": {"type": "Point", "coordinates": [-117.9608, 48.9344]}, "properties": {"code": "W7W/ST-088", "name": "3624 Mt Triode", "title": "ST-088 3624 Mt Triode"}}, {"type": "Feature", "geometry": {"type": "Point", "coordinates": [-117.9928, 48.8635]}, "properties": {"code": "W7W/ST-089", "name": "3612 Feed Point Mtn", "title": "ST-089 3612 Feed Point Mtn"}}, {"type": "Feature", "geometry": {"type": "Point", "coordinates": [-118.1117, 48.2979]}, "properties": {"code": "W7W/ST-091", "name": "Quartz Mountain", "title": "ST-091 Quartz Mountain"}}, {"type": "Feature", "geometry": {"type": "Point", "coordinates": [-118.1187, 48.4564]}, "properties": {"code": "W7W/ST-092", "name": "Day Mountain", "title": "ST-092 Day Mountain"}}, {"type": "Feature", "geometry": {"type": "Point", "coordinates": [-118.1628, 48.9653]}, "properties": {"code": "W7W/ST-093", "name": "McKinley Mountain", "title": "ST-093 McKinley Mountain"}}, {"type": "Feature", "geometry": {"type": "Point", "coordinates": [-117.625, 48.2311]}, "properties": {"code": "W7W/ST-094", "name": "Roundtop Mountain", "title": "ST-094 Roundtop Mountain"}}, {"type": "Feature", "geometry": {"type": "Point", "coordinates": [-118.136, 48.4502]}, "properties": {"code": "W7W/ST-096", "name": "Nicholls Mountain", "title": "ST-096 Nicholls Mountain"}}, {"type": "Feature", "geometry": {"type": "Point", "coordinates": [-117.9632, 48.6083]}, "properties": {"code": "W7W/ST-097", "name": "Rattlesnake Mountain", "title": "ST-097 Rattlesnake Mountain"}}, {"type": "Feature", "geometry": {"type": "Point", "coordinates": [-117.589, 48.0536]}, "properties": {"code": "W7W/ST-098", "name": "Loon Lake Mountain", "title": "ST-098 Loon Lake Mountain"}}, {"type": "Feature", "geometry": {"type": "Point", "coordinates": [-117.6428, 48.2486]}, "properties": {"code": "W7W/ST-100", "name": "Parker Mountain", "title": "ST-100 Parker Mountain"}}, {"type": "Feature", "geometry": {"type": "Point", "coordinates": [-117.8975, 48.1822]}, "properties": {"code": "W7W/ST-102", "name": "3458 Gain Summit", "title": "ST-102 3458 Gain Summit"}}, {"type": "Feature", "geometry": {"type": "Point", "coordinates": [-117.818, 48.2728]}, "properties": {"code": "W7W/ST-103", "name": "3443 Ham Radio Butte", "title": "ST-103 3443 Ham Radio Butte"}}, {"type": "Feature", "geometry": {"type": "Point", "coordinates": [-117.6394, 48.1565]}, "properties": {"code": "W7W/ST-105", "name": "3430 Ionosphere Mtn", "title": "ST-105 3430 Ionosphere Mtn"}}, {"type": "Feature", "geometry": {"type": "Point", "coordinates": [-118.0985, 48.1584]}, "properties": {"code": "W7W/ST-106", "name": "3425 Keyer Butte", "title": "ST-106 3425 Keyer Butte"}}, {"type": "Feature", "geometry": {"type": "Point", "coordinates": [-118.1596, 48.8486]}, "properties": {"code": "W7W/ST-107", "name": "Toulou Mountain", "title": "ST-107 Toulou Mountain"}}, {"type": "Feature", "geometry": {"type": "Point", "coordinates": [-117.6653, 48.1179]}, "properties": {"code": "W7W/ST-108", "name": "Jumpoff Joe Mountain", "title": "ST-108 Jumpoff Joe Mountain"}}, {"type": "Feature", "geometry": {"type": "Point", "coordinates": [-117.4487, 48.0891]}, "properties": {"code": "W7W/ST-109", "name": "3411 Mt Lowband", "title": "ST-109 3411 Mt Lowband"}}, {"type": "Feature", "geometry": {"type": "Point", "coordinates": [-117.7804, 48.2623]}, "properties": {"code": "W7W/ST-110", "name": "3386 Mt Multiband", "title": "ST-110 3386 Mt Multiband"}}, {"type": "Feature", "geometry": {"type": "Point", "coordinates": [-117.8972, 48.5729]}, "properties": {"code": "W7W/ST-111", "name": "Colville Mountain", "title": "ST-111 Colville Mountain"}}, {"type": "Feature", "geometry": {"type": "Point", "coordinates": [-118.1466, 48.1069]}, "properties": {"code": "W7W/ST-112", "name": "Bald Benchmark", "title": "ST-112 Bald Benchmark"}}, {"type": "Feature", "geometry": {"type": "Point", "coordinates": [-117.6394, 48.1898]}, "properties": {"code": "W7W/ST-113", "name": "3340 Beitey Peak", "title": "ST-113 3340 Beitey Peak"}}, {"type": "Feature", "geometry": {"type": "Point", "coordinates": [-118.1333, 48.1484]}, "properties": {"code": "W7W/ST-114", "name": "3328 Propogation Butte", "title": "ST-114 3328 Propogation Butte"}}, {"type": "Feature", "geometry": {"type": "Point", "coordinates": [-118.0733, 48.7239]}, "properties": {"code": "W7W/ST-115", "name": "Kelly Hill", "title": "ST-115 Kelly Hill"}}, {"type": "Feature", "geometry": {"type": "Point", "coordinates": [-118.0297, 48.6291]}, "properties": {"code": "W7W/ST-116", "name": "Gold Hill", "title": "ST-116 Gold Hill"}}, {"type": "Feature", "geometry": {"type": "Point", "coordinates": [-118.0071, 48.519]}, "properties": {"code": "W7W/ST-148", "name": "4620", "title": "ST-148 4620"}}, {"type": "Feature", "geometry": {"type": "Point", "coordinates": [-117.528, 48.5784]}, "properties": {"code": "W7W/ST-149", "name": "4153", "title": "ST-149 4153"}}, {"type": "Feature", "geometry": {"type": "Point", "coordinates": [-117.7573, 48.8615]}, "properties": {"code": "W7W/ST-150", "name": "Stoddard Mountain", "title": "ST-150 Stoddard Mountain"}}, {"type": "Feature", "geometry": {"type": "Point", "coordinates": [-118.0791, 47.9565]}, "properties": {"code": "W7W/ST-151", "name": "Spokane Mountain", "title": "ST-151 Spokane Mountain"}}, {"type": "Feature", "geometry": {"type": "Point", "coordinates": [-117.6171, 47.9037]}, "properties": {"code": "W7W/ST-152", "name": "Dunns Mountain", "title": "ST-152 Dunns Mountain"}}, {"type": "Feature", "geometry": {"type": "Point", "coordinates": [-118.0527, 47.9742]}, "properties": {"code": "W7W/ST-153", "name": "Grouse Ridge", "title": "ST-153 Grouse Ridge"}}, {"type": "Feature", "geometry": {"type": "Point", "coordinates": [-118.0207, 47.8866]}, "properties": {"code": "W7W/ST-154", "name": "Wellpinit Mountain", "title": "ST-154 Wellpinit Mountain"}}, {"type": "Feature", "geometry": {"type": "Point", "coordinates": [-117.736, 47.9225]}, "properties": {"code": "W7W/ST-155", "name": "McMillan Mountain", "title": "ST-155 McMillan Mountain"}}, {"type": "Feature", "geometry": {"type": "Point", "coordinates": [-117.7401, 47.875]}, "properties": {"code": "W7W/ST-156", "name": "Mount Godfrey", "title": "ST-156 Mount Godfrey"}}, {"type": "Feature", "geometry": {"type": "Point", "coordinates": [-117.0469, 47.9476]}, "properties": {"code": "W7W/WE-015", "name": "4831 Field Effect Mtn", "title": "WE-015 4831 Field Effect Mtn"}}, {"type": "Feature", "geometry": {"type": "Point", "coordinates": [-117.6253, 46.1042]}, "properties": {"code": "W7W/WE-016", "name": "4780 Diode Mtn", "title": "WE-016 4780 Diode Mtn"}}, {"type": "Feature", "geometry": {"type": "Point", "coordinates": [-117.128, 48.0171]}, "properties": {"code": "W7W/WE-017", "name": "4140 Pentode Peak", "title": "WE-017 4140 Pentode Peak"}}, {"type": "Feature", "geometry": {"type": "Point", "coordinates": [-117.0896, 48.0295]}, "properties": {"code": "W7W/WE-018", "name": "4061 Tetrode Peak", "title": "WE-018 4061 Tetrode Peak"}}, {"type": "Feature", "geometry": {"type": "Point", "coordinates": [-117.0693, 47.3058]}, "properties": {"code": "W7W/WE-020", "name": "Tekoa Benchmark", "title": "WE-020 Tekoa Benchmark"}}, {"type": "Feature", "geometry": {"type": "Point", "coordinates": [-117.2944, 47.5821]}, "properties": {"code": "W7W/WE-021", "name": "Krell Hill", "title": "WE-021 Krell Hill"}}, {"type": "Feature", "geometry": {"type": "Point", "coordinates": [-117.1671, 46.8622]}, "properties": {"code": "W7W/WE-022", "name": "Kamiak Butte", "title": "WE-022 Kamiak Butte"}}, {"type": "Feature", "geometry": {"type": "Point", "coordinates": [-117.2967, 47.0326]}, "properties": {"code": "W7W/WE-023", "name": "Steptoe Butte", "title": "WE-023 Steptoe Butte"}}, {"type": "Feature", "geometry": {"type": "Point", "coordinates": [-118.2333, 47.9102]}, "properties": {"code": "W7W/WE-024", "name": "Lilienthal Mountain", "title": "WE-024 Lilienthal Mountain"}}, {"type": "Feature", "geometry": {"type": "Point", "coordinates": [-117.1349, 47.758]}, "properties": {"code": "W7W/WE-025", "name": "3516 Triode Mtn", "title": "WE-025 3516 Triode Mtn"}}, {"type": "Feature", "geometry": {"type": "Point", "coordinates": [-117.128, 47.3266]}, "properties": {"code": "W7W/WE-026", "name": "Gelbert Mountain", "title": "WE-026 Gelbert Mountain"}}, {"type": "Feature", "geometry": {"type": "Point", "coordinates": [-117.1692, 47.7255]}, "properties": {"code": "W7W/WE-027", "name": "Antoine Peak", "title": "WE-027 Antoine Peak"}}, {"type": "Feature", "geometry": {"type": "Point", "coordinates": [-117.0556, 46.8506]}, "properties": {"code": "W7W/WE-028", "name": "Parker Butte", "title": "WE-028 Parker Butte"}}, {"type": "Feature", "geometry": {"type": "Point", "coordinates": [-116.9777, 45.998]}, "properties": {"code": "W7W/WE-050", "name": "Mount Wilson", "title": "WE-050 Mount Wilson"}}, {"type": "Feature", "geometry": {"type": "Point", "coordinates": [-117.1749, 46.0725]}, "properties": {"code": "W7W/WE-051", "name": "Puffer Butte", "title": "WE-051 Puffer Butte"}}, {"type": "Feature", "geometry": {"type": "Point", "coordinates": [-117.0899, 47.2583]}, "properties": {"code": "W7W/WE-052", "name": "Tekoa Mountain", "title": "WE-052 Tekoa Mountain"}}, {"type": "Feature", "geometry": {"type": "Point", "coordinates": [-119.84, 46.4476]}, "properties": {"code": "W7W/WE-053", "name": "Rattlesnake Benchmark", "title": "WE-053 Rattlesnake Benchmark"}}, {"type": "Feature", "geometry": {"type": "Point", "coordinates": [-119.6298, 46.4153]}, "properties": {"code": "W7W/WE-054", "name": "Rattlesnake Mountain", "title": "WE-054 Rattlesnake Mountain"}}, {"type": "Feature", "geometry": {"type": "Point", "coordinates": [-117.0881, 46.6336]}, "properties": {"code": "W7W/WE-055", "name": "Bald Butte", "title": "WE-055 Bald Butte"}}, {"type": "Feature", "geometry": {"type": "Point", "coordinates": [-117.3255, 46.2494]}, "properties": {"code": "W7W/WE-056", "name": "Bracken Point", "title": "WE-056 Bracken Point"}}, {"type": "Feature", "geometry": {"type": "Point", "coordinates": [-117.0651, 46.992]}, "properties": {"code": "W7W/WE-057", "name": "Ladow Butte", "title": "WE-057 Ladow Butte"}}, {"type": "Feature", "geometry": {"type": "Point", "coordinates": [-122, 48.862]}, "properties": {"code": "W7W/WH-175", "name": "Slide Mountain", "title": "WH-175 Slide Mountain"}}, {"type": "Feature", "geometry": {"type": "Point", "coordinates": [-121.4736, 48.6614]}, "properties": {"code": "W7W/WH-176", "name": "4820 Hot Wire", "title": "WH-176 4820 Hot Wire"}}, {"type": "Feature", "geometry": {"type": "Point", "coordinates": [-121.9662, 48.8418]}, "properties": {"code": "W7W/WH-177", "name": "4780 Squelch Pk", "title": "WH-177 4780 Squelch Pk"}}, {"type": "Feature", "geometry": {"type": "Point", "coordinates": [-122.0656, 48.8167]}, "properties": {"code": "W7W/WH-178", "name": "Porter Peak", "title": "WH-178 Porter Peak"}}, {"type": "Feature", "geometry": {"type": "Point", "coordinates": [-121.9118, 48.7194]}, "properties": {"code": "W7W/WH-179", "name": "4678 Tetrode Mtn", "title": "WH-179 4678 Tetrode Mtn"}}, {"type": "Feature", "geometry": {"type": "Point", "coordinates": [-122.0261, 48.6504]}, "properties": {"code": "W7W/WH-180", "name": "Bald Mountain", "title": "WH-180 Bald Mountain"}}, {"type": "Feature", "geometry": {"type": "Point", "coordinates": [-121.066, 48.9726]}, "properties": {"code": "W7W/WH-181", "name": "Little Jackass Mountain", "title": "WH-181 Little Jackass Mountain"}}, {"type": "Feature", "geometry": {"type": "Point", "coordinates": [-122.0558, 48.7407]}, "properties": {"code": "W7W/WH-182", "name": "Bowman Mountain", "title": "WH-182 Bowman Mountain"}}, {"type": "Feature", "geometry": {"type": "Point", "coordinates": [-121.6357, 48.754]}, "properties": {"code": "W7W/WH-183", "name": "3804 Snowflea Hill", "title": "WH-183 3804 Snowflea Hill"}}, {"type": "Feature", "geometry": {"type": "Point", "coordinates": [-121.0629, 48.7851]}, "properties": {"code": "W7W/WH-184", "name": "Pumpkin Mountain", "title": "WH-184 Pumpkin Mountain"}}, {"type": "Feature", "geometry": {"type": "Point", "coordinates": [-122.2221, 48.9118]}, "properties": {"code": "W7W/WH-185", "name": "Sumas Mountain", "title": "WH-185 Sumas Mountain"}}, {"type": "Feature", "geometry": {"type": "Point", "coordinates": [-121.0399, 48.9638]}, "properties": {"code": "W7W/WH-186", "name": "3338 Last Mtn", "title": "WH-186 3338 Last Mtn"}}]}